"score"	"label"	"x0"	"y0"	"x1"	"y1"
0.37383875250816345	"woman"	222.98260498046875	107.28662109375	242.61874389648438	143.39492797851562
0.2829844355583191	"man"	223.46749877929688	107.67234802246094	242.21075439453125	143.1759033203125
