score	label	x0	y0	x1	y1
0.2743008434772491	woman	265.04266357421875	277.00543212890625	280.95025634765625	301.701171875
0.2658852636814117	woman	288.20648193359375	277.2919921875	301.6240234375	300.5301513671875
