"score"	"label"	"x0"	"y0"	"x1"	"y1"
0.2997913658618927	"man"	229.69110107421875	146.88470458984375	255.05850219726562	169.83468627929688
0.2827978730201721	"man"	72.75917053222656	52.51118469238281	543.6376342773438	399.7119140625
