"score"	"label"	"x0"	"y0"	"x1"	"y1"
0.25888243317604065	"man"	6.062957763671875	126.17399597167969	166.80239868164062	590.2352294921875
