score	label	x0	y0	x1	y1
0.528372049331665	woman	352.97930908203125	49.293548583984375	554.8548583984375	342.62451171875
0.4677897095680237	man	65.3359146118164	70.875732421875	224.43502807617188	372.7896423339844
