"score"	"label"	"x0"	"y0"	"x1"	"y1"
0.2649260461330414	"man"	174.5097198486328	183.60693359375	227.3930206298828	218.67196655273438
