"score"	"label"	"x0"	"y0"	"x1"	"y1"
0.6239193081855774	"man"	306.0386657714844	154.74195861816406	328.3514099121094	208.1742706298828
