"score"	"label"	"x0"	"y0"	"x1"	"y1"
0.3612253665924072	"man"	180.16502380371094	258.0924377441406	193.50221252441406	279.9309387207031
0.2882252037525177	"woman"	180.10067749023438	258.03375244140625	193.55233764648438	279.90545654296875
