"score"	"label"	"x0"	"y0"	"x1"	"y1"
0.4329800009727478	"woman"	415.4593200683594	272.7288513183594	437.5213317871094	327.8629455566406
0.44212329387664795	"woman"	392.4013671875	273.4855041503906	415.23455810546875	327.6627502441406
