score	label	x0	y0	x1	y1
0.410590261220932	man	74.36422729492188	112.11495208740234	98.406494140625	146.3209686279297
