score	label	x0	y0	x1	y1
0.4466072618961334	woman	35.650299072265625	69.75541687011719	371.86041259765625	458.2906494140625
0.3105815649032593	man	356.7107849121094	58.73948669433594	538.306640625	458.56884765625
