"score"	"label"	"x0"	"y0"	"x1"	"y1"
0.4507786631584167	"man"	106.91584777832033	317.1472473144531	136.2808074951172	364.9358825683594
0.3520233631134033	"woman"	-0.0159149169921875	317.7467346191406	22.689029693603516	373.9142150878906
