"score"	"label"	"x0"	"y0"	"x1"	"y1"
0.2541828155517578	"m a"	274.7521667480469	237.88711547851562	315.0113830566406	324.6042785644531
