"score"	"label"	"x0"	"y0"	"x1"	"y1"
0.2728999853134155	"woman"	45.04571533203125	0.7872772216796875	479.41253662109375	342.2103271484375
