"score"	"label"	"x0"	"y0"	"x1"	"y1"
0.3552496433258056	"man"	271.13385009765625	264.5980529785156	337.16192626953125	354.3705139160156
0.351418673992157	"woman"	36.280914306640625	99.29368591308594	571.5867919921875	360.7506713867187
0.3274400234222412	"man"	491.5431213378906	262.85009765625	569.8680419921875	357.2840576171875
0.2752914130687713	"man"	322.6159362792969	260.0325622558594	386.4779357910156	351.8786315917969
