score	label	x0	y0	x1	y1
0.2615303099155426	woman	254.50650024414065	202.9528350830078	273.3193664550781	223.9748382568359
