"score"	"label"	"x0"	"y0"	"x1"	"y1"
0.36707642674446106	"woman"	3.4700927734375	68.79071044921875	545.7622680664062	329.9474182128906
