"score"	"label"	"x0"	"y0"	"x1"	"y1"
0.5473299622535706	"man"	108.45695495605467	137.67388916015625	383.2335205078125	463.796142578125
0.3552720546722412	"woman"	382.7280578613281	154.67626953125	540.8729248046875	464.510498046875
0.267387181520462	"man"	265.8734130859375	127.06527709960938	379.06439208984375	392.4962463378906
