"score"	"label"	"x0"	"y0"	"x1"	"y1"
0.3382355868816376	"man"	294.85198974609375	197.22032165527344	537.6170654296875	395.41802978515625
0.27117764949798584	"man"	165.09869384765625	71.00775146484375	261.68792724609375	249.26641845703125
0.3168690502643585	"man"	8.959831237792969	198.1693115234375	200.09231567382812	395.43572998046875
0.281661719083786	"man"	462.7026062011719	98.93582153320312	558.1856689453125	277.0043640136719
0.320552796125412	"man"	62.765113830566406	21.555145263671875	193.98321533203125	356.179931640625
0.2709546685218811	"man"	142.63839721679688	199.5927276611328	298.9880676269531	395.20062255859375
0.27772653102874756	"man"	459.3309631347656	56.412742614746094	561.3997192382812	177.138671875
0.2555750906467438	"man"	221.32284545898438	32.75796890258789	277.35333251953125	148.2888641357422
0.27058374881744385	"man"	340.6880187988281	40.82944869995117	398.1401062011719	162.5415802001953
