"score"	"label"	"x0"	"y0"	"x1"	"y1"
0.2613529860973358	"woman"	1.807220458984375	2.355804443359375	598.3265380859375	456.56005859375
