"score"	"label"	"x0"	"y0"	"x1"	"y1"
0.4188717007637024	"man"	363.5030212402344	263.0813293457031	392.1723327636719	304.6196594238281
