"score"	"label"	"x0"	"y0"	"x1"	"y1"
0.8889625668525696	"man"	238.59068298339844	154.05087280273438	450.01708984375	540.1922607421875
