"score"	"label"	"x0"	"y0"	"x1"	"y1"
0.3253680169582367	"m ; a ; n"	37.505523681640625	111.5865478515625	216.58155822753906	483.3607177734375
