"score"	"label"	"x0"	"y0"	"x1"	"y1"
0.4060411155223846	"man"	328.1846008300781	239.54959106445312	344.7626647949219	280.0264587402344
