score	label	x0	y0	x1	y1
0.4161232113838196	woman	214.69715881347656	544.2181396484375	228.56239318847656	564.19580078125
