"score"	"label"	"x0"	"y0"	"x1"	"y1"
0.38285118341445923	"woman"	143.742919921875	108.60366821289062	159.8006591796875	148.36306762695312
0.3134969174861908	"woman"	169.5386199951172	105.84588623046875	187.18824768066406	152.041015625
0.32321906089782715	"woman"	200.2427215576172	101.94735717773438	220.3230743408203	154.0193634033203
0.2778606712818146	"woman"	485.7601318359375	288.7499694824219	505.8436279296875	365.5323181152344
0.27858319878578186	"woman"	469.5524597167969	292.379150390625	492.3055114746094	360.6361083984375
