"score"	"label"	"x0"	"y0"	"x1"	"y1"
0.3149832487106323	"man"	378.6343688964844	347.8382873535156	386.7276306152344	361.7637634277344
0.26370614767074585	"woman"	379.1173095703125	348.2101135253906	386.7413330078125	361.5748596191406
