"score"	"label"	"x0"	"y0"	"x1"	"y1"
0.36586901545524597	"man"	1.623687744140625	279.36322021484375	176.61318969726562	578.5317993164062
