"score"	"label"	"x0"	"y0"	"x1"	"y1"
0.5603124499320984	"woman"	112.78419494628906	295.2314453125	153.5433807373047	397.93408203125
0.3244698643684387	"man"	114.39865112304688	296.3077392578125	151.97161865234375	397.26239013671875
