"score"	"label"	"x0"	"y0"	"x1"	"y1"
0.31098535656929016	"woman"	193.30349731445312	115.5555648803711	223.25308227539062	167.8637237548828
