"score"	"label"	"x0"	"y0"	"x1"	"y1"
0.34202030301094055	"woman"	216.29635620117188	213.20086669921875	285.25140380859375	382.24139404296875
0.26914671063423157	"woman"	305.6007995605469	203.8839111328125	362.6379699707031	368.45263671875
0.3242316246032715	"man"	79.09000396728516	193.028564453125	182.47354125976562	382.66326904296875
0.3934801518917084	"man"	305.703857421875	203.970947265625	362.5863037109375	368.4189453125
0.3111149072647095	"man"	0.018711090087890625	182.71511840820312	96.84056091308594	383.5721130371094
