"score"	"label"	"x0"	"y0"	"x1"	"y1"
0.4875513613224029	"man"	195.29689025878903	179.5926055908203	222.2472686767578	220.7172088623047
