"score"	"label"	"x0"	"y0"	"x1"	"y1"
0.2851279973983764	"woman"	430.789306640625	205.9066925048828	440.00689697265625	222.3852081298828
0.2653228640556335	"woman"	428.755126953125	203.51284790039065	442.0740966796875	224.36013793945312
