"score"	"label"	"x0"	"y0"	"x1"	"y1"
0.2607385814189911	"a"	257.881591796875	77.01095581054688	341.9752197265625	379.3343811035156
0.2542991638183594	"a"	93.1141357421875	90.75743103027344	182.50582885742188	378.96307373046875
