"score"	"label"	"x0"	"y0"	"x1"	"y1"
0.32169172167778015	"m ; a ; n"	89.12747192382812	145.28448486328125	368.6757507324219	308.9287109375
