"score"	"label"	"x0"	"y0"	"x1"	"y1"
0.4417977333068847	"man"	22.427398681640625	60.76853942871094	389.4947509765625	549.5323486328125
