"score"	"label"	"x0"	"y0"	"x1"	"y1"
0.4978824853897095	"woman"	199.18551635742188	258.1497802734375	227.57302856445312	298.37322998046875
0.35541486740112305	"man"	200.1466522216797	258.9674987792969	226.6765899658203	297.8208312988281
