"score"	"label"	"x0"	"y0"	"x1"	"y1"
0.5846238732337952	"man"	270.6933898925781	163.4481658935547	315.6701354980469	226.6680450439453
0.39029479026794434	"man"	377.6631774902344	188.51580810546875	419.7648010253906	225.3726806640625
