"score"	"label"	"x0"	"y0"	"x1"	"y1"
0.25751790404319763	"a"	49.91911697387695	221.86940002441406	176.53822326660156	515.170654296875
