"score"	"label"	"x0"	"y0"	"x1"	"y1"
0.3500805199146271	"w"	43.364105224609375	10.861541748046875	318.5235595703125	247.06210327148438
0.2772817015647888	"w o"	43.510589599609375	10.964187622070312	318.48583984375	246.93797302246094
0.3954475224018097	"o"	43.47593688964844	10.847137451171875	318.3697509765625	247.04397583007812
0.3279799222946167	"o"	43.57588195800781	10.982925415039062	318.492431640625	247.1808319091797
0.2500130832195282	"w"	43.71528625488281	11.180938720703125	318.54656982421875	246.63180541992188
