"score"	"label"	"x0"	"y0"	"x1"	"y1"
0.28422775864601135	"man"	364.9758605957031	-0.016492843627929688	462.4358825683594	43.062049865722656
0.26679691672325134	"man"	365.204833984375	0.011381149291992188	510.54486083984375	43.849754333496094
