"score"	"label"	"x0"	"y0"	"x1"	"y1"
0.2890307605266571	"woman"	463.9036865234375	229.55126953125	477.16717529296875	267.5071716308594
