"score"	"label"	"x0"	"y0"	"x1"	"y1"
0.4196382164955139	"woman"	54.2393798828125	251.11764526367188	68.98987579345703	276.3700866699219
