"score"	"label"	"x0"	"y0"	"x1"	"y1"
0.37408721446990967	"woman"	337.3900451660156	213.03622436523438	380.7749938964844	336.2320861816406
0.3318501114845276	"woman"	297.62677001953125	210.15496826171875	337.1650390625	340.788330078125
0.32677096128463745	"woman"	257.5448913574219	214.1007537841797	299.5371398925781	343.89617919921875
0.34849345684051514	"woman"	222.92918395996094	208.64260864257812	261.2823486328125	346.0973815917969
