"score"	"label"	"x0"	"y0"	"x1"	"y1"
0.3527764081954956	"woman"	254.16336059570312	106.97947692871094	277.3990783691406	177.05751037597656
