"score"	"label"	"x0"	"y0"	"x1"	"y1"
0.29927098751068115	"m ; a ;"	169.30650329589844	52.80918884277344	506.71978759765625	309.888427734375
