"score"	"label"	"x0"	"y0"	"x1"	"y1"
0.45790448784828186	"man"	336.6188049316406	160.83563232421875	412.3214416503906	253.668212890625
0.34443894028663635	"man"	154.45266723632812	173.5400848388672	197.159423828125	233.6216278076172
