"score"	"label"	"x0"	"y0"	"x1"	"y1"
0.3785671889781952	"man woman"	42.26509094238281	71.19258117675781	369.748291015625	549.7971801757812
