"score"	"label"	"x0"	"y0"	"x1"	"y1"
0.25716766715049744	"w"	149.95196533203125	48.42510986328125	338.1014099121094	547.2451171875
