"score"	"label"	"x0"	"y0"	"x1"	"y1"
0.6563518643379211	"woman"	84.19770050048828	-0.07659912109375	215.79403686523438	465.8637390136719
