"score"	"label"	"x0"	"y0"	"x1"	"y1"
0.2641184329986572	"woman"	217.1472625732422	255.4033203125	229.67539978027344	291.44403076171875
0.28263792395591736	"woman"	289.43548583984375	267.0040588378906	301.3641357421875	306.3149108886719
0.29955291748046875	"woman"	269.1627502441406	273.6593933105469	287.7345886230469	316.3556823730469
0.3361302614212036	"woman"	77.04412078857422	365.6561584472656	95.40660858154297	448.8753967285156
0.2561400532722473	"woman"	203.89341735839844	258.3769226074219	215.3947296142578	293.0948791503906
0.28770121932029724	"woman"	185.0896759033203	326.4406433105469	212.8208465576172	384.2940368652344
0.27971675992012024	"woman"	249.24957275390625	273.011962890625	262.6413879394531	316.8922119140625
0.25126388669013977	"woman"	353.3170166015625	270.2767333984375	364.4385986328125	310.4542236328125
0.3191562592983246	"woman"	157.947021484375	266.81866455078125	175.46896362304688	315.2784423828125
