"score"	"label"	"x0"	"y0"	"x1"	"y1"
0.8959846496582031	"woman"	0.4952850341796875	105.20323181152344	379.61517333984375	549.90380859375
