"score"	"label"	"x0"	"y0"	"x1"	"y1"
0.2527671158313751	"man"	0.0651388168334961	315.6278381347656	9.343313217163086	362.8778991699219
