"score"	"label"	"x0"	"y0"	"x1"	"y1"
0.44335755705833435	"man"	67.71015930175781	154.80812072753906	154.40672302246094	371.29730224609375
0.33648690581321716	"man"	277.76220703125	143.74539184570312	321.81427001953125	327.0195617675781
0.3182556629180908	"man"	166.26736450195312	123.99662017822266	204.570556640625	187.7498779296875
0.2920532822608948	"man"	305.3235778808594	126.39701843261719	339.9159240722656	243.50245666503906
0.2741200029850006	"man"	390.0728759765625	136.05001831054688	417.99578857421875	219.37783813476562
0.2583758234977722	"man"	436.33013916015625	132.2908172607422	463.18157958984375	220.1381378173828
0.2621471583843231	"man"	211.23355102539062	131.89462280273438	244.8690185546875	213.306884765625
0.32365524768829346	"man"	142.3203125	159.96142578125	220.45547485351562	248.0147705078125
0.2523987591266632	"man"	22.39816665649414	138.7550811767578	46.50138473510742	159.2050018310547
