score	label	x0	y0	x1	y1
0.4860263168811798	man	505.1044921875	138.31857299804688	547.997802734375	265.3565979003906
0.3056720197200775	man	550.62646484375	152.3576202392578	592.0400390625	256.798828125
0.2958542108535766	man	396.8822021484375	137.95529174804688	433.40771484375	260.12457275390625
0.2848648726940155	woman	191.26077270507812	144.81143188476562	229.22174072265625	255.74148559570312
0.2761910557746887	woman	245.4913330078125	146.77072143554688	284.47088623046875	247.22784423828125
0.2500306069850921	woman	337.12982177734375	145.2885284423828	382.74407958984375	271.17962646484375
