"score"	"label"	"x0"	"y0"	"x1"	"y1"
0.521990180015564	"woman"	349.04034423828125	255.0086669921875	365.34454345703125	313.67864990234375
0.29732516407966614	"woman"	519.5371704101562	231.6597442626953	542.1238403320312	264.1639404296875
