"score"	"label"	"x0"	"y0"	"x1"	"y1"
0.5810267329216003	"man"	280.4164123535156	155.41763305664062	334.1764221191406	303.5040283203125
0.3567104935646057	"man"	170.12379455566406	163.94384765625	217.9913787841797	296.5501403808594
0.3554801940917969	"woman"	233.0337371826172	147.1619873046875	277.0330810546875	293.6531982421875
0.310163140296936	"woman"	454.4105224609375	165.67608642578125	492.2976684570313	273.3326721191406
0.3100092709064483	"woman"	395.9998779296875	165.78045654296875	433.64459228515625	253.56393432617188
0.2805436253547668	"woman"	364.3190307617187	168.20848083496094	394.09869384765625	251.9540557861328
