"score"	"label"	"x0"	"y0"	"x1"	"y1"
0.30238276720046997	"man"	239.5427703857422	270.0344543457031	246.74732971191406	282.9076232910156
