score	label	x0	y0	x1	y1
0.4357376098632812	woman	257.6281433105469	135.86141967773438	313.6918029785156	259.8655090332031
0.4318902492523193	man	127.07356262207033	120.0623779296875	182.7839202880859	254.8984375
0.3398210108280182	man	492.4865112304687	139.25233459472656	533.7744750976562	238.1841583251953
0.2818818092346191	woman	281.8562316894531	138.562744140625	312.9944152832031	255.57415771484375
