"score"	"label"	"x0"	"y0"	"x1"	"y1"
0.43758711218833923	"man"	0.0782928466796875	0.026153564453125	387.05987548828125	550.0260009765625
0.5152167081832886	"woman"	0.112030029296875	0.017303466796875	387.088134765625	550.0159912109375
