"score"	"label"	"x0"	"y0"	"x1"	"y1"
0.4753241539001465	"woman"	335.4296569824219	83.49224090576172	420.0725402832031	311.12298583984375
0.3250875473022461	"man"	289.7606201171875	75.54925537109375	420.77044677734375	310.8759765625
0.42213642597198486	"man"	289.5745849609375	78.92121887207031	350.05938720703125	283.46038818359375
