"score"	"label"	"x0"	"y0"	"x1"	"y1"
0.267625093460083	"w"	147.8323516845703	189.89764404296875	269.2536315917969	587.93115234375
