"score"	"label"	"x0"	"y0"	"x1"	"y1"
0.5247265696525574	"man"	407.3894348144531	238.631103515625	445.8752746582031	285.60546875
