"score"	"label"	"x0"	"y0"	"x1"	"y1"
0.27352383732795715	"woman"	564.78955078125	184.86184692382812	591.72998046875	196.059814453125
