score	label	x0	y0	x1	y1
0.561722993850708	man	212.0194854736328	409.9244995117187	235.0744781494141	433.0882568359375
