"score"	"label"	"x0"	"y0"	"x1"	"y1"
0.8297444581985474	"man"	16.908187866210938	59.43147277832031	381.0843505859375	549.5100708007812
