"score"	"label"	"x0"	"y0"	"x1"	"y1"
0.7362626194953918	"man"	376.2129211425781	167.25811767578125	426.7444152832031	288.6139831542969
0.43568018078804016	"woman"	376.0891418457031	167.35256958007812	426.9118347167969	288.8211364746094
0.34106582403182983	"woman"	376.0793762207031	167.4585418701172	426.9034729003906	288.6929016113281
