"score"	"label"	"x0"	"y0"	"x1"	"y1"
0.314461886882782	"man"	53.4286003112793	241.39193725585938	59.70101547241211	252.227294921875
