"score"	"label"	"x0"	"y0"	"x1"	"y1"
0.443690687417984	"man"	158.19210815429688	400.5711975097656	176.787109375	419.2270812988281
0.33743780851364136	"man"	127.82966613769531	401.2024230957031	148.18092346191406	419.0857238769531
0.2752265930175781	"man"	290.2926025390625	402.0939636230469	306.49267578125	421.3745422363281
