score	label	x0	y0	x1	y1
0.3043492436408996	woman	179.75115966796875	173.0607452392578	213.4273376464844	199.08876037597656
0.2585469782352447	woman	112.21099090576172	168.3707275390625	130.67005920410156	198.28073120117188
