"score"	"label"	"x0"	"y0"	"x1"	"y1"
0.3405767381191253	"woman"	362.6729736328125	246.21107482910156	384.0072021484375	287.65179443359375
