"score"	"label"	"x0"	"y0"	"x1"	"y1"
0.47060924768447876	"woman"	119.51498413085938	313.66058349609375	194.65786743164062	502.45941162109375
0.38630789518356323	"man"	120.9493637084961	314.6015625	193.02725219726562	501.75299072265625
0.2580137550830841	"woman"	101.96534729003906	303.5732727050781	219.87513732910156	512.8057861328125
