"score"	"label"	"x0"	"y0"	"x1"	"y1"
0.32246705889701843	"w"	22.465011596679688	92.92669677734375	382.11468505859375	549.458740234375
0.29514801502227783	"w o"	22.380020141601562	93.13703918457031	382.07513427734375	549.6885986328125
0.26301002502441406	"w o"	22.588241577148438	93.29672241210938	382.115478515625	549.3707275390625
