"score"	"label"	"x0"	"y0"	"x1"	"y1"
0.3080456256866455	"m"	86.13618469238281	53.605224609375	528.2572021484375	336.8896789550781
