"score"	"label"	"x0"	"y0"	"x1"	"y1"
0.41083991527557373	"m ; a ; n"	53.59391784667969	14.692474365234375	372.2086181640625	549.7122802734375
