"score"	"label"	"x0"	"y0"	"x1"	"y1"
0.606979489326477	"man"	236.51095581054688	231.09970092773438	371.8100280761719	391.8459777832031
0.5652273893356323	"man"	420.3203430175781	345.2568664550781	488.5702209472656	510.9115295410156
0.4668497145175934	"man"	506.9450378417969	358.186767578125	545.7134399414062	461.0025634765625
