"score"	"label"	"x0"	"y0"	"x1"	"y1"
0.28749942779541016	"woman"	36.617706298828125	152.7991943359375	98.61555480957031	217.30712890625
