"score"	"label"	"x0"	"y0"	"x1"	"y1"
0.2582246959209442	"woman"	274.6976013183594	49.93518829345703	322.6133117675781	112.44078826904297
