"score"	"label"	"x0"	"y0"	"x1"	"y1"
0.9164074659347534	"man"	470.55810546875	242.69227600097656	497.60174560546875	296.1449890136719
