"score"	"label"	"x0"	"y0"	"x1"	"y1"
0.48756542801856995	"woman"	46.97178649902344	112.86219787597656	407.93145751953125	597.5038452148438
0.30093178153038025	"man"	47.98744201660156	113.53416442871094	407.85845947265625	598.1812744140625
0.250986784696579	"woman"	48.43873596191406	113.75849914550781	335.26641845703125	597.1846313476562
