"score"	"label"	"x0"	"y0"	"x1"	"y1"
0.8784804344177246	"man"	135.77072143554688	26.617095947265625	301.8797302246094	572.8221435546875
