"score"	"label"	"x0"	"y0"	"x1"	"y1"
0.714384138584137	"man"	-0.038097381591796875	189.05068969726562	17.846731185913086	270.020263671875
