"score"	"label"	"x0"	"y0"	"x1"	"y1"
0.4770177900791168	"man"	44.81428527832031	57.6412353515625	360.89825439453125	546.3329467773438
0.3310931324958801	"woman"	47.30958557128906	58.30592346191406	358.609130859375	546.8964233398438
