"score"	"label"	"x0"	"y0"	"x1"	"y1"
0.44868195056915283	"woman"	340.3299865722656	38.12549591064453	362.8163146972656	77.45178985595703
0.49766579270362854	"woman"	532.4364013671875	26.241683959960938	572.8616943359375	74.9831771850586
