score	label	x0	y0	x1	y1
0.3014377951622009	man	181.01251220703125	115.96100616455078	266.0936279296875	252.17022705078125
