"score"	"label"	"x0"	"y0"	"x1"	"y1"
0.28226086497306824	"woman"	166.4036865234375	177.74407958984375	381.8067626953125	307.0025634765625
