"score"	"label"	"x0"	"y0"	"x1"	"y1"
0.789889395236969	"woman"	455.3927917480469	238.91468811035156	479.8988342285156	288.16217041015625
