"score"	"label"	"x0"	"y0"	"x1"	"y1"
0.28057748079299927	"a"	76.48699951171875	101.08699798583984	548.8580322265625	335.889892578125
