"score"	"label"	"x0"	"y0"	"x1"	"y1"
0.30885013937950134	"m a ; n"	132.91114807128906	176.92575073242188	307.9425048828125	543.3349609375
