"score"	"label"	"x0"	"y0"	"x1"	"y1"
0.4564264714717865	"man"	3.382904052734375	1.3954010009765625	598.392333984375	382.217529296875
