score	label	x0	y0	x1	y1
0.3124264180660248	man	476.8411865234375	244.09173583984375	504.43988037109375	260.57720947265625
