"score"	"label"	"x0"	"y0"	"x1"	"y1"
0.33766600489616394	"man"	0.4123239517211914	210.1296844482422	24.616031646728516	347.19464111328125
0.35626158118247986	"man"	0.48072052001953125	209.4739532470703	34.22701644897461	347.67840576171875
0.25590693950653076	"woman"	0.4383354187011719	210.06236267089844	33.522796630859375	347.26177978515625
0.2588673233985901	"woman"	0.4730520248413086	210.75729370117188	22.905075073242188	347.0646057128906
