score	label	x0	y0	x1	y1
0.3381484448909759	woman	1.1175155639648438	447.8826599121094	205.6419677734375	598.4353637695312
0.3325872719287872	man	158.53379821777344	101.0630340576172	267.0211181640625	466.0247192382813
0.29593226313591	man	229.9027404785156	430.44146728515625	432.2687072753906	598.3655395507812
