"score"	"label"	"x0"	"y0"	"x1"	"y1"
0.2533576786518097	"man"	462.7962646484375	170.3888397216797	544.37451171875	257.4468994140625
0.2706432342529297	"man"	170.6075439453125	114.99302673339844	366.38330078125	264.7767333984375
