score	label	x0	y0	x1	y1
0.542945146560669	man	9.678024291992188	46.95367431640625	377.1965942382813	548.8365478515625
