"score"	"label"	"x0"	"y0"	"x1"	"y1"
0.35302188992500305	"m ; a ; n"	2.7028045654296875	3.6812744140625	456.5673828125	598.4260864257812
