"score"	"label"	"x0"	"y0"	"x1"	"y1"
0.6454089283943176	"woman"	0.240814208984375	70.88209533691406	333.9888000488281	548.6807250976562
0.35354045033454895	"man"	0.207733154296875	71.17497253417969	333.8478698730469	548.69775390625
0.2765798568725586	"woman"	0.1932830810546875	71.06814575195312	334.06787109375	548.591796875
