"score"	"label"	"x0"	"y0"	"x1"	"y1"
0.8082812428474426	"man"	1.2952423095703125	33.340301513671875	400.64794921875	597.930419921875
