score	label	x0	y0	x1	y1
0.463030457496643	woman	274.62451171875	237.63958740234375	314.80816650390625	323.98956298828125
