score	label	x0	y0	x1	y1
0.4071108996868133	woman	361.2677001953125	117.48361206054688	516.923583984375	592.9305419921875
0.3045203983783722	man	48.343994140625	161.53077697753906	192.0166473388672	530.0594482421875
0.2801836431026459	man	278.6072692871094	143.929931640625	379.7680969238281	562.1580200195312
