"score"	"label"	"x0"	"y0"	"x1"	"y1"
0.5505466461181641	"woman"	67.95466613769531	33.00372314453125	361.74578857421875	599.109130859375
