"score"	"label"	"x0"	"y0"	"x1"	"y1"
0.41755691170692444	"man"	143.8782501220703	206.3269805908203	354.70660400390625	552.6411743164062
0.32004037499427795	"woman"	143.98092651367188	206.65049743652344	354.6513366699219	552.7047729492188
