score	label	x0	y0	x1	y1
0.2556344866752624	man	14.863677978515623	302.8907165527344	26.811180114746097	318.7542419433594
