"score"	"label"	"x0"	"y0"	"x1"	"y1"
0.2692016661167145	"woman"	182.308349609375	82.93567657470703	229.55474853515625	150.92367553710938
0.2617797255516052	"woman"	27.277374267578125	139.99560546875	565.1888427734375	343.3200378417969
