score	label	x0	y0	x1	y1
0.3741684556007385	man	190.2996063232422	337.0020751953125	205.2246856689453	369.6519775390625
0.2609202861785888	woman	209.76785278320312	338.001953125	226.008056640625	364.47808837890625
