score	label	x0	y0	x1	y1
0.2680981457233429	man	545.1210327148438	48.93499755859375	599.9830932617188	239.55123901367188
