"score"	"label"	"x0"	"y0"	"x1"	"y1"
0.46373847126960754	"man"	330.3934020996094	171.478271484375	340.3245544433594	191.7047119140625
0.3961886167526245	"man"	133.54417419433594	207.44284057617188	138.7914276123047	225.60690307617188
0.3666203022003174	"man"	156.72174072265625	197.33941650390625	163.58065795898438	215.65325927734375
0.3252347707748413	"man"	137.90614318847656	216.0984649658203	146.3406219482422	228.82212829589844
0.2589951753616333	"man"	239.86984252929688	200.107421875	246.80526733398438	217.9053955078125
