"score"	"label"	"x0"	"y0"	"x1"	"y1"
0.28739529848098755	"man"	329.5506286621094	267.6908874511719	343.6040954589844	287.0999450683594
