"score"	"label"	"x0"	"y0"	"x1"	"y1"
0.3375764787197113	"m a"	252.197265625	48.54277038574219	469.6627197265625	373.84307861328125
