"score"	"label"	"x0"	"y0"	"x1"	"y1"
0.31334829330444336	"man"	358.7570495605469	237.90576171875	379.3625793457031	290.24920654296875
