"score"	"label"	"x0"	"y0"	"x1"	"y1"
0.8629940748214722	"woman"	17.247703552246094	125.66912841796875	230.7677001953125	599.0957641601562
