"score"	"label"	"x0"	"y0"	"x1"	"y1"
0.4314722418785095	"woman"	433.2451171875	212.79083251953125	498.32403564453125	354.47021484375
0.3004513084888458	"woman"	35.15289306640625	204.0128173828125	180.10916137695312	396.29315185546875
0.28888899087905884	"man"	274.6022033691406	203.33815002441406	345.8016052246094	342.03179931640625
