"score"	"label"	"x0"	"y0"	"x1"	"y1"
0.466541051864624	"woman"	118.97937774658203	33.7025146484375	247.21044921875	476.59442138671875
0.4166977107524872	"woman"	217.63841247558594	15.089263916015625	321.66961669921875	484.5645751953125
0.4112733006477356	"woman"	0.3840484619140625	32.9197998046875	334.06610107421875	549.9992065429688
0.25051406025886536	"woman"	70.00881958007812	33.372467041015625	248.46243286132812	477.45330810546875
