"score"	"label"	"x0"	"y0"	"x1"	"y1"
0.3184578716754913	"woman"	422.2303771972656	189.12730407714844	436.5302429199219	221.3799285888672
