"score"	"label"	"x0"	"y0"	"x1"	"y1"
0.33951184153556824	"m ; a ; n"	104.66165161132812	47.19090270996094	538.482666015625	359.523193359375
