"score"	"label"	"x0"	"y0"	"x1"	"y1"
0.3338661789894104	"man"	0.047539710998535156	99.5128173828125	16.503307342529297	366.221435546875
