"score"	"label"	"x0"	"y0"	"x1"	"y1"
0.2603909969329834	"a"	193.66885375976562	169.32681274414062	391.6726989746094	295.1689147949219
