"score"	"label"	"x0"	"y0"	"x1"	"y1"
0.41298243403434753	"woman"	425.7715148925781	200.6907501220703	464.9828796386719	296.7929382324219
0.43712013959884644	"woman"	267.0008850097656	223.59835815429688	316.6850891113281	285.21881103515625
0.4458426535129547	"woman"	370.1817321777344	192.80191040039062	419.8921813964844	305.82330322265625
0.39520058035850525	"woman"	197.89224243164062	189.12860107421875	231.88336181640625	309.2331237792969
