"score"	"label"	"x0"	"y0"	"x1"	"y1"
0.4050763547420501	"woman"	289.2051086425781	318.3126220703125	325.3907775878906	354.33819580078125
