"score"	"label"	"x0"	"y0"	"x1"	"y1"
0.2522259056568146	"o"	540.31689453125	0.01873779296875	595.4022216796875	25.00532341003418
