score	label	x0	y0	x1	y1
0.3934801518917084	man	305.703857421875	203.970947265625	362.5863037109375	368.4189453125
0.3420203030109405	woman	216.29635620117188	213.20086669921875	285.25140380859375	382.2413940429687
0.3242316246032715	man	79.09000396728516	193.028564453125	182.4735412597656	382.6632690429687
0.3111149072647095	man	0.0187110900878906	182.71511840820312	96.84056091308594	383.5721130371094
