"score"	"label"	"x0"	"y0"	"x1"	"y1"
0.6177248954772949	"woman"	7.580135345458984	52.40321350097656	103.0704345703125	378.42974853515625
0.553264319896698	"woman"	82.18069458007812	81.65585327148438	150.3590545654297	360.1923522949219
0.5497907996177673	"woman"	87.16737365722656	72.45199584960938	215.49757385253906	354.3819274902344
0.39005395770072937	"woman"	347.3948059082031	91.18486785888672	427.1367492675781	233.243896484375
0.40554964542388916	"woman"	199.4615936279297	84.94473266601562	274.4402160644531	341.4466857910156
0.3535054624080658	"woman"	489.86090087890625	82.49835205078125	595.4669799804688	398.9655456542969
0.3548472821712494	"woman"	303.2816162109375	98.24977111816406	345.141845703125	205.53184509277344
0.28376147150993347	"woman"	332.9609375	96.6443099975586	366.71734619140625	169.63595581054688
0.305490642786026	"woman"	256.39068603515625	95.74159240722656	297.0391845703125	183.20005798339844
