"score"	"label"	"x0"	"y0"	"x1"	"y1"
0.3796403706073761	"m ; a ; n"	1.316314697265625	147.82838439941406	345.4884033203125	548.7869262695312
