"score"	"label"	"x0"	"y0"	"x1"	"y1"
0.4952954947948456	"woman"	133.98040771484375	94.47578430175781	229.3709716796875	333.90447998046875
0.4642581045627594	"man"	203.62380981445312	166.4493408203125	312.0122375488281	357.159912109375
0.26667314767837524	"woman"	203.85028076171875	166.239501953125	311.89715576171875	356.76409912109375
