score	label	x0	y0	x1	y1
0.526310384273529	woman	130.85995483398438	175.1949005126953	307.66162109375	541.02197265625
