score	label	x0	y0	x1	y1
0.2640249729156494	woman	576.8843994140625	224.35568237304688	583.80419921875	238.0191345214844
