"score"	"label"	"x0"	"y0"	"x1"	"y1"
0.3817164599895477	"man"	349.7527770996094	184.7535095214844	418.2474670410156	287.0044860839844
0.2979622781276703	"woman"	244.3513031005859	207.7191619873047	288.781005859375	284.14111328125
