"score"	"label"	"x0"	"y0"	"x1"	"y1"
0.5385146737098694	"man"	209.92726135253906	80.75202941894531	283.93475341796875	344.39935302734375
