"score"	"label"	"x0"	"y0"	"x1"	"y1"
0.2594618797302246	"w"	106.96157836914062	49.806182861328125	431.8810119628906	592.7080078125
