"score"	"label"	"x0"	"y0"	"x1"	"y1"
0.6840994358062744	"man"	470.9197692871094	21.685546875	566.6968994140625	564.7758178710938
