"score"	"label"	"x0"	"y0"	"x1"	"y1"
0.4722555875778198	"woman"	306.0973205566406	250.15496826171875	333.5979309082031	309.82684326171875
0.2640499174594879	"woman"	295.79290771484375	242.3854522705078	342.9805908203125	316.1684875488281
