"score"	"label"	"x0"	"y0"	"x1"	"y1"
0.45835545659065247	"woman"	339.3945617675781	181.9554443359375	385.9775085449219	276.2579345703125
0.3999984860420227	"man"	430.23480224609375	161.6358184814453	467.252197265625	270.5035095214844
0.25234612822532654	"woman"	337.6526794433594	180.77890014648438	406.3705139160156	276.3187255859375
