"score"	"label"	"x0"	"y0"	"x1"	"y1"
0.32087358832359314	"man"	499.1210632324219	159.29421997070312	532.9246215820312	240.92025756835938
0.28097182512283325	"woman"	499.0809326171875	159.529052734375	532.8616943359375	240.40048217773438
0.2771177887916565	"man"	152.47274780273438	166.36819458007812	183.685791015625	236.48007202148438
0.25311532616615295	"man"	499.6042175292969	169.15640258789062	531.41748046875	231.7027587890625
