"score"	"label"	"x0"	"y0"	"x1"	"y1"
0.2854644060134887	"woman"	28.314865112304688	205.83555603027344	36.99559783935547	219.53648376464844
