score	label	x0	y0	x1	y1
0.3063279688358307	woman	230.2100524902344	187.81475830078125	241.03567504882812	211.09280395507812
