"score"	"label"	"x0"	"y0"	"x1"	"y1"
0.5091500878334045	"woman"	111.66363525390625	248.5063018798828	261.9508972167969	599.1353759765625
0.30201074481010437	"woman"	304.12615966796875	274.40936279296875	485.1429443359375	599.4076538085938
0.26576581597328186	"man"	112.08375549316406	249.54490661621094	261.0394287109375	599.280517578125
