"score"	"label"	"x0"	"y0"	"x1"	"y1"
0.2704264223575592	"man"	500.9885559082031	225.6917724609375	518.5554809570312	257.17950439453125
0.35022106766700745	"man"	512.1435546875	217.0373992919922	529.7645263671875	238.1782989501953
0.26390019059181213	"man"	512.0518798828125	215.68963623046875	543.501708984375	239.25515747070312
0.43428629636764526	"woman"	500.98553466796875	225.60577392578125	518.6117553710938	257.1688232421875
0.5223395824432373	"woman"	484.6736145019531	224.44659423828125	503.8486633300781	257.3146057128906
0.2860492169857025	"woman"	501.03228759765625	225.677001953125	518.6378173828125	257.1716613769531
0.2733694911003113	"man"	528.029296875	216.8380889892578	543.8726806640625	239.0153350830078
0.33545535802841187	"woman"	484.7021179199219	224.49752807617188	503.6583557128906	257.189208984375
