score	label	x0	y0	x1	y1
0.497716873884201	woman	1.336395263671875	51.455780029296875	392.1223449707031	598.8450927734375
