"score"	"label"	"x0"	"y0"	"x1"	"y1"
0.26782670617103577	"man"	390.7571105957031	198.5804901123047	425.1426696777344	272.9704895019531
