"score"	"label"	"x0"	"y0"	"x1"	"y1"
0.26256802678108215	"man"	0.019866943359375	54.492618560791016	8.276209831237793	70.98231506347656
