"score"	"label"	"x0"	"y0"	"x1"	"y1"
0.28744325041770935	"; a ;"	108.83314514160156	143.80325317382812	300.61358642578125	505.2818298339844
