"score"	"label"	"x0"	"y0"	"x1"	"y1"
0.5163172483444214	"man"	359.64312744140625	251.5100860595703	389.445068359375	325.30615234375
0.43606477975845337	"man"	319.1753234863281	75.05476379394531	384.2310485839844	125.96389770507812
0.3725084066390991	"man"	306.2847900390625	252.0674591064453	334.60357666015625	305.8398132324219
0.29101037979125977	"man"	369.6217956542969	100.60889434814453	395.2964172363281	137.14328002929688
0.2773815095424652	"man"	444.6138916015625	126.47724914550781	475.83953857421875	166.50294494628906
