score	label	x0	y0	x1	y1
0.3078389167785644	woman	264.1936340332031	432.7055969238281	311.5708312988281	552.9228515625
0.2877959907054901	woman	364.9434814453125	-0.027780532836914	463.4671630859375	43.306365966796875
