"score"	"label"	"x0"	"y0"	"x1"	"y1"
0.4072060286998749	"man"	300.04364013671875	171.24932861328125	361.789306640625	374.2723388671875
0.3487066328525543	"man"	462.5489807128906	190.05780029296875	525.0411376953125	376.513427734375
0.28801047801971436	"man"	264.3076477050781	183.6846923828125	302.4136047363281	325.7048645019531
0.29514697194099426	"man"	370.15753173828125	188.43087768554688	430.16119384765625	379.7611999511719
0.2785297632217407	"man"	134.01783752441406	185.14151000976562	168.43727111816406	299.3330993652344
0.27028098702430725	"man"	207.57131958007812	191.73226928710938	240.03070068359375	310.1265563964844
0.2562909722328186	"man"	111.84913635253906	183.587158203125	143.13011169433594	294.3553161621094
