"score"	"label"	"x0"	"y0"	"x1"	"y1"
0.28202301263809204	"a"	170.35430908203125	113.72063446044922	369.070068359375	268.2084655761719
