score	label	x0	y0	x1	y1
0.3191147148609161	woman	587.95263671875	192.12039184570312	595.537841796875	205.39230346679688
