"score"	"label"	"x0"	"y0"	"x1"	"y1"
0.25097745656967163	"a"	6.7412109375	198.06903076171875	591.8904418945312	448.11279296875
