"score"	"label"	"x0"	"y0"	"x1"	"y1"
0.2625208795070648	"woman"	363.85504150390625	208.48313903808594	512.673583984375	439.4337158203125
0.30027127265930176	"woman"	364.220458984375	208.81312561035156	512.25927734375	390.11944580078125
