score	label	x0	y0	x1	y1
0.5004826188087463	woman	445.1401672363281	316.9177551269531	461.4540100097656	362.7295837402344
