"score"	"label"	"x0"	"y0"	"x1"	"y1"
0.5658073425292969	"man"	277.8958435058594	218.36907958984375	300.0088195800781	269.7351379394531
