"score"	"label"	"x0"	"y0"	"x1"	"y1"
0.8184117078781128	"woman"	86.19139099121094	41.73297119140625	368.8271484375	421.8550109863281
