"score"	"label"	"x0"	"y0"	"x1"	"y1"
0.2523919343948364	"a"	3.262481689453125	2.145263671875	597.5888671875	384.62518310546875
