"score"	"label"	"x0"	"y0"	"x1"	"y1"
0.30928289890289307	"woman"	70.83981323242188	63.55853271484375	596.962158203125	328.2742004394531
