"score"	"label"	"x0"	"y0"	"x1"	"y1"
0.564292848110199	"man"	41.808860778808594	35.523155212402344	91.80460357666016	182.57431030273438
0.2833488881587982	"woman"	42.02107238769531	35.712646484375	91.63668823242188	182.4929656982422
