"score"	"label"	"x0"	"y0"	"x1"	"y1"
0.3490435481071472	"m ; a ; n"	85.25459289550781	75.08233642578125	504.265869140625	392.51934814453125
