"score"	"label"	"x0"	"y0"	"x1"	"y1"
0.4987854063510895	"man"	219.40505981445312	104.42080688476562	310.6464538574219	377.5211486816406
0.27290165424346924	"woman"	203.95016479492188	97.725830078125	329.8758850097656	379.701416015625
0.3820735514163971	"woman"	218.57568359375	103.76296997070312	311.75140380859375	377.4681091308594
