"score"	"label"	"x0"	"y0"	"x1"	"y1"
0.3796006441116333	"man"	190.3184356689453	167.30416870117188	210.8540496826172	197.08612060546875
0.3196435868740082	"man"	189.4617462158203	163.70098876953125	224.8852081298828	196.77902221679688
0.31608256697654724	"man woman"	208.4965362548828	164.5102996826172	224.5475311279297	190.93296813964844
