score	label	x0	y0	x1	y1
0.6604399085044861	man	63.48527526855469	82.30577087402344	263.38128662109375	360.513916015625
