"score"	"label"	"x0"	"y0"	"x1"	"y1"
0.5237627029418945	"man"	317.4453125	289.03216552734375	330.53485107421875	308.83544921875
0.291030615568161	"man"	299.0003662109375	298.5120544433594	311.452880859375	329.5589904785156
