"score"	"label"	"x0"	"y0"	"x1"	"y1"
0.2730527222156524	"woman"	435.1435546875	351.2380676269531	447.1530151367187	381.8721008300781
