"score"	"label"	"x0"	"y0"	"x1"	"y1"
0.512885332107544	"woman"	198.19384765625	64.68118286132812	291.64837646484375	366.1270446777344
0.5118882060050964	"man"	151.90383911132812	70.7540283203125	222.42373657226562	365.0379638671875
0.32974737882614136	"woman"	198.21975708007812	64.78834533691406	291.14495849609375	366.19671630859375
0.29063940048217773	"woman"	259.08758544921875	72.67169189453125	321.60931396484375	366.9485168457031
0.26067811250686646	"man"	151.91224670410156	64.22792053222656	318.1285400390625	365.76641845703125
0.2586836516857147	"man"	197.9483642578125	64.57295227050781	291.4958801269531	366.3406982421875
