"score"	"label"	"x0"	"y0"	"x1"	"y1"
0.3499568700790405	"woman"	66.25252532958984	29.763595581054688	274.2706298828125	402.5501098632813
