"score"	"label"	"x0"	"y0"	"x1"	"y1"
0.26673147082328796	"woman"	306.6483154296875	45.563690185546875	341.02734375	86.45877075195312
