"score"	"label"	"x0"	"y0"	"x1"	"y1"
0.41180986166000366	"woman"	476.4200744628906	233.0195770263672	488.6293640136719	242.6716766357422
0.30325213074684143	"woman"	61.1812629699707	233.43092346191406	73.34182739257812	254.37205505371094
