score	label	x0	y0	x1	y1
0.4419293701648712	woman	236.7803192138672	405.819091796875	257.52471923828125	459.93365478515625
0.2754894196987152	woman	21.99097442626953	419.5162048339844	40.31700897216797	449.3209533691406
