"score"	"label"	"x0"	"y0"	"x1"	"y1"
0.6437153816223145	"woman"	22.502628326416016	109.83964538574219	143.14157104492188	497.9761962890625
0.26615554094314575	"man"	23.481487274169922	110.78384399414062	141.01560974121094	497.6268005371094
