"score"	"label"	"x0"	"y0"	"x1"	"y1"
0.4519318342208862	"woman"	449.3283996582031	212.63479614257812	470.5303649902344	258.1089172363281
