"score"	"label"	"x0"	"y0"	"x1"	"y1"
0.4202698469161987	"man"	49.66753005981445	77.8773193359375	117.4768524169922	155.15725708007812
0.3710741102695465	"woman"	131.9927520751953	76.0824203491211	170.3772430419922	135.63504028320312
