"score"	"label"	"x0"	"y0"	"x1"	"y1"
0.39748242497444153	"woman"	453.8923645019531	168.47720336914062	463.5445861816406	199.41583251953125
0.40772414207458496	"woman"	420.5865173339844	169.00320434570312	431.6508483886719	203.1241455078125
0.29912227392196655	"woman"	484.6593322753906	168.46116638183594	492.5390930175781	195.68190002441406
0.26200708746910095	"woman"	343.5534362792969	173.4943389892578	354.8825378417969	198.75331115722656
