"score"	"label"	"x0"	"y0"	"x1"	"y1"
0.5825751423835754	"man"	282.6370849609375	200.8372039794922	358.4591064453125	286.1933898925781
0.4271656572818756	"man"	105.1141357421875	199.7605438232422	174.44461059570312	283.52947998046875
0.447649210691452	"man"	194.89183044433594	201.70379638671875	250.65830993652344	282.04315185546875
0.37349754571914673	"man"	357.16046142578125	207.65609741210938	425.334228515625	294.3074951171875
0.31682324409484863	"man"	104.84782409667969	199.76388549804688	174.7147674560547	307.2330627441406
