"score"	"label"	"x0"	"y0"	"x1"	"y1"
0.41166505217552185	"woman"	158.36000061035156	400.82305908203125	176.82847595214844	419.19012451171875
0.33287128806114197	"woman"	128.00067138671875	401.55303955078125	147.95050048828125	419.0413818359375
0.29863980412483215	"woman"	290.4562683105469	402.6859436035156	306.3834533691406	421.3097229003906
