"score"	"label"	"x0"	"y0"	"x1"	"y1"
0.4561086893081665	"woman"	106.38604736328125	162.3114013671875	399.1983337402344	599.123291015625
0.2757315933704376	"woman"	303.0864562988281	150.285400390625	399.6124572753906	319.65496826171875
