"score"	"label"	"x0"	"y0"	"x1"	"y1"
0.802408754825592	"woman"	447.6980895996094	50.17131042480469	503.9663391113281	242.47023010253906
