"score"	"label"	"x0"	"y0"	"x1"	"y1"
0.8517338037490845	"man"	154.04075622558594	91.74771118164062	261.74725341796875	480.7596130371094
