"score"	"label"	"x0"	"y0"	"x1"	"y1"
0.28574663400650024	"man"	223.5347137451172	379.3177795410156	232.2711639404297	405.2159118652344
0.25752052664756775	"man"	417.4274597167969	369.76055908203125	426.6317443847656	398.3438720703125
0.2546747922897339	"man"	410.41705322265625	369.4693603515625	426.86663818359375	399.73126220703125
