"score"	"label"	"x0"	"y0"	"x1"	"y1"
0.3414473831653595	"m ; a ; n"	1.2747039794921875	169.03176879882812	348.28717041015625	548.7071533203125
