"score"	"label"	"x0"	"y0"	"x1"	"y1"
0.2816693186759949	"man"	3.368917465209961	243.1654052734375	30.797990798950195	565.8197021484375
