"score"	"label"	"x0"	"y0"	"x1"	"y1"
0.3567977547645569	"man"	100.3623046875	100.88153076171875	520.7402954101562	308.83551025390625
0.2747041881084442	"woman"	100.76559448242188	101.69894409179688	519.8763427734375	308.8134460449219
