"score"	"label"	"x0"	"y0"	"x1"	"y1"
0.2672422230243683	"man"	415.87860107421875	193.92974853515625	425.99444580078125	204.625244140625
