"score"	"label"	"x0"	"y0"	"x1"	"y1"
0.3419860899448395	"man"	205.45468139648438	300.10931396484375	214.216796875	315.39862060546875
