score	label	x0	y0	x1	y1
0.5531325340270996	woman	119.32850646972656	149.38673400878906	244.3928680419922	523.1874389648438
