"score"	"label"	"x0"	"y0"	"x1"	"y1"
0.33106768131256104	"woman"	224.7676544189453	108.790283203125	240.4624481201172	142.4004364013672
