"score"	"label"	"x0"	"y0"	"x1"	"y1"
0.857196033000946	"man"	193.34144592285156	97.3994140625	367.858642578125	486.79547119140625
