"score"	"label"	"x0"	"y0"	"x1"	"y1"
0.2947676181793213	"a ; n"	3.890228271484375	2.85308837890625	596.880126953125	435.8251037597656
