"score"	"label"	"x0"	"y0"	"x1"	"y1"
0.6628201007843018	"man"	46.172576904296875	135.82418823242188	385.9554748535156	586.40234375
