"score"	"label"	"x0"	"y0"	"x1"	"y1"
0.6732082366943359	"man"	264.94720458984375	302.30029296875	312.79559326171875	343.554443359375
