"score"	"label"	"x0"	"y0"	"x1"	"y1"
0.9488674402236938	"woman"	70.82347106933594	96.47442626953125	330.68890380859375	558.6243286132812
