"score"	"label"	"x0"	"y0"	"x1"	"y1"
0.5069981217384338	"woman"	179.9115753173828	266.70489501953125	245.6657562255859	459.7893676757813
0.3814407885074615	"man"	307.0458679199219	259.9154052734375	377.3076477050781	462.40478515625
0.2719879448413849	"woman"	236.48065185546875	310.7203369140625	285.736328125	462.5154418945313
