"score"	"label"	"x0"	"y0"	"x1"	"y1"
0.3597252368927002	"woman"	165.26083374023438	135.3517303466797	257.7101135253906	428.9951171875
0.2629421055316925	"woman"	336.9119567871094	132.751953125	442.7395324707031	429.33905029296875
0.3557533323764801	"man"	248.41297912597656	116.16793823242188	344.4559326171875	429.6756896972656
0.266659677028656	"man"	26.492725372314453	85.8914794921875	150.46546936035156	426.6900634765625
