"score"	"label"	"x0"	"y0"	"x1"	"y1"
0.2790278494358063	"m a"	217.61183166503906	51.25895690917969	334.325927734375	554.7216186523438
