"score"	"label"	"x0"	"y0"	"x1"	"y1"
0.8277814984321594	"man"	178.7669677734375	33.7386474609375	343.764892578125	547.5252075195312
0.2958206236362457	"man"	60.37730407714844	82.31256103515625	231.9125518798828	549.211181640625
