"score"	"label"	"x0"	"y0"	"x1"	"y1"
0.25458306074142456	"a"	210.73883056640625	141.78025817871094	406.454345703125	246.3853302001953
