"score"	"label"	"x0"	"y0"	"x1"	"y1"
0.2973897159099579	"man"	0.56866455078125	63.35292053222656	599.1904907226562	338.10931396484375
