score	label	x0	y0	x1	y1
0.6628817915916443	man	37.52195739746094	67.22764587402344	462.6154174804687	504.010498046875
