"score"	"label"	"x0"	"y0"	"x1"	"y1"
0.4216610789299011	"man"	428.6618347167969	242.2559814453125	446.0168151855469	273.4261474609375
0.26300129294395447	"man"	426.36688232421875	225.985595703125	451.16162109375	274.8495178222656
0.3289783298969269	"woman"	429.51922607421875	242.80699157714844	445.3658447265625	273.1014099121094
