"score"	"label"	"x0"	"y0"	"x1"	"y1"
0.6699868440628052	"woman"	261.733642578125	154.73451232910156	401.3087768554687	417.30120849609375
