"score"	"label"	"x0"	"y0"	"x1"	"y1"
0.38673800230026245	"woman"	198.6357879638672	72.15841674804688	354.79193115234375	598.6783447265625
0.28500673174858093	"woman"	35.53253173828125	71.01797485351562	179.81617736816406	599.0970458984375
0.35374099016189575	"woman"	313.316162109375	117.57235717773438	395.66937255859375	506.0993957519531
0.32578620314598083	"woman"	386.5866394042969	74.9332275390625	431.4815368652344	587.628662109375
