"score"	"label"	"x0"	"y0"	"x1"	"y1"
0.41376373171806335	"man"	509.2379150390625	230.8999786376953	517.7176513671875	246.9864044189453
