"score"	"label"	"x0"	"y0"	"x1"	"y1"
0.35200247168540955	"man"	0.05780792236328125	164.14828491210938	76.13745880126953	292.8208923339844
