"score"	"label"	"x0"	"y0"	"x1"	"y1"
0.3340144753456116	"woman"	166.90927124023438	91.39388275146484	432.3841857910156	278.5033874511719
