score	label	x0	y0	x1	y1
0.2729680836200714	woman	39.40442657470703	178.7110137939453	74.6379623413086	206.6365509033203
