"score"	"label"	"x0"	"y0"	"x1"	"y1"
0.43083757162094116	"man"	273.0495300292969	88.12106323242188	374.2212219238281	416.66949462890625
0.3079228401184082	"woman"	271.8403015136719	87.79338073730469	373.4366760253906	416.4603271484375
0.25111255049705505	"woman"	219.71560668945312	129.04742431640625	275.8822326660156	418.53680419921875
0.2656388282775879	"woman"	224.2577667236328	84.89747619628906	387.826904296875	420.53253173828125
