"score"	"label"	"x0"	"y0"	"x1"	"y1"
0.89168381690979	"man"	97.49844360351562	143.3840789794922	375.9049987792969	498.2945556640625
