score	label	x0	y0	x1	y1
0.3499831259250641	woman	529.9575805664062	195.671875	566.6974487304688	284.6659851074219
