"score"	"label"	"x0"	"y0"	"x1"	"y1"
0.36757946014404297	"woman"	107.72761535644531	157.84783935546875	250.9197540283203	440.91607666015625
0.4265564978122711	"man"	246.07476806640625	56.57683563232422	350.72784423828125	255.56918334960938
0.25592103600502014	"woman"	364.7573547363281	161.39349365234375	489.2042541503906	394.97528076171875
0.35308003425598145	"man"	246.3450927734375	174.34271240234375	363.89752197265625	390.98382568359375
0.335232138633728	"woman"	108.00797271728516	157.96286010742188	250.75308227539062	393.1065979003906
0.2670111656188965	"woman"	364.9595947265625	161.66600036621094	488.91180419921875	392.9111328125
0.27432286739349365	"woman"	364.7079772949219	161.3729248046875	489.0816955566406	439.6201171875
