"score"	"label"	"x0"	"y0"	"x1"	"y1"
0.8498026728630066	"woman"	95.390380859375	134.4708251953125	201.93597412109375	364.3984069824219
