"score"	"label"	"x0"	"y0"	"x1"	"y1"
0.5460608601570129	"woman"	270.763671875	163.70762634277344	315.4796142578125	226.69932556152344
0.3606833815574646	"woman"	377.14874267578125	188.6984405517578	419.66009521484375	225.25685119628906
