"score"	"label"	"x0"	"y0"	"x1"	"y1"
0.34165704250335693	"woman"	246.75135803222656	222.72232055664062	313.7091979980469	333.2213439941406
0.42546346783638	"man"	1.1605606079101562	181.71896362304688	80.68260192871094	364.6397399902344
