"score"	"label"	"x0"	"y0"	"x1"	"y1"
0.35166504979133606	"m"	2.063629150390625	-0.0387115478515625	598.4940185546875	507.89813232421875
0.25141358375549316	"m"	10.817863464355469	304.6846618652344	220.32199096679688	507.7404479980469
