score	label	x0	y0	x1	y1
0.3916342854499817	woman	541.4114990234375	175.80535888671875	589.8067626953125	287.4112243652344
0.2765708267688751	woman	446.1570739746094	87.5504150390625	473.0241394042969	123.74137878417967
