"score"	"label"	"x0"	"y0"	"x1"	"y1"
0.4281100332736969	"man"	127.72908020019533	319.8561096191406	157.2069854736328	386.1467590332031
