"score"	"label"	"x0"	"y0"	"x1"	"y1"
0.2911929190158844	"man"	349.51568603515625	247.5009765625	359.7791748046875	264.88494873046875
0.2777970731258392	"man"	393.8706359863281	246.07818603515625	406.5415344238281	265.197509765625
