score	label	x0	y0	x1	y1
0.3131796419620514	woman	197.43911743164065	80.26162719726562	214.10629272460935	122.96888732910156
0.2777502536773681	woman	181.6586151123047	89.27349853515625	198.08607482910156	116.3529815673828
0.2630861103534698	woman	179.51727294921875	79.62515258789062	216.202392578125	122.37687683105467
