"score"	"label"	"x0"	"y0"	"x1"	"y1"
0.3519524931907654	"man"	143.80386352539062	171.93116760253906	153.5020751953125	193.0712432861328
0.3575271964073181	"man"	141.8477783203125	170.90350341796875	159.59548950195312	194.23358154296875
0.26405733823776245	"woman"	144.33511352539062	172.13536071777344	153.38925170898438	192.81117248535156
