"score"	"label"	"x0"	"y0"	"x1"	"y1"
0.4057160317897796	"man"	185.30506896972656	117.50101470947266	226.3369598388672	225.502197265625
0.360474020242691	"man"	233.9156188964844	294.357177734375	306.3831481933594	387.4068603515625
0.3087389767169952	"woman"	217.93357849121097	127.06446075439452	235.51670837402344	182.64739990234375
