"score"	"label"	"x0"	"y0"	"x1"	"y1"
0.4050883650779724	"woman"	1.375213623046875	-0.0727996826171875	599.225341796875	450.91119384765625
0.31835848093032837	"man"	1.109161376953125	0.0134429931640625	599.35693359375	451.0062255859375
