"score"	"label"	"x0"	"y0"	"x1"	"y1"
0.4638600647449493	"woman"	107.16305541992188	138.3333740234375	190.77734375	338.3775329589844
0.4116399586200714	"man"	451.1274719238281	98.86158752441406	545.43310546875	307.2479248046875
