"score"	"label"	"x0"	"y0"	"x1"	"y1"
0.27703672647476196	"woman"	308.31689453125	204.30108642578125	394.0936279296875	355.177978515625
0.2672635316848755	"man"	1.4409828186035156	144.22621154785156	77.07693481445312	254.16285705566406
