"score"	"label"	"x0"	"y0"	"x1"	"y1"
0.38051190972328186	"woman"	145.92037963867188	29.079681396484375	275.25860595703125	410.0619812011719
0.36298683285713196	"woman"	284.6900634765625	37.1466064453125	425.60211181640625	414.7923583984375
