"score"	"label"	"x0"	"y0"	"x1"	"y1"
0.41100865602493286	"man woman"	92.258544921875	137.95156860351562	205.11703491210938	462.5433654785156
0.2786998152732849	"man"	414.8321228027344	125.84794616699219	485.7497253417969	425.60205078125
0.2934662997722626	"man"	471.533935546875	121.149658203125	547.02587890625	427.61737060546875
