"score"	"label"	"x0"	"y0"	"x1"	"y1"
0.5457648634910583	"woman"	151.19873046875	238.85693359375	216.68704223632812	396.26177978515625
0.5122902989387512	"woman"	234.17709350585938	262.7782897949219	272.25146484375	385.2269592285156
0.534835696220398	"woman"	90.27485656738281	277.37799072265625	138.95033264160156	398.8909912109375
0.440459281206131	"woman"	327.74139404296875	245.66116333007812	364.03192138671875	379.3663635253906
0.40554505586624146	"woman"	29.983308792114258	283.7131652832031	65.1303939819336	396.6114807128906
0.38110268115997314	"woman"	303.074462890625	253.45843505859375	334.07025146484375	373.7095947265625
0.4175821542739868	"woman"	266.91827392578125	261.80731201171875	299.16168212890625	372.35693359375
0.27415362000465393	"woman"	131.0948028564453	272.6949462890625	165.8013458251953	393.33258056640625
0.29355618357658386	"woman"	194.26361083984375	266.5141296386719	229.24176025390625	389.2985534667969
