"score"	"label"	"x0"	"y0"	"x1"	"y1"
0.4632522165775299	"woman"	277.287353515625	291.9818420410156	425.9041748046875	472.6816101074219
