"score"	"label"	"x0"	"y0"	"x1"	"y1"
0.33070671558380127	"m"	5.40185546875	101.12557983398438	491.47552490234375	373.0706481933594
0.2591434419155121	"a"	5.695037841796875	101.45639038085938	491.32196044921875	373.1000061035156
