score	label	x0	y0	x1	y1
0.7778645753860474	man	287.1657409667969	37.31468200683594	568.2982177734375	424.5320434570313
0.3315037488937378	woman	3.975173950195313	71.81417846679688	423.3646240234375	423.0021667480469
