"score"	"label"	"x0"	"y0"	"x1"	"y1"
0.9346157312393188	"woman"	102.98373413085938	81.16856384277344	404.730712890625	591.8482055664062
