"score"	"label"	"x0"	"y0"	"x1"	"y1"
0.36189600825309753	"woman"	10.640296936035156	144.1374969482422	213.44769287109375	548.83203125
0.4056514799594879	"woman"	153.34832763671875	55.23176574707031	290.4236145019531	346.57867431640625
