"score"	"label"	"x0"	"y0"	"x1"	"y1"
0.5215477347373962	"man"	352.5016174316406	127.47606658935547	430.6994323730469	307.4894104003906
0.3054845929145813	"woman"	56.33702087402344	144.62765502929688	112.13232421875	306.4815368652344
