"score"	"label"	"x0"	"y0"	"x1"	"y1"
0.4903823435306549	"woman"	292.0704345703125	179.799560546875	357.065185546875	345.462646484375
0.4941149950027466	"woman"	158.886474609375	189.39219665527344	214.760009765625	317.28271484375
