score	label	x0	y0	x1	y1
0.4904167056083679	man	143.75340270996094	239.18267822265625	168.4180450439453	289.3812255859375
