"score"	"label"	"x0"	"y0"	"x1"	"y1"
0.3155224621295929	"woman"	142.64796447753906	332.499755859375	160.11302185058594	383.260009765625
0.3083922564983368	"man"	113.53768157958984	345.9256591796875	139.4967041015625	403.35211181640625
0.2680611908435821	"man"	176.4359893798828	315.4183044433594	202.4681854248047	366.2940368652344
