"score"	"label"	"x0"	"y0"	"x1"	"y1"
0.2817062735557556	"a ;"	19.629989624023438	25.996719360351562	513.7174682617188	303.66729736328125
