"score"	"label"	"x0"	"y0"	"x1"	"y1"
0.26097723841667175	"man"	110.26304626464844	20.042312622070312	519.9317626953125	255.3782196044922
