"score"	"label"	"x0"	"y0"	"x1"	"y1"
0.27111783623695374	"woman"	303.5345458984375	254.46047973632812	315.9744873046875	294.0608215332031
