score	label	x0	y0	x1	y1
0.6085119247436523	man	59.72203063964844	26.37060546875	466.648681640625	549.6299438476562
