"score"	"label"	"x0"	"y0"	"x1"	"y1"
0.2670193612575531	"woman"	74.61534881591797	191.43768310546875	78.3813705444336	199.76104736328125
0.2709428369998932	"woman"	346.9515380859375	376.0156555175781	400.2744140625	413.1830749511719
