"score"	"label"	"x0"	"y0"	"x1"	"y1"
0.2837347388267517	"woman"	192.38607788085935	278.599853515625	280.6752014160156	408.5831298828125
