"score"	"label"	"x0"	"y0"	"x1"	"y1"
0.2997280955314636	"m a"	241.37698364257812	87.27737426757812	412.0600280761719	596.8111572265625
