"score"	"label"	"x0"	"y0"	"x1"	"y1"
0.3755328357219696	"man"	345.5915222167969	146.66786193847656	366.7438049316406	211.98521423339844
0.3490767776966095	"man"	390.24224853515625	151.15716552734375	412.5936279296875	212.45175170898438
