score	label	x0	y0	x1	y1
0.6440338492393494	man	94.43549346923828	160.3522491455078	263.9683837890625	549.5956420898438
0.3123726546764374	woman	37.91577911376953	282.462646484375	56.76551818847656	339.4842529296875
