"score"	"label"	"x0"	"y0"	"x1"	"y1"
0.4427841603755951	"woman"	186.5238800048828	118.48983764648438	225.31300354003906	225.0416259765625
0.39843297004699707	"woman"	234.72991943359375	295.9061584472656	304.95587158203125	388.5392150878906
