"score"	"label"	"x0"	"y0"	"x1"	"y1"
0.8280035257339478	"man"	38.37239074707031	67.54701232910156	461.92645263671875	504.11651611328125
