score	label	x0	y0	x1	y1
0.48689666390419	woman	3.394195556640625	56.180450439453125	389.8017272949219	596.629638671875
