"score"	"label"	"x0"	"y0"	"x1"	"y1"
0.3451915383338928	"man"	156.98715209960938	399.6031188964844	177.3594970703125	419.7758483886719
0.29260197281837463	"man"	126.77804565429688	399.87469482421875	148.61404418945312	419.40338134765625
