"score"	"label"	"x0"	"y0"	"x1"	"y1"
0.4589041471481323	"woman"	129.560546875	321.810302734375	377.4968566894531	579.7190551757812
0.3405680060386657	"man"	323.40655517578125	274.3387451171875	469.228515625	450.9470825195313
