"score"	"label"	"x0"	"y0"	"x1"	"y1"
0.5457723140716553	"woman"	86.95711517333984	75.84257507324219	275.60833740234375	518.8438110351562
