"score"	"label"	"x0"	"y0"	"x1"	"y1"
0.2646349668502807	"woman"	169.6932830810547	171.58116149902344	347.5765380859375	449.76031494140625
