score	label	x0	y0	x1	y1
0.2994339764118194	woman	198.83839416503903	316.98553466796875	215.42832946777344	340.55523681640625
