score	label	x0	y0	x1	y1
0.3669778108596802	woman	228.55453491210935	276.05914306640625	244.40118408203125	306.8494873046875
0.3042749464511871	woman	129.3679962158203	272.5240478515625	144.6690216064453	303.736083984375
