"score"	"label"	"x0"	"y0"	"x1"	"y1"
0.2554473876953125	"o"	196.85145568847656	41.32566833496094	256.8883361816406	103.94209289550781
