"score"	"label"	"x0"	"y0"	"x1"	"y1"
0.8564390540122986	"man"	44.09181213378906	72.05500793457031	369.94390869140625	549.75390625
