"score"	"label"	"x0"	"y0"	"x1"	"y1"
0.3130476772785187	"woman"	249.5872802734375	363.361083984375	463.087646484375	452.3023681640625
0.27326908707618713	"woman"	401.0399169921875	213.53733825683594	424.88214111328125	244.46046447753906
0.28973618149757385	"woman"	319.0116882324219	211.37179565429688	516.134765625	369.1624450683594
0.25776657462120056	"man"	250.80303955078125	364.6470031738281	462.4627685546875	451.1866760253906
