"score"	"label"	"x0"	"y0"	"x1"	"y1"
0.40031909942626953	"man"	46.13684844970703	82.37478637695312	100.98656463623047	290.61346435546875
0.35976940393447876	"man"	332.6930236816406	71.31028747558594	398.2975769042969	266.5438232421875
0.3841087520122528	"man"	505.0352478027344	29.631683349609375	594.420166015625	294.31988525390625
0.3226103186607361	"man"	440.8503723144531	45.20677947998047	499.0733947753906	277.2243347167969
0.30018651485443115	"man"	258.335205078125	81.1412353515625	315.0367431640625	270.5737609863281
0.26180312037467957	"man"	391.7283630371094	80.16629028320312	453.1794738769531	273.45654296875
0.2638276517391205	"man"	146.52239990234375	113.6579360961914	194.36538696289062	263.8436584472656
0.2709721624851227	"man"	91.3316650390625	116.35513305664062	138.16412353515625	266.5320739746094
0.25607579946517944	"man"	12.320234298706055	132.21908569335938	50.12138366699219	267.5591125488281
