"score"	"label"	"x0"	"y0"	"x1"	"y1"
0.2864423990249634	"w"	5.1480560302734375	101.21662902832031	491.83685302734375	373.18377685546875
