"score"	"label"	"x0"	"y0"	"x1"	"y1"
0.3905613422393799	"man"	269.2607727050781	191.94674682617188	280.1814880371094	210.3104248046875
0.2618100047111511	"woman"	270.8564147949219	192.55445861816406	279.7461242675781	208.80714416503906
0.2849012613296509	"woman"	268.96771240234375	192.55616760253906	279.2982177734375	210.42649841308594
