"score"	"label"	"x0"	"y0"	"x1"	"y1"
0.3367869257926941	"man"	0.07774686813354492	183.10374450683594	12.8162841796875	272.1507568359375
0.2628632187843323	"man"	0.0462493896484375	183.5436553955078	11.980545997619629	230.1844940185547
