"score"	"label"	"x0"	"y0"	"x1"	"y1"
0.3026005029678345	"man"	170.145751953125	242.6961212158203	194.81793212890625	289.2577209472656
0.2574268579483032	"man"	172.13702392578125	253.61907958984375	192.989990234375	288.2567138671875
0.26483431458473206	"woman"	170.63182067871094	247.34814453125	194.3403778076172	288.99493408203125
