score	label	x0	y0	x1	y1
0.3178524374961853	man	12.7332763671875	144.89041137695312	579.9835815429688	274.6404724121094
