"score"	"label"	"x0"	"y0"	"x1"	"y1"
0.6839322447776794	"man"	211.49464416503903	98.8515625	282.17901611328125	217.79351806640625
