"score"	"label"	"x0"	"y0"	"x1"	"y1"
0.6446425914764404	"man"	318.3067626953125	44.96075439453125	453.8739013671875	358.8371887207031
0.42433038353919983	"woman"	134.5754852294922	47.7188720703125	276.6187744140625	364.515380859375
0.35903725028038025	"woman"	134.8256072998047	47.8759765625	275.67340087890625	363.8199768066406
