"score"	"label"	"x0"	"y0"	"x1"	"y1"
0.812485933303833	"man"	43.10175323486328	176.71473693847656	63.92650604248047	233.3290557861328
