"score"	"label"	"x0"	"y0"	"x1"	"y1"
0.3578847050666809	"man"	422.0472106933594	276.2902526855469	440.5643005371094	357.3294982910156
0.46135562658309937	"man"	238.0439910888672	12.63470458984375	263.9512023925781	94.88380432128906
0.2911786139011383	"man"	187.32528686523438	294.5177917480469	217.53594970703125	399.3289489746094
0.2615237832069397	"man"	217.62046813964844	291.1083679199219	254.86314392089844	400.4150695800781
