"score"	"label"	"x0"	"y0"	"x1"	"y1"
0.32299333810806274	"man"	202.13360595703125	266.1790771484375	241.91336059570312	312.3165283203125
0.30594077706336975	"woman"	202.28497314453125	266.3837585449219	241.51272583007812	311.9925231933594
