"score"	"label"	"x0"	"y0"	"x1"	"y1"
0.35418134927749634	"m ; a ; n"	32.78741455078125	141.70449829101562	566.4998779296875	331.6190185546875
