"score"	"label"	"x0"	"y0"	"x1"	"y1"
0.2720886468887329	"woman"	553.511474609375	276.77508544921875	575.4803466796875	317.9178466796875
0.31504008173942566	"woman"	395.58892822265625	57.5709228515625	416.6988525390625	93.90776062011719
