"score"	"label"	"x0"	"y0"	"x1"	"y1"
0.3358800411224365	"man"	552.1724853515625	289.3989562988281	562.5213623046875	302.6224670410156
