"score"	"label"	"x0"	"y0"	"x1"	"y1"
0.4135798513889313	"man"	280.2883605957031	230.2374267578125	301.2729797363281	275.31072998046875
0.35760489106178284	"woman"	280.3127746582031	230.94232177734375	301.1481018066406	275.13623046875
0.25817787647247314	"woman"	280.2057800292969	230.13294982910156	301.6234436035156	275.1955261230469
