"score"	"label"	"x0"	"y0"	"x1"	"y1"
0.9060342907905579	"woman"	120.73945617675781	315.2967224121094	192.91639709472656	501.4646911621094
