"score"	"label"	"x0"	"y0"	"x1"	"y1"
0.2716353237628937	"m"	1.011138916015625	124.80496978759766	220.622314453125	269.525146484375
