"score"	"label"	"x0"	"y0"	"x1"	"y1"
0.5438099503517151	"woman"	196.0863494873047	180.94046020507812	221.26588439941406	220.22564697265625
