"score"	"label"	"x0"	"y0"	"x1"	"y1"
0.3228209912776947	"m ; a ;"	3.472015380859375	1.2445068359375	596.30859375	437.6986999511719
