"score"	"label"	"x0"	"y0"	"x1"	"y1"
0.593084990978241	"woman"	329.4686584472656	240.65684509277344	343.4719543457031	279.38055419921875
0.30030205845832825	"woman"	416.41650390625	244.53221130371094	423.77154541015625	259.6316833496094
