score	label	x0	y0	x1	y1
0.3904839158058166	man	411.44769287109375	48.69970703125	515.4341430664062	379.91937255859375
0.27264603972435	woman	324.1639709472656	137.45787048339844	428.3874206542969	379.989013671875
