"score"	"label"	"x0"	"y0"	"x1"	"y1"
0.49591919779777527	"woman"	3.1533660888671875	127.44364929199219	164.48338317871094	588.537109375
0.39712756872177124	"man"	3.2633056640625	128.32455444335938	163.78988647460938	589.359130859375
