"score"	"label"	"x0"	"y0"	"x1"	"y1"
0.2537345588207245	"a"	188.5803680419922	157.98382568359375	262.94268798828125	220.09719848632812
