"score"	"label"	"x0"	"y0"	"x1"	"y1"
0.48134028911590576	"man"	35.70795440673828	152.49075317382812	170.64212036132812	375.8177185058594
0.3880958557128906	"man"	394.63836669921875	108.79417419433594	439.941650390625	210.11241149902344
0.33866453170776367	"man"	36.62742614746094	79.67411804199219	109.2220458984375	257.5946044921875
0.30569276213645935	"man"	21.32425308227539	97.54061889648438	68.62837219238281	257.89111328125
0.2973843812942505	"man"	262.3416442871094	103.61607360839844	307.4342956542969	146.61074829101562
0.2606479823589325	"man"	39.958396911621094	79.85250854492188	108.72367095947266	218.49459838867188
0.31375229358673096	"man"	394.67083740234375	108.62640380859375	418.02862548828125	205.2515869140625
0.2963882386684418	"man"	410.9184265136719	109.32598114013672	440.0167541503906	209.98904418945312
