"score"	"label"	"x0"	"y0"	"x1"	"y1"
0.2849820852279663	"m"	0.09307861328125	0.129852294921875	600.0778198242188	396.8647155761719
