score	label	x0	y0	x1	y1
0.3436338901519775	woman	313.2953186035156	262.43865966796875	455.0964660644531	400.84130859375
0.280870258808136	woman	82.93628692626953	263.80999755859375	222.798828125	401.6431884765625
0.2587965428829193	woman	313.6662292480469	68.4587631225586	458.0632629394531	211.41702270507812
