"score"	"label"	"x0"	"y0"	"x1"	"y1"
0.3656618893146515	"woman"	388.2383728027344	192.96322631835935	411.5969543457031	248.4712829589844
0.2754010260105133	"man"	456.6041870117187	191.84603881835935	481.309814453125	248.34262084960935
