"score"	"label"	"x0"	"y0"	"x1"	"y1"
0.31343191862106323	"woman"	589.3574829101562	147.87225341796875	597.0062866210938	174.06863403320312
0.3031446039676666	"woman"	589.7235717773438	147.91925048828125	596.5466918945312	164.42987060546875
