score	label	x0	y0	x1	y1
0.4950243830680847	woman	59.149993896484375	170.64573669433594	97.68690490722656	225.0543670654297
