"score"	"label"	"x0"	"y0"	"x1"	"y1"
0.29915252327919006	"m ; a ; n"	0.079498291015625	0.4796295166015625	599.958740234375	316.45257568359375
