score	label	x0	y0	x1	y1
0.4003287851810455	woman	417.7279052734375	212.23736572265625	448.89501953125	295.2633972167969
0.3124084174633026	man	440.96673583984375	215.14617919921875	472.3049926757813	294.1864318847656
