"score"	"label"	"x0"	"y0"	"x1"	"y1"
0.38980814814567566	"man"	153.68507385253906	296.68060302734375	159.89149475097656	308.636474609375
0.3052175045013428	"man"	189.43313598632812	289.7030029296875	195.25619506835938	300.86474609375
