"score"	"label"	"x0"	"y0"	"x1"	"y1"
0.28392043709754944	"a ;"	115.99354553222656	98.86895751953125	549.4903564453125	201.1690673828125
