"score"	"label"	"x0"	"y0"	"x1"	"y1"
0.30274632573127747	"w"	1.3057708740234375	88.09402465820312	341.0103759765625	547.4256591796875
0.2963375151157379	"w o"	1.23492431640625	88.42477416992188	340.97454833984375	547.38720703125
0.25213927030563354	"w"	1.147674560546875	88.72184753417969	341.0561218261719	547.232177734375
