"score"	"label"	"x0"	"y0"	"x1"	"y1"
0.9069347977638245	"man"	377.016845703125	167.77691650390625	426.1473388671875	287.78741455078125
