"score"	"label"	"x0"	"y0"	"x1"	"y1"
0.833423376083374	"woman"	47.23565673828125	94.8192138671875	242.02664184570312	535.0994873046875
