"score"	"label"	"x0"	"y0"	"x1"	"y1"
0.5609289407730103	"man woman"	324.5520324707031	225.83688354492188	419.9205627441406	427.8981628417969
0.3291478157043457	"woman"	325.1837463378906	226.9060821533203	418.6385803222656	427.46954345703125
