"score"	"label"	"x0"	"y0"	"x1"	"y1"
0.8676732778549194	"woman"	114.38221740722656	296.66326904296875	151.7175750732422	397.25616455078125
