"score"	"label"	"x0"	"y0"	"x1"	"y1"
0.5778427720069885	"man"	203.77037048339844	153.64450073242188	345.0155029296875	405.9867858886719
0.4574609100818634	"woman"	389.7234191894531	107.39370727539062	465.0867004394531	242.09918212890625
