"score"	"label"	"x0"	"y0"	"x1"	"y1"
0.8821194171905518	"man"	276.8582763671875	229.58619689941406	463.81256103515625	598.908935546875
