"score"	"label"	"x0"	"y0"	"x1"	"y1"
0.5823225378990173	"man"	127.27848815917969	234.317626953125	175.71266174316406	352.89361572265625
