"score"	"label"	"x0"	"y0"	"x1"	"y1"
0.2523714005947113	"w"	3.2845611572265625	56.782928466796875	391.23974609375	597.69384765625
