"score"	"label"	"x0"	"y0"	"x1"	"y1"
0.26750296354293823	"a"	3.2421875	1.311187744140625	597.5794067382812	416.7296142578125
