score	label	x0	y0	x1	y1
0.38970747590065	woman	257.93988037109375	117.8768539428711	353.27813720703125	358.8854064941406
0.3757569193840027	man	100.40626525878906	118.95419311523438	218.1858062744141	377.52044677734375
