"score"	"label"	"x0"	"y0"	"x1"	"y1"
0.8348671197891235	"woman"	160.0941162109375	125.59252166748047	295.0631103515625	374.8360900878906
