"score"	"label"	"x0"	"y0"	"x1"	"y1"
0.34066519141197205	"woman"	180.1614532470703	257.9552307128906	193.52088928222656	279.9700012207031
0.3117167055606842	"man"	180.3677215576172	258.1662902832031	193.1786651611328	279.6351623535156
0.26074475049972534	"woman"	176.18380737304688	255.18710327148438	197.6873779296875	284.2353210449219
