"score"	"label"	"x0"	"y0"	"x1"	"y1"
0.3612895309925079	"man"	230.67251586914065	274.4849853515625	321.9292907714844	411.0992431640625
