score	label	x0	y0	x1	y1
0.414882630109787	woman	0.4460601806640625	35.113006591796875	403.22222900390625	506.7558288574219
