"score"	"label"	"x0"	"y0"	"x1"	"y1"
0.2773034870624542	"w"	196.13870239257812	65.3826904296875	336.0766296386719	517.7005004882812
