"score"	"label"	"x0"	"y0"	"x1"	"y1"
0.5558488368988037	"man"	98.22455596923828	206.6063690185547	279.6048889160156	426.760986328125
0.33892884850502014	"man"	185.1463165283203	221.87416076660156	280.1145935058594	426.74755859375
