"score"	"label"	"x0"	"y0"	"x1"	"y1"
0.7551102638244629	"woman"	37.295196533203125	205.09283447265625	346.00299072265625	595.368408203125
0.5297983884811401	"woman"	128.33889770507812	71.71898651123047	278.0198974609375	303.9197692871094
