"score"	"label"	"x0"	"y0"	"x1"	"y1"
0.2941332161426544	"woman"	193.8150634765625	375.6194458007813	282.59906005859375	527.5403442382812
0.2536232769489288	"man"	339.2476806640625	357.2983703613281	405.67620849609375	475.4225769042969
