"score"	"label"	"x0"	"y0"	"x1"	"y1"
0.2760365307331085	"man"	228.51654052734375	276.2312927246094	244.40609741210938	306.9537048339844
0.3049536645412445	"man"	129.3799591064453	272.6476745605469	144.6943817138672	303.8717956542969
0.3528750240802765	"woman"	228.63246154785156	276.2237548828125	244.37965393066406	306.956298828125
0.2736336588859558	"woman"	228.61856079101562	276.31207275390625	244.37115478515625	306.98785400390625
