score	label	x0	y0	x1	y1
0.3260656893253326	man	294.0157775878906	197.3713226318359	538.4403076171875	394.6536865234375
0.3194822967052459	woman	272.0166015625	196.99575805664065	398.57916259765625	393.1679382324219
