"score"	"label"	"x0"	"y0"	"x1"	"y1"
0.5626542568206787	"woman"	114.29764556884766	120.23928833007812	240.5479736328125	599.325439453125
0.4996551275253296	"woman"	237.90182495117188	129.0698699951172	365.5287780761719	599.3587036132812
