score	label	x0	y0	x1	y1
0.4209730625152588	woman	195.01492309570312	179.37698364257812	222.93392944335935	220.94552612304688
