"score"	"label"	"x0"	"y0"	"x1"	"y1"
0.33319032192230225	"m ; a ; n"	130.15423583984375	49.60093688964844	298.0212097167969	546.6276245117188
