"score"	"label"	"x0"	"y0"	"x1"	"y1"
0.3421057462692261	"man"	134.57864379882812	4.099983215332031	362.5872802734375	125.59943389892578
0.2590508460998535	"man"	72.9926528930664	34.49657440185547	140.21307373046875	97.91576385498047
