"score"	"label"	"x0"	"y0"	"x1"	"y1"
0.2630787789821625	"man"	36.26737594604492	152.61131286621094	99.08302307128906	217.5030975341797
