"score"	"label"	"x0"	"y0"	"x1"	"y1"
0.7278441190719604	"woman"	139.42572021484375	43.059814453125	276.268310546875	534.0869140625
0.2555886209011078	"man"	139.35787963867188	43.35894775390625	276.04681396484375	534.0267333984375
0.2948669493198395	"woman"	139.4554443359375	43.28816223144531	276.29595947265625	533.9761352539062
