"score"	"label"	"x0"	"y0"	"x1"	"y1"
0.47388821840286255	"man"	168.06768798828125	1.20697021484375	337.8079528808594	240.5724334716797
0.2770255506038666	"woman"	168.40533447265625	1.5109405517578125	337.86572265625	239.94979858398438
