"score"	"label"	"x0"	"y0"	"x1"	"y1"
0.43192723393440247	"man"	407.6814880371094	132.39324951171875	503.3280334472656	371.013916015625
0.4304744005203247	"man"	80.63996887207031	20.549453735351562	183.53614807128906	349.5888671875
0.35182154178619385	"man"	192.32901000976562	121.90153503417969	310.6080627441406	362.013427734375
0.3862990140914917	"man"	438.3030700683594	14.525131225585938	533.8470458984375	345.41259765625
0.3089369535446167	"man"	368.4783935546875	15.954353332519531	446.33050537109375	228.1219482421875
0.29641193151474	"man"	246.1397705078125	13.505935668945312	323.5145263671875	242.32005310058594
0.31141197681427	"man"	311.1988830566406	20.5462646484375	383.1286315917969	217.9663848876953
0.26606619358062744	"man"	246.1221466064453	13.471206665039062	323.5535888671875	293.82196044921875
0.267682284116745	"man"	298.6760559082031	129.02011108398438	414.1727600097656	346.552734375
