score	label	x0	y0	x1	y1
0.3573709428310394	man	40.7711181640625	212.1460418701172	579.9105224609375	320.180908203125
