"score"	"label"	"x0"	"y0"	"x1"	"y1"
0.5544326305389404	"woman"	262.2203369140625	90.14124298095703	342.6448974609375	174.3316650390625
0.3720948100090027	"woman"	462.1229553222656	96.9591293334961	533.6009521484375	175.60946655273438
