"score"	"label"	"x0"	"y0"	"x1"	"y1"
0.31778576970100403	"woman"	12.9127197265625	6.2206268310546875	594.2861328125	390.06622314453125
