"score"	"label"	"x0"	"y0"	"x1"	"y1"
0.4796984791755676	"man"	0.904296875	100.59400939941406	522.2041015625	599.51025390625
