"score"	"label"	"x0"	"y0"	"x1"	"y1"
0.3633027970790863	"man"	256.78106689453125	193.71055603027344	268.73199462890625	218.82652282714844
0.2787167727947235	"man"	311.0447998046875	195.8533172607422	321.88623046875	211.6976776123047
