"score"	"label"	"x0"	"y0"	"x1"	"y1"
0.38447895646095276	"woman"	35.77268981933594	69.98155212402344	371.349853515625	458.23883056640625
0.33446410298347473	"man"	356.845703125	58.550262451171875	538.0447998046875	458.3675231933594
0.2577572166919708	"woman"	228.01663208007812	92.90924072265625	371.9617614746094	458.42144775390625
0.25419560074806213	"man"	36.96437072753906	58.88458251953125	538.3544311523438	457.40264892578125
