"score"	"label"	"x0"	"y0"	"x1"	"y1"
0.30485594272613525	"woman"	34.56011962890625	143.37205505371094	565.1575927734375	330.68939208984375
