"score"	"label"	"x0"	"y0"	"x1"	"y1"
0.4521804749965668	"man"	139.62017822265625	169.2777099609375	164.77200317382812	201.03793334960938
0.36011937260627747	"man"	274.3349304199219	171.1541290283203	294.6416931152344	194.7268524169922
0.2906613349914551	"man"	362.6220703125	176.09619140625	381.77398681640625	194.52859497070312
