"score"	"label"	"x0"	"y0"	"x1"	"y1"
0.40760788321495056	"woman"	240.68692016601562	177.6110076904297	333.8537902832031	393.5408935546875
0.3097911477088928	"man"	497.797607421875	129.41754150390625	561.35986328125	380.7369384765625
