"score"	"label"	"x0"	"y0"	"x1"	"y1"
0.34960678219795227	"woman"	73.0054931640625	52.04270935058594	543.6166381835938	399.827880859375
