"score"	"label"	"x0"	"y0"	"x1"	"y1"
0.5971676707267761	"woman"	108.22554016113281	306.236328125	179.33042907714844	444.4256591796875
