"score"	"label"	"x0"	"y0"	"x1"	"y1"
0.4313255846500397	"woman"	386.4931640625	260.3173828125	456.71881103515625	293.40447998046875
0.43036574125289917	"man"	386.4876403808594	260.3788757324219	456.7095642089844	293.2911071777344
0.2644258737564087	"woman"	385.8591613769531	260.4147644042969	504.3217468261719	294.0938415527344
0.2514640688896179	"woman"	419.00335693359375	235.2236328125	466.43511962890625	262.0660095214844
0.30717727541923523	"man"	419.17279052734375	235.3806915283203	466.5252685546875	262.1437072753906
0.27715635299682617	"woman"	386.64239501953125	260.35247802734375	456.6961669921875	293.23553466796875
