"score"	"label"	"x0"	"y0"	"x1"	"y1"
0.4316548705101013	"woman"	0.33522605895996094	200.39706420898438	19.29811668395996	227.80014038085938
