"score"	"label"	"x0"	"y0"	"x1"	"y1"
0.36973220109939575	"m a"	529.5120239257812	0.1496572494506836	582.4085083007812	27.745906829833984
