"score"	"label"	"x0"	"y0"	"x1"	"y1"
0.3477248251438141	"woman"	411.7536926269531	179.83013916015625	438.0976257324219	244.53369140625
0.36664465069770813	"woman"	241.84742736816406	111.30328369140625	273.8141784667969	167.12841796875
0.3150044083595276	"woman"	276.65728759765625	109.46903991699219	306.082275390625	166.14891052246094
0.2808886468410492	"woman"	195.49737548828125	110.98658752441406	218.224609375	180.02284240722656
