score	label	x0	y0	x1	y1
0.5784329175949097	man	60.876373291015625	211.79486083984375	122.26838684082033	384.23187255859375
0.3411645293235779	woman	187.2637634277344	189.83615112304688	221.03060913085935	298.3556213378906
