score	label	x0	y0	x1	y1
0.4807092845439911	woman	3.525909423828125	17.695556640625	385.1519470214844	548.1027221679688
