"score"	"label"	"x0"	"y0"	"x1"	"y1"
0.2781324386596679	"man"	356.62982177734375	131.52081298828125	469.5358276367187	326.00567626953125
