"score"	"label"	"x0"	"y0"	"x1"	"y1"
0.561787486076355	"man"	275.4239196777344	212.9755859375	298.3839416503906	249.25311279296875
0.2726334035396576	"woman"	273.0926818847656	211.59255981445312	300.5290222167969	250.822265625
0.3125254213809967	"woman"	277.29522705078125	213.9309844970703	297.7071533203125	248.56285095214844
