score	label	x0	y0	x1	y1
0.4373185336589813	woman	26.926712036132812	89.52772521972656	347.46002197265625	549.7382202148438
