"score"	"label"	"x0"	"y0"	"x1"	"y1"
0.5719165802001953	"man"	218.0289306640625	117.23469543457033	396.625244140625	393.5885009765625
