"score"	"label"	"x0"	"y0"	"x1"	"y1"
0.2615838646888733	"woman"	194.02122497558594	375.50604248046875	314.0567321777344	526.67578125
0.25362327694892883	"man"	339.2476806640625	357.2983703613281	405.67620849609375	475.4225769042969
0.2941332161426544	"woman"	193.8150634765625	375.61944580078125	282.59906005859375	527.5403442382812
