"score"	"label"	"x0"	"y0"	"x1"	"y1"
0.4252426028251648	"woman"	316.1619873046875	117.81504821777344	399.291259765625	313.0267333984375
0.4212075173854828	"man"	399.4438171386719	111.81713104248047	535.70556640625	342.83392333984375
0.2629154622554779	"man"	116.83552551269531	102.58506774902344	216.9244842529297	325.00457763671875
