"score"	"label"	"x0"	"y0"	"x1"	"y1"
0.5634034872055054	"man"	206.07981872558594	128.2469482421875	359.19012451171875	510.56903076171875
0.3292423188686371	"woman"	143.455078125	187.69790649414062	199.80148315429688	365.1577453613281
0.2841093838214874	"woman"	86.61927795410156	193.45294189453125	153.0836944580078	374.642578125
0.2554038166999817	"woman"	86.50529479980469	186.56185913085938	199.5453643798828	372.2867126464844
