"score"	"label"	"x0"	"y0"	"x1"	"y1"
0.37253648042678833	"m ; a ; n"	1.2390899658203125	65.31265258789062	344.706298828125	548.6129150390625
