"score"	"label"	"x0"	"y0"	"x1"	"y1"
0.25060126185417175	"man"	54.06852340698242	255.49090576171875	60.3759880065918	266.92742919921875
