"score"	"label"	"x0"	"y0"	"x1"	"y1"
0.44940733909606934	"man"	271.4146423339844	203.98361206054688	295.6105041503906	267.4979553222656
0.4253605604171753	"woman"	271.6173095703125	203.9147186279297	295.39190673828125	267.460693359375
0.28937456011772156	"woman"	271.4462890625	204.41506958007812	295.29400634765625	267.4856872558594
