"score"	"label"	"x0"	"y0"	"x1"	"y1"
0.3106449246406555	"m ; a ;"	34.72296142578125	170.21983337402344	519.0067138671875	305.6875
