"score"	"label"	"x0"	"y0"	"x1"	"y1"
0.3948098719120025	"man"	270.5669860839844	82.15937805175781	384.2772521972656	350.34613037109375
0.3925785720348358	"woman"	367.2265625	90.289306640625	481.12884521484375	357.5039367675781
