score	label	x0	y0	x1	y1
0.3716612160205841	woman	138.2888946533203	411.7059020996094	166.1613006591797	470.4858703613281
