"score"	"label"	"x0"	"y0"	"x1"	"y1"
0.7811212539672852	"woman"	150.615966796875	49.017913818359375	337.2275390625	545.480712890625
0.4938214421272278	"woman"	41.97132110595703	111.49130249023438	239.68704223632812	536.5050048828125
