"score"	"label"	"x0"	"y0"	"x1"	"y1"
0.3752935826778412	"m ; a ; n"	50.82453918457031	86.47384643554688	350.661376953125	500.6299743652344
