"score"	"label"	"x0"	"y0"	"x1"	"y1"
0.4568659961223602	"woman"	77.16093444824219	78.29864501953125	418.46484375	597.1590576171875
