"score"	"label"	"x0"	"y0"	"x1"	"y1"
0.3987634479999542	"woman"	327.87322998046875	136.0360107421875	462.10833740234375	422.44830322265625
0.3570433557033539	"woman"	74.85918426513672	237.2981414794922	248.72329711914062	439.56622314453125
0.32569023966789246	"woman"	265.0873718261719	117.97718811035156	354.5125427246094	411.72784423828125
0.27848368883132935	"woman"	1.3236541748046875	115.29434204101562	114.88819122314453	437.6479187011719
0.2639966309070587	"woman"	204.48538208007812	107.62014770507812	281.0708312988281	433.5894470214844
