"score"	"label"	"x0"	"y0"	"x1"	"y1"
0.4324081242084503	"woman"	18.879047393798828	80.48381805419922	85.03257751464844	223.844482421875
0.27060407400131226	"man"	19.02676773071289	81.12747955322266	84.51864624023438	223.34136962890625
0.30193084478378296	"man"	259.4869384765625	96.15575408935547	297.81463623046875	192.53106689453125
