"score"	"label"	"x0"	"y0"	"x1"	"y1"
0.2745483219623565	"woman"	232.30697631835935	532.7579956054688	254.86404418945312	559.8380737304688
