"score"	"label"	"x0"	"y0"	"x1"	"y1"
0.5012831091880798	"woman"	323.7818603515625	137.73524475097656	428.26629638671875	381.16876220703125
0.42901793122291565	"woman"	174.5211639404297	142.36175537109375	262.6950378417969	381.0089111328125
0.38028600811958313	"woman"	257.3389587402344	150.71688842773438	343.4131164550781	381.2146911621094
0.32121542096138	"woman"	328.0096435546875	66.19104766845703	420.401611328125	298.8045654296875
0.25933194160461426	"woman"	170.2909393310547	63.048423767089844	255.2692108154297	209.60653686523438
0.3045320510864258	"woman"	170.06082153320312	63.26618194580078	255.62423706054688	295.708251953125
