"score"	"label"	"x0"	"y0"	"x1"	"y1"
0.5845624804496765	"woman"	140.22378540039062	66.65958404541016	181.22799682617188	161.45059204101562
0.2526026666164398	"woman"	58.73786544799805	76.46239471435547	78.1410903930664	117.2630844116211
