"score"	"label"	"x0"	"y0"	"x1"	"y1"
0.6114823222160339	"woman"	41.51066589355469	175.8932647705078	64.90066528320312	235.0707550048828
