score	label	x0	y0	x1	y1
0.306616872549057	woman	4.7061309814453125	3.079071044921875	434.51031494140625	596.1407470703125
