"score"	"label"	"x0"	"y0"	"x1"	"y1"
0.5266762971878052	"man"	144.49868774414062	206.68869018554688	352.9892578125	552.4915771484375
