"score"	"label"	"x0"	"y0"	"x1"	"y1"
0.2721927762031555	"man"	230.47154235839844	188.163330078125	240.7926483154297	210.8563232421875
