"score"	"label"	"x0"	"y0"	"x1"	"y1"
0.4102571606636047	"woman"	244.17616271972656	320.9836120605469	263.572265625	349.5964660644531
0.2804465591907501	"woman"	240.3895568847656	317.3876953125	267.347900390625	352.2879638671875
