"score"	"label"	"x0"	"y0"	"x1"	"y1"
0.2641945779323578	"woman"	206.07322692871097	380.3089904785156	222.1657562255859	407.6175842285156
