"score"	"label"	"x0"	"y0"	"x1"	"y1"
0.2842277586460113	"man"	364.9758605957031	-0.0164928436279296	462.4358825683594	43.062049865722656
