"score"	"label"	"x0"	"y0"	"x1"	"y1"
0.8068713545799255	"woman"	1.635711669921875	42.206451416015625	391.6694641113281	597.983154296875
