"score"	"label"	"x0"	"y0"	"x1"	"y1"
0.34483790397644043	"man"	103.20707702636719	500.301513671875	128.3653106689453	559.39599609375
