"score"	"label"	"x0"	"y0"	"x1"	"y1"
0.3682461678981781	"m ; a ; n"	1.3994903564453125	68.68467712402344	326.650634765625	548.99560546875
