score	label	x0	y0	x1	y1
0.3700282573699951	man	481.0389709472656	249.9727478027344	493.8664855957031	270.1188659667969
