"score"	"label"	"x0"	"y0"	"x1"	"y1"
0.8147943615913391	"woman"	195.82040405273438	176.7941436767578	319.4886779785156	352.85052490234375
