"score"	"label"	"x0"	"y0"	"x1"	"y1"
0.4407235085964203	"man"	353.0780944824219	127.49545288085938	430.4723815917969	307.31414794921875
0.33313894271850586	"woman"	56.19828796386719	144.36019897460938	112.39305114746094	306.4140625
0.28392499685287476	"woman"	9.540210723876953	139.2496337890625	57.830448150634766	293.5712585449219
0.275476336479187	"woman"	99.15780639648438	154.0533447265625	145.9589080810547	302.67431640625
0.3045192062854767	"woman"	352.63385009765625	127.27781677246094	430.522216796875	306.62750244140625
