"score"	"label"	"x0"	"y0"	"x1"	"y1"
0.5880983471870422	"man"	191.3031768798828	149.75331115722656	468.68170166015625	599.5552368164062
0.2667434811592102	"man"	127.67156982421875	186.3848114013672	278.149169921875	599.7130126953125
