score	label	x0	y0	x1	y1
0.3192802965641022	woman	2.5348052978515625	85.31240844726562	202.84295654296875	597.2935791015625
0.3179202079772949	woman man	248.95736694335935	60.437896728515625	448.2215270996094	597.6627197265625
0.3022947013378143	woman	121.01923370361328	146.66294860839844	340.6597595214844	597.8689575195312
0.2854007482528686	woman	6.2749481201171875	60.052947998046875	446.1148681640625	596.5831298828125
