"score"	"label"	"x0"	"y0"	"x1"	"y1"
0.3761419653892517	"man"	0.11334037780761719	275.8910827636719	49.043426513671875	393.7323303222656
0.3723643124103546	"man"	0.04378700256347656	276.9481506347656	26.88048553466797	393.8256530761719
0.34481534361839294	"woman"	16.04172134399414	291.4265441894531	49.285884857177734	393.8935241699219
