"score"	"label"	"x0"	"y0"	"x1"	"y1"
0.3724341094493866	"woman"	363.0699462890625	131.92184448242188	449.62164306640625	328.096435546875
0.5042004585266113	"man"	230.49066162109375	116.36719512939453	346.92315673828125	365.7116394042969
