score	label	x0	y0	x1	y1
0.7428901791572571	man	540.9791870117188	117.96685791015624	599.1939086914062	301.88848876953125
