"score"	"label"	"x0"	"y0"	"x1"	"y1"
0.42460548877716064	"woman"	505.6048583984375	29.811172485351562	594.0894775390625	294.34014892578125
0.34089845418930054	"woman"	258.64495849609375	81.23811340332031	314.97979736328125	270.32611083984375
0.2790423333644867	"woman"	332.4334411621094	71.60867309570312	398.0271301269531	266.3258361816406
0.2868841886520386	"woman"	46.26896667480469	82.59713745117188	100.63067626953125	290.500732421875
0.26838523149490356	"woman"	207.5814971923828	113.54600524902344	269.542724609375	263.19696044921875
0.2540673315525055	"woman"	199.7172393798828	146.1153564453125	234.13389587402344	262.0128479003906
0.2700827717781067	"woman"	12.38835334777832	132.2875518798828	49.977386474609375	267.4908447265625
0.2520332634449005	"woman"	91.26974487304688	116.5704116821289	137.8742218017578	266.2608947753906
