"score"	"label"	"x0"	"y0"	"x1"	"y1"
0.35515692830085754	"man"	11.733146667480469	305.02252197265625	220.07525634765625	507.8671875
0.26238858699798584	"man"	2.574615478515625	-0.00750732421875	598.1695556640625	507.99053955078125
