"score"	"label"	"x0"	"y0"	"x1"	"y1"
0.6549190282821655	"woman"	109.16585540771484	53.968414306640625	297.0401306152344	493.1205139160156
0.3240853250026703	"man"	109.4242172241211	54.191314697265625	296.9873352050781	493.2131652832031
0.3304736912250519	"woman"	109.41249084472656	53.94010925292969	297.26434326171875	493.11236572265625
