"score"	"label"	"x0"	"y0"	"x1"	"y1"
0.37970203161239624	"man"	504.4019775390625	242.82369995117188	526.2679443359375	281.1451721191406
0.29083606600761414	"woman"	503.5784606933594	242.00726318359375	527.3477172851562	283.59576416015625
