"score"	"label"	"x0"	"y0"	"x1"	"y1"
0.3351949155330658	"m ; a ; n"	46.635955810546875	136.8218994140625	387.10223388671875	587.2896118164062
