"score"	"label"	"x0"	"y0"	"x1"	"y1"
0.4238390922546386	"woman"	133.02947998046875	251.18685913085935	146.67572021484375	280.0111999511719
0.2537970244884491	"woman"	128.51463317871094	248.39288330078125	152.4283905029297	282.6904296875
