"score"	"label"	"x0"	"y0"	"x1"	"y1"
0.48156511783599854	"man"	149.46697998046875	246.80630493164062	238.4173583984375	443.2516784667969
0.25041666626930237	"woman"	14.922775268554688	313.08123779296875	149.05213928222656	443.99365234375
