score	label	x0	y0	x1	y1
0.3246257603168487	woman	201.88577270507812	266.01397705078125	241.94894409179688	312.50115966796875
0.2780334651470184	woman	197.72808837890625	265.3771667480469	246.11459350585935	338.9871520996094
0.2731213569641113	woman	240.7311859130859	135.05657958984375	318.1059265136719	267.86981201171875
