"score"	"label"	"x0"	"y0"	"x1"	"y1"
0.3769047260284424	"w o"	151.90304565429688	90.931884765625	263.743896484375	483.02716064453125
0.2804037630558014	"w o"	151.92649841308594	91.07756042480469	263.7682189941406	483.07843017578125
0.2516113519668579	"m"	151.9130859375	91.06790161132812	263.74664306640625	482.8541564941406
