"score"	"label"	"x0"	"y0"	"x1"	"y1"
0.29550909996032715	"m a"	201.02932739257812	226.89236450195312	356.4928283691406	533.847412109375
