"score"	"label"	"x0"	"y0"	"x1"	"y1"
0.3486536741256714	"m ; a ; n"	77.56765747070312	98.213134765625	342.84716796875	490.7711181640625
