"score"	"label"	"x0"	"y0"	"x1"	"y1"
0.2642824053764343	"woman"	102.34272003173828	230.90647888183594	119.62178802490234	267.3326721191406
0.2644639313220978	"woman"	73.93408203125	92.97383117675781	595.4837036132812	352.73333740234375
