"score"	"label"	"x0"	"y0"	"x1"	"y1"
0.33414533734321594	"man"	270.51190185546875	334.5233154296875	279.0623779296875	353.33270263671875
