"score"	"label"	"x0"	"y0"	"x1"	"y1"
0.39309799671173096	"woman"	274.4405517578125	49.587791442871094	324.296875	113.64151763916016
