"score"	"label"	"x0"	"y0"	"x1"	"y1"
0.369324266910553	"m"	39.36309051513672	104.16462707519531	272.1180114746094	415.72393798828125
0.2538386583328247	"a"	39.35669708251953	104.13150024414062	272.37139892578125	415.7569274902344
