"score"	"label"	"x0"	"y0"	"x1"	"y1"
0.6867554187774658	"man"	119.80538177490234	22.703125	265.6137390136719	533.748046875
