"score"	"label"	"x0"	"y0"	"x1"	"y1"
0.2619665563106537	"a"	-0.00141143798828125	0.10163116455078125	214.99557495117188	149.6041259765625
