"score"	"label"	"x0"	"y0"	"x1"	"y1"
0.3471777141094208	"man"	197.42059326171875	80.31915283203125	214.1978454589844	123.0306396484375
0.3147934973239898	"man"	179.54994201660156	79.59082794189453	215.9092254638672	122.49254608154295
