"score"	"label"	"x0"	"y0"	"x1"	"y1"
0.38341113924980164	"woman"	58.2982177734375	140.24916076660156	599.2750854492188	406.47137451171875
0.335637629032135	"woman"	0.4214515686035156	43.74690246582031	69.97833251953125	334.3299560546875
