"score"	"label"	"x0"	"y0"	"x1"	"y1"
0.38604456186294556	"man"	123.60909271240234	238.8245849609375	334.7329406738281	421.17193603515625
0.3486931622028351	"man"	88.3825912475586	237.36871337890625	335.81988525390625	423.7470703125
