"score"	"label"	"x0"	"y0"	"x1"	"y1"
0.5229538679122925	"woman"	50.277252197265625	105.46847534179688	381.4118347167969	596.4354248046875
0.318872332572937	"man"	50.66282653808594	106.680908203125	380.8394775390625	597.1944580078125
