score	label	x0	y0	x1	y1
0.3661839067935943	woman	120.31756591796876	37.82354736328125	160.17669677734375	87.28367614746094
