"score"	"label"	"x0"	"y0"	"x1"	"y1"
0.5758040547370911	"woman"	47.97295379638672	166.58482360839844	261.2428894042969	533.72998046875
0.47124162316322327	"woman"	396.46258544921875	222.4459228515625	551.6358642578125	524.2952880859375
0.3451266586780548	"woman"	206.41668701171875	196.84619140625	350.44775390625	512.6092529296875
