"score"	"label"	"x0"	"y0"	"x1"	"y1"
0.5516692996025085	"woman"	137.4066619873047	57.898406982421875	305.894287109375	583.1461181640625
