score	label	x0	y0	x1	y1
0.4855866134166717	man woman	113.4151382446289	295.68865966796875	152.79153442382812	397.7567138671875
