"score"	"label"	"x0"	"y0"	"x1"	"y1"
0.5195678472518921	"woman"	53.93586730957031	93.52963256835938	402.5148315429687	596.6256103515625
