"score"	"label"	"x0"	"y0"	"x1"	"y1"
0.8093167543411255	"man"	69.09761047363281	79.416259765625	187.6925506591797	525.6497192382812
