"score"	"label"	"x0"	"y0"	"x1"	"y1"
0.5198231339454651	"woman"	124.89132690429688	17.873336791992188	347.80047607421875	375.0205078125
0.2881346940994262	"man"	216.12939453125	17.661819458007812	324.92352294921875	272.48541259765625
