"score"	"label"	"x0"	"y0"	"x1"	"y1"
0.26999571919441223	"w"	0.058990478515625	-0.0921630859375	387.0545959472656	549.9064331054688
0.2521213889122009	"w"	0.0016937255859375	-0.022705078125	387.00091552734375	549.9743041992188
