"score"	"label"	"x0"	"y0"	"x1"	"y1"
0.5771005749702454	"woman"	129.64068603515625	48.84100341796875	298.0235290527344	546.5022583007812
