score	label	x0	y0	x1	y1
0.3314479291439056	man	103.35865783691406	500.49176025390625	128.09788513183594	559.3941040039062
