"score"	"label"	"x0"	"y0"	"x1"	"y1"
0.3729364573955536	"man"	196.77845764160156	147.31039428710938	211.23866271972656	173.92767333984375
