score	label	x0	y0	x1	y1
0.6686863899230957	man	252.80126953125	48.782073974609375	469.62060546875	373.2696533203125
0.5394034385681152	woman	43.22858428955078	50.96586608886719	261.647705078125	373.650390625
