"score"	"label"	"x0"	"y0"	"x1"	"y1"
0.27829423546791077	"m a"	530.4658813476562	0.2574024200439453	599.8323364257812	25.462745666503906
