"score"	"label"	"x0"	"y0"	"x1"	"y1"
0.4362512528896332	"woman"	438.5922546386719	231.4685821533203	462.2666320800781	281.6325988769531
0.2924917936325073	"man"	343.79248046875	236.3935546875	369.13568115234375	287.25653076171875
0.2535930871963501	"man"	392.0040588378906	236.37506103515625	412.8518371582031	285.145263671875
