"score"	"label"	"x0"	"y0"	"x1"	"y1"
0.6285359263420105	"woman"	32.36720275878906	128.48785400390625	318.81707763671875	596.642578125
0.2953428328037262	"man"	32.86277770996094	129.2596435546875	317.466796875	596.9756469726562
