"score"	"label"	"x0"	"y0"	"x1"	"y1"
0.3105400800704956	"woman"	162.85336303710938	169.3562774658203	245.13021850585938	277.322509765625
0.29743507504463196	"woman"	368.8133544921875	261.68487548828125	473.57989501953125	405.7559814453125
