"score"	"label"	"x0"	"y0"	"x1"	"y1"
0.6084200143814087	"woman"	517.4530029296875	191.76101684570312	593.0169677734375	420.9700622558594
