"score"	"label"	"x0"	"y0"	"x1"	"y1"
0.566142201423645	"man"	0.289520263671875	35.25160217285156	405.55487060546875	510.84619140625
