score	label	x0	y0	x1	y1
0.3767941892147064	man	146.10646057128906	116.54723358154295	468.8356323242187	305.84722900390625
