"score"	"label"	"x0"	"y0"	"x1"	"y1"
0.6784745454788208	"man"	144.7618865966797	240.27630615234375	167.15086364746094	287.39630126953125
0.2917066812515259	"man"	220.85284423828125	270.6460266113281	233.91946411132812	303.0544738769531
0.2940996289253235	"man"	188.81985473632812	265.5862731933594	204.32125854492188	301.3464050292969
0.284330278635025	"man"	175.25819396972656	191.11476135253906	188.86302185058594	217.18800354003906
0.29488736391067505	"man"	204.86868286132812	243.59664916992188	224.2982177734375	287.7035827636719
