"score"	"label"	"x0"	"y0"	"x1"	"y1"
0.40168291330337524	"man"	534.929931640625	205.82598876953125	545.8123779296875	225.66519165039062
0.2828786373138428	"man"	468.8937683105469	136.3421173095703	480.9270324707031	159.62940979003906
0.25144249200820923	"man"	52.18870544433594	347.8335876464844	61.201629638671875	361.5127868652344
