"score"	"label"	"x0"	"y0"	"x1"	"y1"
0.395545095205307	"woman"	119.70881652832031	294.9682312011719	151.7040252685547	342.9842834472656
0.33935490250587463	"man"	112.49384307861328	289.1650390625	151.56930541992188	343.35107421875
0.30350780487060547	"man"	121.48129272460938	297.13623046875	150.79547119140625	342.263427734375
0.29094234108924866	"woman"	109.24745178222656	284.5125732421875	156.85606384277344	346.01556396484375
