"score"	"label"	"x0"	"y0"	"x1"	"y1"
0.42861494421958923	"woman"	333.0403747558594	131.02871704101562	373.7926330566406	276.9388732910156
0.40589356422424316	"man"	333.38629150390625	130.99267578125	373.1541748046875	276.57818603515625
0.2871876358985901	"woman"	333.2022705078125	131.12103271484375	372.85723876953125	276.7252197265625
