score	label	x0	y0	x1	y1
0.6458959579467773	woman	108.6762237548828	67.11923217773438	268.85321044921875	515.28173828125
