"score"	"label"	"x0"	"y0"	"x1"	"y1"
0.6853145360946655	"woman"	443.03778076171875	303.7192687988281	497.44586181640625	498.1171569824219
0.5557451248168945	"woman"	538.9243774414062	362.4285888671875	563.0213012695312	467.1156005859375
0.33655691146850586	"woman"	530.4459838867188	373.366455078125	542.1610717773438	425.7125244140625
0.28200727701187134	"woman"	487.1817321777344	376.8134460449219	498.7715759277344	410.8143005371094
