"score"	"label"	"x0"	"y0"	"x1"	"y1"
0.5548033118247986	"man"	454.14532470703125	237.66610717773438	481.26702880859375	289.0093688964844
0.35006168484687805	"woman"	454.88702392578125	238.1721954345703	480.590576171875	288.8755187988281
