"score"	"label"	"x0"	"y0"	"x1"	"y1"
0.4608575403690338	"man"	381.4962158203125	138.51698303222656	490.1573486328125	332.93768310546875
0.4543662667274475	"woman"	209.0563507080078	132.33056640625	297.11871337890625	329.77313232421875
0.3651362359523773	"woman"	282.5163879394531	205.84796142578125	378.1529235839844	331.38665771484375
0.2674014866352081	"woman"	154.3527374267578	203.46109008789065	232.64601135253903	330.5045471191406
