score	label	x0	y0	x1	y1
0.4350232481956482	woman	113.751220703125	119.56832885742188	240.54928588867188	598.818359375
0.3530963659286499	man woman	237.78256225585935	128.32315063476562	365.9215393066406	598.8194580078125
0.3014163076877594	man	111.81356811523438	117.094482421875	366.5391540527344	598.367919921875
