"score"	"label"	"x0"	"y0"	"x1"	"y1"
0.3032687902450561	"man"	110.2846221923828	272.4120178222656	120.36979675292967	285.6505432128906
