"score"	"label"	"x0"	"y0"	"x1"	"y1"
0.2597348093986511	"man"	167.80528259277344	181.55313110351562	175.5804901123047	194.92404174804688
