"score"	"label"	"x0"	"y0"	"x1"	"y1"
0.2633613646030426	"a"	4.565765380859375	3.5589599609375	596.3253173828125	384.51171875
