"score"	"label"	"x0"	"y0"	"x1"	"y1"
0.2824017107486725	"woman"	88.67198944091797	492.2677001953125	112.62850189208984	529.4627685546875
