"score"	"label"	"x0"	"y0"	"x1"	"y1"
0.8538758754730225	"woman"	262.7131042480469	156.18896484375	399.1889343261719	417.67816162109375
0.3212876617908478	"woman"	245.9344482421875	49.54346466064453	280.08087158203125	97.49576568603516
0.33181869983673096	"woman"	375.11041259765625	53.820106506347656	398.9200439453125	98.19011688232422
