"score"	"label"	"x0"	"y0"	"x1"	"y1"
0.2588662803173065	"woman"	461.9320373535156	305.0476379394531	479.0424499511719	328.0303649902344
