"score"	"label"	"x0"	"y0"	"x1"	"y1"
0.4783458709716797	"man"	232.67556762695312	51.34092712402344	364.1588439941406	354.4447021484375
