"score"	"label"	"x0"	"y0"	"x1"	"y1"
0.9142979979515076	"woman"	30.847640991210938	58.024749755859375	327.289794921875	563.018798828125
