"score"	"label"	"x0"	"y0"	"x1"	"y1"
0.3624049723148346	"m a"	137.2024688720703	202.8324432373047	230.7151641845703	484.98480224609375
0.28285983204841614	"a"	137.1464080810547	202.99827575683594	230.6969757080078	484.84393310546875
