"score"	"label"	"x0"	"y0"	"x1"	"y1"
0.49000388383865356	"woman"	38.683258056640625	85.35639953613281	316.0570373535156	549.7034912109375
0.4644409418106079	"man"	38.669891357421875	85.37667846679688	312.90216064453125	549.5303955078125
0.3023357689380646	"woman"	130.4540252685547	417.5975036621094	329.74267578125	549.7097778320312
0.25458958745002747	"woman"	38.75376892089844	85.35157775878906	314.08758544921875	549.5350952148438
