"score"	"label"	"x0"	"y0"	"x1"	"y1"
0.25649869441986084	"woman"	195.86598205566406	217.75563049316406	212.25660705566406	237.3506317138672
0.28224343061447144	"woman"	67.1484375	1.8801422119140625	462.02545166015625	272.8497314453125
