"score"	"label"	"x0"	"y0"	"x1"	"y1"
0.30051663517951965	"woman"	152.1446990966797	22.215539932250977	166.80809020996094	48.541404724121094
0.2813469171524048	"woman"	375.939697265625	353.1651916503906	402.7698974609375	377.9714050292969
0.26350271701812744	"man"	152.30514526367188	22.48403549194336	166.52523803710938	48.4097785949707
