"score"	"label"	"x0"	"y0"	"x1"	"y1"
0.3477274477481842	"m ; a ; n"	8.79498291015625	39.67539978027344	241.17425537109375	114.95494079589844
