"score"	"label"	"x0"	"y0"	"x1"	"y1"
0.6379915475845337	"man"	150.05441284179688	238.1179656982422	217.3121337890625	396.79840087890625
0.4064409434795379	"woman"	89.25572204589844	276.70367431640625	140.09808349609375	399.7861328125
0.353049486875534	"woman"	233.25100708007812	261.8150939941406	272.70635986328125	386.0444030761719
