score	label	x0	y0	x1	y1
0.3694603145122528	woman	284.4969177246094	379.4066162109375	303.7095031738281	422.8049926757813
0.2569118440151214	woman	271.6055908203125	462.8158264160156	302.486083984375	518.9390869140625
