"score"	"label"	"x0"	"y0"	"x1"	"y1"
0.33342596888542175	"m ; a ; n"	135.58697509765625	57.20476531982422	524.0476684570312	291.2110290527344
