"score"	"label"	"x0"	"y0"	"x1"	"y1"
0.514593243598938	"woman"	144.01751708984375	220.24853515625	282.7491760253906	444.5704345703125
0.27646195888519287	"man"	145.56175231933594	133.93606567382812	224.71510314941406	283.3519592285156
0.2610568702220917	"woman"	136.790771484375	131.28799438476562	284.927001953125	445.8453674316406
