"score"	"label"	"x0"	"y0"	"x1"	"y1"
0.25432342290878296	"a"	336.1783752441406	59.21582794189453	450.2149353027344	279.6686096191406
