"score"	"label"	"x0"	"y0"	"x1"	"y1"
0.3612253665924072	"man"	180.16502380371097	258.0924377441406	193.5022125244141	279.9309387207031
