score	label	x0	y0	x1	y1
0.3212508857250213	woman	89.10999298095703	244.70989990234375	100.19446563720705	264.5726013183594
0.2509914636611938	woman	407.258544921875	264.0499267578125	417.72259521484375	277.50250244140625
