"score"	"label"	"x0"	"y0"	"x1"	"y1"
0.45676031708717346	"man"	420.68438720703125	169.02777099609375	431.59332275390625	203.17465209960938
0.43330276012420654	"man"	453.91925048828125	168.5024871826172	463.43353271484375	199.4546356201172
0.3636626899242401	"man"	484.5879821777344	168.24317932128906	493.0095520019531	195.70689392089844
0.2882857620716095	"man"	343.41033935546875	172.82595825195312	354.96697998046875	198.72433471679688
