score	label	x0	y0	x1	y1
0.5244084596633911	woman	1.8728790283203125	49.75750732421875	360.4852294921875	546.940185546875
