"score"	"label"	"x0"	"y0"	"x1"	"y1"
0.29796579480171204	"man"	232.5847930908203	171.23883056640625	383.77032470703125	467.10125732421875
