"score"	"label"	"x0"	"y0"	"x1"	"y1"
0.5910384058952332	"man"	23.297012329101562	124.61622619628906	421.91455078125	595.9759521484375
0.29935407638549805	"woman"	23.346267700195312	125.03883361816406	422.848876953125	596.644287109375
