"score"	"label"	"x0"	"y0"	"x1"	"y1"
0.4747641086578369	"woman"	32.74431610107422	30.29425048828125	244.99160766601562	587.1826171875
0.3835406005382538	"man"	32.57765197753906	30.25689697265625	244.60386657714844	586.818115234375
