"score"	"label"	"x0"	"y0"	"x1"	"y1"
0.781187891960144	"man"	251.65904235839844	74.95597839355469	377.10223388671875	337.58123779296875
