"score"	"label"	"x0"	"y0"	"x1"	"y1"
0.3452095091342926	"woman"	247.16464233398438	281.75665283203125	357.7490539550781	595.4778442382812
0.3937201499938965	"man"	329.94342041015625	272.20489501953125	464.87481689453125	594.5601196289062
0.4058614671230316	"woman"	245.020751953125	281.204345703125	390.33349609375	595.5623779296875
