score	label	x0	y0	x1	y1
0.6684790849685669	man	1.3141021728515625	83.0111083984375	383.9080200195313	548.0316162109375
