"score"	"label"	"x0"	"y0"	"x1"	"y1"
0.28842693567276	"m a"	212.776611328125	3.7005767822265625	306.059326171875	433.701416015625
