"score"	"label"	"x0"	"y0"	"x1"	"y1"
0.26654037833213806	"man"	211.035888671875	93.94744873046875	513.6048583984375	300.4524230957031
