"score"	"label"	"x0"	"y0"	"x1"	"y1"
0.31997376680374146	"w o"	176.28268432617188	70.064208984375	330.49554443359375	529.2095336914062
0.29363900423049927	"w"	176.35316467285156	70.06898498535156	330.4398193359375	529.27197265625
0.2657372057437897	"w"	176.32620239257812	70.07527160644531	330.499755859375	529.1708984375
