"score"	"label"	"x0"	"y0"	"x1"	"y1"
0.6846999526023865	"man"	188.11795043945312	125.08036804199219	281.89971923828125	458.422607421875
0.5710964202880859	"woman"	84.83291625976562	141.5597686767578	196.964111328125	453.82806396484375
0.29530805349349976	"woman"	84.92878723144531	141.51856994628906	196.49754333496094	453.5606689453125
