"score"	"label"	"x0"	"y0"	"x1"	"y1"
0.32738590240478516	"woman"	496.2877197265625	225.82778930664062	506.607666015625	249.81881713867188
0.30832767486572266	"woman"	506.5916748046875	227.13253784179688	516.244384765625	249.51730346679688
0.29049691557884216	"woman"	0.044121742248535156	224.46365356445312	7.6730194091796875	265.8871154785156
