score	label	x0	y0	x1	y1
0.3691759407520294	man	38.65828704833984	271.6072692871094	88.33690643310547	371.9192199707031
0.2797404825687408	woman	222.21142578125	114.53616333007812	256.7101135253906	217.50082397460935
