"score"	"label"	"x0"	"y0"	"x1"	"y1"
0.3279964327812195	"man"	215.9169158935547	299.4651184082031	228.7981414794922	333.5778503417969
0.3064117133617401	"man"	204.91134643554688	284.9021911621094	215.2030029296875	315.5402526855469
0.2881016731262207	"man"	242.82542419433594	207.54393005371094	252.20957946777344	227.83555603027344
0.29794856905937195	"man"	300.3728332519531	340.6912841796875	317.0998840332031	375.6036376953125
0.2666279971599579	"man"	176.47361755371094	272.7606506347656	186.05332946777344	298.8597106933594
0.2763455808162689	"man"	259.5339660644531	352.7566223144531	269.1968688964844	375.7320251464844
0.2740882635116577	"man"	193.3953094482422	292.83367919921875	204.28648376464844	321.20458984375
0.2678769826889038	"man"	245.8153076171875	312.9447937011719	258.7998962402344	353.0961608886719
