"score"	"label"	"x0"	"y0"	"x1"	"y1"
0.694159984588623	"man"	389.86358642578125	135.3212127685547	548.6871948242188	356.87078857421875
0.4613882005214691	"man"	249.5792236328125	144.64663696289062	334.82061767578125	347.1488952636719
0.4699195921421051	"man"	103.28205871582031	129.81976318359375	215.2738494873047	361.3852233886719
0.3583138585090637	"man"	340.8102111816406	135.64541625976562	415.4743347167969	345.9618835449219
