score	label	x0	y0	x1	y1
0.3928116858005523	man woman	252.03033447265625	201.3866271972656	595.1912231445312	567.1944580078125
0.3565211892127991	man woman	56.46571350097656	203.54470825195312	355.38494873046875	566.9271240234375
