"score"	"label"	"x0"	"y0"	"x1"	"y1"
0.8654550909996033	"woman"	16.820602416992188	62.041961669921875	374.9361572265625	549.9459228515625
