"score"	"label"	"x0"	"y0"	"x1"	"y1"
0.5764997601509094	"woman"	175.8280029296875	104.51445007324219	210.67630004882812	202.6248016357422
0.2662098705768585	"woman"	214.82525634765625	110.96969604492188	270.0868835449219	201.7039794921875
