"score"	"label"	"x0"	"y0"	"x1"	"y1"
0.4644840657711029	"man"	538.789794921875	362.30914306640625	563.01708984375	467.228271484375
0.7490270137786865	"man"	443.1301574707031	303.61737060546875	497.5933532714844	498.246337890625
0.3119525611400604	"man"	530.2833251953125	373.1978759765625	542.2247314453125	425.7430419921875
0.2555517256259918	"man"	425.2162780761719	423.4573669433594	458.9529724121094	493.4501037597656
0.308762788772583	"man"	487.013427734375	376.707275390625	498.91864013671875	410.7640380859375
