"score"	"label"	"x0"	"y0"	"x1"	"y1"
0.5330104231834412	"woman"	346.4725646972656	144.76673889160156	389.0128479003906	192.3050079345703
