"score"	"label"	"x0"	"y0"	"x1"	"y1"
0.747498631477356	"woman"	16.551651000976562	79.79154968261719	145.66815185546875	404.26348876953125
0.30103540420532227	"woman"	558.8046875	122.00814819335938	584.246337890625	188.25421142578125
