"score"	"label"	"x0"	"y0"	"x1"	"y1"
0.4716103672981262	"man"	417.0741882324219	256.494384765625	440.0005798339844	310.26165771484375
0.3064331114292145	"man"	399.3391723632813	255.24903869628903	446.074951171875	311.90216064453125
