"score"	"label"	"x0"	"y0"	"x1"	"y1"
0.42324939370155334	"woman"	442.5412292480469	405.75762939453125	459.1378479003906	440.56732177734375
0.2816644012928009	"woman"	437.9112548828125	402.0147399902344	463.67584228515625	442.9649963378906
0.36163851618766785	"man"	443.17156982421875	406.13909912109375	458.64715576171875	440.42266845703125
