"score"	"label"	"x0"	"y0"	"x1"	"y1"
0.899900496006012	"man"	207.5556640625	63.52372741699219	310.02044677734375	380.71820068359375
