"score"	"label"	"x0"	"y0"	"x1"	"y1"
0.6914102435112	"man"	217.0548095703125	75.05416870117188	377.3021240234375	548.873779296875
