"score"	"label"	"x0"	"y0"	"x1"	"y1"
0.297627329826355	"m"	1.7244110107421875	0.5775146484375	411.8743896484375	588.063232421875
