"score"	"label"	"x0"	"y0"	"x1"	"y1"
0.30056247115135193	"man"	9.501312255859375	4.0694732666015625	598.383544921875	442.50335693359375
0.405201256275177	"man"	117.83876037597656	59.01606750488281	477.507568359375	397.55462646484375
0.30217593908309937	"woman"	118.17045593261719	59.5570068359375	477.27093505859375	397.3712463378906
