"score"	"label"	"x0"	"y0"	"x1"	"y1"
0.3005005717277527	"woman"	294.7572326660156	315.7908020019531	346.4723205566406	350.5196228027344
