"score"	"label"	"x0"	"y0"	"x1"	"y1"
0.43221843242645264	"man"	241.94586181640625	111.23886108398438	273.83026123046875	167.15545654296875
0.34898602962493896	"man"	411.6750793457031	179.83998107910156	438.1861877441406	244.53749084472656
0.39808326959609985	"man"	276.6321716308594	109.37608337402344	306.2016296386719	166.1692657470703
0.27741917967796326	"man"	195.86094665527344	111.07612609863281	217.55833435058594	141.50997924804688
0.3192947208881378	"man"	195.4425506591797	110.85530090332031	218.7144012451172	180.06285095214844
