score	label	x0	y0	x1	y1
0.5976830720901489	woman	95.51306915283205	62.5943603515625	284.7322082519531	409.3294372558594
