"score"	"label"	"x0"	"y0"	"x1"	"y1"
0.30417758226394653	"man"	460.5577392578125	227.6219024658203	479.671630859375	270.6455383300781
0.3360443115234375	"man"	463.2498474121094	228.6125030517578	476.9290466308594	264.64404296875
0.28651925921440125	"woman"	463.1628112792969	228.6182403564453	477.1853942871094	267.13970947265625
0.2618241310119629	"man"	463.1616516113281	228.69711303710938	476.5352478027344	254.9466552734375
