"score"	"label"	"x0"	"y0"	"x1"	"y1"
0.4140882194042206	"man"	152.58065795898438	179.2292022705078	300.9115905761719	515.9098510742188
0.2729308009147644	"woman"	344.3240661621094	230.42193603515625	392.1092224121094	372.5594482421875
0.2571724057197571	"man"	153.09628295898438	180.10989379882812	267.93109130859375	446.5928039550781
0.33372044563293457	"man"	153.2322998046875	179.249267578125	268.13092041015625	506.78466796875
