score	label	x0	y0	x1	y1
0.3149832487106323	man	378.6343688964844	347.8382873535156	386.7276306152344	361.7637634277344
