"score"	"label"	"x0"	"y0"	"x1"	"y1"
0.2832111716270447	"w"	325.86578369140625	64.12464904785156	421.9156494140625	312.615234375
