"score"	"label"	"x0"	"y0"	"x1"	"y1"
0.5653768181800842	"woman"	41.338043212890625	70.73223876953125	369.6344299316406	549.5198974609375
0.3249897360801697	"man"	42.79621887207031	71.67710876464844	369.61688232421875	549.8519287109375
