"score"	"label"	"x0"	"y0"	"x1"	"y1"
0.562530517578125	"woman"	196.90469360351562	135.4917755126953	216.76693725585938	212.7950897216797
0.3125368654727936	"woman"	276.6920471191406	140.04005432128906	302.7596740722656	204.98536682128906
