"score"	"label"	"x0"	"y0"	"x1"	"y1"
0.41416674852371216	"woman"	111.55240631103516	53.7552490234375	258.47857666015625	319.3453369140625
0.35989269614219666	"woman"	111.45321655273438	53.638580322265625	308.2716064453125	320.7609558105469
