"score"	"label"	"x0"	"y0"	"x1"	"y1"
0.44950392842292786	"man"	34.04961395263672	169.4745330810547	57.25831604003906	203.5417938232422
0.33495384454727173	"woman"	34.656097412109375	170.7391357421875	56.832679748535156	202.77618408203125
