score	label	x0	y0	x1	y1
0.2639214992523193	man	318.10882568359375	280.12432861328125	341.5303955078125	331.8873291015625
