"score"	"label"	"x0"	"y0"	"x1"	"y1"
0.27504265308380127	"man"	579.2302856445312	424.3912048339844	589.2727661132812	448.8785705566406
