"score"	"label"	"x0"	"y0"	"x1"	"y1"
0.28906917572021484	"woman"	390.4642639160156	217.65867614746094	398.9306335449219	235.45286560058594
0.25999560952186584	"man"	390.7038879394531	217.8941192626953	398.9156799316406	235.47080993652344
