"score"	"label"	"x0"	"y0"	"x1"	"y1"
0.9115205407142639	"woman"	132.10186767578125	83.87184143066406	279.6234436035156	573.430908203125
