"score"	"label"	"x0"	"y0"	"x1"	"y1"
0.269204318523407	"w"	102.15577697753906	86.51686096191406	218.57322692871094	389.75628662109375
