"score"	"label"	"x0"	"y0"	"x1"	"y1"
0.37089094519615173	"woman"	393.1878967285156	214.9744873046875	506.7757263183594	436.67236328125
0.38997504115104675	"man"	486.87042236328125	206.00796508789062	599.8032836914062	436.6692199707031
0.2673591375350952	"woman"	168.71202087402344	227.01419067382812	265.6881103515625	436.6255798339844
