"score"	"label"	"x0"	"y0"	"x1"	"y1"
0.3116894662380218	"woman"	327.434814453125	230.4500732421875	406.47796630859375	386.5601806640625
