"score"	"label"	"x0"	"y0"	"x1"	"y1"
0.3263380825519562	"m ; a ; n"	61.81111145019531	82.23490905761719	526.750244140625	319.1141357421875
