score	label	x0	y0	x1	y1
0.4255489408969879	man	7.27001953125	150.6845245361328	311.09637451171875	595.7810668945312
0.4022330045700073	woman	203.93988037109375	121.62640380859376	420.9735107421875	597.0498046875
