"score"	"label"	"x0"	"y0"	"x1"	"y1"
0.5872792601585388	"man"	150.66073608398438	109.25777435302734	175.75778198242188	196.83282470703125
0.574860155582428	"man"	260.4331970214844	114.54373168945312	292.9903259277344	207.21527099609375
0.48936787247657776	"man"	328.3600769042969	139.40383911132812	359.3747863769531	194.83087158203125
0.3927770256996155	"man"	286.2555847167969	156.9015655517578	318.2737731933594	196.8524932861328
