"score"	"label"	"x0"	"y0"	"x1"	"y1"
0.35520434379577637	"m ; a ; n"	126.64555358886719	137.37020874023438	501.86444091796875	411.1997375488281
