"score"	"label"	"x0"	"y0"	"x1"	"y1"
0.2910288870334625	"man"	422.33807373046875	189.2490234375	436.42449951171875	221.70828247070312
0.2743837535381317	"woman"	422.92657470703125	189.549560546875	436.0701904296875	220.67080688476562
