"score"	"label"	"x0"	"y0"	"x1"	"y1"
0.5229334235191345	"man"	160.723388671875	223.7943115234375	322.679443359375	529.6150512695312
