"score"	"label"	"x0"	"y0"	"x1"	"y1"
0.29421672224998474	"m"	5.716949462890625	4.791229248046875	597.0399169921875	420.86773681640625
