"score"	"label"	"x0"	"y0"	"x1"	"y1"
0.5770810842514038	"man"	122.37060546875	106.61935424804688	334.80377197265625	597.2476806640625
0.2995792627334595	"woman"	122.66766357421875	107.07647705078125	334.67718505859375	597.6088256835938
