"score"	"label"	"x0"	"y0"	"x1"	"y1"
0.2818712294101715	"m a"	270.72637939453125	175.69577026367188	405.21258544921875	290.1875
