"score"	"label"	"x0"	"y0"	"x1"	"y1"
0.3563072681427002	"man"	446.85528564453125	318.3600158691406	459.6363525390625	361.9136657714844
0.3449232280254364	"man"	396.8753967285156	319.0787658691406	419.9718933105469	348.5638732910156
0.2907811105251312	"man"	380.72857666015625	316.2013854980469	395.22509765625	348.2654113769531
