"score"	"label"	"x0"	"y0"	"x1"	"y1"
0.5268346667289734	"man"	257.6216125488281	123.34567260742188	492.9980163574219	295.4856872558594
0.3461523652076721	"woman"	258.8241271972656	124.46885681152344	492.2769470214844	295.0528564453125
