score	label	x0	y0	x1	y1
0.5119755268096924	man	150.54208374023438	238.09326171875	217.057861328125	396.689453125
0.446379691362381	woman	89.1040267944336	276.3753662109375	140.6221923828125	399.7048950195313
0.3788688480854034	woman	233.14651489257812	261.6673278808594	272.94378662109375	385.9205017089844
