"score"	"label"	"x0"	"y0"	"x1"	"y1"
0.26440516114234924	"man"	589.7125244140625	355.5484619140625	600.041748046875	406.00311279296875
0.26359638571739197	"man"	589.4818115234375	330.7190246582031	600.0447998046875	405.8634948730469
