"score"	"label"	"x0"	"y0"	"x1"	"y1"
0.36266881227493286	"w"	2.3720855712890625	67.1092529296875	324.596923828125	549.5716552734375
0.3367447555065155	"w o"	2.4512939453125	67.28900146484375	324.6120300292969	549.5916748046875
0.2647853195667267	"w o"	2.3650665283203125	67.29144287109375	324.40167236328125	549.3711547851562
