"score"	"label"	"x0"	"y0"	"x1"	"y1"
0.5275238752365112	"man"	96.15924835205078	145.152099609375	171.83319091796875	361.76092529296875
0.2760028541088104	"woman"	169.49070739746094	266.20306396484375	250.18467712402344	361.71099853515625
0.2637096047401428	"woman"	404.6003723144531	181.12660217285156	441.0270080566406	281.29534912109375
0.25903084874153137	"woman"	315.3598327636719	268.0624694824219	429.4191589355469	361.2417907714844
