"score"	"label"	"x0"	"y0"	"x1"	"y1"
0.26571124792099	"woman"	12.221939086914062	193.31900024414062	440.73052978515625	377.9683532714844
