score	label	x0	y0	x1	y1
0.3026280105113983	woman	533.2778930664062	219.7807159423828	545.8530883789062	240.47544860839844
