score	label	x0	y0	x1	y1
0.3994829356670379	man	181.50714111328125	237.0503387451172	217.026123046875	292.83050537109375
