"score"	"label"	"x0"	"y0"	"x1"	"y1"
0.6348190307617188	"man"	262.1312255859375	155.18804931640625	400.9818115234375	417.282470703125
0.3485890328884125	"woman"	262.8686218261719	155.6121063232422	400.3565979003906	417.69256591796875
