score	label	x0	y0	x1	y1
0.4337905049324035	woman	109.11919403076172	67.63568115234375	268.5347595214844	515.1936645507812
