"score"	"label"	"x0"	"y0"	"x1"	"y1"
0.7983654141426086	"woman"	30.809127807617188	180.6741943359375	292.2974853515625	548.7495727539062
