"score"	"label"	"x0"	"y0"	"x1"	"y1"
0.4393966794013977	"man"	36.24370574951172	72.33273315429688	278.82708740234375	548.3680419921875
0.2994617819786072	"man"	34.6959228515625	71.98927307128906	352.7271423339844	548.0025024414062
