score	label	x0	y0	x1	y1
0.2672422230243683	man	415.8786010742187	193.92974853515625	425.9944458007813	204.625244140625
