"score"	"label"	"x0"	"y0"	"x1"	"y1"
0.33759814500808716	"woman"	185.39654541015625	164.92672729492188	362.219482421875	598.0325927734375
0.38653793931007385	"woman"	437.6147155761719	97.77928161621094	566.3575439453125	407.03668212890625
0.36092036962509155	"woman"	350.3385925292969	252.66822814941406	500.7362365722656	598.8564453125
0.252973347902298	"woman"	0.34037017822265625	314.4088134765625	134.48260498046875	598.18896484375
0.27738523483276367	"woman"	53.437713623046875	454.4721374511719	177.48757934570312	598.8230590820312
0.34927693009376526	"woman"	357.9851379394531	139.0977783203125	444.8464660644531	310.3330078125
0.2621246874332428	"woman"	192.10299682617188	273.33868408203125	238.28082275390625	440.4483642578125
