"score"	"label"	"x0"	"y0"	"x1"	"y1"
0.863308310508728	"man"	33.14013671875	79.39112854003906	356.7572021484375	549.8193969726562
