"score"	"label"	"x0"	"y0"	"x1"	"y1"
0.25167155265808105	"woman"	157.10525512695312	147.3466796875	436.1503601074219	298.8768615722656
