"score"	"label"	"x0"	"y0"	"x1"	"y1"
0.64408278465271	"woman"	19.17200469970703	261.51641845703125	169.88760375976562	547.30908203125
0.5678746700286865	"man"	121.22926330566406	224.24795532226562	286.88909912109375	547.4052734375
