"score"	"label"	"x0"	"y0"	"x1"	"y1"
0.2892123758792877	"w"	281.9700012207031	120.35110473632812	353.8819274902344	298.5308837890625
