score	label	x0	y0	x1	y1
0.2729679048061371	woman	152.30178833007812	22.61828994750977	166.51931762695312	48.35115432739258
