"score"	"label"	"x0"	"y0"	"x1"	"y1"
0.5241019129753113	"man"	476.53857421875	232.95030212402344	488.5999755859375	242.75733947753906
0.2569926381111145	"man"	61.346065521240234	233.5936279296875	73.36308288574219	254.32894897460938
