"score"	"label"	"x0"	"y0"	"x1"	"y1"
0.853620171546936	"man"	155.51431274414062	151.56439208984375	592.55419921875	598.6237182617188
