"score"	"label"	"x0"	"y0"	"x1"	"y1"
0.7987781763076782	"man"	191.76075744628906	21.930816650390625	345.66705322265625	528.2257080078125
