"score"	"label"	"x0"	"y0"	"x1"	"y1"
0.2704588770866394	"man"	282.7008056640625	241.81842041015625	287.7547607421875	253.21530151367188
0.2513716518878937	"man"	272.6063537597656	240.89283752441406	277.4117126464844	253.5537567138672
0.26766011118888855	"man"	280.11431884765625	235.12908935546875	284.9151611328125	245.92767333984375
