"score"	"label"	"x0"	"y0"	"x1"	"y1"
0.5922897458076477	"man"	88.9666976928711	81.85601806640625	177.59747314453125	364.469970703125
0.4445869028568268	"man"	170.09976196289062	88.62155151367188	263.9669189453125	349.1856994628906
