score	label	x0	y0	x1	y1
0.3022103011608124	man	89.197021484375	244.817626953125	100.06130981445312	264.5322265625
