"score"	"label"	"x0"	"y0"	"x1"	"y1"
0.3106858730316162	"woman"	320.37347412109375	285.12518310546875	343.23193359375	351.29266357421875
0.2876445949077606	"woman"	346.54949951171875	309.670654296875	373.22857666015625	387.645263671875
