"score"	"label"	"x0"	"y0"	"x1"	"y1"
0.45667552947998047	"man"	7.93609619140625	67.81991577148438	378.6974182128906	595.4365234375
0.39285218715667725	"woman"	7.9134521484375	68.13116455078125	378.18023681640625	596.01513671875
