score	label	x0	y0	x1	y1
0.5814248323440552	man	235.89759826660156	193.11135864257812	361.4343566894531	336.2253112792969
