"score"	"label"	"x0"	"y0"	"x1"	"y1"
0.3120805025100708	"woman man"	275.7542724609375	109.8078842163086	437.89215087890625	329.4807434082031
0.3409089744091034	"woman"	274.42913818359375	108.82197570800781	469.57989501953125	330.66790771484375
0.26046669483184814	"man"	275.4720764160156	109.50106048583984	468.6252136230469	329.7843017578125
0.27671754360198975	"man"	275.7821960449219	109.96823120117188	440.1026306152344	329.9140319824219
