"score"	"label"	"x0"	"y0"	"x1"	"y1"
0.3808409869670868	"m ; a ; n"	71.31867218017578	35.721343994140625	315.732421875	598.617431640625
