"score"	"label"	"x0"	"y0"	"x1"	"y1"
0.4471512734889984	"man"	340.3152770996094	372.11370849609375	444.3038635253906	527.1314086914062
0.43332639336586	"woman"	278.54736328125	392.06768798828125	352.4232177734375	484.21136474609375
0.25089749693870544	"man"	340.0591125488281	371.82598876953125	444.7936096191406	598.3499145507812
0.27084627747535706	"woman"	340.2196350097656	371.94329833984375	444.2900085449219	526.1770629882812
