"score"	"label"	"x0"	"y0"	"x1"	"y1"
0.42588719725608826	"man"	1.0009269714355469	154.90618896484375	91.86474609375	309.77490234375
0.259708434343338	"man"	0.28246307373046875	154.80780029296875	92.25557708740234	383.0699462890625
