"score"	"label"	"x0"	"y0"	"x1"	"y1"
0.2743223011493683	"man"	55.8714485168457	344.40203857421875	80.10920715332031	372.55810546875
0.3587605953216553	"man"	56.800567626953125	351.6041564941406	78.41915893554688	372.5508117675781
0.28198251128196716	"woman"	56.62390899658203	350.7281799316406	78.99605560302734	372.6915588378906
