"score"	"label"	"x0"	"y0"	"x1"	"y1"
0.2581900656223297	"a"	36.85786437988281	94.50505828857422	546.6786499023438	313.08074951171875
