"score"	"label"	"x0"	"y0"	"x1"	"y1"
0.3420726954936981	"man"	502.7630310058594	216.40045166015625	523.5692138671875	267.7790222167969
0.27425050735473633	"woman"	502.9601135253906	216.8430633544922	523.3184814453125	267.5679016113281
