score	label	x0	y0	x1	y1
0.6382001638412476	woman	58.56019592285156	105.60531616210938	229.25733947753903	545.2127685546875
0.5680631399154663	man	162.83053588867188	54.234283447265625	358.9949035644531	507.2469787597656
