"score"	"label"	"x0"	"y0"	"x1"	"y1"
0.559739887714386	"man"	2.6991729736328125	95.65145874023438	331.805908203125	547.6278076171875
