"score"	"label"	"x0"	"y0"	"x1"	"y1"
0.2675948739051819	"woman"	468.1818237304687	241.52772521972656	480.9182739257813	258.8517150878906
