"score"	"label"	"x0"	"y0"	"x1"	"y1"
0.41452863812446594	"woman"	330.9688720703125	176.97018432617188	360.6611328125	264.6177062988281
0.36006465554237366	"man"	173.45159912109375	152.22067260742188	201.46102905273438	240.76663208007812
