"score"	"label"	"x0"	"y0"	"x1"	"y1"
0.4292267858982086	"man"	95.04057312011719	47.246246337890625	495.44891357421875	361.3299560546875
