"score"	"label"	"x0"	"y0"	"x1"	"y1"
0.9039542078971863	"man"	6.4463653564453125	80.79547119140625	355.46527099609375	594.5928344726562
