"score"	"label"	"x0"	"y0"	"x1"	"y1"
0.7595738172531128	"man"	169.57290649414062	81.61065673828125	426.8637390136719	597.00732421875
