"score"	"label"	"x0"	"y0"	"x1"	"y1"
0.3935844600200653	"man"	166.08900451660156	276.1143798828125	174.6113739013672	302.8560791015625
