"score"	"label"	"x0"	"y0"	"x1"	"y1"
0.2707133889198303	"woman"	2.129852294921875	239.83895874023438	598.417236328125	389.4438171386719
