"score"	"label"	"x0"	"y0"	"x1"	"y1"
0.8129204511642456	"man"	1.3012237548828125	83.7376708984375	410.004150390625	599.3961181640625
