"score"	"label"	"x0"	"y0"	"x1"	"y1"
0.5738407969474792	"woman"	102.38874053955078	263.4630432128906	153.61151123046875	331.9328308105469
0.31022152304649353	"man"	103.77998352050781	264.7127380371094	152.08827209472656	331.2633972167969
