"score"	"label"	"x0"	"y0"	"x1"	"y1"
0.3121508061885834	"woman"	500.5279846191406	159.879638671875	531.2769165039062	238.4014892578125
0.3003082275390625	"woman"	195.60546875	76.27059936523438	327.52197265625	341.2521057128906
0.2635924220085144	"woman"	0.087677001953125	-0.1421661376953125	600.084228515625	426.83428955078125
0.2565931975841522	"woman"	154.06675720214844	167.0504150390625	182.83106994628906	235.00686645507812
