"score"	"label"	"x0"	"y0"	"x1"	"y1"
0.5293416380882263	"woman"	4.7747039794921875	147.79885864257812	285.67620849609375	594.3614501953125
0.5072097778320312	"man"	173.21017456054688	91.26400756835938	426.3049621582031	596.683837890625
