"score"	"label"	"x0"	"y0"	"x1"	"y1"
0.7579310536384583	"woman"	28.974870681762695	117.43672180175781	83.92880249023438	180.47999572753906
0.6121687889099121	"woman"	285.82403564453125	125.48592376708984	330.487060546875	180.98193359375
