"score"	"label"	"x0"	"y0"	"x1"	"y1"
0.326229065656662	"woman"	61.22959899902344	173.60671997070312	95.019775390625	226.49496459960938
