"score"	"label"	"x0"	"y0"	"x1"	"y1"
0.4432799816131592	"woman"	162.30783081054688	109.44633483886719	332.241455078125	365.69647216796875
0.3498029410839081	"woman"	355.5471496582031	185.35110473632812	418.5855407714844	258.59765625
0.4643927216529846	"man"	162.85385131835938	109.80994415283203	331.7046813964844	365.5534362792969
0.28623518347740173	"woman"	162.46116638183594	109.8072280883789	332.04791259765625	365.2613830566406
