"score"	"label"	"x0"	"y0"	"x1"	"y1"
0.4760414958000183	"woman"	274.3089904785156	211.1926727294922	293.1463928222656	262.5813903808594
0.4448082745075226	"woman"	214.31707763671875	241.36476135253906	240.09512329101562	273.6434326171875
