"score"	"label"	"x0"	"y0"	"x1"	"y1"
0.3832700848579407	"man"	73.65032958984375	125.24530792236328	112.24497985839844	188.83612060546875
0.2703163623809814	"man woman"	111.73902130126952	122.8263702392578	133.39791870117188	182.5432586669922
