"score"	"label"	"x0"	"y0"	"x1"	"y1"
0.2715342938899994	"a"	354.8568420410156	233.3384246826172	453.1407165527344	248.91331481933594
