"score"	"label"	"x0"	"y0"	"x1"	"y1"
0.32309505343437195	"m"	1.606201171875	1.0181427001953125	598.192626953125	442.70458984375
