"score"	"label"	"x0"	"y0"	"x1"	"y1"
0.6620357036590576	"woman"	65.948486328125	71.81558227539062	225.1265869140625	372.68548583984375
0.5256125330924988	"woman"	356.27294921875	49.34150695800781	553.9209594726562	341.947265625
