"score"	"label"	"x0"	"y0"	"x1"	"y1"
0.7337982058525085	"man"	172.67120361328125	19.920028686523438	374.24481201171875	483.6358642578125
0.6642484664916992	"woman"	98.43843078613281	128.44322204589844	330.05743408203125	542.081298828125
0.43311962485313416	"woman"	98.3776626586914	128.29226684570312	329.9448547363281	542.1768798828125
