"score"	"label"	"x0"	"y0"	"x1"	"y1"
0.6768072843551636	"man"	140.61997985839844	66.62718200683594	181.24522399902344	161.47311401367188
