"score"	"label"	"x0"	"y0"	"x1"	"y1"
0.3054321110248565	"woman"	13.362213134765623	192.68618774414065	442.3775329589844	379.1822814941406
0.2517048120498657	"woman"	404.5264587402344	268.9841003417969	422.5635070800781	291.3224182128906
