"score"	"label"	"x0"	"y0"	"x1"	"y1"
0.8364748358726501	"man"	88.61402893066406	77.98587036132812	422.68511962890625	597.662353515625
