score	label	x0	y0	x1	y1
0.514593243598938	woman	144.01751708984375	220.24853515625	282.7491760253906	444.5704345703125
0.2764619588851928	man	145.56175231933594	133.93606567382812	224.7151031494141	283.3519592285156
