"score"	"label"	"x0"	"y0"	"x1"	"y1"
0.9045681953430176	"man"	66.13346862792969	201.36395263671875	319.967041015625	598.9756469726562
