"score"	"label"	"x0"	"y0"	"x1"	"y1"
0.3964239656925201	"man"	163.63775634765625	279.3291015625	186.98773193359375	341.3990478515625
0.3431940972805023	"woman"	124.40068817138672	275.10955810546875	141.7671661376953	320.6446533203125
