"score"	"label"	"x0"	"y0"	"x1"	"y1"
0.27426740527153015	"man"	152.47531127929688	295.8460388183594	160.62896728515625	309.3335266113281
0.2534410059452057	"man"	186.58767700195312	286.1904602050781	196.41339111328125	301.7250061035156
0.2514849007129669	"woman"	188.1738739013672	288.52471923828125	195.9456329345703	301.3170166015625
