"score"	"label"	"x0"	"y0"	"x1"	"y1"
0.3696884214878082	"man"	198.35140991210938	248.2062225341797	233.82098388671875	325.0247497558594
0.2920774817466736	"woman"	198.67080688476562	248.5203094482422	233.38967895507812	324.9512634277344
