"score"	"label"	"x0"	"y0"	"x1"	"y1"
0.2508450150489807	"w"	22.7421875	71.2545166015625	574.4917602539062	418.7474365234375
