"score"	"label"	"x0"	"y0"	"x1"	"y1"
0.5612800121307373	"woman"	66.62544250488281	140.06263732910156	248.78395080566406	528.640380859375
0.3466636538505554	"man"	67.10413360595703	140.7736053466797	248.12747192382812	528.66357421875
