"score"	"label"	"x0"	"y0"	"x1"	"y1"
0.4807092845439911	"woman"	3.525909423828125	17.695556640625	385.1519470214844	548.1027221679688
0.40820246934890747	"man"	4.4517822265625	17.98895263671875	384.4093322753906	548.4940795898438
