"score"	"label"	"x0"	"y0"	"x1"	"y1"
0.5580516457557678	"woman"	97.4712905883789	92.11505126953125	230.49127197265625	530.7453002929688
0.4515950381755829	"man"	191.72799682617188	50.27357482910156	354.3762512207031	535.58935546875
0.26652055978775024	"woman"	96.96038818359375	48.13810729980469	354.2924499511719	535.2990112304688
