score	label	x0	y0	x1	y1
0.3397676050662994	man	173.30630493164062	180.9416656494141	227.91421508789065	220.8289337158203
