"score"	"label"	"x0"	"y0"	"x1"	"y1"
0.5059597492218018	"woman"	109.97410583496094	110.06600952148438	203.7989044189453	404.9054260253906
0.3089698553085327	"man"	273.86468505859375	122.09626770019533	356.3623046875	356.799072265625
