"score"	"label"	"x0"	"y0"	"x1"	"y1"
0.2821587920188904	"a"	176.52061462402344	104.18578338623047	513.6119384765625	314.40997314453125
