score	label	x0	y0	x1	y1
0.5089715123176575	man	492.9856567382813	104.9283676147461	543.3960571289062	225.28704833984375
0.2555778920650482	woman	457.0166320800781	124.3967742919922	487.3531188964844	216.9127960205078
