score	label	x0	y0	x1	y1
0.4614590406417846	woman	149.03280639648438	158.18008422851562	169.56390380859375	199.40737915039065
