"score"	"label"	"x0"	"y0"	"x1"	"y1"
0.5406613349914551	"man"	126.53598022460938	149.83346557617188	312.9554443359375	488.4347229003906
0.2658277451992035	"man"	87.32289123535156	162.95254516601562	193.92481994628906	498.4292297363281
