"score"	"label"	"x0"	"y0"	"x1"	"y1"
0.2559974789619446	"woman"	272.0389404296875	193.71336364746094	278.5023193359375	209.2471466064453
