"score"	"label"	"x0"	"y0"	"x1"	"y1"
0.5150611996650696	"woman"	175.80105590820312	69.12850952148438	329.97149658203125	528.385986328125
0.3959694504737854	"man"	177.02923583984375	69.93002319335938	329.2113342285156	528.124267578125
