"score"	"label"	"x0"	"y0"	"x1"	"y1"
0.3116745352745056	"m ; a ; n"	6.7415771484375	80.00497436523438	356.9718933105469	594.5989990234375
