"score"	"label"	"x0"	"y0"	"x1"	"y1"
0.3212934136390686	"man"	366.406494140625	-0.023695945739746094	392.64385986328125	10.578452110290527
