"score"	"label"	"x0"	"y0"	"x1"	"y1"
0.26177987456321716	"man"	85.76529693603516	227.76229858398438	94.24701690673828	240.57861328125
