"score"	"label"	"x0"	"y0"	"x1"	"y1"
0.3413259983062744	"woman"	557.4851684570312	160.34153747558594	575.8539428710938	194.29124450683594
0.3134098947048187	"woman"	584.5379638671875	159.1006622314453	599.9918212890625	196.08863830566406
0.3212946057319641	"woman"	502.5835876464844	166.72598266601562	522.6182250976562	201.734130859375
0.30432242155075073	"woman"	530.0730590820312	164.8753662109375	545.7484741210938	197.85165405273438
0.28216996788978577	"woman"	530.5003051757812	252.21669006347656	546.8284301757812	274.6744079589844
0.2735896110534668	"woman"	480.8362731933594	171.26751708984375	494.1628723144531	203.02401733398438
0.2725258469581604	"woman"	589.0592651367188	206.23643493652344	600.0162963867188	236.6085662841797
