"score"	"label"	"x0"	"y0"	"x1"	"y1"
0.3267630338668823	"man"	536.3689575195312	295.53900146484375	545.4268188476562	313.65399169921875
