"score"	"label"	"x0"	"y0"	"x1"	"y1"
0.8152269124984741	"man"	266.4966125488281	303.34967041015625	311.1861267089844	342.86004638671875
