"score"	"label"	"x0"	"y0"	"x1"	"y1"
0.9031400680541992	"woman"	44.20556640625	72.02186584472656	370.18389892578125	549.8671264648438
