"score"	"label"	"x0"	"y0"	"x1"	"y1"
0.4516712427139282	"woman"	68.72099304199219	445.92877197265625	128.18470764160156	563.6447143554688
0.26831987500190735	"woman"	57.06195831298828	426.5652770996094	98.63556671142578	537.318359375
0.2646290957927704	"woman"	161.2335205078125	390.29998779296875	178.28558349609375	413.12127685546875
0.26262450218200684	"woman"	2.997255325317383	440.7446594238281	30.173418045043945	501.9637145996094
