score	label	x0	y0	x1	y1
0.4039138555526733	woman	8.6685791015625	263.5440673828125	275.7997741699219	589.8123779296875
