"score"	"label"	"x0"	"y0"	"x1"	"y1"
0.5108479261398315	"woman"	10.60003662109375	51.66215515136719	595.5810546875	403.98199462890625
0.31467655301094055	"man"	10.5250244140625	52.21551513671875	595.0949096679688	403.98992919921875
