"score"	"label"	"x0"	"y0"	"x1"	"y1"
0.4260095953941345	"man"	349.3493347167969	157.1270294189453	366.0455627441406	189.7015838623047
