score	label	x0	y0	x1	y1
0.4011082649230957	man	291.5133056640625	179.00399780273438	358.45648193359375	346.1542663574219
0.393077552318573	woman	157.94036865234375	188.74703979492188	215.74215698242188	317.66131591796875
