"score"	"label"	"x0"	"y0"	"x1"	"y1"
0.3055994212627411	"m ; a ; n"	14.30322265625	122.8060302734375	594.1939697265625	320.76104736328125
