"score"	"label"	"x0"	"y0"	"x1"	"y1"
0.2623429000377655	"a"	210.94219970703125	32.65991973876953	405.76812744140625	126.77007293701172
