"score"	"label"	"x0"	"y0"	"x1"	"y1"
0.4352312982082367	"man"	271.8221130371094	203.91336059570312	295.3106994628906	267.280029296875
