"score"	"label"	"x0"	"y0"	"x1"	"y1"
0.6382138729095459	"woman"	367.2395629882813	223.2180328369141	403.3519287109375	321.52801513671875
