"score"	"label"	"x0"	"y0"	"x1"	"y1"
0.4409548044204712	"woman"	1.12945556640625	97.08795166015625	162.5248260498047	433.525634765625
0.2729562520980835	"man"	0.9968719482421875	97.83905029296875	161.62615966796875	433.7916259765625
