"score"	"label"	"x0"	"y0"	"x1"	"y1"
0.2746884226799011	"w"	152.53317260742188	225.63882446289062	278.33831787109375	587.582763671875
