score	label	x0	y0	x1	y1
0.4673709869384765	man	498.2635192871094	174.02005004882812	532.0911254882812	207.47604370117188
0.4127729535102844	woman	529.718505859375	195.3507080078125	595.443115234375	293.2008056640625
0.3341239392757416	woman	560.1097412109375	195.5906524658203	595.764892578125	292.6370544433594
