"score"	"label"	"x0"	"y0"	"x1"	"y1"
0.28809675574302673	"m"	279.6156921386719	155.73440551757812	334.9781799316406	303.8867492675781
