"score"	"label"	"x0"	"y0"	"x1"	"y1"
0.4742399752140045	"woman"	52.334197998046875	412.66497802734375	81.65690612792969	474.099365234375
0.2566043436527252	"woman"	151.21983337402344	386.51898193359375	199.08399963378906	451.71978759765625
