score	label	x0	y0	x1	y1
0.2861184477806091	man	1.990570068359375	2.4274139404296875	598.2926025390625	456.6917724609375
