"score"	"label"	"x0"	"y0"	"x1"	"y1"
0.40711089968681335	"woman"	361.2677001953125	117.48361206054688	516.923583984375	592.9305419921875
0.3045203983783722	"man"	48.343994140625	161.53077697753906	192.0166473388672	530.0594482421875
0.2801836431026459	"man"	278.6072692871094	143.929931640625	379.7680969238281	562.1580200195312
0.25889667868614197	"man"	279.076904296875	115.63786315917969	520.3192749023438	591.3492431640625
0.30608922243118286	"man"	361.6492919921875	117.50750732421875	516.28466796875	591.9771728515625
