"score"	"label"	"x0"	"y0"	"x1"	"y1"
0.40958958864212036	"woman"	0.26830387115478516	339.7912292480469	20.315078735351562	401.1362609863281
0.308172345161438	"man"	0.25064563751220703	340.554443359375	20.11313247680664	400.84149169921875
