"score"	"label"	"x0"	"y0"	"x1"	"y1"
0.4978524148464203	"woman"	213.69229125976562	139.86514282226562	400.1025085449219	378.8997497558594
0.41418740153312683	"man"	214.11062622070312	140.42578125	399.7468566894531	378.74560546875
