"score"	"label"	"x0"	"y0"	"x1"	"y1"
0.5894895792007446	"man"	51.891387939453125	69.84747314453125	395.8408508300781	597.1358032226562
