score	label	x0	y0	x1	y1
0.4415294826030731	man	223.1247711181641	108.00730895996094	351.799072265625	437.50823974609375
0.3956818282604217	woman	98.33812713623048	103.23771667480467	191.34909057617188	368.304443359375
0.2622725069522857	woman	182.4678649902344	106.05474090576172	251.2071228027344	326.733154296875
