"score"	"label"	"x0"	"y0"	"x1"	"y1"
0.4731512367725372	"woman"	0.3575000762939453	227.7144470214844	37.49555969238281	398.8432312011719
0.3290165960788727	"woman man"	126.38710021972656	233.4566650390625	176.7372589111328	353.687744140625
