"score"	"label"	"x0"	"y0"	"x1"	"y1"
0.2760757803916931	"woman"	588.237060546875	342.6011047363281	599.05908203125	380.6688537597656
0.253719687461853	"man"	588.3723754882812	342.935302734375	598.9938354492188	380.6138916015625
