"score"	"label"	"x0"	"y0"	"x1"	"y1"
0.9054613709449768	"woman"	24.020217895507812	147.34385681152344	347.0889892578125	548.764892578125
