"score"	"label"	"x0"	"y0"	"x1"	"y1"
0.8897890448570251	"man"	374.788330078125	96.56410217285156	589.3355712890625	409.5479736328125
