"score"	"label"	"x0"	"y0"	"x1"	"y1"
0.2862781882286072	"man"	181.50796508789062	117.33028411865234	264.7044982910156	253.82235717773438
0.2647257149219513	"man"	0.05954742431640625	0.08663272857666016	13.63041877746582	16.706748962402344
