"score"	"label"	"x0"	"y0"	"x1"	"y1"
0.32630157470703125	"man"	252.2881622314453	78.56689453125	328.1901550292969	182.62765502929688
0.2520798444747925	"man"	268.5675354003906	80.05430603027344	326.8576965332031	180.9763641357422
0.27845174074172974	"man"	272.9676818847656	80.23960876464844	326.4310607910156	135.03466796875
