"score"	"label"	"x0"	"y0"	"x1"	"y1"
0.34853410720825195	"man"	170.32110595703125	283.8173828125	181.87042236328125	309.41632080078125
0.34686222672462463	"man"	131.20130920410156	290.95306396484375	145.96986389160156	322.40313720703125
0.3667301833629608	"man"	86.13927459716797	301.4274597167969	102.26464080810547	337.8053283691406
