score	label	x0	y0	x1	y1
0.482651799917221	woman	194.6431427001953	175.1636505126953	321.1015930175781	354.1903076171875
