"score"	"label"	"x0"	"y0"	"x1"	"y1"
0.4763074219226837	"man"	483.554931640625	216.2126007080078	499.83843994140625	253.3639984130859
0.3550262749195099	"woman"	517.98046875	218.4632873535156	538.595703125	254.5972900390625
