"score"	"label"	"x0"	"y0"	"x1"	"y1"
0.4877505898475647	"man"	450.9334411621094	266.8021240234375	473.8220520019531	299.8817138671875
0.2658919095993042	"man"	407.341796875	254.54840087890625	416.81011962890625	284.50958251953125
