"score"	"label"	"x0"	"y0"	"x1"	"y1"
0.43243464827537537	"man"	113.6937484741211	123.99093627929688	175.776611328125	251.14697265625
0.34101971983909607	"man"	216.53671264648438	118.25023651123047	269.9376525878906	259.8426208496094
0.32487067580223083	"man"	253.50131225585938	194.5642852783203	323.7598571777344	272.9770812988281
0.29963332414627075	"man"	414.3542785644531	194.7872314453125	469.7972106933594	321.2008056640625
0.284060001373291	"man"	170.5979766845703	136.14532470703125	226.1065216064453	260.5450744628906
