"score"	"label"	"x0"	"y0"	"x1"	"y1"
0.8341294527053833	"woman"	275.54205322265625	229.90240478515625	463.552978515625	599.05322265625
