"score"	"label"	"x0"	"y0"	"x1"	"y1"
0.42885228991508484	"woman"	41.506134033203125	65.6639404296875	346.7919921875	548.0359497070312
0.41010141372680664	"man"	43.6783447265625	66.2354736328125	344.90777587890625	548.1759643554688
