"score"	"label"	"x0"	"y0"	"x1"	"y1"
0.5509300827980042	"man"	499.5679626464844	174.62435913085938	531.368896484375	206.52166748046875
0.34255748987197876	"man"	561.134765625	196.1998291015625	595.8524169921875	292.47955322265625
0.38586053252220154	"man"	463.0079040527344	184.38308715820312	487.6165466308594	205.54562377929688
0.37066686153411865	"man"	529.3355102539062	196.33326721191406	595.5765991210938	292.65234375
0.2608032524585724	"man"	356.4158630371094	155.2113494873047	388.7099304199219	189.10780334472656
0.26166579127311707	"man"	339.4982604980469	153.47946166992188	422.8054504394531	334.50262451171875
