"score"	"label"	"x0"	"y0"	"x1"	"y1"
0.5786005258560181	"woman"	133.74310302734375	44.989715576171875	290.9969482421875	561.2335205078125
0.2844730019569397	"man"	134.79783630371094	46.143218994140625	288.8828125	560.8009033203125
