score	label	x0	y0	x1	y1
0.2641092836856842	woman	62.96174240112305	290.07293701171875	79.22512817382812	315.055908203125
