"score"	"label"	"x0"	"y0"	"x1"	"y1"
0.3564116656780243	"man"	46.03810119628906	53.495361328125	547.2408447265625	548.446044921875
0.2989821434020996	"man"	463.6499938964844	63.67529296875	538.4348754882812	299.15081787109375
0.25100263953208923	"woman"	463.7508239746094	63.675514221191406	538.2333984375	299.18048095703125
0.2815724015235901	"woman"	46.229705810546875	53.42729187011719	547.353515625	548.5902099609375
