"score"	"label"	"x0"	"y0"	"x1"	"y1"
0.35079246759414673	"woman"	260.7732238769531	208.272216796875	314.8846740722656	283.3864440917969
0.2870231568813324	"man"	275.1838684082031	210.10076904296875	298.0452575683594	240.07415771484375
0.2624029219150543	"woman"	287.48126220703125	226.01100158691406	311.56982421875	269.77520751953125
