score	label	x0	y0	x1	y1
0.4025197923183441	woman	65.08491516113281	31.102813720703125	364.328125	598.6568603515625
