"score"	"label"	"x0"	"y0"	"x1"	"y1"
0.553384006023407	"woman"	336.4506530761719	83.52043914794922	419.1983947753906	310.5184631347656
0.41887882351875305	"woman"	290.20074462890625	79.7261734008789	349.42156982421875	283.05609130859375
