"score"	"label"	"x0"	"y0"	"x1"	"y1"
0.3017122745513916	"woman"	210.16456604003906	143.87921142578125	232.3505096435547	194.9993896484375
0.36704176664352417	"man"	21.53424072265625	138.9281005859375	459.1051940917969	190.57330322265625
