"score"	"label"	"x0"	"y0"	"x1"	"y1"
0.8754792213439941	"woman"	21.328323364257812	77.78170776367188	433.15521240234375	599.091796875
