"score"	"label"	"x0"	"y0"	"x1"	"y1"
0.25259655714035034	"man"	371.7880859375	185.52328491210938	404.0833740234375	201.18753051757812
