"score"	"label"	"x0"	"y0"	"x1"	"y1"
0.251018226146698	"man"	403.2496032714844	163.33432006835938	501.1843566894531	357.7278137207031
