"score"	"label"	"x0"	"y0"	"x1"	"y1"
0.5288053154945374	"man"	292.06494140625	179.4920654296875	357.4295654296875	345.513916015625
0.46041569113731384	"man"	158.67233276367188	189.148681640625	215.06845092773438	317.3372497558594
