"score"	"label"	"x0"	"y0"	"x1"	"y1"
0.5303589105606079	"man"	202.8386077880859	102.68223571777344	320.4495849609375	466.16302490234375
0.4227038919925689	"woman"	6.306026458740234	6.5435791015625	78.29922485351562	354.9637145996094
