score	label	x0	y0	x1	y1
0.4407439827919006	man	118.4098892211914	61.4322509765625	270.3956604003906	401.1881408691406
0.3688826858997345	woman	365.8512573242187	81.72938537597656	520.7872924804688	397.31195068359375
