score	label	x0	y0	x1	y1
0.4043701291084289	woman	159.99765014648438	244.56979370117188	199.9237365722656	267.4623718261719
