score	label	x0	y0	x1	y1
0.6175768375396729	man	389.65814208984375	134.4228057861328	549.0986328125	357.6796875
0.4428475201129913	woman	146.29652404785156	89.1051025390625	224.9858856201172	344.3295593261719
