"score"	"label"	"x0"	"y0"	"x1"	"y1"
0.44888824224472046	"woman"	291.4801025390625	125.45562744140625	474.1900634765625	598.1602783203125
0.2649439871311188	"woman"	441.0960388183594	81.4239501953125	566.3006591796875	585.6974487304688
