"score"	"label"	"x0"	"y0"	"x1"	"y1"
0.3102804720401764	"man"	11.052825927734377	14.139236450195312	586.02685546875	477.5416870117187
