"score"	"label"	"x0"	"y0"	"x1"	"y1"
0.35763517022132874	"man"	286.16473388671875	381.0995178222656	302.1688232421875	422.2387390136719
