"score"	"label"	"x0"	"y0"	"x1"	"y1"
0.6778194308280945	"woman"	160.90496826171875	224.0251007080078	322.9658203125	531.175537109375
0.2766265571117401	"woman"	282.23828125	229.26153564453125	338.2672119140625	325.854248046875
