"score"	"label"	"x0"	"y0"	"x1"	"y1"
0.25556087493896484	"woman"	532.433349609375	241.16038513183594	553.0848388671875	264.392333984375
