"score"	"label"	"x0"	"y0"	"x1"	"y1"
0.3872963786125183	"m"	38.563873291015625	120.97404479980469	361.853271484375	549.5984497070312
0.2515861988067627	"a"	38.480682373046875	121.22947692871094	361.5265808105469	549.58642578125
