"score"	"label"	"x0"	"y0"	"x1"	"y1"
0.2817550599575043	"man"	133.96055603027344	53.5252685546875	149.4447479248047	74.06556701660156
