score	label	x0	y0	x1	y1
0.5248952507972717	woman	167.24969482421875	153.71945190429688	366.2594604492187	404.2861022949219
