"score"	"label"	"x0"	"y0"	"x1"	"y1"
0.5487834811210632	"woman"	0.165863037109375	172.7155303955078	370.8156433105469	509.46343994140625
