"score"	"label"	"x0"	"y0"	"x1"	"y1"
0.31884536147117615	"m ; a ; n"	56.254150390625	203.99290466308594	356.6763610839844	567.1253051757812
0.29600808024406433	"m a"	250.00234985351562	201.59715270996094	595.5904541015625	567.3325805664062
