score	label	x0	y0	x1	y1
0.4264289438724518	man	45.62062072753906	11.555282592773438	317.358642578125	244.9584197998047
0.3310100734233856	man	98.02628326416016	64.39070129394531	255.8495178222656	189.31155395507812
