"score"	"label"	"x0"	"y0"	"x1"	"y1"
0.49313807487487793	"man"	503.8789978027344	188.16236877441406	529.381591796875	219.64646911621094
0.30605196952819824	"woman"	503.72222900390625	187.78106689453125	530.3923950195312	220.61184692382812
