score	label	x0	y0	x1	y1
0.4694222807884216	woman	19.16655731201172	15.078277587890623	191.4700927734375	592.6370849609375
