"score"	"label"	"x0"	"y0"	"x1"	"y1"
0.2854653298854828	"w"	22.594268798828125	122.89372253417969	422.90362548828125	597.3974609375
0.2659834325313568	"w"	22.493606567382812	122.89418029785156	422.91900634765625	597.5235595703125
