"score"	"label"	"x0"	"y0"	"x1"	"y1"
0.44164836406707764	"woman"	139.368408203125	413.0126037597656	164.59014892578125	469.9057922363281
0.30946069955825806	"woman"	240.38868713378906	415.41162109375	255.77232360839844	455.0885009765625
0.44068387150764465	"woman"	356.9145812988281	414.1996154785156	372.0065002441406	465.0752868652344
