"score"	"label"	"x0"	"y0"	"x1"	"y1"
0.8838226199150085	"woman"	29.03729248046875	49.49371337890625	376.4521484375	598.3755493164062
