"score"	"label"	"x0"	"y0"	"x1"	"y1"
0.448448121547699	"woman"	120.70873260498047	136.67034912109375	183.74195861816406	365.251708984375
0.4399868845939636	"man"	311.74005126953125	110.0228042602539	384.0858154296875	361.4176940917969
