"score"	"label"	"x0"	"y0"	"x1"	"y1"
0.2640480697154999	"a"	209.81509399414062	166.3926239013672	373.0606384277344	301.75927734375
