"score"	"label"	"x0"	"y0"	"x1"	"y1"
0.2744230628013611	"w"	159.9431915283203	12.426223754882812	515.2175903320312	398.7332763671875
