score	label	x0	y0	x1	y1
0.5511154532432556	man	68.65690612792969	79.04377746582031	187.38853454589844	526.0659790039062
0.4805415272712707	woman	163.78567504882812	85.25044250488281	299.37896728515625	517.0546264648438
