"score"	"label"	"x0"	"y0"	"x1"	"y1"
0.6925702095031738	"man"	417.91375732421875	259.1191711425781	427.37091064453125	289.8907165527344
0.405531644821167	"man"	302.9983825683594	258.4752197265625	311.8139953613281	282.42034912109375
0.29644185304641724	"man"	560.9977416992188	274.54754638671875	575.8405151367188	316.75640869140625
