"score"	"label"	"x0"	"y0"	"x1"	"y1"
0.2551484107971191	"woman"	180.4486389160156	116.1200180053711	266.42095947265625	252.17340087890625
