"score"	"label"	"x0"	"y0"	"x1"	"y1"
0.47899529337882996	"man"	332.23785400390625	272.5726318359375	464.66259765625	594.9078369140625
0.3563172519207001	"man"	72.88678741455078	247.17282104492188	187.73529052734375	433.2534484863281
0.26127809286117554	"man"	248.2596435546875	282.2636413574219	356.6495361328125	596.4395751953125
