"score"	"label"	"x0"	"y0"	"x1"	"y1"
0.6146050691604614	"man"	173.46678161621094	91.33671569824219	426.13446044921875	596.1502075195312
0.4497445225715637	"woman"	4.839996337890625	148.04281616210938	285.5918273925781	594.717041015625
