"score"	"label"	"x0"	"y0"	"x1"	"y1"
0.5569212436676025	"man"	350.9212341308594	91.96113586425781	541.51953125	560.6865844726562
0.31454169750213623	"woman"	113.71095275878906	271.383056640625	130.9370880126953	304.5743408203125
0.37301260232925415	"woman"	349.80975341796875	91.71749877929688	541.6564331054688	560.2890625
