"score"	"label"	"x0"	"y0"	"x1"	"y1"
0.32057690620422363	"m"	161.23043823242188	54.19981384277344	359.8012390136719	508.7286376953125
0.2630500793457031	"a"	161.3370361328125	54.23931884765625	359.57470703125	508.596923828125
