"score"	"label"	"x0"	"y0"	"x1"	"y1"
0.3486243784427643	"man"	307.91082763671875	206.4630126953125	349.65667724609375	289.8813171386719
0.33032485842704773	"man"	264.0504150390625	205.60623168945312	350.21746826171875	291.1728210449219
0.2783949673175812	"man"	264.70355224609375	212.94407653808594	323.89715576171875	290.7734680175781
0.26559945940971375	"woman"	308.1703186035156	206.65988159179688	349.4268493652344	289.9424133300781
