"score"	"label"	"x0"	"y0"	"x1"	"y1"
0.3448656499385834	"woman man"	79.0693588256836	266.859130859375	158.77273559570312	390.7810668945313
0.2668995857238769	"woman"	127.4547119140625	277.9365539550781	185.4502868652344	369.4140319824219
