"score"	"label"	"x0"	"y0"	"x1"	"y1"
0.2508033215999603	"a"	233.90985107421875	171.7487335205078	384.21075439453125	467.3885498046875
