"score"	"label"	"x0"	"y0"	"x1"	"y1"
0.873931884765625	"woman"	0.4257659912109375	62.17767333984375	324.46832275390625	499.85394287109375
