"score"	"label"	"x0"	"y0"	"x1"	"y1"
0.9145832657814026	"woman"	55.23246765136719	178.10540771484375	335.8304443359375	525.0325927734375
