"score"	"label"	"x0"	"y0"	"x1"	"y1"
0.3797266185283661	"m"	34.81962585449219	78.19328308105469	357.660888671875	549.6260986328125
0.2635805010795593	"a"	35.120025634765625	78.5262451171875	357.770751953125	549.5435791015625
