"score"	"label"	"x0"	"y0"	"x1"	"y1"
0.2722226679325104	"woman"	198.2483367919922	209.17173767089844	205.6669158935547	229.6465606689453
