"score"	"label"	"x0"	"y0"	"x1"	"y1"
0.5291770696640015	"man"	159.90023803710938	124.57405090332031	294.4110107421875	372.79193115234375
0.31039345264434814	"woman"	160.33628845214844	125.29904174804688	293.24481201171875	372.1553649902344
