"score"	"label"	"x0"	"y0"	"x1"	"y1"
0.422292560338974	"woman"	503.42376708984375	187.6310882568359	530.1952514648438	220.1595916748047
