score	label	x0	y0	x1	y1
0.3910817801952362	man	196.7498779296875	135.0094757080078	216.74380493164065	211.5183563232422
