"score"	"label"	"x0"	"y0"	"x1"	"y1"
0.6312829852104187	"man"	214.3922576904297	77.57150268554688	329.800048828125	522.776123046875
0.4956885576248169	"woman"	47.440460205078125	93.94950866699219	236.40725708007812	535.8306274414062
