"score"	"label"	"x0"	"y0"	"x1"	"y1"
0.29182130098342896	"man"	2.430816650390625	3.5340423583984375	596.3638916015625	446.4913330078125
