"score"	"label"	"x0"	"y0"	"x1"	"y1"
0.41716352105140686	"woman"	0.8126678466796875	61.330902099609375	323.842529296875	499.6672668457031
0.4808436632156372	"man"	0.7507476806640625	61.77729797363281	323.953369140625	499.71844482421875
