"score"	"label"	"x0"	"y0"	"x1"	"y1"
0.9252681732177734	"woman"	56.28102111816406	101.51667785644531	389.68890380859375	598.7620239257812
