"score"	"label"	"x0"	"y0"	"x1"	"y1"
0.31607159972190857	"m ; a ; n"	278.0083923339844	229.34988403320312	463.9190368652344	598.959716796875
