"score"	"label"	"x0"	"y0"	"x1"	"y1"
0.42919254302978516	"woman"	145.62966918945312	106.6530990600586	201.6337890625	296.1431884765625
0.3749614953994751	"woman"	273.0010681152344	129.02130126953125	319.9147033691406	282.62542724609375
0.35585129261016846	"woman"	212.56954956054688	135.13973999023438	264.4876708984375	288.3799743652344
0.31194016337394714	"woman"	37.29745101928711	130.99505615234375	65.89671325683594	222.20980834960938
0.2749749422073364	"woman"	376.45745849609375	127.1296157836914	397.73028564453125	255.71255493164062
0.25808098912239075	"woman"	76.302978515625	125.79386901855469	108.36662292480469	220.72386169433594
0.25757426023483276	"woman"	390.4951171875	142.2491455078125	428.73846435546875	263.021240234375
