score	label	x0	y0	x1	y1
0.737421989440918	woman	178.52261352539062	206.57069396972656	385.3183288574219	597.6644287109375
