"score"	"label"	"x0"	"y0"	"x1"	"y1"
0.4700174927711487	"woman"	1.7163238525390625	32.35003662109375	399.8763427734375	597.608642578125
