"score"	"label"	"x0"	"y0"	"x1"	"y1"
0.5237550735473633	"man"	397.7156066894531	250.81321716308594	453.7783508300781	330.6793518066406
0.4824730157852173	"woman"	398.1628112792969	251.22096252441406	453.1944274902344	330.569091796875
