"score"	"label"	"x0"	"y0"	"x1"	"y1"
0.2696966826915741	"m"	3.2074737548828125	39.03497314453125	498.76605224609375	346.0453796386719
