"score"	"label"	"x0"	"y0"	"x1"	"y1"
0.362201064825058	"woman"	73.96051025390625	-0.2177734375	597.5570068359375	250.61599731445312
