score	label	x0	y0	x1	y1
0.4578028917312622	man	199.74493408203125	258.5739440917969	227.097900390625	298.0332336425781
