"score"	"label"	"x0"	"y0"	"x1"	"y1"
0.4856807589530945	"woman"	152.20086669921875	148.85987854003906	251.56753540039062	261.7249755859375
0.27281883358955383	"woman"	498.7020263671875	163.22622680664062	585.8260498046875	362.5331726074219
0.4749239385128021	"man"	16.107574462890625	25.673065185546875	220.2425994873047	267.5844421386719
