"score"	"label"	"x0"	"y0"	"x1"	"y1"
0.5406855344772339	"woman"	107.96601867675781	139.18251037597656	189.8202362060547	337.9697265625
0.3357465863227844	"woman"	451.788330078125	99.67530822753906	544.6975708007812	307.32989501953125
0.2858503758907318	"woman"	336.11181640625	110.23375701904297	435.09344482421875	315.3324279785156
0.25253111124038696	"woman"	336.2025451660156	110.47621154785156	434.9165954589844	164.80409240722656
