"score"	"label"	"x0"	"y0"	"x1"	"y1"
0.3843606412410736	"woman"	12.840087890625	22.99456787109375	478.83172607421875	564.8167724609375
0.29016798734664917	"man"	12.35833740234375	23.15625	479.5970458984375	565.3818359375
