"score"	"label"	"x0"	"y0"	"x1"	"y1"
0.3149573802947998	"m ; a ; n"	182.4146270751953	164.45404052734375	363.8223876953125	597.2769165039062
0.26076018810272217	"a"	435.74639892578125	97.13093566894531	565.172119140625	408.95703125
