"score"	"label"	"x0"	"y0"	"x1"	"y1"
0.28105103969573975	"man"	491.0539245605469	130.20594787597656	512.547607421875	186.77992248535156
0.2981607913970947	"man"	543.1026611328125	127.98491668701172	572.127685546875	190.4441680908203
0.30486515164375305	"woman"	569.0064697265625	131.8404998779297	592.99267578125	191.42698669433594
0.27681344747543335	"woman"	524.670166015625	132.7427215576172	543.6494140625	189.58009338378906
