"score"	"label"	"x0"	"y0"	"x1"	"y1"
0.7204992175102234	"woman"	167.9150390625	123.25779724121094	424.24755859375	434.758056640625
0.3244810998439789	"woman"	143.0264892578125	137.02902221679688	265.1952209472656	318.1039733886719
