"score"	"label"	"x0"	"y0"	"x1"	"y1"
0.8952867984771729	"woman"	20.696533203125	93.02532958984375	426.0328369140625	597.1731567382812
