"score"	"label"	"x0"	"y0"	"x1"	"y1"
0.322632372379303	"man"	108.95410919189452	172.10247802734375	329.7210388183594	335.42620849609375
