"score"	"label"	"x0"	"y0"	"x1"	"y1"
0.4543144404888153	"man"	429.6098937988281	0.14177703857421875	565.8795776367188	140.36203002929688
0.4660610556602478	"man"	221.7871551513672	63.069358825683594	320.77581787109375	242.25942993164062
0.42222127318382263	"man"	102.5482177734375	172.5439453125	218.51034545898438	300.6662902832031
0.32375332713127136	"man"	240.02908325195312	63.13357925415039	320.1333312988281	190.3615264892578
0.36448240280151367	"man"	344.41668701171875	163.24769592285156	453.36444091796875	296.6937255859375
0.28085842728614807	"man"	0.23032379150390625	115.1339111328125	94.45103454589844	228.177490234375
