"score"	"label"	"x0"	"y0"	"x1"	"y1"
0.3066237270832062	"woman"	136.39117431640625	0.10394287109375	285.6748046875	297.0061340332031
