"score"	"label"	"x0"	"y0"	"x1"	"y1"
0.4458824694156647	"man"	72.21805572509766	122.04212188720703	158.20819091796875	363.96014404296875
0.39952391386032104	"man"	360.812255859375	116.78219604492188	443.9146728515625	374.44573974609375
0.3769106864929199	"man"	427.482421875	119.74900817871094	498.03369140625	387.2310791015625
