"score"	"label"	"x0"	"y0"	"x1"	"y1"
0.29755914211273193	"man"	181.9007568359375	238.62994384765625	215.87823486328125	294.343994140625
0.28318649530410767	"man"	183.34017944335938	238.76126098632812	214.32815551757812	285.1777648925781
