"score"	"label"	"x0"	"y0"	"x1"	"y1"
0.40809786319732666	"man"	299.8055725097656	170.66534423828125	362.3569030761719	374.76336669921875
0.25155648589134216	"woman"	18.33243751525879	186.26319885253906	59.57093811035156	324.23284912109375
0.2535116970539093	"woman"	367.0215759277344	187.85537719726562	431.1953430175781	378.6069030761719
0.2756013870239258	"woman"	299.71240234375	170.30691528320312	362.49127197265625	374.3751525878906
