"score"	"label"	"x0"	"y0"	"x1"	"y1"
0.4649782180786133	"man"	107.68144226074219	162.18817138671875	398.3883056640625	598.308837890625
0.3195604085922241	"woman"	302.62493896484375	149.65267944335938	399.30291748046875	321.7818908691406
0.3363778591156006	"woman"	104.85762023925781	155.81158447265625	398.657470703125	597.6312866210938
