"score"	"label"	"x0"	"y0"	"x1"	"y1"
0.464488536119461	"woman"	354.406982421875	187.83746337890625	508.3944091796875	334.1112060546875
