"score"	"label"	"x0"	"y0"	"x1"	"y1"
0.31120938062667847	"m ; a ; n"	3.652618408203125	69.75157165527344	545.771484375	330.71337890625
