"score"	"label"	"x0"	"y0"	"x1"	"y1"
0.4870030581951141	"man"	143.78460693359375	239.06687927246097	168.36734008789062	289.1739807128906
