"score"	"label"	"x0"	"y0"	"x1"	"y1"
0.7310642600059509	"man"	194.19766235351562	96.76898193359375	368.2107849121094	486.62298583984375
0.47236931324005127	"woman"	1.2259902954101562	113.83403015136719	242.7315673828125	541.0042724609375
0.2728486955165863	"woman"	77.41854095458984	114.15605163574219	242.64370727539062	487.25189208984375
