"score"	"label"	"x0"	"y0"	"x1"	"y1"
0.8568025827407837	"woman"	60.48124694824219	82.29098510742188	232.54432678222656	549.1883544921875
0.3073342442512512	"woman"	178.25515747070312	33.796783447265625	343.9443054199219	548.5362548828125
