"score"	"label"	"x0"	"y0"	"x1"	"y1"
0.40604111552238464	"man"	328.1846008300781	239.54959106445312	344.7626647949219	280.0264587402344
0.34357479214668274	"woman"	328.73907470703125	240.12161254882812	344.477783203125	279.7358703613281
