"score"	"label"	"x0"	"y0"	"x1"	"y1"
0.4449282586574554	"man"	236.3551788330078	230.56935119628903	369.992919921875	390.6492309570313
0.3534799814224243	"woman"	419.3038940429687	342.7372741699219	489.3463134765625	510.5332336425781
0.3160358667373657	"woman"	505.26214599609375	355.8146667480469	546.5027465820312	461.3245544433594
0.2534057796001434	"woman"	235.35580444335935	229.89991760253903	377.7340393066406	500.9718017578125
