score	label	x0	y0	x1	y1
0.5676601529121399	woman	-0.01837158203125	30.463653564453125	361.4178771972656	549.823486328125
