"score"	"label"	"x0"	"y0"	"x1"	"y1"
0.27157771587371826	"woman"	434.57598876953125	162.97909545898438	599.3994750976562	427.3562316894531
