"score"	"label"	"x0"	"y0"	"x1"	"y1"
0.523559033870697	"woman"	47.00189208984375	235.60964965820312	135.7330322265625	537.348876953125
0.4217110872268677	"woman"	129.343994140625	245.19732666015625	219.40701293945312	464.85516357421875
0.25034523010253906	"woman"	20.05643081665039	256.735595703125	44.3275032043457	330.7965087890625
