"score"	"label"	"x0"	"y0"	"x1"	"y1"
0.25884976983070374	"woman"	1.192138671875	0.8468017578125	593.220947265625	485.84637451171875
