"score"	"label"	"x0"	"y0"	"x1"	"y1"
0.3437037765979767	"m ; a ; n"	66.78115844726562	31.69140625	363.1494445800781	598.8777465820312
