"score"	"label"	"x0"	"y0"	"x1"	"y1"
0.2731989324092865	"a"	1.21453857421875	39.0859375	598.242919921875	443.5191955566406
