"score"	"label"	"x0"	"y0"	"x1"	"y1"
0.25862357020378113	"w a"	2.45709228515625	96.13932800292969	333.21875	548.763427734375
