"score"	"label"	"x0"	"y0"	"x1"	"y1"
0.42659518122673035	"man"	233.3744659423828	243.77053833007812	242.4569854736328	259.77044677734375
0.30815792083740234	"man"	154.60971069335938	239.48301696777344	162.78369140625	252.9683380126953
