"score"	"label"	"x0"	"y0"	"x1"	"y1"
0.31349557638168335	"man"	2.459228515625	70.10795593261719	544.7989501953125	330.037353515625
