"score"	"label"	"x0"	"y0"	"x1"	"y1"
0.481768399477005	"woman"	361.2865295410156	203.10159301757812	467.7721862792969	570.428466796875
0.253036230802536	"woman"	358.8822326660156	200.9674072265625	518.7343139648438	597.5380859375
0.3410532772541046	"man"	193.9331817626953	257.0754089355469	329.730224609375	551.751220703125
