"score"	"label"	"x0"	"y0"	"x1"	"y1"
0.2750638425350189	"man"	0.1323695182800293	313.68670654296875	10.754587173461914	363.92523193359375
