"score"	"label"	"x0"	"y0"	"x1"	"y1"
0.31819891929626465	"man"	580.1361083984375	214.23062133789062	599.4329833984375	277.7323303222656
0.317581444978714	"man woman"	198.4278564453125	241.64413452148438	217.20822143554688	285.6122131347656
0.2874433100223541	"man"	197.66561889648438	238.53456115722656	240.00469970703125	286.35888671875
0.3032725155353546	"woman"	198.70132446289062	241.77587890625	217.02597045898438	285.72576904296875
0.3151206970214844	"man"	221.77774047851562	239.18873596191406	239.5272216796875	285.1918640136719
