"score"	"label"	"x0"	"y0"	"x1"	"y1"
0.3638169765472412	"man"	70.04994201660156	121.73499298095703	159.23313903808594	364.235595703125
0.41056498885154724	"woman"	164.831787109375	127.4056396484375	251.58297729492188	362.7923583984375
0.27720990777015686	"man"	360.784912109375	116.21934509277344	444.22119140625	375.54266357421875
0.28327566385269165	"woman"	141.55709838867188	125.43492889404297	255.54315185546875	364.0840759277344
