"score"	"label"	"x0"	"y0"	"x1"	"y1"
0.26971960067749023	"man"	433.9862060546875	207.42764282226562	513.63134765625	385.5133972167969
0.27080991864204407	"woman"	396.6070556640625	189.9549102783203	446.76324462890625	333.374267578125
0.2688124179840088	"woman"	352.065185546875	190.54971313476562	408.6856689453125	347.2951354980469
0.2924173176288605	"man"	306.9637145996094	190.24977111816406	369.8955993652344	350.21697998046875
