"score"	"label"	"x0"	"y0"	"x1"	"y1"
0.8099886775016785	"man"	1.9990386962890625	42.158477783203125	391.57110595703125	597.7947998046875
