"score"	"label"	"x0"	"y0"	"x1"	"y1"
0.5068586468696594	"m"	37.22123718261719	66.74629211425781	462.93048095703125	505.05535888671875
0.2981249988079071	"a n"	37.15623474121094	66.63470458984375	462.76348876953125	505.1397705078125
0.27495378255844116	"a n"	37.154388427734375	66.75654602050781	462.90472412109375	505.12762451171875
0.26671916246414185	"m"	37.301788330078125	67.14347839355469	462.9192199707031	505.12188720703125
0.2926609218120575	"m"	37.31044006347656	67.01902770996094	462.94219970703125	505.051513671875
