"score"	"label"	"x0"	"y0"	"x1"	"y1"
0.4926000237464905	"man"	50.915283203125	175.72103881835938	428.71923828125	564.6671142578125
