"score"	"label"	"x0"	"y0"	"x1"	"y1"
0.47004440426826477	"man"	11.10467529296875	180.88037109375	597.2741088867188	343.8076171875
0.26361986994743347	"man"	205.25128173828125	235.95477294921875	240.89456176757812	335.418212890625
0.28674638271331787	"man"	10.264135360717773	222.3426971435547	53.644752502441406	334.22113037109375
0.2625899016857147	"woman"	10.22426986694336	222.26971435546875	53.72292709350586	334.14739990234375
