"score"	"label"	"x0"	"y0"	"x1"	"y1"
0.5427780151367188	"man"	252.90841674804688	48.93359375	469.7979431152344	373.53582763671875
0.6108365654945374	"woman"	43.15935516357422	50.734619140625	261.7930603027344	373.55816650390625
