score	label	x0	y0	x1	y1
0.4006257355213165	woman	49.536590576171875	261.6605529785156	74.32040405273438	284.4020690917969
0.2803415060043335	woman	47.78053283691406	260.6899108886719	75.37151336669922	311.5855407714844
