"score"	"label"	"x0"	"y0"	"x1"	"y1"
0.39681923389434814	"woman"	145.74232482910156	116.07499694824219	469.02423095703125	306.197265625
0.2692980170249939	"man"	146.5164337158203	117.2954330444336	468.3623046875	305.7286376953125
