"score"	"label"	"x0"	"y0"	"x1"	"y1"
0.43290871381759644	"man"	137.6449432373047	202.6097412109375	229.8241424560547	483.92913818359375
0.5601763129234314	"woman"	137.7871856689453	202.6796417236328	229.70042419433594	484.1492919921875
0.2731652557849884	"woman"	137.72361755371094	202.7373046875	229.79029846191406	484.10418701171875
