"score"	"label"	"x0"	"y0"	"x1"	"y1"
0.37715211510658264	"woman"	307.6849670410156	218.1644287109375	325.5016784667969	248.01434326171875
0.3339541554450989	"man woman"	298.8275146484375	215.49781799316406	326.12274169921875	249.1934356689453
0.2891637980937958	"man"	421.7474060058594	210.81710815429688	433.2831726074219	232.75396728515625
