"score"	"label"	"x0"	"y0"	"x1"	"y1"
0.4738882184028625	"man"	168.06768798828125	1.20697021484375	337.8079528808594	240.5724334716797
