"score"	"label"	"x0"	"y0"	"x1"	"y1"
0.4546964168548584	"man"	434.4710693359375	208.99453735351562	512.2890014648438	385.6308288574219
0.338191419839859	"man"	307.34771728515625	190.7391815185547	367.104248046875	350.40960693359375
0.35605520009994507	"man"	59.30571746826172	165.63409423828125	106.33194732666016	309.21990966796875
0.30630093812942505	"man"	352.2095031738281	191.2498779296875	408.7032775878906	347.7763671875
0.2975323796272278	"man"	212.6807861328125	162.3610076904297	266.3060302734375	309.99700927734375
0.284420907497406	"man"	171.25341796875	152.5779571533203	223.887939453125	287.34051513671875
0.2790583670139313	"man"	397.18408203125	190.44241333007812	446.367431640625	333.8677062988281
