"score"	"label"	"x0"	"y0"	"x1"	"y1"
0.442130982875824	"man"	306.7903137207031	260.5054931640625	377.4418029785156	462.4071044921875
0.4242990612983703	"woman"	180.1600799560547	267.05218505859375	245.3905487060547	459.8785400390625
0.2769937515258789	"man"	114.85287475585938	293.6088562011719	170.2457275390625	453.2687683105469
