"score"	"label"	"x0"	"y0"	"x1"	"y1"
0.5412626266479492	"woman"	231.3037872314453	191.50921630859375	248.4593963623047	223.11605834960938
0.3423630893230438	"man"	232.5670928955078	192.14321899414062	247.6871795654297	222.57965087890625
