"score"	"label"	"x0"	"y0"	"x1"	"y1"
0.5063439011573792	"man"	93.92366027832031	335.4823913574219	104.90985107421875	359.3365173339844
0.33977070450782776	"woman"	94.45362854003906	335.82965087890625	104.53425598144531	359.2197265625
