"score"	"label"	"x0"	"y0"	"x1"	"y1"
0.4699387550354004	"woman"	0.21947002410888672	276.5299377441406	31.706680297851562	421.5647277832031
0.36190783977508545	"man"	0.26894474029541016	277.35723876953125	30.18741226196289	421.34906005859375
0.2918034493923187	"woman"	0.4016876220703125	272.2968444824219	61.7115478515625	424.3157043457031
