"score"	"label"	"x0"	"y0"	"x1"	"y1"
0.31363415718078613	"woman"	345.1206359863281	374.39825439453125	401.2009582519531	414.34527587890625
