"score"	"label"	"x0"	"y0"	"x1"	"y1"
0.258981317281723	"w"	157.226318359375	377.7115783691406	232.72998046875	409.0262145996094
