"score"	"label"	"x0"	"y0"	"x1"	"y1"
0.5253164172172546	"man"	56.45511245727539	252.7883758544922	67.18522644042969	274.933837890625
