"score"	"label"	"x0"	"y0"	"x1"	"y1"
0.5676601529121399	"woman"	-0.01837158203125	30.463653564453125	361.4178771972656	549.823486328125
0.47498196363449097	"man"	0.078033447265625	30.252044677734375	361.1492614746094	549.9112548828125
0.2862803637981415	"woman"	-0.044219970703125	31.210235595703125	361.5060119628906	550.0020751953125
