"score"	"label"	"x0"	"y0"	"x1"	"y1"
0.4896157383918762	"woman"	9.502578735351562	46.72172546386719	377.0028076171875	548.6641845703125
0.3727271854877472	"man"	9.298629760742188	47.25703430175781	377.4178466796875	549.2021484375
