"score"	"label"	"x0"	"y0"	"x1"	"y1"
0.2787140011787414	"woman"	555.697265625	159.3600311279297	577.198974609375	195.7087249755859
