"score"	"label"	"x0"	"y0"	"x1"	"y1"
0.2846260368824005	"a"	284.58294677734375	215.8256378173828	433.1868896484375	598.08154296875
0.2502552568912506	"a"	126.0938720703125	208.43011474609375	263.29376220703125	597.8920288085938
