"score"	"label"	"x0"	"y0"	"x1"	"y1"
0.3380473554134369	"m"	249.2525177001953	87.55870819091797	321.15826416015625	309.296875
0.26523539423942566	"a"	249.3448944091797	87.5340347290039	321.2432556152344	309.2401123046875
