"score"	"label"	"x0"	"y0"	"x1"	"y1"
0.30344611406326294	"woman"	345.3443603515625	374.77587890625	401.114990234375	414.3492431640625
