"score"	"label"	"x0"	"y0"	"x1"	"y1"
0.287447452545166	"w"	40.79388427734375	180.26734924316406	319.4499206542969	522.3031616210938
0.2628427743911743	"w"	40.860443115234375	180.58131408691406	319.50146484375	522.2838745117188
