"score"	"label"	"x0"	"y0"	"x1"	"y1"
0.650661826133728	"woman"	107.93594360351562	220.65309143066406	138.24270629882812	280.13128662109375
