score	label	x0	y0	x1	y1
0.2824184894561767	man	252.647216796875	53.24745178222656	504.24603271484375	210.2183380126953
