"score"	"label"	"x0"	"y0"	"x1"	"y1"
0.5164003372192383	"woman"	158.2672882080078	221.9203338623047	325.38763427734375	530.4351806640625
0.2715843617916107	"man"	161.50656127929688	224.00550842285156	247.85357666015625	516.2731323242188
