"score"	"label"	"x0"	"y0"	"x1"	"y1"
0.2790258526802063	"woman"	474.521484375	131.35003662109375	527.3274536132812	170.44619750976562
