"score"	"label"	"x0"	"y0"	"x1"	"y1"
0.48779088258743286	"man"	53.907989501953125	93.47959899902344	403.03472900390625	596.7254638671875
0.42347753047943115	"woman"	54.21284484863281	93.59634399414062	402.81317138671875	596.3514404296875
0.29113155603408813	"woman"	54.05279541015625	93.35188293457031	403.0804443359375	596.7623901367188
