score	label	x0	y0	x1	y1
0.4296236038208008	woman	368.3790893554687	306.27227783203125	422.17193603515625	333.6708984375
