"score"	"label"	"x0"	"y0"	"x1"	"y1"
0.5724939107894897	"man"	389.4250793457031	186.99403381347656	401.5239562988281	220.2181854248047
0.5589549541473389	"man"	376.3290100097656	183.21621704101562	387.9017028808594	219.43923950195312
