"score"	"label"	"x0"	"y0"	"x1"	"y1"
0.4799061715602875	"woman"	3.3249740600585938	98.91925048828125	122.55426025390625	400.7294006347656
0.39429643750190735	"woman"	301.0948486328125	122.9571533203125	349.0281982421875	289.44439697265625
0.31943750381469727	"woman"	349.12066650390625	107.40069580078125	432.9305419921875	294.3357238769531
0.31488651037216187	"woman"	424.4506530761719	117.09192657470703	486.8024597167969	266.8912048339844
0.3064914047718048	"woman"	483.81561279296875	121.66496276855469	519.6680297851562	247.14674377441406
0.3372896909713745	"woman"	345.8083190917969	129.6417236328125	381.7824401855469	260.1131896972656
0.27957621216773987	"woman"	206.9832305908203	87.97335052490234	311.9441223144531	330.5091857910156
