score	label	x0	y0	x1	y1
0.5770810842514038	man	122.37060546875	106.61935424804688	334.80377197265625	597.2476806640625
