score	label	x0	y0	x1	y1
0.3473230302333832	man	83.72750854492188	45.70372009277344	599.638671875	407.46832275390625
