"score"	"label"	"x0"	"y0"	"x1"	"y1"
0.31719473004341125	"woman"	0.06888580322265625	182.94573974609375	12.646047592163086	272.7237854003906
