score	label	x0	y0	x1	y1
0.4414733052253723	man	3.526039123535156	47.6927490234375	231.94610595703125	372.08880615234375
0.4125217199325561	woman	367.35400390625	60.79753112792969	598.5280151367188	371.95556640625
