"score"	"label"	"x0"	"y0"	"x1"	"y1"
0.29768913984298706	"woman"	215.3077392578125	88.27252197265625	258.3467102050781	168.58453369140625
0.25837457180023193	"woman"	235.3440704345703	89.42552185058594	258.12860107421875	146.53369140625
0.26028335094451904	"woman"	236.36297607421875	90.34832763671875	257.73419189453125	130.70726013183594
