"score"	"label"	"x0"	"y0"	"x1"	"y1"
0.3735639154911041	"man"	302.8984375	202.41798400878906	311.86566162109375	215.9938507080078
