"score"	"label"	"x0"	"y0"	"x1"	"y1"
0.2989635169506073	"woman"	233.73895263671875	122.75155639648438	247.77590942382812	140.689697265625
0.3078116178512573	"woman"	467.2561950683594	170.7202911376953	490.6257629394531	195.86073303222656
0.2582717835903168	"man"	467.71484375	171.46116638183594	490.296875	195.63279724121094
