"score"	"label"	"x0"	"y0"	"x1"	"y1"
0.7337982058525085	"man"	172.67120361328125	19.92002868652344	374.2448120117187	483.6358642578125
0.6642484664916992	"woman"	98.4384307861328	128.44322204589844	330.05743408203125	542.081298828125
