"score"	"label"	"x0"	"y0"	"x1"	"y1"
0.3034853935241699	"woman"	389.7222900390625	193.82992553710938	410.490478515625	246.61993408203125
0.28720545768737793	"woman"	470.13525390625	124.68853759765625	503.57037353515625	246.98037719726562
0.27779421210289	"woman"	409.630615234375	100.91156768798828	470.0867919921875	247.04666137695312
