"score"	"label"	"x0"	"y0"	"x1"	"y1"
0.299442321062088	"man"	391.94818115234375	219.15863037109375	397.61163330078125	235.25784301757812
