score	label	x0	y0	x1	y1
0.4233932793140411	man	0.5694456100463867	198.6843719482422	21.42919921875	228.84767150878903
