"score"	"label"	"x0"	"y0"	"x1"	"y1"
0.42074015736579895	"woman"	115.54719543457031	313.58624267578125	376.65521240234375	515.3178100585938
0.41314852237701416	"man"	357.46221923828125	314.37017822265625	481.43975830078125	510.64019775390625
