"score"	"label"	"x0"	"y0"	"x1"	"y1"
0.4812226593494415	"woman"	65.0633316040039	200.1540679931641	320.3429260253906	597.9535522460938
