"score"	"label"	"x0"	"y0"	"x1"	"y1"
0.5317671298980713	"man"	23.055648803710938	146.75286865234375	346.45843505859375	548.6078491210938
