score	label	x0	y0	x1	y1
0.5834318995475769	woman	249.4844207763672	177.4256591796875	335.3786926269531	435.86761474609375
0.4980852305889129	man	161.4862060546875	65.2908706665039	264.09930419921875	280.3048400878906
