"score"	"label"	"x0"	"y0"	"x1"	"y1"
0.3737434148788452	"man"	319.9580383300781	238.68121337890625	362.3258972167969	418.91473388671875
0.3632928729057312	"man"	463.8896484375	279.3681640625	524.8312377929688	457.3638916015625
0.30921220779418945	"man"	350.5013122558594	292.73333740234375	431.3148498535156	465.882568359375
0.3123750388622284	"man"	517.9701538085938	242.93533325195312	558.5418090820312	372.1743469238281
0.31946268677711487	"man"	450.9068298339844	252.8902587890625	492.0929870605469	352.19464111328125
0.30669644474983215	"man"	527.2863159179688	321.241455078125	596.6859741210938	418.77178955078125
0.3028133809566498	"man"	424.5335693359375	256.1394348144531	468.4398193359375	398.6320495605469
0.27367541193962097	"man"	347.63323974609375	245.23861694335938	381.70306396484375	315.8834533691406
0.2704624831676483	"man"	517.0054931640625	242.646484375	576.318359375	372.57049560546875
