"score"	"label"	"x0"	"y0"	"x1"	"y1"
0.36615729331970215	"man"	104.61416625976562	501.4245910644531	127.0631103515625	559.2779541015625
0.3152313232421875	"man"	388.00067138671875	518.5393676757812	403.5263671875	553.0223999023438
0.2987031936645508	"man"	349.0769958496094	516.2662963867188	364.0548400878906	557.1780395507812
0.28115302324295044	"man"	257.9755859375	503.9540710449219	277.6328125	558.7724609375
0.26668694615364075	"man"	0.09946632385253906	524.9208984375	11.043660163879395	554.4786376953125
0.29512345790863037	"man"	241.3295440673828	506.2792663574219	258.88336181640625	557.9475708007812
0.2636075019836426	"man"	76.80377960205078	516.9284057617188	94.42546844482422	557.7156372070312
