score	label	x0	y0	x1	y1
0.5046998262405396	woman	537.6861572265625	179.91506958007812	567.11669921875	243.39215087890625
