"score"	"label"	"x0"	"y0"	"x1"	"y1"
0.612623929977417	"man"	8.615142822265625	88.08941650390625	585.124755859375	356.07696533203125
