score	label	x0	y0	x1	y1
0.4784039258956909	man	82.54792785644531	119.27566528320312	349.96856689453125	598.189208984375
