"score"	"label"	"x0"	"y0"	"x1"	"y1"
0.3690667450428009	"m ; a ; n"	2.62139892578125	22.13226318359375	571.6799926757812	598.0159912109375
