"score"	"label"	"x0"	"y0"	"x1"	"y1"
0.7882370352745056	"woman"	427.69879150390625	126.02399444580078	509.38165283203125	373.8782958984375
0.31616494059562683	"woman"	263.87884521484375	134.38290405273438	340.14794921875	367.07421875
0.2770307660102844	"woman"	70.89399719238281	129.13247680664062	158.1959228515625	365.3773193359375
0.27217090129852295	"woman"	150.52850341796875	140.47634887695312	214.80526733398438	357.5903625488281
0.2595992088317871	"woman"	0.5031242370605469	141.74627685546875	72.94456481933594	353.2366943359375
