"score"	"label"	"x0"	"y0"	"x1"	"y1"
0.44151654839515686	"man"	21.613113403320312	257.1256103515625	99.2791976928711	519.9389038085938
0.4328237473964691	"man"	185.81312561035156	364.7121276855469	290.6583251953125	483.1544494628906
0.3058396875858307	"man"	96.47628784179688	385.0583801269531	135.87185668945312	500.0743103027344
0.2873793840408325	"man"	78.73394012451172	374.1871337890625	113.39681243896484	501.1788330078125
0.25979694724082947	"man"	1.5812091827392578	275.32708740234375	57.261749267578125	517.2363891601562
