"score"	"label"	"x0"	"y0"	"x1"	"y1"
0.28801417350769043	"m a ;"	457.5767822265625	162.61566162109375	598.574462890625	306.6826477050781
