"score"	"label"	"x0"	"y0"	"x1"	"y1"
0.3700282573699951	"man"	481.0389709472656	249.97274780273438	493.8664855957031	270.1188659667969
0.29257577657699585	"woman"	481.1185302734375	250.11233520507812	493.89215087890625	270.0242004394531
