"score"	"label"	"x0"	"y0"	"x1"	"y1"
0.4960976243019104	"man"	22.733524322509766	110.4132080078125	142.15878295898438	497.51861572265625
0.32564598321914673	"woman"	23.199844360351562	110.59326171875	140.0006103515625	497.54498291015625
