score	label	x0	y0	x1	y1
0.532219409942627	man	142.2475128173828	170.47874450683594	169.6635284423828	203.7697906494141
