"score"	"label"	"x0"	"y0"	"x1"	"y1"
0.5565150380134583	"man"	493.314453125	106.11427307128906	542.883544921875	225.4919891357422
0.36862218379974365	"man"	479.25579833984375	121.88433074951172	503.29974365234375	220.30557250976562
0.3286817669868469	"man"	428.0707092285156	141.22555541992188	445.4742126464844	199.57907104492188
0.34310632944107056	"man"	456.2235412597656	125.24195861816406	486.7021789550781	216.01808166503906
0.32816246151924133	"man"	440.4822692871094	132.57040405273438	460.2140197753906	205.5303955078125
0.25403696298599243	"man"	446.1150207519531	126.40982055664062	470.7085266113281	205.96405029296875
