"score"	"label"	"x0"	"y0"	"x1"	"y1"
0.2902500033378601	"woman"	209.90748596191406	180.08412170410156	220.29798889160156	199.45509338378906
0.2529054582118988	"man"	210.48886108398438	180.41448974609375	219.62457275390625	199.07998657226562
