"score"	"label"	"x0"	"y0"	"x1"	"y1"
0.2561225891113281	"w"	50.342803955078125	86.44903564453125	351.32769775390625	501.425048828125
