"score"	"label"	"x0"	"y0"	"x1"	"y1"
0.3648250699043274	"man"	61.13552474975586	173.01171875	95.36473083496094	223.48202514648438
