"score"	"label"	"x0"	"y0"	"x1"	"y1"
0.3830331265926361	"m ; a ; n"	16.140487670898438	61.061614990234375	374.8795166015625	549.59619140625
