score	label	x0	y0	x1	y1
0.4790209829807281	woman	580.3336791992188	236.4855499267578	599.6450805664062	289.464111328125
