"score"	"label"	"x0"	"y0"	"x1"	"y1"
0.4197936952114105	"man"	246.9978179931641	185.162841796875	306.20550537109375	342.14031982421875
0.3980706334114074	"woman"	124.7770538330078	192.4310302734375	203.0741424560547	349.27984619140625
0.2866263389587402	"man"	375.0898132324219	196.20855712890625	425.5674743652344	338.964111328125
