"score"	"label"	"x0"	"y0"	"x1"	"y1"
0.29121845960617065	"woman"	35.622406005859375	90.85990142822266	580.907470703125	294.93951416015625
