"score"	"label"	"x0"	"y0"	"x1"	"y1"
0.35097214579582214	"woman"	86.11941528320312	199.46578979492188	152.26182556152344	372.8172912597656
0.3013831079006195	"woman"	419.6282958984375	243.39035034179688	477.5689697265625	378.2011413574219
0.28952616453170776	"woman"	132.10577392578125	231.3509521484375	201.15866088867188	374.87420654296875
0.3109516203403473	"woman"	472.32830810546875	191.81838989257812	525.3065795898438	366.5624084472656
0.36601319909095764	"woman"	85.41712951660156	140.05435180664062	525.9075317382812	373.7479553222656
0.29518455266952515	"man"	254.14752197265625	155.97247314453125	303.309814453125	228.97830200195312
0.3704427182674408	"man"	363.4219055175781	235.91714477539062	421.2474060058594	369.0484924316406
