"score"	"label"	"x0"	"y0"	"x1"	"y1"
0.39430519938468933	"woman"	293.9293518066406	360.07733154296875	317.0387878417969	407.0120849609375
0.3235565721988678	"woman"	420.3409118652344	269.9017639160156	431.0988464355469	294.2391662597656
0.2647491693496704	"woman"	533.62548828125	286.02996826171875	556.045166015625	327.49755859375
