"score"	"label"	"x0"	"y0"	"x1"	"y1"
0.4060836434364319	"woman"	531.5099487304688	25.143335342407227	573.8980102539062	75.80171203613281
0.3171932697296142	"woman"	339.5434875488281	36.63177490234375	364.3219909667969	78.38786315917969
