"score"	"label"	"x0"	"y0"	"x1"	"y1"
0.3602715730667114	"man"	206.20132446289062	261.2520446777344	226.253662109375	327.1675720214844
0.45023271441459656	"man"	164.62159729003906	253.68028259277344	195.3188934326172	348.0978698730469
0.28532302379608154	"man"	312.4278564453125	267.8399353027344	326.54498291015625	315.1274719238281
