"score"	"label"	"x0"	"y0"	"x1"	"y1"
0.2595108449459076	"man"	384.5510559082031	270.5113830566406	396.8185729980469	300.1551208496094
