"score"	"label"	"x0"	"y0"	"x1"	"y1"
0.34680137038230896	"man"	283.9832458496094	192.19961547851562	328.8448791503906	270.9117431640625
