"score"	"label"	"x0"	"y0"	"x1"	"y1"
0.2991591691970825	"woman"	22.612022399902344	305.9471130371094	30.53778839111328	323.9510803222656
0.3129281997680664	"woman"	95.88121032714844	317.81060791015625	102.81236267089844	330.10162353515625
