"score"	"label"	"x0"	"y0"	"x1"	"y1"
0.4669182300567627	"woman"	278.6987609863281	93.88717651367188	332.0423278808594	258.040771484375
0.26563525199890137	"man"	262.2127380371094	91.05419921875	332.1088562011719	257.272216796875
0.3963659107685089	"man"	262.32879638671875	92.35305786132812	299.65863037109375	250.93670654296875
