"score"	"label"	"x0"	"y0"	"x1"	"y1"
0.29305678606033325	"woman"	451.7537841796875	167.0829315185547	465.277099609375	200.13746643066406
0.31967753171920776	"woman"	419.04327392578125	167.74929809570312	433.13421630859375	203.978271484375
0.3059237003326416	"man"	419.447021484375	167.89874267578125	432.86767578125	203.83843994140625
