"score"	"label"	"x0"	"y0"	"x1"	"y1"
0.33338040113449097	"man"	9.18722152709961	273.6889953613281	22.49064826965332	297.5859680175781
0.25110194087028503	"man"	23.809219360351562	260.7979736328125	32.29457473754883	276.55841064453125
