"score"	"label"	"x0"	"y0"	"x1"	"y1"
0.587507963180542	"man"	11.32757568359375	139.7271728515625	94.4477310180664	374.58551025390625
