"score"	"label"	"x0"	"y0"	"x1"	"y1"
0.26478949189186096	"man"	1.08319091796875	0.9588165283203125	598.4387817382812	449.33099365234375
