"score"	"label"	"x0"	"y0"	"x1"	"y1"
0.27099770307540894	"man"	178.68374633789062	67.56358337402344	511.8755798339844	290.71929931640625
