"score"	"label"	"x0"	"y0"	"x1"	"y1"
0.44513583183288574	"man"	10.754852294921875	20.38079833984375	485.310302734375	567.4913330078125
0.2877817451953888	"man"	250.19241333007812	25.1448974609375	473.1061706542969	560.83154296875
0.2670742869377136	"man"	14.489059448242188	29.24017333984375	242.18714904785156	559.0052490234375
