"score"	"label"	"x0"	"y0"	"x1"	"y1"
0.5278186202049255	"woman"	391.3317260742187	213.10275268554688	555.75732421875	460.7694396972656
0.3518860936164856	"man"	282.9146423339844	200.50030517578125	358.0728454589844	286.235107421875
0.2906956076622009	"woman"	41.46745300292969	211.0435485839844	179.52354431152344	460.7103576660156
