"score"	"label"	"x0"	"y0"	"x1"	"y1"
0.8456248044967651	"man"	0.14849853515625	71.04412841796875	346.27349853515625	549.7164916992188
