"score"	"label"	"x0"	"y0"	"x1"	"y1"
0.31770649552345276	"m ; a ; n"	17.4407958984375	1.005157470703125	549.9388427734375	430.3041076660156
