"score"	"label"	"x0"	"y0"	"x1"	"y1"
0.7362626194953918	"man"	376.2129211425781	167.25811767578125	426.7444152832031	288.6139831542969
