"score"	"label"	"x0"	"y0"	"x1"	"y1"
0.6815601587295532	"man"	341.7136535644531	80.31171417236328	506.7134094238281	238.916015625
0.6804642677307129	"man"	339.3696594238281	23.141571044921875	409.9645080566406	186.5481719970703
0.6245529651641846	"man"	229.20184326171875	31.132354736328125	294.002197265625	180.32310485839844
0.43047288060188293	"man"	128.53933715820312	63.840667724609375	302.391845703125	236.56515502929688
0.4781946837902069	"man"	456.6273193359375	49.78133773803711	505.31768798828125	137.28182983398438
0.2780101001262665	"man"	128.01467895507812	63.67240905761719	262.6418151855469	233.0193328857422
0.34681233763694763	"man"	128.54595947265625	63.842681884765625	331.78692626953125	235.9881591796875
