"score"	"label"	"x0"	"y0"	"x1"	"y1"
0.28660666942596436	"man"	444.5008544921875	221.17294311523438	500.79327392578125	334.5113830566406
