"score"	"label"	"x0"	"y0"	"x1"	"y1"
0.678783655166626	"woman"	471.0400695800781	21.73175048828125	566.7496948242188	571.0106811523438
