"score"	"label"	"x0"	"y0"	"x1"	"y1"
0.3963164687156677	"woman"	1.1459236145019531	223.03704833984375	89.99679565429688	371.462890625
0.3084695637226105	"woman"	1.579071044921875	223.50094604492188	88.10287475585938	350.0681457519531
