score	label	x0	y0	x1	y1
0.2665897905826568	woman	8.55035400390625	7.026580810546875	593.140625	418.1889343261719
