"score"	"label"	"x0"	"y0"	"x1"	"y1"
0.4336000084877014	"man"	303.347900390625	127.78179931640625	561.8353881835938	381.7886962890625
0.42033132910728455	"man"	9.725669860839844	127.75009155273438	255.89996337890625	384.2670593261719
