"score"	"label"	"x0"	"y0"	"x1"	"y1"
0.4787232279777527	"woman"	102.3817901611328	202.1572265625	296.1051025390625	382.3170776367187
