"score"	"label"	"x0"	"y0"	"x1"	"y1"
0.30326879024505615	"man"	110.28462219238281	272.4120178222656	120.36979675292969	285.6505432128906
