"score"	"label"	"x0"	"y0"	"x1"	"y1"
0.3071628212928772	"man"	208.27899169921875	97.91665649414062	361.105224609375	205.49041748046875
