"score"	"label"	"x0"	"y0"	"x1"	"y1"
0.2613142728805542	"man"	553.6319580078125	276.9416198730469	575.207763671875	317.8363342285156
0.2715217173099518	"man"	395.68133544921875	57.528160095214844	416.71600341796875	93.86698150634766
