"score"	"label"	"x0"	"y0"	"x1"	"y1"
0.26240894198417664	"m"	42.949462890625	0.7635650634765625	499.69171142578125	355.58807373046875
