"score"	"label"	"x0"	"y0"	"x1"	"y1"
0.9089320302009583	"woman"	129.1085968017578	92.15873718261719	242.3289031982422	453.0692138671875
