"score"	"label"	"x0"	"y0"	"x1"	"y1"
0.9259951114654541	"woman"	133.3388671875	177.0247344970703	305.2679748535156	543.08935546875
