score	label	x0	y0	x1	y1
0.4527063965797424	man	118.2218780517578	61.04388427734375	270.43701171875	401.0547180175781
0.3311927616596222	man woman	366.2951049804687	82.00248718261719	520.6087036132812	397.47607421875
