score	label	x0	y0	x1	y1
0.3549082279205322	man	3.256439208984375	1.771453857421875	596.3287353515625	380.5944519042969
