"score"	"label"	"x0"	"y0"	"x1"	"y1"
0.33828169107437134	"w o"	254.8799591064453	148.31443786621094	378.3070068359375	539.7764282226562
0.299103319644928	"w o"	254.9637451171875	148.379150390625	378.21868896484375	539.8203735351562
