"score"	"label"	"x0"	"y0"	"x1"	"y1"
0.2727799713611603	"woman"	213.0511474609375	214.41146850585935	223.73861694335935	230.3070068359375
