"score"	"label"	"x0"	"y0"	"x1"	"y1"
0.6496343612670898	"man"	362.4600830078125	40.33367919921875	513.5626220703125	281.7516174316406
0.6538053750991821	"man"	53.13511657714844	29.416091918945312	221.5790557861328	293.98193359375
0.328390896320343	"man"	217.80587768554688	59.48284149169922	369.0082702636719	296.9726257324219
0.30955085158348083	"man"	217.30535888671875	59.13517761230469	369.26763916015625	365.45550537109375
0.29909786581993103	"man"	216.94741821289062	59.65742492675781	369.4320983886719	407.125732421875
