"score"	"label"	"x0"	"y0"	"x1"	"y1"
0.5856467485427856	"woman"	0.185150146484375	-0.118499755859375	481.6355895996094	395.3272399902344
