"score"	"label"	"x0"	"y0"	"x1"	"y1"
0.26651671528816223	"a"	1.599334716796875	241.34469604492188	598.641845703125	391.0152893066406
