"score"	"label"	"x0"	"y0"	"x1"	"y1"
0.2598613500595093	"m"	154.48443603515625	146.3300323486328	437.0181884765625	299.11541748046875
