"score"	"label"	"x0"	"y0"	"x1"	"y1"
0.5498897433280945	"man"	200.65843200683594	226.5011444091797	356.04864501953125	533.186767578125
0.3986763060092926	"woman"	201.67288208007812	226.91754150390625	355.2665710449219	533.159423828125
