"score"	"label"	"x0"	"y0"	"x1"	"y1"
0.5630572438240051	"woman"	485.6711120605469	225.17837524414062	503.0133972167969	256.2614440917969
0.5425931215286255	"woman"	501.87005615234375	226.33961486816406	517.454345703125	256.1919250488281
0.2885109782218933	"woman"	46.781192779541016	214.67074584960938	58.94235610961914	231.90728759765625
0.32520729303359985	"woman"	513.218017578125	218.1923065185547	529.004638671875	236.7757110595703
0.27699825167655945	"woman"	529.0007934570312	218.40670776367188	542.8871459960938	238.00076293945312
