"score"	"label"	"x0"	"y0"	"x1"	"y1"
0.3289063274860382	"man"	30.1590576171875	111.85374450683594	590.0082397460938	409.11962890625
