"score"	"label"	"x0"	"y0"	"x1"	"y1"
0.4266898036003113	"man"	142.73660278320312	136.16259765625	265.8205261230469	318.1957702636719
0.49336162209510803	"woman"	167.72113037109375	122.27030944824219	425.03363037109375	434.38507080078125
0.2718462646007538	"man"	164.53244018554688	122.02760314941406	425.0220642089844	434.129638671875
