"score"	"label"	"x0"	"y0"	"x1"	"y1"
0.4676903486251831	"man"	170.7141571044922	118.30563354492188	186.5193634033203	151.45388793945312
