score	label	x0	y0	x1	y1
0.484930545091629	man	68.59976196289062	45.779449462890625	240.1297607421875	548.567138671875
0.4434263408184051	woman	175.73867797851562	99.11911010742188	353.2733459472656	549.220947265625
