"score"	"label"	"x0"	"y0"	"x1"	"y1"
0.5596073269844055	"man"	15.28326416015625	76.45502471923828	126.91578674316406	321.2727355957031
0.44214698672294617	"man"	319.52166748046875	100.08139038085938	384.68597412109375	292.26873779296875
0.48895278573036194	"man"	147.88775634765625	77.64228820800781	228.41903686523438	195.9524383544922
0.5006029605865479	"man"	229.99331665039062	92.0688705444336	297.7652282714844	197.37991333007812
0.399288535118103	"man"	434.04052734375	85.57794189453125	488.01336669921875	240.79714965820312
0.32721322774887085	"man"	374.57708740234375	77.33982849121094	448.0325927734375	295.746337890625
0.38811588287353516	"man"	462.6094055175781	76.53491973876953	533.342041015625	240.36590576171875
0.37033742666244507	"man"	378.11181640625	77.35613250732422	448.00360107421875	236.88021850585938
0.3302088975906372	"man"	460.2841491699219	76.38997650146484	533.6195678710938	312.1230773925781
