"score"	"label"	"x0"	"y0"	"x1"	"y1"
0.3155137598514557	"w"	108.46623992919922	53.862152099609375	298.4544677734375	494.5723571777344
0.2699350118637085	"w o"	108.43696594238281	53.952880859375	298.5338134765625	494.7213134765625
