"score"	"label"	"x0"	"y0"	"x1"	"y1"
0.5134701728820801	"man"	112.84081268310547	249.7479248046875	260.01812744140625	599.475341796875
0.3325115740299225	"man"	305.35101318359375	275.4390869140625	484.42596435546875	599.4614868164062
