"score"	"label"	"x0"	"y0"	"x1"	"y1"
0.29193222522735596	"woman"	161.72377014160156	154.66085815429688	265.0511474609375	347.93426513671875
0.26970207691192627	"woman"	166.190673828125	156.05514526367188	263.1573181152344	322.3858947753906
0.2664002478122711	"man"	167.14208984375	156.49002075195312	262.4884338378906	322.9494934082031
0.25360041856765747	"woman"	145.8001708984375	154.06753540039062	273.1143493652344	356.9413146972656
