"score"	"label"	"x0"	"y0"	"x1"	"y1"
0.4100322425365448	"man"	231.7604217529297	54.657135009765625	378.10003662109375	398.3304138183594
0.3991979360580444	"woman"	148.0679168701172	69.21208190917969	242.21141052246097	362.3826293945313
0.2665698230266571	"man"	91.05752563476562	56.861236572265625	163.91770935058594	343.7489318847656
