"score"	"label"	"x0"	"y0"	"x1"	"y1"
0.4176297187805176	"man"	146.88693237304688	97.97174072265625	472.6966247558594	427.08660888671875
0.3181213438510895	"woman"	146.961669921875	98.55445861816406	472.0072021484375	426.7542724609375
