score	label	x0	y0	x1	y1
0.326621264219284	woman	275.3410949707031	182.3065185546875	286.9123840332031	206.9298095703125
