score	label	x0	y0	x1	y1
0.3452699780464172	man	526.0504150390625	345.57330322265625	545.6943359375	372.2421875
