"score"	"label"	"x0"	"y0"	"x1"	"y1"
0.5003500580787659	"man"	85.21975708007812	96.65415954589844	578.4837646484375	599.70556640625
