"score"	"label"	"x0"	"y0"	"x1"	"y1"
0.2933861017227173	"man"	390.2072143554687	197.3107452392578	426.80279541015625	272.4288024902344
