"score"	"label"	"x0"	"y0"	"x1"	"y1"
0.4589041471481323	"woman"	129.560546875	321.810302734375	377.4968566894531	579.7190551757812
0.34056800603866577	"man"	323.40655517578125	274.3387451171875	469.228515625	450.94708251953125
0.30070048570632935	"man"	131.33828735351562	323.0745544433594	376.63427734375	580.267333984375
0.25484851002693176	"woman"	126.44758605957031	270.72027587890625	470.1710205078125	580.1358642578125
