"score"	"label"	"x0"	"y0"	"x1"	"y1"
0.2723604142665863	"w"	14.883651733398438	76.15802001953125	431.9967041015625	598.6693115234375
