score	label	x0	y0	x1	y1
0.5498897433280945	man	200.6584320068359	226.5011444091797	356.04864501953125	533.186767578125
