"score"	"label"	"x0"	"y0"	"x1"	"y1"
0.32606956362724304	"m ; a ;"	10.604995727539062	22.9205322265625	413.91546630859375	483.7262878417969
