score	label	x0	y0	x1	y1
0.4642747938632965	woman	183.06768798828125	264.85760498046875	217.76791381835935	387.1998291015625
0.2866412103176117	woman	172.81300354003906	258.4798278808594	228.5083770751953	391.6748962402344
