"score"	"label"	"x0"	"y0"	"x1"	"y1"
0.6691262125968933	"woman"	60.66331100463867	222.37289428710938	176.390869140625	542.6004638671875
0.42832350730895996	"woman"	166.1739501953125	213.0633544921875	291.3996887207031	549.2512817382812
0.3545995354652405	"woman"	272.15545654296875	221.36624145507812	368.48291015625	531.89453125
