"score"	"label"	"x0"	"y0"	"x1"	"y1"
0.4075638949871063	"man"	279.0863037109375	212.79901123046875	294.68701171875	237.58578491210938
0.38359305262565613	"man"	302.9938049316406	210.8336639404297	319.6660461425781	243.60105895996094
