"score"	"label"	"x0"	"y0"	"x1"	"y1"
0.49035564064979553	"woman"	118.84855651855469	62.07691955566406	270.23236083984375	401.76214599609375
0.4419713318347931	"woman"	366.828125	82.97918701171875	520.0135498046875	397.3475341796875
