"score"	"label"	"x0"	"y0"	"x1"	"y1"
0.2803526520729065	"man"	213.0262908935547	189.7257537841797	223.91490173339844	209.12684631347656
