score	label	x0	y0	x1	y1
0.3714246153831482	man	40.973907470703125	138.3518524169922	518.5943603515625	323.57098388671875
0.3618410229682922	man	42.34190368652344	200.9224395751953	83.11857604980469	319.33123779296875
0.2584537267684936	woman	241.4035797119141	235.31695556640625	276.91571044921875	323.6849365234375
