"score"	"label"	"x0"	"y0"	"x1"	"y1"
0.28638049960136414	"m ; a ; n"	4.81365966796875	5.361175537109375	595.55224609375	383.3938903808594
