"score"	"label"	"x0"	"y0"	"x1"	"y1"
0.4618489146232605	"man woman"	518.10009765625	192.29025268554688	592.789794921875	420.6517028808594
