"score"	"label"	"x0"	"y0"	"x1"	"y1"
0.31115075945854187	"man"	383.1532287597656	376.2352600097656	407.5097961425781	405.2226867675781
0.25006118416786194	"woman"	383.6580505371094	376.551513671875	407.2563781738281	405.5428466796875
