score	label	x0	y0	x1	y1
0.4297734200954437	woman	4.43524169921875	152.23703002929688	352.60406494140625	549.0189208984375
