"score"	"label"	"x0"	"y0"	"x1"	"y1"
0.28302183747291565	"a"	251.11227416992188	75.025390625	377.5402526855469	337.19342041015625
