"score"	"label"	"x0"	"y0"	"x1"	"y1"
0.3712340295314789	"woman"	461.3918762207031	227.9464111328125	478.8667907714844	268.7672119140625
0.3172607421875	"man"	463.07476806640625	228.6669921875	477.11724853515625	265.6708068847656
0.2512696087360382	"woman"	457.3272705078125	225.78134155273438	482.6578369140625	271.36444091796875
0.25097253918647766	"woman"	462.9574279785156	228.5366668701172	476.6405334472656	254.83518981933594
