score	label	x0	y0	x1	y1
0.4445357918739319	man	144.91278076171875	85.71815490722656	339.8551330566406	327.66766357421875
0.4406309723854065	woman	269.2253723144531	98.28226470947266	410.1132507324219	311.4679260253906
0.2848718166351318	woman	350.697021484375	68.75565338134766	490.6055908203125	286.6015930175781
