"score"	"label"	"x0"	"y0"	"x1"	"y1"
0.28400537371635437	"m"	133.4766387939453	2.4079742431640625	559.511474609375	451.488037109375
