score	label	x0	y0	x1	y1
0.3976113200187683	man	307.67071533203125	95.8800048828125	387.7950439453125	404.48822021484375
0.3717840313911438	woman	351.80657958984375	108.89256286621094	478.95611572265625	428.74560546875
0.2982633411884308	woman	218.9375457763672	94.48411560058594	321.26116943359375	403.6404418945313
0.2936426103115082	woman	120.81117248535156	107.57957458496094	216.0704803466797	405.12249755859375
