"score"	"label"	"x0"	"y0"	"x1"	"y1"
0.519386887550354	"man"	422.02264404296875	192.01409912109375	439.6033935546875	214.71951293945312
