"score"	"label"	"x0"	"y0"	"x1"	"y1"
0.5795617699623108	"woman"	37.348388671875	110.80563354492188	216.00442504882812	482.1622009277344
0.40245547890663147	"man"	37.65375518798828	111.12864685058594	215.53012084960938	482.00042724609375
0.28809285163879395	"woman"	37.39021301269531	110.75750732421875	216.1852569580078	482.078125
