score	label	x0	y0	x1	y1
0.4393854737281799	woman	416.7590942382813	256.294677734375	440.1873779296875	310.32379150390625
0.2810277342796325	woman	399.3734436035156	254.87661743164065	446.6512145996094	312.1438293457031
