"score"	"label"	"x0"	"y0"	"x1"	"y1"
0.44598639011383057	"woman"	329.3916320800781	216.36679077148438	397.5475158691406	376.6078186035156
0.502217173576355	"man"	277.1954040527344	203.52685546875	333.1799011230469	346.8472900390625
0.428658127784729	"woman"	229.9277801513672	209.24267578125	279.9026184082031	362.29107666015625
0.35608959197998047	"woman"	198.25779724121094	256.8533020019531	238.8948211669922	371.0005187988281
