score	label	x0	y0	x1	y1
0.3658532500267029	man	349.6146545410156	184.581298828125	418.4462585449219	287.0011291503906
0.3495335280895233	woman	244.5830841064453	208.06353759765625	288.59716796875	284.10833740234375
0.2871842086315155	man	283.1823425292969	184.8929901123047	339.0467834472656	291.81365966796875
