"score"	"label"	"x0"	"y0"	"x1"	"y1"
0.4905903935432434	"man"	49.76384735107422	77.74246215820312	117.6498031616211	155.13937377929688
0.3664300143718719	"woman"	132.03712463378906	76.3036880493164	170.28416442871094	135.4173583984375
