"score"	"label"	"x0"	"y0"	"x1"	"y1"
0.2540538012981415	"man"	189.7716827392578	268.73150634765625	198.55238342285156	283.86065673828125
