"score"	"label"	"x0"	"y0"	"x1"	"y1"
0.40909430384635925	"man"	7.0539398193359375	102.87062072753906	224.08299255371094	387.6614990234375
0.3350372016429901	"woman"	283.6512756347656	144.54879760742188	335.8836975097656	241.203125
