"score"	"label"	"x0"	"y0"	"x1"	"y1"
0.4327905476093292	"man"	58.06114196777344	53.374847412109375	182.60887145996094	454.63018798828125
0.33244532346725464	"man"	299.1946105957031	67.33464050292969	411.6466979980469	455.7132568359375
0.31142815947532654	"man"	178.90997314453125	70.83807373046875	302.9274597167969	455.629638671875
0.2810174226760864	"man"	401.56451416015625	55.7437744140625	538.710693359375	458.48944091796875
