score	label	x0	y0	x1	y1
0.4247439503669739	man	293.4659729003906	157.3447265625	384.1570739746094	427.7244262695313
0.424259752035141	woman	226.3282012939453	181.84988403320312	310.42718505859375	444.8695983886719
0.2900732159614563	man	225.87863159179688	153.2776336669922	385.7012023925781	442.305419921875
