"score"	"label"	"x0"	"y0"	"x1"	"y1"
0.6412415504455566	"man"	89.04180908203125	255.1786346435547	319.66326904296875	598.3854370117188
