"score"	"label"	"x0"	"y0"	"x1"	"y1"
0.4437940716743469	"woman"	37.26542663574219	204.41912841796875	346.36651611328125	595.4625244140625
0.5577201843261719	"man"	248.69830322265625	90.99911499023438	416.04473876953125	593.841552734375
0.2867881655693054	"man"	6.080696105957031	92.73439025878906	136.177001953125	594.4961547851562
