"score"	"label"	"x0"	"y0"	"x1"	"y1"
0.43071097135543823	"woman"	361.0	118.76821899414062	516.4315185546875	592.788818359375
0.2778858244419098	"woman"	46.86540222167969	163.09521484375	190.87249755859375	528.7306518554688
0.3161640763282776	"woman"	545.7659301757812	104.27363586425781	600.0720825195312	524.7044677734375
0.2717309594154358	"woman"	173.26234436035156	162.7471923828125	268.1246337890625	485.63818359375
0.2876777946949005	"woman"	453.4093017578125	116.72093200683594	550.9891357421875	511.08770751953125
0.2577742338180542	"woman"	278.82305908203125	145.1586151123047	377.9576416015625	561.1763305664062
0.25729119777679443	"woman"	0.005184173583984375	196.4640350341797	74.23777770996094	525.0748901367188
