"score"	"label"	"x0"	"y0"	"x1"	"y1"
0.470638245344162	"man"	319.5888366699219	190.20718383789062	342.9939880371094	241.07281494140625
0.2599628269672394	"man"	326.1673889160156	190.63619995117188	342.1903381347656	220.90313720703125
