"score"	"label"	"x0"	"y0"	"x1"	"y1"
0.2569302022457123	"woman"	267.102294921875	137.84544372558594	304.54632568359375	251.4337615966797
0.3430160880088806	"man"	267.3557434082031	137.7581329345703	304.4050598144531	251.30897521972656
0.274808794260025	"man"	48.02892303466797	147.31504821777344	87.23419952392578	265.58099365234375
0.3727763593196869	"man"	5.146228790283203	135.39578247070312	48.609798431396484	270.3511962890625
0.29889485239982605	"man"	197.232421875	142.5804901123047	233.18280029296875	249.6752166748047
0.3154495060443878	"man"	127.61551666259766	141.58016967773438	164.20452880859375	256.6424865722656
0.2680835425853729	"man"	161.99327087402344	142.2470703125	194.46400451660156	253.05679321289062
0.2740305960178375	"man"	2.42578125	134.787109375	599.0732421875	268.74566650390625
0.26424816250801086	"man"	83.5496597290039	138.59808349609375	121.21617889404297	260.6372375488281
