score	label	x0	y0	x1	y1
0.3779943585395813	woman	165.39862060546875	98.28710174560548	363.9930419921875	195.6741943359375
