"score"	"label"	"x0"	"y0"	"x1"	"y1"
0.616386353969574	"man"	355.58831787109375	158.67735290527344	540.2632446289062	411.43707275390625
0.6949815154075623	"man"	56.375736236572266	78.234375	166.8592071533203	384.5107727050781
0.6113479137420654	"man"	168.2664031982422	154.8593292236328	365.77197265625	403.28265380859375
0.5628610849380493	"man"	287.6666259765625	132.79933166503906	404.15667724609375	395.93353271484375
0.47876378893852234	"man"	397.13140869140625	116.76010131835938	488.327392578125	267.66485595703125
0.5510575771331787	"man"	351.2098693847656	73.07723999023438	429.1258850097656	230.95297241210938
0.5526446104049683	"man"	219.41726684570312	79.20500946044922	332.7560119628906	263.94677734375
