score	label	x0	y0	x1	y1
0.2821921408176422	man	357.8139343261719	353.8876037597656	372.6061706542969	375.1230163574219
