"score"	"label"	"x0"	"y0"	"x1"	"y1"
0.29254576563835144	"woman"	91.0123519897461	69.20468139648438	127.5287857055664	127.72335815429688
0.3779492676258087	"woman"	89.82396697998047	68.7132568359375	140.67205810546875	159.54150390625
0.2539921700954437	"man"	182.91787719726562	306.7831726074219	275.2403259277344	400.3254699707031
0.3066738545894623	"man"	62.73286819458008	109.9149169921875	122.3203125	173.05886840820312
