"score"	"label"	"x0"	"y0"	"x1"	"y1"
0.30783891677856445	"woman"	264.1936340332031	432.7055969238281	311.5708312988281	552.9228515625
0.2877959907054901	"woman"	364.9434814453125	-0.027780532836914062	463.4671630859375	43.306365966796875
0.27568963170051575	"woman"	361.33453369140625	-0.017192840576171875	510.7542724609375	44.70734786987305
0.2590477466583252	"man"	367.1982421875	0.06400871276855469	462.55303955078125	43.13249969482422
