"score"	"label"	"x0"	"y0"	"x1"	"y1"
0.8672661781311035	"woman"	40.54541015625	254.81556701660156	265.9942626953125	562.6861572265625
