"score"	"label"	"x0"	"y0"	"x1"	"y1"
0.2619628608226776	"woman"	3.447589874267578	4.557888031005859	65.92250061035156	128.5631103515625
