"score"	"label"	"x0"	"y0"	"x1"	"y1"
0.26547420024871826	"man"	45.76189041137695	244.81878662109375	58.07817459106445	261.6930236816406
0.265093594789505	"man"	35.40655517578125	143.15899658203125	565.3777465820312	330.5705261230469
