"score"	"label"	"x0"	"y0"	"x1"	"y1"
0.6392998099327087	"man"	133.8152618408203	21.8375244140625	404.07806396484375	598.5183715820312
