score	label	x0	y0	x1	y1
0.3658559620380401	man woman	214.42507934570312	119.20992279052734	283.43853759765625	257.84271240234375
