"score"	"label"	"x0"	"y0"	"x1"	"y1"
0.2614595890045166	"a"	10.40338134765625	11.04595947265625	591.1703491210938	394.4447021484375
