"score"	"label"	"x0"	"y0"	"x1"	"y1"
0.37383508682250977	"man"	82.52095794677734	6.486419677734375	193.76107788085938	272.8433837890625
