"score"	"label"	"x0"	"y0"	"x1"	"y1"
0.3092835247516632	"w"	20.540267944335938	73.1048583984375	340.1318359375	549.5667114257812
0.26685580611228943	"w"	21.392379760742188	73.40460205078125	340.3194580078125	549.9617919921875
0.2569914758205414	"w"	23.044876098632812	73.28919982910156	340.31573486328125	549.5581665039062
