"score"	"label"	"x0"	"y0"	"x1"	"y1"
0.28008225560188293	"man"	125.30574798583984	193.14508056640625	284.017333984375	342.01605224609375
