"score"	"label"	"x0"	"y0"	"x1"	"y1"
0.9103659391403198	"man"	73.93126678466797	94.95234680175781	325.3336181640625	504.02093505859375
