score	label	x0	y0	x1	y1
0.2510486841201782	man	532.7439575195312	241.39059448242188	552.8919067382812	264.29266357421875
