"score"	"label"	"x0"	"y0"	"x1"	"y1"
0.4304351508617401	"man"	74.93260192871094	237.0474853515625	249.09165954589844	439.54144287109375
0.2569881081581116	"man"	428.51239013671875	94.9364013671875	544.7071533203125	417.63330078125
0.26610690355300903	"man"	1.2854423522949219	114.87266540527344	114.98139953613281	437.617431640625
0.2868298292160034	"man"	106.43741607666016	97.10945892333984	237.1131591796875	263.6152038574219
0.2606477439403534	"man"	105.39891815185547	95.92897033691406	246.90780639648438	435.838134765625
0.25122901797294617	"man"	428.6894226074219	95.66737365722656	544.3148803710938	382.775634765625
