"score"	"label"	"x0"	"y0"	"x1"	"y1"
0.4066706597805023	"man"	275.3289794921875	109.63350677490234	437.46026611328125	329.77996826171875
0.316445916891098	"man"	274.8795471191406	109.00625610351562	469.3828430175781	330.45068359375
