"score"	"label"	"x0"	"y0"	"x1"	"y1"
0.25868162512779236	"w"	187.033203125	39.52272033691406	319.05548095703125	513.3587646484375
