"score"	"label"	"x0"	"y0"	"x1"	"y1"
0.2801072895526886	"; a"	87.18960571289062	196.81430053710938	583.5340576171875	344.6268615722656
0.2591637670993805	"a"	86.21099853515625	174.20782470703125	586.1218872070312	347.1307373046875
