"score"	"label"	"x0"	"y0"	"x1"	"y1"
0.4728837609291076	"woman"	188.97251892089844	177.8004608154297	201.3679046630859	200.87876892089844
