"score"	"label"	"x0"	"y0"	"x1"	"y1"
0.5299381017684937	"man"	211.94711303710938	159.51235961914062	391.9051208496094	361.0432434082031
0.5677223801612854	"woman"	211.92469787597656	159.46600341796875	392.35516357421875	361.231201171875
0.4089282155036926	"woman"	211.9345245361328	159.5044403076172	392.130126953125	361.47119140625
0.28066128492355347	"man"	239.24758911132812	159.87408447265625	369.3328552246094	307.73919677734375
