"score"	"label"	"x0"	"y0"	"x1"	"y1"
0.2623116970062256	"w a"	1.1508331298828125	51.887847900390625	392.6156005859375	599.249267578125
