"score"	"label"	"x0"	"y0"	"x1"	"y1"
0.32461684942245483	"man"	0.01909637451171875	277.5768127441406	26.366947174072266	394.5506896972656
0.31727543473243713	"man"	275.671142578125	288.69207763671875	289.897705078125	329.093017578125
0.25116151571273804	"man"	337.28619384765625	295.9538879394531	355.30364990234375	339.2832336425781
0.2805410325527191	"man"	263.8825378417969	294.4457702636719	274.8492736816406	325.2662048339844
