score	label	x0	y0	x1	y1
0.3128187656402588	woman	390.6230163574219	246.30506896972656	427.5334777832031	311.0904235839844
