"score"	"label"	"x0"	"y0"	"x1"	"y1"
0.35340163111686707	"m a n"	189.42776489257812	171.77487182617188	304.1693115234375	502.5600891113281
