"score"	"label"	"x0"	"y0"	"x1"	"y1"
0.27086517214775085	"woman"	502.3671569824219	198.11724853515625	558.150390625	340.6953125
