"score"	"label"	"x0"	"y0"	"x1"	"y1"
0.6542398929595947	"woman"	109.57877349853516	222.78868103027344	137.79696655273438	279.1578674316406
