"score"	"label"	"x0"	"y0"	"x1"	"y1"
0.2552642524242401	"man"	543.6276245117188	125.93458557128906	594.4974975585938	229.44883728027344
