"score"	"label"	"x0"	"y0"	"x1"	"y1"
0.5984319448471069	"man"	165.9476318359375	212.8867950439453	291.47467041015625	549.1084594726562
0.5426263809204102	"man"	272.2633361816406	221.3386993408203	368.7315979003906	531.9356689453125
0.45230409502983093	"man"	60.542659759521484	222.27659606933594	176.67083740234375	543.1336669921875
