"score"	"label"	"x0"	"y0"	"x1"	"y1"
0.32761409878730774	"woman"	101.77932739257812	385.62823486328125	315.5163879394531	543.9512939453125
