"score"	"label"	"x0"	"y0"	"x1"	"y1"
0.331877201795578	"m ; a ; n"	220.91371154785156	45.888916015625	490.16436767578125	395.3614501953125
