"score"	"label"	"x0"	"y0"	"x1"	"y1"
0.4313138425350189	"man woman"	401.97509765625	243.778564453125	488.98394775390625	438.6851806640625
