"score"	"label"	"x0"	"y0"	"x1"	"y1"
0.40912288427352905	"man"	471.071044921875	272.9620666503906	528.1422119140625	458.0451965332031
0.41584181785583496	"man"	150.35809326171875	271.17791748046875	210.89639282226562	467.3697509765625
0.32242974638938904	"man"	381.83990478515625	271.6761779785156	422.86181640625	458.7602233886719
0.3362885117530823	"man"	228.73377990722656	271.7760314941406	282.7662658691406	457.6863708496094
0.3119416832923889	"man"	259.5306396484375	264.1436462402344	325.30059814453125	471.3006896972656
0.3160061538219452	"man"	413.9170227050781	287.8924255371094	471.0195617675781	449.5777893066406
0.3170657753944397	"man"	316.6771545410156	275.0260314941406	363.1297912597656	447.0511779785156
0.25058308243751526	"man"	519.107177734375	296.9320373535156	544.716796875	389.8396911621094
0.27740129828453064	"man"	274.56915283203125	264.07220458984375	324.41357421875	470.90673828125
