"score"	"label"	"x0"	"y0"	"x1"	"y1"
0.46214839816093445	"man"	270.6733093261719	238.21498107910156	360.1507873535156	367.637939453125
0.4186874032020569	"woman"	172.0760040283203	133.97146606445312	269.4727783203125	276.2677917480469
0.30213743448257446	"woman"	172.72645568847656	134.89193725585938	249.09727478027344	259.11376953125
