score	label	x0	y0	x1	y1
0.4753889143466949	man	511.5256042480469	173.0084686279297	582.693359375	365.5579223632813
0.404556393623352	woman	274.63543701171875	281.32586669921875	370.54693603515625	384.9573974609375
0.258472591638565	man	11.844139099121094	285.9975891113281	86.72848510742188	401.8979797363281
