"score"	"label"	"x0"	"y0"	"x1"	"y1"
0.2973252832889557	"man"	105.90859985351562	210.4470672607422	112.90335083007812	215.08143615722656
