"score"	"label"	"x0"	"y0"	"x1"	"y1"
0.9047675132751465	"man"	201.90475463867188	227.51512145996094	355.3638000488281	532.74951171875
