score	label	x0	y0	x1	y1
0.5549029111862183	woman	332.8288879394531	106.94147491455078	434.5633850097656	301.0325012207031
0.4734587073326111	man	258.9635009765625	124.24064636230467	350.08154296875	402.84814453125
