"score"	"label"	"x0"	"y0"	"x1"	"y1"
0.9083576202392578	"woman"	163.12933349609375	36.895660400390625	328.59576416015625	541.6768798828125
