"score"	"label"	"x0"	"y0"	"x1"	"y1"
0.7067151069641113	"woman"	298.8941650390625	234.6368408203125	339.57958984375	340.65594482421875
0.5542908906936646	"woman"	343.00665283203125	234.74832153320312	377.8857421875	336.6294250488281
0.27051374316215515	"woman"	473.89971923828125	242.20370483398438	484.433837890625	270.1578063964844
