"score"	"label"	"x0"	"y0"	"x1"	"y1"
0.5115580558776855	"man"	74.63954162597656	319.11956787109375	416.703125	531.279296875
0.35007452964782715	"woman"	78.65492248535156	319.69708251953125	416.12939453125	530.1893920898438
