score	label	x0	y0	x1	y1
0.4455692172050476	man	67.99808502197266	445.296630859375	128.6268310546875	563.656494140625
0.302991509437561	woman	2.338653564453125	438.5922546386719	31.387676239013672	502.2127990722656
