"score"	"label"	"x0"	"y0"	"x1"	"y1"
0.28915464878082275	"woman"	126.92205047607422	304.61962890625	132.9909210205078	319.2470703125
