"score"	"label"	"x0"	"y0"	"x1"	"y1"
0.6702524423599243	"man"	263.9109802246094	134.3271484375	340.3198547363281	367.0410461425781
0.4602445662021637	"man"	0.6019287109375	141.81954956054688	72.75279998779297	353.2026062011719
0.4362671673297882	"man"	70.95665740966797	129.10971069335938	158.41622924804688	365.40869140625
0.4094419777393341	"man"	427.8646545410156	126.05868530273438	509.4056091308594	373.9400939941406
0.4142664968967438	"man"	150.4407958984375	140.47569274902344	214.82958984375	357.62054443359375
