score	label	x0	y0	x1	y1
0.4322782158851623	man	265.1861267089844	267.8343505859375	278.6656799316406	301.04632568359375
0.2746001482009887	man	261.01904296875	264.6214294433594	283.32354736328125	303.1908264160156
