"score"	"label"	"x0"	"y0"	"x1"	"y1"
0.4900038838386535	"woman"	38.683258056640625	85.35639953613281	316.0570373535156	549.7034912109375
0.3023357689380646	"woman"	130.4540252685547	417.5975036621094	329.74267578125	549.7097778320312
