"score"	"label"	"x0"	"y0"	"x1"	"y1"
0.3822672069072723	"man"	355.56671142578125	151.81210327148438	471.984375	415.6272888183594
0.2818851470947265	"man"	89.54957580566406	131.90550231933594	193.4573516845703	399.9573974609375
