"score"	"label"	"x0"	"y0"	"x1"	"y1"
0.34443598985671997	"woman"	57.05162811279297	176.91806030273438	75.3807601928711	205.28961181640625
0.3758258521556854	"woman"	116.9355697631836	132.99313354492188	133.8323516845703	176.92947387695312
0.3111581802368164	"woman"	187.36471557617188	181.33126831054688	206.0244140625	203.33819580078125
