"score"	"label"	"x0"	"y0"	"x1"	"y1"
0.4939166307449341	"man"	293.192138671875	157.5356903076172	383.74700927734375	427.58660888671875
0.3107015788555145	"man"	227.06927490234375	181.56851196289062	309.8272705078125	444.9645690917969
