score	label	x0	y0	x1	y1
0.3953827917575836	man	46.34419250488281	116.4771957397461	545.6045532226562	310.4759521484375
