"score"	"label"	"x0"	"y0"	"x1"	"y1"
0.6494723558425903	"woman"	102.42611694335938	203.08575439453125	296.491455078125	381.42559814453125
0.2507719397544861	"woman"	42.507965087890625	1.254364013671875	354.6612243652344	548.7115478515625
