"score"	"label"	"x0"	"y0"	"x1"	"y1"
0.4263841211795807	"man"	32.760833740234375	26.81163787841797	579.7589111328125	192.53890991210938
0.34775975346565247	"woman"	33.240936279296875	27.238967895507812	579.2581787109375	191.7144012451172
