"score"	"label"	"x0"	"y0"	"x1"	"y1"
0.25465741753578186	"w"	369.61895751953125	211.27072143554688	410.180908203125	237.35336303710938
