score	label	x0	y0	x1	y1
0.4107377231121063	woman	167.53375244140625	154.03512573242188	366.2112426757813	404.2508850097656
0.3799048066139221	man	356.1148986816406	157.97821044921875	540.810302734375	411.79010009765625
