"score"	"label"	"x0"	"y0"	"x1"	"y1"
0.567349374294281	"man"	16.571929931640625	58.75169372558594	380.32415771484375	549.1082763671875
0.2768558859825134	"woman"	16.543807983398438	59.2353515625	380.6011962890625	549.9210815429688
