"score"	"label"	"x0"	"y0"	"x1"	"y1"
0.3005533814430237	"m a"	342.3560485839844	94.69305419921875	472.6311340332031	348.183837890625
