"score"	"label"	"x0"	"y0"	"x1"	"y1"
0.3715049922466278	"woman"	250.6616668701172	254.60775756835938	257.140625	271.0606994628906
0.3427264988422394	"woman"	451.0883483886719	265.4402160644531	473.6833801269531	299.8022766113281
0.2632739841938019	"woman"	407.4331970214844	254.70103454589844	416.7598571777344	284.46533203125
