"score"	"label"	"x0"	"y0"	"x1"	"y1"
0.2650788128376007	"w"	4.7237091064453125	77.50717163085938	403.32025146484375	596.878173828125
