score	label	x0	y0	x1	y1
0.5677019953727722	woman	1.96160888671875	68.28535461425781	327.102783203125	548.1976928710938
