"score"	"label"	"x0"	"y0"	"x1"	"y1"
0.3019527494907379	"man"	214.02108764648438	255.56190490722656	381.5292053222656	387.758544921875
