"score"	"label"	"x0"	"y0"	"x1"	"y1"
0.459323525428772	"woman"	119.72097778320312	22.67779541015625	265.8238220214844	533.5494384765625
0.5222746729850769	"man"	120.02730560302734	23.099014282226562	265.302490234375	533.7129516601562
