score	label	x0	y0	x1	y1
0.6399149298667908	woman	130.72195434570312	82.40786743164062	281.1745910644531	573.9571533203125
