"score"	"label"	"x0"	"y0"	"x1"	"y1"
0.2887997329235077	"m a"	238.02496337890625	154.1106719970703	453.06072998046875	541.2744750976562
