"score"	"label"	"x0"	"y0"	"x1"	"y1"
0.3762386739253998	"man"	493.325927734375	131.3787078857422	511.64129638671875	186.4878387451172
0.31890052556991577	"man"	526.1064453125	133.7557830810547	542.48486328125	189.28150939941406
0.2741616666316986	"man"	553.4374389648438	130.04049682617188	571.5673217773438	190.24655151367188
0.27243879437446594	"man"	540.731201171875	128.62107849121094	557.0299072265625	189.01512145996094
