"score"	"label"	"x0"	"y0"	"x1"	"y1"
0.9327607154846191	"woman"	104.21157836914062	257.86077880859375	218.797607421875	540.962158203125
