"score"	"label"	"x0"	"y0"	"x1"	"y1"
0.3284207284450531	"woman"	383.576416015625	78.84407043457031	480.245849609375	407.338134765625
0.26417484879493713	"man"	275.5287170410156	68.98812866210938	352.5428771972656	369.9615478515625
