"score"	"label"	"x0"	"y0"	"x1"	"y1"
0.39034923911094666	"man"	106.63233947753906	49.985504150390625	431.4017333984375	592.482177734375
0.44764944911003113	"woman"	108.25257873535156	50.986968994140625	430.92498779296875	592.4276123046875
