"score"	"label"	"x0"	"y0"	"x1"	"y1"
0.4157315492630005	"woman"	383.3460693359375	85.2026596069336	419.1295166015625	183.88418579101562
0.34637051820755005	"man"	384.0523376464844	86.06123352050781	418.3704528808594	183.7289276123047
0.27141469717025757	"woman"	377.1177673339844	78.05934143066406	428.8570861816406	190.65589904785156
