"score"	"label"	"x0"	"y0"	"x1"	"y1"
0.5788675546646118	"man"	79.227783203125	78.59848022460938	417.80487060546875	597.2388916015625
0.25835147500038147	"woman"	80.13046264648438	79.45904541015625	418.6156005859375	598.14404296875
