"score"	"label"	"x0"	"y0"	"x1"	"y1"
0.3092690110206604	"a"	56.77375793457031	108.62388610839844	451.23065185546875	206.51841735839844
