"score"	"label"	"x0"	"y0"	"x1"	"y1"
0.3059767782688141	"man"	152.11866760253906	150.2206573486328	190.59291076660156	226.9706268310547
