"score"	"label"	"x0"	"y0"	"x1"	"y1"
0.3109179437160492	"m ; a n"	13.793197631835938	18.13311767578125	420.5677490234375	582.6629028320312
0.259027361869812	"a"	13.561325073242188	19.211578369140625	420.65643310546875	581.9718017578125
