"score"	"label"	"x0"	"y0"	"x1"	"y1"
0.5830371379852295	"man"	50.32872009277344	222.15138244628906	175.5417022705078	513.4130859375
0.40461084246635437	"man"	145.12722778320312	209.33909606933594	253.50759887695312	480.4583740234375
