"score"	"label"	"x0"	"y0"	"x1"	"y1"
0.3193487823009491	"man"	126.78633117675781	304.367431640625	133.0033721923828	318.9619140625
0.3017215430736542	"man"	109.34981536865234	293.03741455078125	118.65581512451172	313.16290283203125
