"score"	"label"	"x0"	"y0"	"x1"	"y1"
0.8555495738983154	"man"	94.05574035644531	16.729141235351562	213.5764923095703	389.54736328125
