"score"	"label"	"x0"	"y0"	"x1"	"y1"
0.31440865993499756	"; a ;"	30.73663330078125	40.94146728515625	569.5255737304688	301.1001892089844
