"score"	"label"	"x0"	"y0"	"x1"	"y1"
0.9144651293754578	"man"	0.548553466796875	62.12371826171875	324.3618469238281	499.826904296875
