score	label	x0	y0	x1	y1
0.3297820389270782	man	262.6471862792969	185.9823303222656	328.8946228027344	338.2629699707031
0.3031457364559173	woman	32.774322509765625	194.99606323242188	86.74771881103516	325.3059387207031
