"score"	"label"	"x0"	"y0"	"x1"	"y1"
0.3237370252609253	"woman"	292.2021789550781	125.91822052001953	364.9432067871094	274.2452392578125
0.32533058524131775	"woman"	91.27351379394531	147.3387908935547	175.4236602783203	279.77197265625
0.4126986265182495	"man"	244.90567016601562	61.26463317871094	305.5108337402344	168.9037628173828
0.2756842374801636	"man"	397.31939697265625	139.08892822265625	499.05499267578125	294.7562255859375
0.3727790117263794	"man"	210.20692443847656	124.63167572021484	291.2958984375	276.3348693847656
0.26634493470191956	"woman"	291.989501953125	126.06902313232422	356.04083251953125	273.6272277832031
0.2875633239746094	"woman"	292.38250732421875	125.6012191772461	380.3870849609375	275.0440368652344
