"score"	"label"	"x0"	"y0"	"x1"	"y1"
0.3853272497653961	"woman"	389.6204528808594	149.92401123046875	414.2279357910156	212.68682861328125
0.2558305561542511	"woman"	214.1277618408203	182.40667724609375	232.63233947753906	216.81753540039062
0.2957991063594818	"man"	390.3050537109375	150.44586181640625	413.545166015625	212.43179321289062
