"score"	"label"	"x0"	"y0"	"x1"	"y1"
0.3439086079597473	"man"	176.56878662109375	208.57546997070312	363.98046875	480.5303649902344
0.32683855295181274	"woman"	270.5614318847656	259.7335205078125	371.6353454589844	479.93585205078125
0.2847457528114319	"man woman"	330.68902587890625	249.3836669921875	447.892333984375	477.172119140625
