"score"	"label"	"x0"	"y0"	"x1"	"y1"
0.8248851895332336	"man"	16.728073120117188	61.80311584472656	374.9219970703125	549.9517211914062
