"score"	"label"	"x0"	"y0"	"x1"	"y1"
0.3438054621219635	"m ; a ; n"	8.221343994140625	92.47328186035156	597.3016357421875	240.65379333496094
