"score"	"label"	"x0"	"y0"	"x1"	"y1"
0.48429569602012634	"m"	143.23861694335938	206.28744506835938	354.71002197265625	553.7371826171875
0.31074032187461853	"a"	143.19754028320312	206.34490966796875	354.64044189453125	553.5365600585938
0.2753343880176544	"m"	143.21609497070312	206.5097198486328	354.9316101074219	553.5878295898438
