"score"	"label"	"x0"	"y0"	"x1"	"y1"
0.48295602202415466	"woman"	237.9415283203125	95.50994873046875	394.355712890625	421.32611083984375
0.34030914306640625	"man"	369.7062072753906	120.25634765625	562.0098876953125	421.3238525390625
0.36999770998954773	"man"	91.67636108398438	126.49839782714844	255.54641723632812	421.187255859375
