score	label	x0	y0	x1	y1
0.5101934671401978	woman	109.1404266357422	17.853424072265625	285.0906982421875	542.20458984375
