"score"	"label"	"x0"	"y0"	"x1"	"y1"
0.25249943137168884	"man"	277.2516174316406	23.9114990234375	550.5	238.99435424804688
