"score"	"label"	"x0"	"y0"	"x1"	"y1"
0.2655108571052551	"man"	159.5973663330078	2.7973175048828125	463.19219970703125	341.202392578125
0.252771258354187	"man"	67.97618103027344	2.3679351806640625	481.927734375	342.3355712890625
