"score"	"label"	"x0"	"y0"	"x1"	"y1"
0.415707916021347	"woman"	354.5052490234375	188.309814453125	508.0728759765625	333.71624755859375
