"score"	"label"	"x0"	"y0"	"x1"	"y1"
0.4262580871582031	"woman"	442.61151123046875	244.77345275878906	480.7462158203125	283.92333984375
