"score"	"label"	"x0"	"y0"	"x1"	"y1"
0.2930428087711334	"m"	111.89120483398438	139.45965576171875	383.69952392578125	464.98895263671875
