"score"	"label"	"x0"	"y0"	"x1"	"y1"
0.294640302658081	"man"	78.84577941894531	118.32798767089844	96.40695190429688	149.8131866455078
