"score"	"label"	"x0"	"y0"	"x1"	"y1"
0.3425732851028442	"man"	572.3926391601562	437.3629150390625	600.0034790039062	453.9161987304687
