"score"	"label"	"x0"	"y0"	"x1"	"y1"
0.6232194900512695	"man"	149.55523681640625	109.93057250976562	585.7703247070312	596.6097412109375
