score	label	x0	y0	x1	y1
0.294027030467987	man	302.2514343261719	209.89193725585935	320.5448303222656	245.4078369140625
0.2797993123531341	man woman	276.8249816894531	211.60983276367188	296.4653625488281	248.08123779296875
0.2602274119853973	man	275.9631652832031	209.0516357421875	323.2081604003906	248.2393798828125
