"score"	"label"	"x0"	"y0"	"x1"	"y1"
0.7652289867401123	"man"	206.46615600585938	30.892730712890625	363.0307312011719	544.41845703125
