"score"	"label"	"x0"	"y0"	"x1"	"y1"
0.26376453042030334	"woman"	546.4517211914062	270.03216552734375	558.0939331054688	282.63494873046875
0.29971233010292053	"woman"	4.1500091552734375	134.41043090820312	181.47239685058594	273.83197021484375
