"score"	"label"	"x0"	"y0"	"x1"	"y1"
0.4695044159889221	"woman"	57.74378967285156	25.951080322265625	466.640869140625	549.755859375
0.43483999371528625	"man"	59.955902099609375	26.805206298828125	466.5861511230469	549.999267578125
