"score"	"label"	"x0"	"y0"	"x1"	"y1"
0.4198649227619171	"man"	207.81137084960938	85.39604187011719	376.6555480957031	464.9501953125
0.3511515259742737	"woman"	115.67070007324219	162.86935424804688	202.04603576660156	415.3019104003906
0.263576477766037	"man"	394.49920654296875	127.00753784179688	516.221923828125	411.3788757324219
