"score"	"label"	"x0"	"y0"	"x1"	"y1"
0.3061400055885315	"woman"	563.3922729492188	-0.0028667449951171875	591.7055053710938	20.957721710205078
0.2679426074028015	"man"	563.510009765625	0.03048229217529297	591.4378662109375	20.934581756591797
