"score"	"label"	"x0"	"y0"	"x1"	"y1"
0.4789780676364898	"man"	407.8565368652344	131.97708129882812	503.9176940917969	371.59423828125
0.3436132967472076	"woman"	300.4630432128906	128.463134765625	413.9451599121094	343.3861999511719
