score	label	x0	y0	x1	y1
0.4895005524158478	woman	188.14833068847656	103.90969848632812	232.11341857910156	158.07257080078125
