"score"	"label"	"x0"	"y0"	"x1"	"y1"
0.2624143660068512	"w o"	57.275299072265625	97.98877716064453	572.6529541015625	331.1606750488281
