score	label	x0	y0	x1	y1
0.5198454856872559	woman	54.76991271972656	23.831146240234375	237.3840179443359	568.1729736328125
0.4313539862632751	man	197.86935424804688	24.2877197265625	363.9294738769531	576.14794921875
0.2519140541553497	woman	53.78950500488281	20.45257568359375	364.66015625	575.7462158203125
