"score"	"label"	"x0"	"y0"	"x1"	"y1"
0.7107174396514893	"woman"	118.20272827148438	377.0064392089844	143.76712036132812	419.3992614746094
0.3554841876029968	"woman"	457.61053466796875	400.68994140625	469.40972900390625	434.10504150390625
0.3672342896461487	"woman"	440.2976989746094	397.8992004394531	455.2566833496094	428.9233703613281
