"score"	"label"	"x0"	"y0"	"x1"	"y1"
0.25161105394363403	"man"	244.45034790039062	328.76983642578125	284.9778747558594	415.0865478515625
0.2979958653450012	"man"	58.00331497192383	422.5999450683594	80.1982421875	457.3285217285156
