"score"	"label"	"x0"	"y0"	"x1"	"y1"
0.2891196608543396	"man"	91.97542572021484	129.44573974609375	97.82112884521484	138.85543823242188
