"score"	"label"	"x0"	"y0"	"x1"	"y1"
0.4319993853569031	"man"	202.7376251220703	120.41374969482422	210.98997497558594	139.02842712402344
