"score"	"label"	"x0"	"y0"	"x1"	"y1"
0.30434924364089966	"woman"	179.75115966796875	173.0607452392578	213.42733764648438	199.08876037597656
0.25854697823524475	"woman"	112.21099090576172	168.3707275390625	130.67005920410156	198.28073120117188
