"score"	"label"	"x0"	"y0"	"x1"	"y1"
0.28179678320884705	"a ;"	69.1053237915039	46.3365478515625	240.83291625976562	549.179443359375
