"score"	"label"	"x0"	"y0"	"x1"	"y1"
0.4267483949661255	"woman"	230.82952880859375	118.99381256103516	347.2882080078125	366.0680847167969
0.4073275327682495	"woman"	362.8314208984375	131.40293884277344	449.91302490234375	328.22711181640625
