score	label	x0	y0	x1	y1
0.6093878746032715	man	311.0576171875	26.843185424804688	565.6597900390625	419.603759765625
0.4991607367992401	woman	86.62870788574219	41.228424072265625	364.58685302734375	421.6873474121094
