"score"	"label"	"x0"	"y0"	"x1"	"y1"
0.3220894932746887	"m ; a ; n"	7.4647979736328125	67.62875366210938	379.94720458984375	596.1322021484375
