score	label	x0	y0	x1	y1
0.4618468284606933	man	87.326171875	72.06782531738281	306.6275939941406	516.8264770507812
