"score"	"label"	"x0"	"y0"	"x1"	"y1"
0.41018056869506836	"man"	8.468780517578125	264.5531921386719	274.7819519042969	591.58154296875
0.35923901200294495	"man"	10.151870727539062	264.8948669433594	274.82733154296875	515.5350952148438
