"score"	"label"	"x0"	"y0"	"x1"	"y1"
0.32711464166641235	"woman"	178.42474365234375	85.93545532226562	258.4901123046875	350.477294921875
0.33928078413009644	"woman"	247.342041015625	89.49864196777344	331.161865234375	353.59600830078125
0.5188702940940857	"woman"	320.27679443359375	94.54426574707031	407.077880859375	361.76824951171875
