"score"	"label"	"x0"	"y0"	"x1"	"y1"
0.2858423590660095	"w"	131.43243408203125	230.44117736816406	394.13153076171875	563.1084594726562
0.25219494104385376	"w"	131.45455932617188	230.65267944335938	393.8490905761719	562.8624267578125
