"score"	"label"	"x0"	"y0"	"x1"	"y1"
0.2512255012989044	"man"	49.951202392578125	192.81600952148438	282.6372375488281	381.3230285644531
0.333941787481308	"woman"	240.00350952148438	188.4809112548828	382.0122985839844	386.01812744140625
0.310907244682312	"man"	91.78564453125	192.83871459960938	283.4675598144531	378.5338439941406
