"score"	"label"	"x0"	"y0"	"x1"	"y1"
0.3744995892047882	"woman"	91.65059661865234	70.17253112792969	126.56731414794922	128.14910888671875
0.26629024744033813	"woman"	63.07016372680664	110.2994155883789	121.85781860351562	173.06561279296875
0.3262263834476471	"woman"	91.45108032226562	70.03010559082031	139.9032745361328	157.4593048095703
