"score"	"label"	"x0"	"y0"	"x1"	"y1"
0.9233561158180237	"woman"	355.85784912109375	190.52716064453125	415.98046875	298.2735900878906
