"score"	"label"	"x0"	"y0"	"x1"	"y1"
0.3500411808490753	"man woman"	0.064239501953125	56.09306335449219	352.48870849609375	549.965087890625
0.2916024625301361	"woman"	-0.0533447265625	56.742401123046875	351.65283203125	550.013427734375
0.28545841574668884	"man"	-0.7390594482421875	53.70185852050781	386.4208984375	549.6422729492188
