"score"	"label"	"x0"	"y0"	"x1"	"y1"
0.5596044063568115	"woman"	46.35340881347656	43.193634033203125	391.14971923828125	549.22900390625
0.30295321345329285	"man"	51.43388366699219	43.85160827636719	391.315673828125	549.5726318359375
