score	label	x0	y0	x1	y1
0.4770062565803528	woman	297.5743103027344	232.8787384033203	341.0361022949219	340.436279296875
0.3475896716117859	woman	342.3491516113281	233.260986328125	380.6086120605469	336.43499755859375
0.2562288641929626	woman	296.49310302734375	229.9243927001953	381.9058837890625	339.39105224609375
