"score"	"label"	"x0"	"y0"	"x1"	"y1"
0.4497348964214325	"man"	257.7312927246094	272.31854248046875	358.7949523925781	403.41925048828125
0.374930202960968	"man"	387.94964599609375	247.4774169921875	463.8515625	403.4940185546875
