"score"	"label"	"x0"	"y0"	"x1"	"y1"
0.28614541888237	"man"	344.4464111328125	103.47379302978516	371.13067626953125	123.6264877319336
