"score"	"label"	"x0"	"y0"	"x1"	"y1"
0.3701435625553131	"woman"	153.40625	172.5177001953125	197.9796142578125	234.8251953125
0.3631933927536011	"man"	336.1380615234375	160.44686889648438	412.275634765625	253.78689575195312
0.2721202075481415	"man"	335.2080078125	160.1033935546875	413.4967041015625	549.9140014648438
