"score"	"label"	"x0"	"y0"	"x1"	"y1"
0.5937625169754028	"woman"	296.51239013671875	286.34039306640625	373.59124755859375	424.85931396484375
0.470114529132843	"woman"	137.94363403320312	299.49786376953125	189.51632690429688	421.944091796875
0.4202323853969574	"woman"	458.9012756347656	271.4486083984375	530.0458984375	381.20849609375
0.2708483338356018	"woman"	587.676513671875	284.220703125	600.0205078125	350.1690673828125
0.2679813504219055	"woman"	243.49668884277344	215.23748779296875	256.0807800292969	248.61630249023438
0.32533618807792664	"woman"	587.5853271484375	275.904541015625	600.0491943359375	411.7957763671875
0.2925907373428345	"woman"	151.24285888671875	261.1955261230469	172.12103271484375	304.6844177246094
