score	label	x0	y0	x1	y1
0.5106982588768005	woman	1.6552886962890625	76.56712341308594	381.845458984375	547.3345336914062
