"score"	"label"	"x0"	"y0"	"x1"	"y1"
0.265146404504776	"a"	95.06471252441406	75.25798797607422	420.92633056640625	265.2601013183594
