"score"	"label"	"x0"	"y0"	"x1"	"y1"
0.8017948865890503	"man"	1.1082763671875	69.13302612304688	325.3781433105469	549.1622314453125
