score	label	x0	y0	x1	y1
0.3993207514286041	man	200.1814422607422	208.5441741943359	218.3011016845703	250.5108184814453
0.2803748548030853	woman	4.433510780334473	219.94503784179688	22.53097915649414	262.8601989746094
