"score"	"label"	"x0"	"y0"	"x1"	"y1"
0.284036785364151	"woman"	0.180694580078125	81.49005126953125	599.9705810546875	357.583740234375
