"score"	"label"	"x0"	"y0"	"x1"	"y1"
0.2507021725177765	"woman"	398.3331298828125	222.65576171875	430.27130126953125	269.67340087890625
0.28574758768081665	"woman"	80.57473754882812	179.60540771484375	438.0228576660156	308.635009765625
