"score"	"label"	"x0"	"y0"	"x1"	"y1"
0.3092567026615143	"m ; a ; n"	15.578033447265625	76.60256958007812	431.5179443359375	598.5284423828125
