score	label	x0	y0	x1	y1
0.4908226132392883	woman	288.85028076171875	179.67367553710938	362.4801635742187	311.08447265625
0.3147120475769043	woman	300.2078552246094	217.6083526611328	355.0491027832031	312.8765563964844
