"score"	"label"	"x0"	"y0"	"x1"	"y1"
0.7080646753311157	"man"	215.93850708007812	323.824462890625	363.2915344238281	530.3410034179688
0.3712005019187927	"woman"	216.34576416015625	324.14410400390625	363.079345703125	530.7088623046875
