"score"	"label"	"x0"	"y0"	"x1"	"y1"
0.29829663038253784	"m a"	527.3027954101562	7.7332963943481445	586.8013305664062	28.041400909423828
