"score"	"label"	"x0"	"y0"	"x1"	"y1"
0.9122776389122009	"woman"	116.42012786865234	33.73545837402344	259.48370361328125	537.9400634765625
