"score"	"label"	"x0"	"y0"	"x1"	"y1"
0.6927629709243774	"woman"	220.78460693359375	20.39452362060547	320.22528076171875	231.97824096679688
