"score"	"label"	"x0"	"y0"	"x1"	"y1"
0.5026253461837769	"man"	136.24249267578125	129.25244140625	254.8804931640625	374.52593994140625
