"score"	"label"	"x0"	"y0"	"x1"	"y1"
0.3741893470287323	"woman"	282.71392822265625	206.68374633789062	376.8873291015625	331.2117004394531
0.3635917901992798	"woman"	209.71743774414062	132.80584716796875	298.9414367675781	329.67510986328125
0.3239601254463196	"woman"	155.05838012695312	203.81878662109375	232.13812255859375	330.24566650390625
0.3003236651420593	"woman"	382.05450439453125	139.83456420898438	490.9814453125	333.29754638671875
0.354874849319458	"woman"	7.6341552734375	45.05902099609375	497.10150146484375	332.1944885253906
0.2617807984352112	"woman"	74.6551513671875	197.93772888183594	150.53494262695312	329.93621826171875
