"score"	"label"	"x0"	"y0"	"x1"	"y1"
0.33662545680999756	"woman"	561.336181640625	196.2564239501953	596.2637939453125	293.24505615234375
0.37255245447158813	"woman"	498.40802001953125	174.59634399414062	531.3616333007812	206.49038696289062
0.3479178845882416	"woman"	529.507080078125	196.3363800048828	596.1845703125	293.4316101074219
0.2920922040939331	"woman"	462.52459716796875	184.39935302734375	487.6416015625	205.5648193359375
