"score"	"label"	"x0"	"y0"	"x1"	"y1"
0.2511297166347503	"man"	20.36561584472656	24.998275756835938	513.5975341796875	302.0341796875
