"score"	"label"	"x0"	"y0"	"x1"	"y1"
0.2917546033859253	"woman"	35.82383728027344	71.81146240234375	276.1053466796875	547.4982299804688
0.3278312683105469	"man"	35.410919189453125	71.77790832519531	275.7886657714844	547.7960205078125
0.3999958038330078	"woman"	34.93321228027344	70.4871826171875	356.52447509765625	547.3709716796875
