"score"	"label"	"x0"	"y0"	"x1"	"y1"
0.4738840460777282	"man"	493.5602111816406	105.07437896728516	543.2801513671875	225.3872985839844
0.3177263736724853	"woman"	413.39501953125	104.07664489746094	544.963134765625	225.3176727294922
