"score"	"label"	"x0"	"y0"	"x1"	"y1"
0.4562256336212158	"man"	257.1147766113281	135.72625732421875	375.4067077636719	389.21575927734375
0.29131168127059937	"woman"	250.1447296142578	145.89598083496094	313.1238098144531	362.30194091796875
