"score"	"label"	"x0"	"y0"	"x1"	"y1"
0.8354393243789673	"woman"	118.73373413085938	102.59576416015625	435.1105041503906	596.5567016601562
