"score"	"label"	"x0"	"y0"	"x1"	"y1"
0.26215609908103943	"man"	286.00762939453125	310.9117431640625	306.09173583984375	349.75286865234375
