"score"	"label"	"x0"	"y0"	"x1"	"y1"
0.4387550950050354	"woman"	169.02285766601562	2.4150161743164062	337.9100036621094	239.86849975585938
0.25005942583084106	"woman"	168.5063934326172	3.1490745544433594	338.02081298828125	63.51496505737305
