"score"	"label"	"x0"	"y0"	"x1"	"y1"
0.2709466814994812	"m a"	2.0926513671875	90.17825317382812	597.96533203125	446.5859680175781
