"score"	"label"	"x0"	"y0"	"x1"	"y1"
0.35760724544525146	"m"	38.81201171875	54.16668701171875	382.0746765136719	549.6343383789062
0.2703286409378052	"a"	38.76519775390625	54.337921142578125	382.087158203125	549.6790771484375
