"score"	"label"	"x0"	"y0"	"x1"	"y1"
0.31513404846191406	"man"	390.0062561035156	150.1865692138672	413.8023376464844	212.47813415527344
0.3750929534435272	"man"	344.7833557128906	145.62034606933594	367.9159240722656	212.1732635498047
0.333507776260376	"woman"	390.17431640625	150.50389099121094	413.4217529296875	212.3960723876953
