"score"	"label"	"x0"	"y0"	"x1"	"y1"
0.30796223878860474	"woman"	138.77584838867188	224.79092407226562	209.59005737304688	379.2539367675781
