"score"	"label"	"x0"	"y0"	"x1"	"y1"
0.4430288076400757	"woman"	113.33634948730467	119.35589599609376	240.6343536376953	598.802001953125
0.3562324047088623	"woman"	237.6279296875	128.21974182128906	366.0167236328125	598.9529418945312
