"score"	"label"	"x0"	"y0"	"x1"	"y1"
0.4275659918785095	"woman"	131.22720336914062	253.61700439453125	147.53744506835938	288.8153076171875
0.3904970586299896	"woman"	94.23759460449219	250.5354766845703	109.83396911621094	294.949951171875
