"score"	"label"	"x0"	"y0"	"x1"	"y1"
0.271562784910202	"man"	0.3198394775390625	5.94989013671875	195.57064819335938	410.55706787109375
0.31605732440948486	"man"	79.4044418334961	8.451705932617188	195.276123046875	272.45367431640625
0.26966920495033264	"man"	0.719940185546875	7.3240966796875	195.25489807128906	300.416259765625
