"score"	"label"	"x0"	"y0"	"x1"	"y1"
0.5006971955299377	"woman"	214.9403076171875	64.03511047363281	330.117919921875	339.51898193359375
0.3381860554218292	"woman"	185.20721435546875	108.87360382080078	230.17681884765625	298.09417724609375
