"score"	"label"	"x0"	"y0"	"x1"	"y1"
0.41385430097579956	"woman"	361.5074462890625	66.65692138671875	474.7646484375	438.0071716308594
0.3822038173675537	"woman"	152.31805419921875	80.38417053222656	272.2375793457031	437.9219970703125
0.3828507661819458	"woman"	95.08242797851562	107.03495788574219	171.38064575195312	438.1363525390625
0.33845362067222595	"woman"	548.2588500976562	38.20509338378906	599.6250610351562	438.0355224609375
0.34819385409355164	"woman"	447.0306701660156	36.540679931640625	598.8331298828125	437.85498046875
0.3325248062610626	"woman"	262.793701171875	92.39743041992188	373.73736572265625	438.1184997558594
