"score"	"label"	"x0"	"y0"	"x1"	"y1"
0.9383017420768738	"man"	190.34335327148438	172.05064392089844	303.1654968261719	501.8594970703125
