"score"	"label"	"x0"	"y0"	"x1"	"y1"
0.28064560890197754	"man"	574.3980712890625	297.77508544921875	582.3529052734375	318.88787841796875
