"score"	"label"	"x0"	"y0"	"x1"	"y1"
0.5336378216743469	"woman"	69.25827026367188	46.329833984375	240.23138427734375	549.4642333984375
0.5213625431060791	"woman"	175.7187042236328	99.85775756835938	352.53228759765625	549.606201171875
