"score"	"label"	"x0"	"y0"	"x1"	"y1"
0.6865387558937073	"man"	314.9131164550781	256.2381896972656	331.0787658691406	279.9259338378906
