"score"	"label"	"x0"	"y0"	"x1"	"y1"
0.43411126732826233	"man"	344.6205749511719	237.16650390625	368.6667175292969	287.4986572265625
0.4248691201210022	"man"	392.96234130859375	237.0364227294922	412.2138671875	285.1195068359375
0.4118981957435608	"man"	440.01611328125	233.13172912597656	461.1546630859375	281.2572021484375
0.29399168491363525	"man"	52.64275360107422	258.43408203125	64.87983703613281	297.6729736328125
0.2808903455734253	"man"	165.5931396484375	240.71044921875	183.99887084960938	293.33270263671875
0.2566932737827301	"man"	183.58433532714844	245.17141723632812	202.08641052246094	291.0800476074219
0.25426217913627625	"man"	221.8538055419922	242.7191162109375	236.09706115722656	282.5928955078125
0.2809222340583801	"man"	82.88541412353516	252.83926391601562	95.93134307861328	298.7160339355469
0.2544441521167755	"man"	63.77803421020508	254.09861755371094	77.98237609863281	299.5254821777344
