"score"	"label"	"x0"	"y0"	"x1"	"y1"
0.8171657919883728	"woman"	82.064453125	155.27410888671875	259.8761291503906	561.1447143554688
