score	label	x0	y0	x1	y1
0.5111274123191833	woman	313.36627197265625	113.02438354492188	472.5206298828125	447.0191955566406
0.4530639052391052	man	414.4361267089844	91.09748840332033	599.5833740234375	446.42279052734375
