"score"	"label"	"x0"	"y0"	"x1"	"y1"
0.45795583724975586	"woman"	455.4126281738281	322.3017272949219	492.2093811035156	387.1885070800781
0.3576852083206177	"woman"	537.2132568359375	275.9241027832031	596.94287109375	388.1107482910156
0.31455937027931213	"woman"	366.9352722167969	237.40029907226562	397.9145812988281	292.9842224121094
0.32590967416763306	"woman"	518.3759155273438	344.8699035644531	538.9946899414062	386.1889953613281
0.29260826110839844	"woman"	566.7493286132812	275.9938659667969	596.9329223632812	388.2882385253906
0.28261131048202515	"woman"	492.38604736328125	340.0907287597656	511.02301025390625	386.6200866699219
