"score"	"label"	"x0"	"y0"	"x1"	"y1"
0.8346596956253052	"woman"	43.729957580566406	51.67408752441406	261.52752685546875	374.4136962890625
0.3242795467376709	"woman"	251.67376708984375	49.54832458496094	469.47900390625	374.19659423828125
