"score"	"label"	"x0"	"y0"	"x1"	"y1"
0.2525872886180877	"man"	0.0713338851928711	63.97187805175781	13.693597793579102	440.39300537109375
