"score"	"label"	"x0"	"y0"	"x1"	"y1"
0.8572766184806824	"man"	46.605865478515625	136.60104370117188	385.8681640625	587.98974609375
