"score"	"label"	"x0"	"y0"	"x1"	"y1"
0.37627020478248596	"woman"	578.1412353515625	142.73370361328125	599.1043701171875	178.946044921875
0.32198455929756165	"man"	578.6779174804688	143.42214965820312	599.1603393554688	178.35418701171875
0.2893078923225403	"woman"	575.762939453125	130.8204345703125	599.1236572265625	194.14236450195312
