"score"	"label"	"x0"	"y0"	"x1"	"y1"
0.300400972366333	"man"	358.7639465332031	132.3542938232422	468.2236633300781	325.92919921875
0.2770937979221344	"man"	218.6160430908203	0.0159454345703125	599.6624145507812	406.890625
