"score"	"label"	"x0"	"y0"	"x1"	"y1"
0.3073935806751251	"man"	126.05117797851562	133.6201171875	501.9347229003906	409.9967041015625
0.2570992410182953	"man"	300.71112060546875	136.6795196533203	352.028564453125	146.0081024169922
0.2821348309516907	"woman"	300.62579345703125	136.58935546875	352.29681396484375	146.09756469726562
