"score"	"label"	"x0"	"y0"	"x1"	"y1"
0.48668694496154785	"woman"	50.89790344238281	86.76457214355469	349.63995361328125	500.79266357421875
0.31858548521995544	"man"	50.731170654296875	86.04792785644531	349.68182373046875	501.14385986328125
