"score"	"label"	"x0"	"y0"	"x1"	"y1"
0.3966771960258484	"man"	8.04498291015625	121.73741149902344	86.00255584716797	348.1260986328125
0.36565786600112915	"woman"	550.4161376953125	150.7183380126953	589.236083984375	261.5418701171875
0.289580374956131	"woman"	194.03306579589844	119.72554016113281	255.28282165527344	363.136474609375
0.2715831696987152	"woman"	8.107872009277344	121.44998168945312	86.04832458496094	348.1316833496094
0.2662823498249054	"man"	194.2456817626953	119.71975708007812	254.4738311767578	363.18505859375
