score	label	x0	y0	x1	y1
0.2681130766868591	woman	56.198699951171875	95.91101837158205	572.816162109375	329.1761779785156
0.2633082866668701	woman	29.318313598632812	0.2151031494140625	120.04071044921876	67.44921875
