score	label	x0	y0	x1	y1
0.2611866295337677	woman	9.672271728515623	14.277084350585938	587.8330078125	478.017822265625
