"score"	"label"	"x0"	"y0"	"x1"	"y1"
0.55597984790802	"man"	20.242557525634766	81.83100891113281	84.35700988769531	224.09996032714844
0.38531845808029175	"man"	259.6571350097656	96.6875228881836	297.4727478027344	192.26333618164062
