"score"	"label"	"x0"	"y0"	"x1"	"y1"
0.5115677714347839	"woman"	529.6599731445312	208.4556884765625	538.1951293945312	230.16650390625
