"score"	"label"	"x0"	"y0"	"x1"	"y1"
0.668190598487854	"woman"	144.75601196289062	206.83956909179688	352.49041748046875	552.4383544921875
