score	label	x0	y0	x1	y1
0.501774787902832	man	204.0445556640625	154.0701904296875	343.961669921875	406.29052734375
0.4808208346366882	woman	389.5249938964844	106.93363189697266	465.2168273925781	242.2832946777344
