score	label	x0	y0	x1	y1
0.452601820230484	man	44.52482604980469	88.26289367675781	238.8717803955078	461.5690307617187
