"score"	"label"	"x0"	"y0"	"x1"	"y1"
0.643928050994873	"man"	303.3056335449219	180.01556396484375	373.4302062988281	265.96044921875
0.3399931788444519	"man"	28.10239601135254	295.40863037109375	61.17144775390625	376.91485595703125
0.2878919839859009	"man"	61.89685821533203	295.9570617675781	97.75507354736328	376.8360900878906
0.30431485176086426	"man"	113.94589233398438	242.86972045898438	129.09437561035156	270.2805480957031
0.27674219012260437	"man"	127.5485610961914	239.63739013671875	143.50244140625	270.0746154785156
0.2661551833152771	"man"	269.3082580566406	188.6425323486328	312.9963073730469	267.1878662109375
