score	label	x0	y0	x1	y1
0.4566491246223449	woman	150.65313720703125	148.6717529296875	192.7562255859375	226.58499145507812
