"score"	"label"	"x0"	"y0"	"x1"	"y1"
0.5131668448448181	"woman"	261.45562744140625	170.98109436035156	354.87103271484375	381.3063354492187
0.4639522731304168	"man"	193.3117828369141	160.78097534179688	277.5788879394531	381.1335144042969
0.291274756193161	"man"	193.0880126953125	159.29507446289062	355.25360107421875	380.8889465332031
