"score"	"label"	"x0"	"y0"	"x1"	"y1"
0.2897690534591675	"; a ;"	6.810150146484375	151.10739135742188	312.08843994140625	596.1102294921875
