"score"	"label"	"x0"	"y0"	"x1"	"y1"
0.2529141902923584	"o"	311.43280029296875	261.0411682128906	456.54638671875	403.1897888183594
