"score"	"label"	"x0"	"y0"	"x1"	"y1"
0.3517630100250244	"woman"	8.710174560546875	90.90594482421875	596.41943359375	240.42706298828125
