"score"	"label"	"x0"	"y0"	"x1"	"y1"
0.5386304259300232	"woman"	71.05355834960938	35.605224609375	315.14801025390625	597.9464111328125
0.28743186593055725	"man"	71.03898620605469	35.30657958984375	315.190673828125	597.8076782226562
