score	label	x0	y0	x1	y1
0.3582876622676849	woman	499.64495849609375	285.3085021972656	507.8978271484375	301.0480651855469
0.28699392080307	man	486.3780212402344	269.87115478515625	494.4784240722656	283.263671875
