"score"	"label"	"x0"	"y0"	"x1"	"y1"
0.8986891508102417	"woman"	9.368118286132812	86.13632202148438	418.0816650390625	598.6138916015625
