score	label	x0	y0	x1	y1
0.2671984434127807	man	213.22869873046875	253.94482421875	381.8963012695313	388.1461791992187
