"score"	"label"	"x0"	"y0"	"x1"	"y1"
0.3854219615459442	"woman"	4.391845703125	2.670074462890625	596.7703857421875	380.9554138183594
0.2576054632663727	"man"	3.993011474609375	2.348236083984375	597.2587890625	381.41748046875
