"score"	"label"	"x0"	"y0"	"x1"	"y1"
0.29643505811691284	"; a ;"	144.7396697998047	86.27982330322266	340.1007080078125	328.0218811035156
0.27640020847320557	"a"	349.554931640625	68.89722442626953	491.339599609375	288.59588623046875
