"score"	"label"	"x0"	"y0"	"x1"	"y1"
0.30227696895599365	"man"	211.78128051757812	182.9063262939453	218.45501708984375	198.5856170654297
