score	label	x0	y0	x1	y1
0.264432817697525	man	530.9583740234375	-0.069005012512207	599.9940185546875	22.17458724975586
