"score"	"label"	"x0"	"y0"	"x1"	"y1"
0.2967563569545746	"man"	366.6532287597656	262.4128723144531	372.5476989746094	272.8358459472656
0.3096911609172821	"man"	505.53680419921875	270.4482116699219	509.90777587890625	277.6803894042969
