"score"	"label"	"x0"	"y0"	"x1"	"y1"
0.3147296011447906	"man"	4.8129425048828125	2.89288330078125	434.4343872070313	595.720458984375
