"score"	"label"	"x0"	"y0"	"x1"	"y1"
0.41703909635543823	"man"	209.9852294921875	174.33270263671875	442.573974609375	413.9617919921875
0.39364802837371826	"man"	0.33423614501953125	166.26296997070312	207.72372436523438	413.8229064941406
0.40880435705184937	"man"	87.37974548339844	39.01997375488281	257.08221435546875	406.48846435546875
0.36377257108688354	"man"	397.06549072265625	30.249649047851562	579.7953491210938	413.841064453125
