"score"	"label"	"x0"	"y0"	"x1"	"y1"
0.4575805366039276	"woman"	367.00018310546875	60.446746826171875	598.1629638671875	371.65252685546875
0.35966581106185913	"woman"	3.6759185791015625	47.643829345703125	231.9243621826172	372.1018981933594
0.36599135398864746	"man"	3.4556884765625	48.005157470703125	231.6647186279297	372.4324951171875
0.3325391113758087	"man"	367.3433532714844	61.12554931640625	598.5279541015625	372.3229064941406
