score	label	x0	y0	x1	y1
0.4455911517143249	man	4.990753173828125	77.60446166992188	401.88482666015625	596.1907958984375
