score	label	x0	y0	x1	y1
0.4873905777931213	woman	221.03602600097656	62.96855163574219	321.7039794921875	243.0183868408203
0.3565875589847564	man	428.3103637695313	0.2632827758789062	566.5772094726562	141.26211547851562
0.2888701856136322	man	239.50244140625	62.95439147949219	320.6505126953125	191.55218505859375
0.2879885733127594	man	101.7884521484375	172.00025939941406	219.12405395507812	301.60601806640625
0.2610097527503967	man	343.27679443359375	162.23635864257812	453.96240234375	298.140380859375
