"score"	"label"	"x0"	"y0"	"x1"	"y1"
0.46524518728256226	"woman"	324.8948669433594	192.84640502929688	415.9367980957031	335.5894470214844
0.3316260576248169	"woman"	303.7328186035156	186.07997131347656	355.3854064941406	341.169677734375
0.40567469596862793	"woman"	204.59017944335938	202.21055603027344	310.6204528808594	366.27154541015625
0.2575294077396393	"woman"	204.1376953125	198.84226989746094	419.566162109375	366.17828369140625
