"score"	"label"	"x0"	"y0"	"x1"	"y1"
0.9436479210853577	"woman"	154.30010986328125	91.67349243164062	261.56097412109375	480.8294982910156
