"score"	"label"	"x0"	"y0"	"x1"	"y1"
0.46561741828918457	"woman"	292.2958679199219	142.34902954101562	347.2344665527344	187.12246704101562
