"score"	"label"	"x0"	"y0"	"x1"	"y1"
0.5032968521118164	"woman"	586.1793212890625	318.8033447265625	599.7545166015625	368.58575439453125
0.4072924852371216	"woman"	579.0534057617188	300.24102783203125	599.5292358398438	365.5133056640625
0.2842068076133728	"woman"	545.893310546875	299.9367980957031	555.83447265625	327.1354064941406
