"score"	"label"	"x0"	"y0"	"x1"	"y1"
0.6137045621871948	"man"	206.8310089111328	87.61251068115234	312.1605224609375	330.7337951660156
0.5347579121589661	"man"	3.403575897216797	98.48396301269531	122.61866760253906	400.85223388671875
0.42440563440322876	"man"	349.5501403808594	107.07134246826172	433.1397399902344	294.3340759277344
0.382242351770401	"man"	424.41583251953125	116.77622985839844	487.12554931640625	266.89093017578125
0.33824628591537476	"man"	483.795654296875	121.41777038574219	519.6546630859375	247.2180938720703
0.3092394471168518	"man"	300.90533447265625	122.98004913330078	349.06402587890625	289.57415771484375
0.2668965458869934	"man"	345.6398010253906	129.34596252441406	383.4329528808594	259.87139892578125
