"score"	"label"	"x0"	"y0"	"x1"	"y1"
0.3370341360569	"woman"	257.9897155761719	138.17662048339844	294.5152893066406	259.93109130859375
0.28188180923461914	"woman"	281.8562316894531	138.562744140625	312.9944152832031	255.57415771484375
0.3398210108280182	"man"	492.48651123046875	139.25233459472656	533.7744750976562	238.1841583251953
0.43573760986328125	"woman"	257.6281433105469	135.86141967773438	313.6918029785156	259.8655090332031
0.43189024925231934	"man"	127.07356262207031	120.0623779296875	182.78392028808594	254.8984375
