"score"	"label"	"x0"	"y0"	"x1"	"y1"
0.5015279650688171	"man"	183.15960693359375	163.8252716064453	363.30621337890625	596.646728515625
0.3310098946094513	"woman"	357.2162780761719	137.54884338378906	445.7842712402344	300.58282470703125
