"score"	"label"	"x0"	"y0"	"x1"	"y1"
0.3036545813083648	"woman"	107.43698120117188	291.88519287109375	120.38107299804688	313.865966796875
0.2898475229740143	"woman"	125.10879516601562	303.171630859375	134.45108032226562	320.0499267578125
