"score"	"label"	"x0"	"y0"	"x1"	"y1"
0.6350300908088684	"woman"	207.66302490234375	130.57040405273438	247.1280517578125	234.95416259765625
0.3627082109451294	"man"	133.10203552246094	131.4484100341797	168.2192840576172	199.5197906494141
0.2832380831241607	"man"	161.55026245117188	127.62688446044922	197.63204956054688	199.88912963867188
