"score"	"label"	"x0"	"y0"	"x1"	"y1"
0.2599628567695617	"woman"	371.0320739746094	191.07095336914065	414.1395568847656	264.1886901855469
