"score"	"label"	"x0"	"y0"	"x1"	"y1"
0.32055583596229553	"m ; a ; n"	68.66915893554688	79.67979431152344	187.97039794921875	526.0049438476562
