score	label	x0	y0	x1	y1
0.3451915383338928	man	156.98715209960938	399.6031188964844	177.3594970703125	419.7758483886719
0.2926019728183746	man	126.77804565429688	399.8746948242187	148.61404418945312	419.40338134765625
