score	label	x0	y0	x1	y1
0.4755388498306274	woman	44.27882385253906	88.08090209960938	239.6111297607422	461.8651428222656
