score	label	x0	y0	x1	y1
0.3712354302406311	woman	275.95062255859375	309.2954406738281	292.15081787109375	354.0778503417969
0.2986399829387665	man	234.42051696777344	305.5191345214844	249.2453765869141	350.5666198730469
