score	label	x0	y0	x1	y1
0.3168267607688904	woman	531.2724609375	-0.0934486389160156	599.9266357421875	20.75394058227539
