"score"	"label"	"x0"	"y0"	"x1"	"y1"
0.38833853602409363	"m"	1.249542236328125	0.777252197265625	597.789306640625	432.4020080566406
