"score"	"label"	"x0"	"y0"	"x1"	"y1"
0.29586514830589294	"woman"	359.05560302734375	238.5350341796875	379.1688232421875	290.25628662109375
