score	label	x0	y0	x1	y1
0.4818044006824493	man	10.70123291015625	52.12434387207031	595.4116821289062	403.6927490234375
