score	label	x0	y0	x1	y1
0.5441361665725708	woman	0.8079833984375	57.1258544921875	530.613525390625	599.5277099609375
