"score"	"label"	"x0"	"y0"	"x1"	"y1"
0.40746548771858215	"man"	115.99807739257812	314.3470458984375	376.2919006347656	515.146484375
0.3887787461280823	"man"	357.9242248535156	314.8955078125	480.5832824707031	510.4332275390625
0.3144267797470093	"man"	42.20817565917969	334.5592956542969	313.7744140625	453.2156066894531
