"score"	"label"	"x0"	"y0"	"x1"	"y1"
0.4238653779029846	"man"	0.3260955810546875	0.056243896484375	482.61712646484375	394.6478576660156
0.3161545395851135	"woman"	0.296051025390625	0.1717681884765625	482.717529296875	394.71112060546875
