"score"	"label"	"x0"	"y0"	"x1"	"y1"
0.3291186988353729	"w o"	23.831192016601562	33.350372314453125	508.908203125	486.5386657714844
0.3023087680339813	"w o"	23.915802001953125	33.31878662109375	508.9299621582031	486.40704345703125
0.255484402179718	"o"	24.055679321289062	33.25825500488281	508.44580078125	486.28326416015625
