"score"	"label"	"x0"	"y0"	"x1"	"y1"
0.26990529894828796	"a ;"	67.45758056640625	39.40284729003906	544.2662963867188	314.98736572265625
