"score"	"label"	"x0"	"y0"	"x1"	"y1"
0.3083922564983368	"man"	113.53768157958984	345.9256591796875	139.4967041015625	403.35211181640625
0.2718031406402588	"man"	112.7744140625	344.5062255859375	147.10861206054688	403.031494140625
0.3155224621295929	"woman"	142.64796447753906	332.499755859375	160.11302185058594	383.260009765625
0.26806119084358215	"man"	176.4359893798828	315.4183044433594	202.4681854248047	366.2940368652344
