"score"	"label"	"x0"	"y0"	"x1"	"y1"
0.3562615811824798	"man"	0.4807205200195312	209.4739532470703	34.22701644897461	347.67840576171875
