score	label	x0	y0	x1	y1
0.4714485704898834	man	2.8687591552734375	127.00916290283205	86.255859375	295.7111511230469
0.3842140436172485	man	421.4353942871094	143.16546630859375	460.5390930175781	261.6565856933594
0.3556506037712097	man	63.889896392822266	133.58224487304688	109.75453186035156	288.11749267578125
0.3110493719577789	man	105.91677856445312	137.6859588623047	160.30154418945312	280.44970703125
0.2725891470909118	man	302.7454528808594	148.73757934570312	332.5079040527344	249.82171630859375
