"score"	"label"	"x0"	"y0"	"x1"	"y1"
0.30110251903533936	"m ; a ; n"	57.472503662109375	97.34092712402344	572.4676513671875	330.564697265625
