"score"	"label"	"x0"	"y0"	"x1"	"y1"
0.8438937664031982	"man"	197.76864624023438	113.72895812988281	423.9382629394531	599.1094970703125
