"score"	"label"	"x0"	"y0"	"x1"	"y1"
0.3365457355976105	"man"	315.6255187988281	272.2037658691406	322.7859802246094	285.7202453613281
0.2980925738811493	"man"	122.67416381835938	279.0716857910156	127.49940490722656	286.9429626464844
0.27736738324165344	"man"	298.7122802734375	280.77020263671875	304.5762939453125	289.35565185546875
