score	label	x0	y0	x1	y1
0.5239270925521851	woman	140.8206787109375	177.7691650390625	164.1778564453125	223.2554931640625
