"score"	"label"	"x0"	"y0"	"x1"	"y1"
0.4163780212402344	"woman"	20.43487548828125	128.49130249023438	277.376220703125	352.94482421875
0.26406505703926086	"man"	22.145614624023438	128.45755004882812	276.24078369140625	353.2088317871094
