"score"	"label"	"x0"	"y0"	"x1"	"y1"
0.3193299174308777	"woman"	118.300048828125	234.3804626464844	204.22488403320312	332.0212097167969
0.2743432521820068	"woman"	120.57003021240234	238.19287109375	157.92196655273438	327.95147705078125
