"score"	"label"	"x0"	"y0"	"x1"	"y1"
0.4410454332828522	"woman"	281.6922302246094	318.51959228515625	321.6795349121094	425.025146484375
0.2815594375133514	"man"	278.3964538574219	316.23095703125	349.3639831542969	424.3902587890625
0.2693030834197998	"man"	0.4749488830566406	272.1541748046875	48.13518905639648	424.72894287109375
0.2576218545436859	"man"	0.3194971084594726	273.7485656738281	19.76613998413086	357.9245300292969
