"score"	"label"	"x0"	"y0"	"x1"	"y1"
0.4501301646232605	"woman"	536.325927734375	360.85107421875	563.012451171875	468.369140625
0.3813573718070984	"woman"	441.41925048828125	302.3658142089844	498.4208984375	498.8813781738281
0.4524252414703369	"man"	442.2621154785156	302.8027648925781	497.9380798339844	498.6108703613281
