"score"	"label"	"x0"	"y0"	"x1"	"y1"
0.546210765838623	"man"	429.990966796875	17.78564453125	566.5182495117188	403.98211669921875
0.362894743680954	"woman"	152.19668579101562	66.36631774902344	269.8492736816406	404.0015869140625
0.27188238501548767	"woman"	259.2113037109375	91.63241577148438	329.51654052734375	358.0097351074219
0.259790301322937	"man"	321.1540832519531	34.19947814941406	438.6003723144531	404.0909423828125
