"score"	"label"	"x0"	"y0"	"x1"	"y1"
0.4106385111808777	"man"	59.59127426147461	171.26858520507812	96.99789428710938	223.85415649414065
