"score"	"label"	"x0"	"y0"	"x1"	"y1"
0.40679195523262024	"woman"	166.48562622070312	99.4783935546875	363.3260192871094	194.53475952148438
