"score"	"label"	"x0"	"y0"	"x1"	"y1"
0.30285409092903137	"man"	402.233154296875	214.7639617919922	423.13507080078125	244.30113220214844
0.32758834958076477	"man"	249.09542846679688	366.1300048828125	461.3434753417969	449.776123046875
