score	label	x0	y0	x1	y1
0.4340255558490753	woman	148.10658264160156	69.0687255859375	242.27040100097656	362.46441650390625
0.3215168714523315	man	231.56056213378903	54.736419677734375	377.9089965820313	398.5338134765625
0.2568776905536651	man	91.20639038085938	57.01753234863281	163.7918701171875	343.7340087890625
