score	label	x0	y0	x1	y1
0.4177688360214233	woman	239.2955017089844	244.84324645996097	255.73992919921875	296.891845703125
0.3174168169498443	woman	233.65838623046875	241.34617614746097	262.1091613769531	299.2601623535156
