score	label	x0	y0	x1	y1
0.2574743628501892	woman	131.27447509765625	390.1471862792969	165.577392578125	428.5124816894531
