score	label	x0	y0	x1	y1
0.5502344369888306	woman	81.6922607421875	0.1988372802734375	220.63406372070312	465.58697509765625
0.4182969033718109	man	297.5458679199219	44.35743713378906	447.0968933105469	465.08831787109375
