"score"	"label"	"x0"	"y0"	"x1"	"y1"
0.31475844979286194	"man"	558.4794921875	143.3455810546875	577.355712890625	168.71176147460938
0.26797178387641907	"man"	547.9530029296875	142.84339904785156	578.455810546875	170.8204803466797
