"score"	"label"	"x0"	"y0"	"x1"	"y1"
0.48135891556739807	"man"	184.6510772705078	164.00604248046875	363.16290283203125	596.9158935546875
0.33891725540161133	"woman"	356.93304443359375	137.20159912109375	446.071044921875	299.7910461425781
0.29198455810546875	"woman"	183.4857177734375	163.53347778320312	363.468994140625	596.4324951171875
