"score"	"label"	"x0"	"y0"	"x1"	"y1"
0.3043630421161651	"woman"	76.18785858154297	8.498199462890625	195.8492126464844	272.09979248046875
