score	label	x0	y0	x1	y1
0.4009279012680053	woman	56.164886474609375	203.16473388671875	355.520263671875	567.0597534179688
0.4004043340682983	woman	251.3855133056641	201.0557861328125	595.0374755859375	567.3596801757812
