score	label	x0	y0	x1	y1
0.3005045652389526	woman	308.3912658691406	204.1451416015625	394.2119445800781	355.142333984375
