"score"	"label"	"x0"	"y0"	"x1"	"y1"
0.684195876121521	"man"	148.8224639892578	252.7967987060547	185.8052215576172	336.38995361328125
0.593630850315094	"woman"	148.77976989746094	252.7355499267578	185.95631408691406	336.51507568359375
0.4521959722042084	"woman"	148.86822509765625	252.85655212402344	185.9296875	336.6096496582031
