"score"	"label"	"x0"	"y0"	"x1"	"y1"
0.4421516358852386	"man"	67.56055450439453	162.23123168945312	126.86685943603516	239.20608520507812
0.2666670083999634	"woman"	335.861328125	19.29895782470703	360.479736328125	82.83026885986328
