"score"	"label"	"x0"	"y0"	"x1"	"y1"
0.2922963500022888	"woman"	521.90234375	16.472183227539062	594.8067626953125	101.00852966308594
