"score"	"label"	"x0"	"y0"	"x1"	"y1"
0.32461705803871155	"m a"	9.87255859375	14.318572998046875	583.1175537109375	581.3848876953125
0.2649843096733093	"m a"	35.402923583984375	46.80804443359375	555.9058837890625	556.68505859375
