"score"	"label"	"x0"	"y0"	"x1"	"y1"
0.37163645029067993	"woman"	83.41187286376953	404.3183288574219	95.7925033569336	443.8442077636719
0.31988227367401123	"woman"	92.14276885986328	404.8652038574219	108.58809661865234	442.9290466308594
0.25411081314086914	"man"	83.7755126953125	404.7558898925781	95.4837646484375	443.8064880371094
0.2728331387042999	"man"	92.4954833984375	405.13238525390625	108.366455078125	442.7708740234375
0.260664165019989	"woman"	83.4271469116211	402.99200439453125	114.47972869873047	443.89630126953125
