"score"	"label"	"x0"	"y0"	"x1"	"y1"
0.26077166199684143	"woman"	564.329345703125	-0.02702617645263672	589.9681396484375	20.01901626586914
0.2582920491695404	"woman"	366.3994140625	-0.04540586471557617	392.73974609375	10.479276657104492
