"score"	"label"	"x0"	"y0"	"x1"	"y1"
0.43870899081230164	"woman"	0.754058837890625	96.64256286621094	530.3092041015625	407.0404052734375
0.44102367758750916	"man"	0.6080322265625	97.05665588378906	530.027099609375	406.91357421875
