score	label	x0	y0	x1	y1
0.5135713219642639	woman	101.4641571044922	85.41282653808594	218.03431701660156	388.9122924804687
0.2761744260787964	man	12.840694427490234	90.1881866455078	107.61648559570312	377.35357666015625
