"score"	"label"	"x0"	"y0"	"x1"	"y1"
0.2944134771823883	"woman"	468.84796142578125	233.688720703125	483.614990234375	282.07861328125
0.2815772593021393	"woman"	434.3777160644531	223.5819091796875	453.8584289550781	278.0633544921875
0.25041770935058594	"woman"	486.65771484375	226.0814208984375	504.71307373046875	277.62384033203125
