"score"	"label"	"x0"	"y0"	"x1"	"y1"
0.8455502986907959	"man"	20.672378540039062	93.05833435058594	426.01324462890625	596.9164428710938
