"score"	"label"	"x0"	"y0"	"x1"	"y1"
0.2900198996067047	"man"	417.59796142578125	195.74981689453125	424.4580078125	203.63961791992188
