"score"	"label"	"x0"	"y0"	"x1"	"y1"
0.440521776676178	"man"	460.0474548339844	408.3892822265625	472.0200500488281	423.04779052734375
0.26418283581733704	"man"	227.41183471679688	286.2565612792969	237.43612670898438	297.8320007324219
