"score"	"label"	"x0"	"y0"	"x1"	"y1"
0.3624415695667267	"woman"	475.2373962402344	231.6959991455078	489.8442687988281	243.7954864501953
0.33132898807525635	"man"	475.37744140625	231.827880859375	489.82916259765625	243.68814086914062
0.25004661083221436	"woman"	472.0169677734375	229.05686950683594	492.75286865234375	246.4238739013672
