"score"	"label"	"x0"	"y0"	"x1"	"y1"
0.6984798908233643	"man"	87.21964263916016	76.1942138671875	275.54656982421875	518.6940307617188
