"score"	"label"	"x0"	"y0"	"x1"	"y1"
0.6492431163787842	"woman"	49.86439514160156	199.35458374023438	192.59764099121094	410.8188781738281
0.5129931569099426	"woman"	175.27157592773438	187.83485412597656	276.4156188964844	410.87408447265625
0.43360620737075806	"woman"	350.8308410644531	197.63174438476562	472.3251037597656	410.4081726074219
0.3664071559906006	"woman"	262.08660888671875	224.18370056152344	385.68182373046875	409.97100830078125
0.28394681215286255	"woman"	363.17730712890625	40.50652313232422	513.3309936523438	281.6991882324219
0.3196583688259125	"woman"	432.3687438964844	162.98919677734375	548.7139892578125	408.91143798828125
0.2868100702762604	"woman"	53.22197723388672	29.793197631835938	221.79483032226562	293.41876220703125
