"score"	"label"	"x0"	"y0"	"x1"	"y1"
0.49125826358795166	"woman"	148.83599853515625	189.58682250976562	267.972412109375	586.70751953125
0.31236788630485535	"man"	148.733154296875	189.18138122558594	267.9333801269531	586.4937744140625
