"score"	"label"	"x0"	"y0"	"x1"	"y1"
0.3622840642929077	"man woman"	10.839130401611328	213.6327209472656	31.052539825439453	239.6458740234375
0.307924747467041	"man"	39.91767120361328	183.10934448242188	57.384315490722656	213.1578369140625
