"score"	"label"	"x0"	"y0"	"x1"	"y1"
0.27692967653274536	"man"	362.64764404296875	161.40048217773438	372.1082763671875	178.20590209960938
0.29498863220214844	"man"	238.99896240234375	156.78878784179688	248.96710205078125	174.6756591796875
0.2668909728527069	"woman"	238.18544006347656	156.19618225097656	249.8324737548828	175.1306610107422
