score	label	x0	y0	x1	y1
0.5112798810005188	woman	309.3503723144531	220.93211364746097	405.4732360839844	431.33892822265625
