"score"	"label"	"x0"	"y0"	"x1"	"y1"
0.2603873908519745	"a"	261.2161865234375	171.40011596679688	355.08465576171875	381.4305725097656
