"score"	"label"	"x0"	"y0"	"x1"	"y1"
0.5389059782028198	"man"	22.951934814453125	93.24853515625	381.9697570800781	549.2194213867188
