"score"	"label"	"x0"	"y0"	"x1"	"y1"
0.6135101318359375	"man"	468.9692687988281	241.3606414794922	499.1054382324219	296.97137451171875
0.37608399987220764	"woman"	469.8617248535156	241.9259796142578	498.3337097167969	296.7121887207031
