"score"	"label"	"x0"	"y0"	"x1"	"y1"
0.2658926844596863	"woman"	371.7563781738281	103.97386169433594	413.6686706542969	169.32200622558594
