"score"	"label"	"x0"	"y0"	"x1"	"y1"
0.5069981217384338	"woman"	179.9115753173828	266.70489501953125	245.66575622558594	459.78936767578125
0.38144078850746155	"man"	307.0458679199219	259.9154052734375	377.3076477050781	462.40478515625
0.2719879448413849	"woman"	236.48065185546875	310.7203369140625	285.736328125	462.51544189453125
