"score"	"label"	"x0"	"y0"	"x1"	"y1"
0.8053804039955139	"man"	132.03717041015625	83.89056396484375	279.7806701660156	573.391845703125
