"score"	"label"	"x0"	"y0"	"x1"	"y1"
0.33097967505455017	"woman"	96.11038208007812	124.26091003417969	230.32797241210938	194.21266174316406
