"score"	"label"	"x0"	"y0"	"x1"	"y1"
0.35310909152030945	"woman"	171.09481811523438	129.23849487304688	252.330078125	361.7481689453125
0.29759564995765686	"woman"	360.0873107910156	117.08981323242188	443.6770935058594	374.3022766113281
0.3244763910770416	"woman"	473.60247802734375	164.1616973876953	540.9739990234375	406.12884521484375
0.2950083613395691	"woman"	427.5798034667969	120.00856018066406	497.9913024902344	387.1824951171875
0.2511373460292816	"woman"	70.03929138183594	122.28500366210938	158.72262573242188	364.1060485839844
0.32539984583854675	"woman"	144.09405517578125	129.0807342529297	253.26104736328125	361.746826171875
