"score"	"label"	"x0"	"y0"	"x1"	"y1"
0.7032212615013123	"woman"	391.4988708496094	214.14535522460938	555.0582275390625	461.7698669433594
0.39435991644859314	"woman"	40.80567169189453	212.10299682617188	178.18551635742188	461.6221008300781
0.2624514400959015	"woman"	356.9347229003906	206.92625427246094	428.5552673339844	294.4355773925781
0.2548512816429138	"woman"	194.86911010742188	201.51727294921875	250.54638671875	282.36865234375
