"score"	"label"	"x0"	"y0"	"x1"	"y1"
0.5490238070487976	"woman"	279.8918762207031	393.5911560058594	351.6164855957031	484.7991027832031
0.39869195222854614	"woman"	340.44677734375	372.98443603515625	444.6700439453125	527.4938354492188
0.3354094326496124	"woman"	340.33648681640625	372.9873962402344	445.20758056640625	599.0250854492188
