"score"	"label"	"x0"	"y0"	"x1"	"y1"
0.36246320605278015	"man"	129.4498748779297	331.6786193847656	228.76560974121094	433.5510559082031
