score	label	x0	y0	x1	y1
0.3034902811050415	woman	391.7967224121094	280.66510009765625	408.8424377441406	324.55621337890625
0.2540859878063202	woman	392.7462463378906	280.8696594238281	408.1670837402344	308.8887023925781
