"score"	"label"	"x0"	"y0"	"x1"	"y1"
0.4519459307193756	"man"	387.5466003417969	261.08251953125	455.6215515136719	292.167724609375
0.3379938304424286	"man"	387.0660400390625	261.36468505859375	504.0068359375	292.3408203125
0.2911633551120758	"man"	247.3506317138672	227.71388244628906	277.2014465332031	240.55323791503906
0.3736465275287628	"man"	419.5072021484375	236.44151306152344	465.003662109375	261.7300720214844
