"score"	"label"	"x0"	"y0"	"x1"	"y1"
0.3033657073974609	"man"	324.0774230957031	199.1475067138672	359.2770080566406	234.3679656982422
0.3022220730781555	"woman"	337.7142028808594	200.7056427001953	357.9325866699219	233.76707458496097
