"score"	"label"	"x0"	"y0"	"x1"	"y1"
0.4815170168876648	"woman"	333.4155578613281	127.1277847290039	411.4414978027344	378.79779052734375
0.3724115192890167	"man"	257.757568359375	76.24618530273438	341.43194580078125	379.1138000488281
