"score"	"label"	"x0"	"y0"	"x1"	"y1"
0.9323365688323975	"woman"	184.057861328125	207.76377868652344	381.6988525390625	598.4586181640625
