"score"	"label"	"x0"	"y0"	"x1"	"y1"
0.31472960114479065	"man"	4.8129425048828125	2.89288330078125	434.43438720703125	595.720458984375
