"score"	"label"	"x0"	"y0"	"x1"	"y1"
0.4831223487854004	"man"	307.33984375	235.68450927734375	386.8250732421875	341.69476318359375
0.3616809546947479	"woman"	425.31195068359375	235.711181640625	491.14239501953125	340.95343017578125
0.3090473413467407	"woman"	307.42010498046875	235.55982971191406	386.5784912109375	341.20159912109375
