"score"	"label"	"x0"	"y0"	"x1"	"y1"
0.319566547870636	"woman"	84.33966827392578	299.9842224121094	103.55152130126952	338.0458068847656
0.2825148403644562	"woman"	168.71519470214844	282.4820556640625	183.3397674560547	309.460693359375
0.2690178155899048	"woman"	130.15760803222656	289.66656494140625	147.5492401123047	322.5826416015625
