"score"	"label"	"x0"	"y0"	"x1"	"y1"
0.6250119805335999	"woman"	196.5376892089844	276.280517578125	383.5514831542969	596.2083129882812
0.5404727458953857	"man"	128.703369140625	138.56011962890625	317.7897033691406	560.3893432617188
