"score"	"label"	"x0"	"y0"	"x1"	"y1"
0.7981598377227783	"man"	240.68527221679688	245.7290496826172	255.0245361328125	296.50433349609375
