"score"	"label"	"x0"	"y0"	"x1"	"y1"
0.43160280585289	"woman"	93.6185302734375	335.3199462890625	105.04878234863281	359.34234619140625
0.3932171165943146	"man"	94.32542419433594	335.69390869140625	104.58206176757812	359.1739501953125
0.29164156317710876	"woman"	88.90426635742188	332.2582702636719	109.61631774902344	361.7355041503906
