"score"	"label"	"x0"	"y0"	"x1"	"y1"
0.3816448748111725	"woman"	0.23897552490234375	98.27113342285156	160.50765991210938	434.83380126953125
