"score"	"label"	"x0"	"y0"	"x1"	"y1"
0.4903421103954315	"man"	215.502685546875	189.72781372070312	332.23748779296875	377.7488098144531
0.44939863681793213	"woman"	60.62563705444336	174.45669555664062	146.34262084960938	377.7032165527344
