score	label	x0	y0	x1	y1
0.2945903539657593	man	151.48818969726562	61.0369873046875	160.7623291015625	78.19319152832031
