"score"	"label"	"x0"	"y0"	"x1"	"y1"
0.32235199213027954	"woman"	276.00067138671875	211.0611114501953	297.54595947265625	240.25743103027344
0.3472391664981842	"woman"	287.6841125488281	227.24774169921875	310.6324768066406	269.9122009277344
0.3040943741798401	"woman"	275.0221862792969	211.08319091796875	297.7475891113281	250.59701538085938
0.2582642138004303	"woman"	271.3338623046875	245.03208923339844	290.02520751953125	275.6782531738281
