"score"	"label"	"x0"	"y0"	"x1"	"y1"
0.8791999220848083	"woman"	44.97826385498047	89.43759155273438	237.47344970703125	461.0661315917969
