"score"	"label"	"x0"	"y0"	"x1"	"y1"
0.2866232693195343	"man"	105.13383483886719	47.67131042480469	537.6669921875	357.93597412109375
