score	label	x0	y0	x1	y1
0.2864944636821747	man	2.4140472412109375	0.746185302734375	430.8395385742187	598.252685546875
