"score"	"label"	"x0"	"y0"	"x1"	"y1"
0.5872859358787537	"woman"	25.36578369140625	34.32713317871094	505.98492431640625	481.4256591796875
