"score"	"label"	"x0"	"y0"	"x1"	"y1"
0.4219805896282196	"man"	102.84423065185547	256.23931884765625	114.52019500732422	278.24609375
0.3202958405017853	"woman"	103.3858413696289	256.54754638671875	114.1322250366211	277.96014404296875
0.25201648473739624	"man"	98.9704360961914	253.0975799560547	118.24112701416016	281.1141357421875
