"score"	"label"	"x0"	"y0"	"x1"	"y1"
0.2985762357711792	"m ; a ; n"	11.63494873046875	145.40927124023438	581.9835205078125	276.2084655761719
