"score"	"label"	"x0"	"y0"	"x1"	"y1"
0.4642587602138519	"woman"	1.3161849975585938	139.80535888671875	156.35107421875	387.967529296875
