"score"	"label"	"x0"	"y0"	"x1"	"y1"
0.2655675709247589	"woman"	302.669921875	128.67263793945312	310.7158203125	141.41403198242188
