"score"	"label"	"x0"	"y0"	"x1"	"y1"
0.2960848808288574	"w"	117.07853698730469	133.58583068847656	531.7781372070312	549.67724609375
0.2695116102695465	"w"	117.03662109375	133.7522430419922	532.0416870117188	549.8862915039062
