"score"	"label"	"x0"	"y0"	"x1"	"y1"
0.4165382981300354	"woman"	22.500152587890625	92.84201049804688	381.9226989746094	549.17626953125
0.5389059782028198	"man"	22.951934814453125	93.24853515625	381.9697570800781	549.2194213867188
