"score"	"label"	"x0"	"y0"	"x1"	"y1"
0.7246038317680359	"woman"	314.26416015625	144.287841796875	421.44525146484375	336.7459716796875
