"score"	"label"	"x0"	"y0"	"x1"	"y1"
0.32160577178001404	"man"	0.4261283874511719	278.7464294433594	40.57299041748047	322.8169250488281
0.25190839171409607	"woman"	0.3591346740722656	279.2076416015625	40.27911376953125	322.92742919921875
