"score"	"label"	"x0"	"y0"	"x1"	"y1"
0.3888862729072571	"woman"	0.03338623046875	0.12139892578125	384.02679443359375	509.910888671875
0.393960177898407	"man"	0.0832672119140625	0.1337432861328125	384.05633544921875	510.1038818359375
