"score"	"label"	"x0"	"y0"	"x1"	"y1"
0.3381167352199554	"woman"	525.8972778320312	345.4065856933594	545.7151489257812	372.0312805175781
