"score"	"label"	"x0"	"y0"	"x1"	"y1"
0.5114033222198486	"man"	234.434814453125	295.4219665527344	305.51080322265625	388.2880554199219
0.4281921088695526	"man"	186.07249450683594	118.07991027832031	225.43360900878906	225.4182586669922
