"score"	"label"	"x0"	"y0"	"x1"	"y1"
0.3973973393440246	"man"	225.05535888671875	128.17372131347656	279.89971923828125	210.1286163330078
