"score"	"label"	"x0"	"y0"	"x1"	"y1"
0.26022741198539734	"man"	275.9631652832031	209.0516357421875	323.2081604003906	248.2393798828125
0.29402703046798706	"man"	302.2514343261719	209.89193725585938	320.5448303222656	245.4078369140625
0.27979931235313416	"man woman"	276.8249816894531	211.60983276367188	296.4653625488281	248.08123779296875
