"score"	"label"	"x0"	"y0"	"x1"	"y1"
0.5605185031890869	"woman"	419.1320495605469	257.67864990234375	437.8209533691406	309.97088623046875
0.44120654463768005	"woman"	179.57151794433594	256.3298034667969	188.3361053466797	282.5399475097656
0.44104698300361633	"woman"	116.85179138183594	256.4494934082031	126.580078125	281.4422912597656
0.4344777464866638	"woman"	166.0076446533203	259.2008361816406	174.05796813964844	281.7242736816406
0.44119805097579956	"woman"	134.65565490722656	256.4322814941406	143.49024963378906	281.1615905761719
0.3545911908149719	"woman"	327.32647705078125	254.97427368164062	337.87115478515625	284.7994689941406
0.287808358669281	"woman"	73.81181335449219	259.0782165527344	82.56867980957031	277.9776306152344
0.2660105228424072	"woman"	210.1127471923828	257.0804748535156	219.1085968017578	280.9736633300781
