"score"	"label"	"x0"	"y0"	"x1"	"y1"
0.2595047056674957	"w"	42.81475830078125	64.43649291992188	367.2652893066406	598.4205322265625
