"score"	"label"	"x0"	"y0"	"x1"	"y1"
0.41025716066360474	"woman"	244.17616271972656	320.9836120605469	263.572265625	349.5964660644531
0.30203136801719666	"man"	244.8163299560547	321.4106750488281	263.3927307128906	349.4914855957031
0.2804465591907501	"woman"	240.38955688476562	317.3876953125	267.347900390625	352.2879638671875
