score	label	x0	y0	x1	y1
0.346698522567749	man	470.3050842285156	270.22515869140625	479.9743957519531	293.04412841796875
