"score"	"label"	"x0"	"y0"	"x1"	"y1"
0.7719106674194336	"woman"	313.400146484375	113.818603515625	472.49200439453125	447.3626708984375
0.3356631398200989	"woman"	413.2280578613281	91.83416748046875	599.6907958984375	446.9373779296875
