"score"	"label"	"x0"	"y0"	"x1"	"y1"
0.2565763592720032	"woman"	0.20674419403076172	62.93705749511719	17.059513092041016	375.163818359375
