"score"	"label"	"x0"	"y0"	"x1"	"y1"
0.843817412853241	"man"	19.890838623046875	52.23170471191406	292.1502685546875	549.908935546875
