"score"	"label"	"x0"	"y0"	"x1"	"y1"
0.31186413764953613	"woman"	93.07093811035156	129.8180694580078	180.85289001464844	496.35986328125
0.29239898920059204	"man"	171.90054321289062	166.7114715576172	270.7598571777344	426.31060791015625
0.27442967891693115	"man"	390.582763671875	133.57025146484375	516.7564086914062	556.09716796875
