"score"	"label"	"x0"	"y0"	"x1"	"y1"
0.375104159116745	"man"	180.5629119873047	134.6392364501953	220.56541442871094	223.6499786376953
0.32583150267601013	"woman"	180.0525665283203	134.64505004882812	220.67750549316406	223.2835693359375
