"score"	"label"	"x0"	"y0"	"x1"	"y1"
0.8855497241020203	"woman"	541.8043823242188	119.04177856445312	599.6536254882812	300.7626037597656
