"score"	"label"	"x0"	"y0"	"x1"	"y1"
0.287584513425827	"man"	124.62987518310547	17.932861328125	348.798095703125	374.8570251464844
0.5198231339454651	"woman"	124.89132690429688	17.873336791992188	347.80047607421875	375.0205078125
0.28813469409942627	"man"	216.12939453125	17.661819458007812	324.92352294921875	272.48541259765625
