"score"	"label"	"x0"	"y0"	"x1"	"y1"
0.4080914855003357	"man"	258.423583984375	195.73809814453125	267.52655029296875	218.1627197265625
0.3894442021846771	"man"	312.213623046875	197.09376525878906	321.058837890625	211.0822296142578
