"score"	"label"	"x0"	"y0"	"x1"	"y1"
0.4500746428966522	"woman"	4.4421844482421875	292.96795654296875	167.26483154296875	583.6115112304688
0.333292156457901	"woman"	147.2605438232422	271.21160888671875	187.26734924316406	394.78070068359375
0.2985893189907074	"woman"	222.356201171875	31.35357666015625	337.22515869140625	180.61387634277344
0.2878068685531616	"woman"	183.90467834472656	272.7491149902344	201.2620391845703	396.2367248535156
