"score"	"label"	"x0"	"y0"	"x1"	"y1"
0.28228476643562317	"man"	56.33392333984375	329.9298400878906	100.659423828125	404.8371276855469
0.30350786447525024	"woman"	56.49842071533203	330.1230773925781	100.3875961303711	404.7334289550781
