"score"	"label"	"x0"	"y0"	"x1"	"y1"
0.3955432176589966	"woman"	392.5916442871094	222.32733154296875	463.4320373535156	443.49908447265625
0.3839413225650787	"man"	453.78753662109375	197.83306884765625	522.0462036132812	451.5096435546875
0.3207016289234161	"woman"	337.6551818847656	230.48703002929688	401.9079284667969	439.6033630371094
