"score"	"label"	"x0"	"y0"	"x1"	"y1"
0.3254558742046356	"woman"	151.4328155517578	61.00133514404297	160.8204803466797	78.26561737060547
0.2899790406227112	"woman"	149.12428283691406	58.97196960449219	163.19703674316406	79.98423767089844
