"score"	"label"	"x0"	"y0"	"x1"	"y1"
0.28493228554725647	"a ;"	245.17869567871094	33.77925109863281	362.15264892578125	385.17144775390625
