"score"	"label"	"x0"	"y0"	"x1"	"y1"
0.6852917671203613	"man"	235.07537841796875	266.3446350097656	241.90084838867188	282.9390563964844
