score	label	x0	y0	x1	y1
0.2630079090595245	woman	10.6484375	11.406936645507812	594.3475341796875	397.1364135742187
