"score"	"label"	"x0"	"y0"	"x1"	"y1"
0.2639576196670532	"woman"	0.7676315307617188	302.58111572265625	161.41549682617188	397.8990478515625
