"score"	"label"	"x0"	"y0"	"x1"	"y1"
0.9137393832206726	"woman"	74.0131607055664	95.11372375488281	325.2663879394531	504.16326904296875
