"score"	"label"	"x0"	"y0"	"x1"	"y1"
0.3672906160354614	"man"	192.08592224121097	119.68624877929688	234.9104156494141	153.51287841796875
