"score"	"label"	"x0"	"y0"	"x1"	"y1"
0.3314800262451172	"woman"	340.6715087890625	462.55963134765625	352.34906005859375	491.46429443359375
0.3358724117279053	"woman"	208.3156280517578	417.4870300292969	217.01295471191406	433.0099182128906
0.28736817836761475	"woman"	357.7799377441406	410.8919372558594	363.5649719238281	429.5094299316406
0.32582321763038635	"woman"	323.5058288574219	533.806884765625	340.1314392089844	576.4759521484375
0.2566961348056793	"woman"	228.1594696044922	403.8860778808594	234.21693420410156	417.2961730957031
