"score"	"label"	"x0"	"y0"	"x1"	"y1"
0.8696373701095581	"woman"	107.5911865234375	28.75335693359375	233.14199829101562	549.7444458007812
