"score"	"label"	"x0"	"y0"	"x1"	"y1"
0.5552043318748474	"woman"	216.4591522216797	545.5679321289062	227.1494598388672	563.5145874023438
