"score"	"label"	"x0"	"y0"	"x1"	"y1"
0.40917742252349854	"woman"	51.4219970703125	2.812347412109375	569.7342529296875	424.2496337890625
0.2528989613056183	"woman"	530.5425415039062	196.98915100097656	565.3883666992188	283.083251953125
