"score"	"label"	"x0"	"y0"	"x1"	"y1"
0.2709653675556183	"man"	67.79902648925781	40.95970153808594	542.9107055664062	313.94940185546875
