"score"	"label"	"x0"	"y0"	"x1"	"y1"
0.3302755951881408	"man"	204.85870361328125	212.8450469970703	219.83917236328125	241.32911682128903
