"score"	"label"	"x0"	"y0"	"x1"	"y1"
0.2542520761489868	"w"	199.52365112304688	40.86582946777344	571.920166015625	425.49896240234375
