"score"	"label"	"x0"	"y0"	"x1"	"y1"
0.4225844442844391	"woman"	34.0366096496582	169.43630981445312	57.327205657958984	203.40863037109375
0.2626344263553619	"woman"	95.73928833007812	185.9263153076172	107.48170471191406	206.9098663330078
