"score"	"label"	"x0"	"y0"	"x1"	"y1"
0.30269867181777954	"woman"	42.357330322265625	213.92706298828125	579.0372314453125	319.0771484375
