"score"	"label"	"x0"	"y0"	"x1"	"y1"
0.5823426842689514	"man"	54.53678894042969	94.34396362304688	403.64569091796875	597.8165283203125
0.26459962129592896	"man"	54.7305908203125	94.06861877441406	257.15380859375	593.21484375
