score	label	x0	y0	x1	y1
0.3947770595550537	woman	468.23876953125	133.6387939453125	515.8280029296875	276.75555419921875
0.3512424528598785	man	249.67599487304688	122.18537902832033	296.0577697753906	279.88958740234375
0.3307080566883087	man	115.7856674194336	122.3206558227539	159.09727478027344	275.7380065917969
0.2845872938632965	woman	199.75970458984375	140.28900146484375	227.01882934570312	242.40475463867188
