"score"	"label"	"x0"	"y0"	"x1"	"y1"
0.4344053566455841	"woman"	233.38966369628906	52.699066162109375	364.1826171875	355.9313659667969
0.3605693280696869	"woman"	514.031005859375	45.9442138671875	599.91259765625	399.5118713378906
0.38237398862838745	"woman"	7.119293212890625	65.75669860839844	97.86141967773438	372.68511962890625
0.31775999069213867	"woman"	329.92193603515625	76.65469360351562	393.22393798828125	370.8468322753906
0.3199354410171509	"woman"	437.0616149902344	66.32940673828125	525.7877197265625	397.65374755859375
0.31968554854393005	"woman"	184.83462524414062	56.4266357421875	257.2942810058594	351.3009948730469
0.30270764231681824	"woman"	385.5268249511719	72.08927917480469	453.8787536621094	375.193115234375
0.30262356996536255	"woman"	64.36239624023438	58.19807434082031	137.87904357910156	359.68988037109375
0.27297094464302063	"woman"	116.70793151855469	51.3095703125	191.84324645996094	351.2891845703125
