"score"	"label"	"x0"	"y0"	"x1"	"y1"
0.4719837009906769	"man"	289.8419189453125	318.6062927246094	325.175537109375	354.1022644042969
