"score"	"label"	"x0"	"y0"	"x1"	"y1"
0.2979423999786377	"man"	136.32415771484375	57.7017822265625	522.9762573242188	289.90362548828125
