"score"	"label"	"x0"	"y0"	"x1"	"y1"
0.3972771167755127	"man"	88.89662170410156	419.9813537597656	127.2608642578125	514.352294921875
0.2638660669326782	"man"	247.31430053710938	420.2528991699219	282.1380920410156	524.813232421875
0.35085800290107727	"woman"	285.48980712890625	232.9317169189453	324.71221923828125	309.1430969238281
