"score"	"label"	"x0"	"y0"	"x1"	"y1"
0.2916494309902191	"woman"	302.8329772949219	290.866455078125	325.5066223144531	327.54388427734375
0.2657270431518554	"man"	328.5488586425781	279.7859802246094	347.9867248535156	326.2212829589844
