"score"	"label"	"x0"	"y0"	"x1"	"y1"
0.3768076598644256	"man"	51.431114196777344	410.5049743652344	82.90161895751953	474.8520812988281
0.3043491840362549	"woman"	150.09808349609375	385.1199951171875	199.2581787109375	452.5514526367187
