score	label	x0	y0	x1	y1
0.2919322252273559	woman	161.72377014160156	154.66085815429688	265.0511474609375	347.93426513671875
