"score"	"label"	"x0"	"y0"	"x1"	"y1"
0.2557845711708069	"woman"	19.159881591796875	12.962631225585938	586.2774658203125	408.90350341796875
