"score"	"label"	"x0"	"y0"	"x1"	"y1"
0.446211576461792	"man"	10.338075637817383	158.950439453125	49.882659912109375	276.85546875
0.49322599172592163	"woman"	10.44723892211914	158.99288940429688	49.36357879638672	276.97015380859375
0.42638564109802246	"man"	208.42861938476562	22.762487411499023	243.864013671875	68.78475189208984
0.3576720952987671	"woman"	10.576932907104492	159.32052612304688	49.330162048339844	276.8880615234375
