"score"	"label"	"x0"	"y0"	"x1"	"y1"
0.2511093020439148	"a"	49.26918029785156	121.61300659179688	377.3082275390625	512.472412109375
