"score"	"label"	"x0"	"y0"	"x1"	"y1"
0.4144699275493622	"man woman"	43.09529113769531	121.0231475830078	371.8414306640625	597.8408813476562
