"score"	"label"	"x0"	"y0"	"x1"	"y1"
0.3275057077407837	"man"	205.50938415527344	213.9609832763672	218.0585174560547	240.25657653808594
