"score"	"label"	"x0"	"y0"	"x1"	"y1"
0.2849013209342956	"man"	424.7843322753906	220.7867431640625	438.6345520019531	247.17721557617188
