"score"	"label"	"x0"	"y0"	"x1"	"y1"
0.3121767044067383	"man"	290.6868591308594	141.77980041503906	346.9604797363281	188.4860382080078
0.30761972069740295	"man"	43.04308319091797	224.2494354248047	88.55452728271484	349.67889404296875
0.3803917467594147	"woman"	290.5956726074219	141.74838256835938	347.0092468261719	188.38143920898438
