"score"	"label"	"x0"	"y0"	"x1"	"y1"
0.6489901542663574	"man"	169.88197326660156	81.09432983398438	426.6636962890625	595.2843017578125
0.4503169059753418	"woman"	4.756706237792969	127.39306640625	257.8136901855469	590.8558959960938
