"score"	"label"	"x0"	"y0"	"x1"	"y1"
0.4489942491054535	"woman"	354.9244689941406	158.78799438476562	489.0386657714844	385.3642272949219
0.36649054288864136	"woman"	184.08883666992188	154.3094482421875	294.484130859375	355.48284912109375
0.3386416733264923	"man"	184.5558624267578	154.85934448242188	293.92034912109375	355.1627502441406
