"score"	"label"	"x0"	"y0"	"x1"	"y1"
0.27308985590934753	"man"	237.15599060058594	281.45013427734375	252.40391540527344	319.75054931640625
