score	label	x0	y0	x1	y1
0.4524087309837341	woman	141.02587890625	215.5101623535156	166.24139404296875	280.99078369140625
0.3487696945667267	man	109.58440399169922	220.38082885742188	152.05880737304688	294.0828552246094
