"score"	"label"	"x0"	"y0"	"x1"	"y1"
0.6149427890777588	"man"	236.84474182128903	177.5063018798828	336.44219970703125	363.3104248046875
0.5142775774002075	"woman"	192.2439422607422	183.24072265625	257.64385986328125	342.712890625
