"score"	"label"	"x0"	"y0"	"x1"	"y1"
0.9529317617416382	"woman"	217.2859649658203	324.42626953125	362.119140625	531.0765991210938
