"score"	"label"	"x0"	"y0"	"x1"	"y1"
0.3295195996761322	"woman"	12.012128829956056	219.07135009765625	22.301908493041992	235.73260498046875
