"score"	"label"	"x0"	"y0"	"x1"	"y1"
0.7345307469367981	"man"	78.43077087402344	98.86634826660156	341.89190673828125	489.64984130859375
