"score"	"label"	"x0"	"y0"	"x1"	"y1"
0.5095348358154297	"woman"	81.12862396240234	313.5884094238281	92.7674331665039	335.1133117675781
0.27254927158355713	"woman"	90.9221420288086	310.9895935058594	100.00182342529297	328.3517761230469
