"score"	"label"	"x0"	"y0"	"x1"	"y1"
0.3728569746017456	"man"	41.26350021362305	70.24012756347656	118.23135375976562	428.232421875
0.3621174097061157	"man"	89.58619689941406	78.99046325683594	151.04171752929688	395.0347900390625
0.2714880108833313	"man"	153.98147583007812	93.90841674804688	241.54547119140625	412.0059814453125
0.28270766139030457	"man"	229.46572875976562	121.20164489746094	317.7763366699219	249.97560119628906
0.273945152759552	"man"	0.57452392578125	30.663436889648438	65.25943756103516	428.9730224609375
