score	label	x0	y0	x1	y1
0.4582438468933105	woman	282.5050048828125	120.0997543334961	352.873046875	297.3549499511719
