score	label	x0	y0	x1	y1
0.4588064551353454	man	8.800949096679688	10.61669921875	397.57379150390625	474.795654296875
