"score"	"label"	"x0"	"y0"	"x1"	"y1"
0.2764799892902374	"a"	1.529876708984375	78.46180725097656	598.2708740234375	357.06280517578125
