"score"	"label"	"x0"	"y0"	"x1"	"y1"
0.8897008895874023	"woman"	0.9425048828125	69.12570190429688	325.2221984863281	549.1796875
