score	label	x0	y0	x1	y1
0.3456112146377563	woman	348.28497314453125	254.1277313232422	366.20989990234375	313.94610595703125
