"score"	"label"	"x0"	"y0"	"x1"	"y1"
0.265527606010437	"w"	97.11457824707031	185.39089965820312	310.13909912109375	536.126953125
