score	label	x0	y0	x1	y1
0.5830858945846558	man	37.524993896484375	111.006591796875	215.7549743652344	482.1671752929687
