"score"	"label"	"x0"	"y0"	"x1"	"y1"
0.25150933861732483	"w"	318.9848937988281	274.4927062988281	470.9354553222656	453.0010681152344
