"score"	"label"	"x0"	"y0"	"x1"	"y1"
0.27929067611694336	"a"	133.6995086669922	157.09722900390625	211.7738494873047	272.96441650390625
