"score"	"label"	"x0"	"y0"	"x1"	"y1"
0.4458453953266144	"woman"	224.77049255371094	128.75621032714844	279.6054382324219	210.98622131347656
0.2743787467479706	"woman"	26.271427154541016	245.9186553955078	37.3870964050293	264.3657531738281
0.36606156826019287	"woman"	222.49676513671875	128.787109375	279.844482421875	240.45623779296875
