"score"	"label"	"x0"	"y0"	"x1"	"y1"
0.3931533992290497	"woman"	393.430908203125	215.591796875	506.4803466796875	437.61016845703125
0.39020127058029175	"woman"	180.2506103515625	70.70553588867188	270.5370178222656	291.3142395019531
0.38369622826576233	"woman"	169.2337646484375	228.03515625	265.3011474609375	437.6536865234375
0.3513253927230835	"woman"	249.19142150878906	223.82723999023438	339.045654296875	437.3213195800781
0.3557087481021881	"woman"	100.41218566894531	228.6318817138672	195.53843688964844	437.76507568359375
0.3211647868156433	"woman"	318.53240966796875	231.27734375	415.4083251953125	437.61053466796875
