score	label	x0	y0	x1	y1
0.44531911611557	woman	198.2456970214844	241.34095764160156	217.47235107421875	285.8367919921875
0.2943986356258392	woman	221.59527587890625	239.0486602783203	239.62152099609375	285.30609130859375
0.2706233263015747	woman	197.22178649902344	238.4414825439453	240.20103454589844	286.5289611816406
