"score"	"label"	"x0"	"y0"	"x1"	"y1"
0.4221567213535309	"woman"	79.90892028808594	267.75506591796875	156.3370819091797	389.66680908203125
0.4268115162849426	"woman"	3.267955780029297	245.37533569335938	58.906253814697266	398.8443908691406
0.3811646103858948	"woman"	373.62890625	279.7322082519531	404.92303466796875	360.8424377441406
0.35824865102767944	"woman"	251.3097381591797	260.32012939453125	287.8464050292969	352.10205078125
0.38293009996414185	"woman"	127.77101135253906	279.6243591308594	183.98731994628906	368.3862609863281
0.34154945611953735	"woman"	226.30194091796875	272.5552978515625	262.26409912109375	352.97119140625
0.3316676616668701	"woman"	201.4408721923828	272.2748718261719	232.89866638183594	352.5363464355469
