"score"	"label"	"x0"	"y0"	"x1"	"y1"
0.32599902153015137	"man"	70.09561157226562	63.32475280761719	596.8931884765625	329.92596435546875
