"score"	"label"	"x0"	"y0"	"x1"	"y1"
0.26435670256614685	"w"	1.38214111328125	0.6884613037109375	598.3081665039062	422.04022216796875
