"score"	"label"	"x0"	"y0"	"x1"	"y1"
0.30280688405036926	"m ; a ; n"	25.6854248046875	127.0972900390625	396.2099609375	591.3252563476562
