"score"	"label"	"x0"	"y0"	"x1"	"y1"
0.8180319666862488	"woman"	1.974822998046875	18.507537841796875	384.72418212890625	549.0782470703125
