"score"	"label"	"x0"	"y0"	"x1"	"y1"
0.8963015675544739	"woman"	7.221527099609375	68.8697509765625	378.26470947265625	595.9824829101562
