"score"	"label"	"x0"	"y0"	"x1"	"y1"
0.9130091071128845	"woman"	135.01846313476562	46.619903564453125	288.7651672363281	560.5699462890625
