"score"	"label"	"x0"	"y0"	"x1"	"y1"
0.2868684232234955	"man"	443.93389892578125	224.43141174316406	495.92523193359375	300.53509521484375
0.27579164505004883	"man"	443.25836181640625	222.10568237304688	499.9730224609375	333.4685363769531
