"score"	"label"	"x0"	"y0"	"x1"	"y1"
0.5371007323265076	"man"	270.5849304199219	238.04971313476562	360.2604675292969	367.4819030761719
0.38575443625450134	"woman"	172.48802185058594	134.5950927734375	269.33172607421875	276.4188232421875
0.3039756417274475	"woman"	172.83287048339844	135.17239379882812	249.1234893798828	259.40966796875
