"score"	"label"	"x0"	"y0"	"x1"	"y1"
0.6440016627311707	"man"	93.06097412109375	16.16644287109375	214.86221313476562	389.5764465332031
