"score"	"label"	"x0"	"y0"	"x1"	"y1"
0.45327308773994446	"woman"	134.672119140625	248.5322265625	178.64688110351562	353.0816650390625
0.33973434567451477	"man"	134.90658569335938	248.7991943359375	178.50634765625	352.96429443359375
0.27654290199279785	"woman"	323.6970520019531	237.8194122314453	361.1166687011719	339.5037536621094
0.2616259455680847	"woman"	207.95265197753906	265.2162170410156	234.18846130371094	332.5677795410156
