"score"	"label"	"x0"	"y0"	"x1"	"y1"
0.5779290795326233	"woman"	149.00540161132812	252.80325317382812	185.79193115234375	336.1007995605469
0.6138098239898682	"man"	149.27145385742188	252.77809143066406	185.72137451171875	336.1192626953125
0.3937796354293823	"woman"	149.05877685546875	252.8348388671875	185.84835815429688	336.1588134765625
