"score"	"label"	"x0"	"y0"	"x1"	"y1"
0.33788836002349854	"woman"	197.52423095703125	261.5115966796875	244.32366943359375	375.03509521484375
0.2636975944042206	"man"	420.525634765625	275.649169921875	466.66278076171875	368.97088623046875
