score	label	x0	y0	x1	y1
0.351342111825943	man	55.68396759033203	240.6134796142578	280.48089599609375	529.6478881835938
