"score"	"label"	"x0"	"y0"	"x1"	"y1"
0.909629225730896	"man"	86.86112976074219	110.78105163574219	425.36407470703125	597.618896484375
