score	label	x0	y0	x1	y1
0.2852155864238739	woman	538.1195678710938	258.09918212890625	554.3648071289062	289.77630615234375
