score	label	x0	y0	x1	y1
0.5397509932518005	woman	162.5203857421875	85.11209106445312	299.6838684082031	517.03759765625
0.4441412985324859	man	68.71717834472656	79.33494567871094	187.22735595703125	526.2445678710938
