"score"	"label"	"x0"	"y0"	"x1"	"y1"
0.4106811583042145	"woman"	276.9081726074219	189.5181884765625	302.1033020019531	237.46929931640625
0.3905775845050812	"man"	325.28778076171875	260.8349914550781	357.4522705078125	355.0941467285156
