"score"	"label"	"x0"	"y0"	"x1"	"y1"
0.4153670370578766	"man"	408.0537414550781	132.16885375976562	503.6462707519531	371.5812377929687
0.3478252291679382	"woman"	300.4262390136719	127.61856842041016	414.3716125488281	343.7665710449219
