score	label	x0	y0	x1	y1
0.3057486414909363	man	232.9497528076172	262.5623779296875	242.7818145751953	279.670654296875
