score	label	x0	y0	x1	y1
0.5713708400726318	man	18.959457397460938	76.64205932617188	431.80419921875	597.9747314453125
