"score"	"label"	"x0"	"y0"	"x1"	"y1"
0.5188775658607483	"woman"	241.5098876953125	242.88400268554688	251.26547241210938	263.3211364746094
0.3328418433666229	"woman"	200.02833557128906	243.7315216064453	209.0397491455078	260.0256652832031
