"score"	"label"	"x0"	"y0"	"x1"	"y1"
0.32698896527290344	"m a"	118.60641479492188	148.97280883789062	245.37179565429688	523.5096435546875
