score	label	x0	y0	x1	y1
0.7388901710510254	man	213.969482421875	140.32766723632812	399.78472900390625	378.7804870605469
