"score"	"label"	"x0"	"y0"	"x1"	"y1"
0.40547630190849304	"woman"	94.09263610839844	104.03831481933594	304.13128662109375	441.0413818359375
0.32321897149086	"woman"	0.0367431640625	0.1474456787109375	384.03338623046875	510.00286865234375
