"score"	"label"	"x0"	"y0"	"x1"	"y1"
0.3756824731826782	"man"	451.5787658691406	99.46700286865234	544.92431640625	307.4080505371094
0.33075210452079773	"man"	107.81532287597656	138.93817138671875	189.92408752441406	338.03912353515625
0.26035889983177185	"man"	336.92694091796875	110.02973175048828	435.34210205078125	314.7128601074219
0.26539742946624756	"man"	336.2670593261719	110.53572845458984	435.1037292480469	165.22415161132812
