score	label	x0	y0	x1	y1
0.4663387238979339	man	204.90347290039065	184.57586669921875	400.1650695800781	548.7937622070312
0.3667105436325073	woman	10.350471496582031	143.6753692626953	212.09603881835935	547.9578247070312
0.3215771913528442	woman	152.84979248046875	54.88746643066406	292.5008544921875	344.94268798828125
