score	label	x0	y0	x1	y1
0.5291770696640015	man	159.90023803710938	124.57405090332033	294.4110107421875	372.79193115234375
