"score"	"label"	"x0"	"y0"	"x1"	"y1"
0.27280279994010925	"a ;"	3.276824951171875	2.5093231201171875	595.796630859375	381.50433349609375
