"score"	"label"	"x0"	"y0"	"x1"	"y1"
0.291282057762146	"man"	87.55332946777344	229.3390350341797	92.71826171875	239.19154357910156
