"score"	"label"	"x0"	"y0"	"x1"	"y1"
0.8085175156593323	"woman"	197.9738006591797	176.6724853515625	373.67333984375	563.9070434570312
