"score"	"label"	"x0"	"y0"	"x1"	"y1"
0.4471512734889984	"man"	340.3152770996094	372.11370849609375	444.3038635253906	527.1314086914062
0.43332639336586	"woman"	278.54736328125	392.0676879882813	352.4232177734375	484.21136474609375
