"score"	"label"	"x0"	"y0"	"x1"	"y1"
0.6093168258666992	"man"	344.67181396484375	143.38052368164062	389.86956787109375	192.92916870117188
0.29638993740081787	"woman"	345.2574157714844	143.73570251464844	389.7658386230469	192.86244201660156
