"score"	"label"	"x0"	"y0"	"x1"	"y1"
0.26620692014694214	"man"	166.0012664794922	141.54638671875	262.4097900390625	254.42068481445312
0.27157169580459595	"man"	284.51641845703125	112.2755355834961	510.68914794921875	359.8787536621094
