score	label	x0	y0	x1	y1
0.6467036604881287	man	153.82217407226562	14.2874755859375	295.553466796875	373.2622985839844
0.5525197982788086	woman	221.81410217285156	103.28341674804688	388.8727416992187	373.5496826171875
