"score"	"label"	"x0"	"y0"	"x1"	"y1"
0.5326765179634094	"man"	140.62606811523438	316.0428466796875	151.79986572265625	338.9615478515625
0.48673200607299805	"man"	128.0354766845703	313.1710510253906	138.21934509277344	340.9419860839844
0.365666002035141	"man"	179.1042938232422	317.87322998046875	188.45521545410156	342.74932861328125
0.3742060661315918	"man"	163.2727508544922	313.7066650390625	171.6009979248047	337.7939453125
0.31223970651626587	"man"	168.76998901367188	318.25311279296875	178.11758422851562	343.0140380859375
0.2914397716522217	"man"	186.8629608154297	320.83282470703125	194.11903381347656	342.89886474609375
