"score"	"label"	"x0"	"y0"	"x1"	"y1"
0.25634586811065674	"woman"	206.4452667236328	96.9966049194336	362.066162109375	205.09893798828125
