"score"	"label"	"x0"	"y0"	"x1"	"y1"
0.276340126991272	"a"	40.286163330078125	63.18476867675781	404.2650146484375	288.62841796875
