score	label	x0	y0	x1	y1
0.4540184438228607	woman	288.617431640625	96.525146484375	331.1834716796875	158.4277801513672
0.3816652297973633	man	379.6645202636719	73.32563781738281	431.4072570800781	152.00759887695312
0.2850611805915832	man	379.2713623046875	63.86386489868164	499.97515869140625	151.20956420898438
0.2697423994541168	man	458.1639404296875	64.75910949707031	499.14752197265625	147.8045196533203
