score	label	x0	y0	x1	y1
0.5880691409111023	woman	37.50892639160156	67.04904174804688	462.6199951171875	504.0302429199219
