"score"	"label"	"x0"	"y0"	"x1"	"y1"
0.2898925244808197	"man"	234.08309936523438	172.248291015625	383.1999206542969	467.06793212890625
