"score"	"label"	"x0"	"y0"	"x1"	"y1"
0.7524685859680176	"woman"	374.43389892578125	97.0167236328125	597.8729248046875	409.7756042480469
