"score"	"label"	"x0"	"y0"	"x1"	"y1"
0.8050805926322937	"man"	97.19802856445312	64.03396606445312	283.5850524902344	410.2568054199219
