"score"	"label"	"x0"	"y0"	"x1"	"y1"
0.4253721237182617	"woman"	317.10308837890625	295.5077209472656	386.1473388671875	353.9897766113281
0.29309797286987305	"woman"	389.02716064453125	305.600830078125	425.9886474609375	345.115234375
