"score"	"label"	"x0"	"y0"	"x1"	"y1"
0.2578781843185425	"w a"	16.253219604492188	58.67887878417969	381.02911376953125	549.5571899414062
