"score"	"label"	"x0"	"y0"	"x1"	"y1"
0.25563448667526245	"man"	14.863677978515625	302.8907165527344	26.811180114746094	318.7542419433594
