"score"	"label"	"x0"	"y0"	"x1"	"y1"
0.3542330861091614	"m ; a ; n"	0.1639862060546875	70.81051635742188	348.05059814453125	549.5665283203125
