"score"	"label"	"x0"	"y0"	"x1"	"y1"
0.7145911455154419	"man"	271.4879455566406	175.07449340820312	369.8860778808594	367.6414489746094
0.6958500146865845	"man"	85.09773254394531	161.63311767578125	193.4712677001953	356.417724609375
0.5562237501144409	"man"	408.1205139160156	198.038330078125	492.5977478027344	366.74212646484375
0.41061049699783325	"man"	52.87485885620117	154.4507598876953	102.83476257324219	302.93157958984375
