"score"	"label"	"x0"	"y0"	"x1"	"y1"
0.2872769236564636	"w"	53.578155517578125	178.12060546875	335.7500305175781	526.0071411132812
0.26390793919563293	"w"	53.7032470703125	178.29258728027344	335.559814453125	525.9154663085938
