score	label	x0	y0	x1	y1
0.3500411808490753	man woman	0.064239501953125	56.09306335449219	352.48870849609375	549.965087890625
