"score"	"label"	"x0"	"y0"	"x1"	"y1"
0.25714346766471863	"a"	205.4370574951172	23.32891845703125	598.1577758789062	551.648681640625
0.2563099265098572	"a"	3.66571044921875	2.45166015625	597.6905517578125	553.5048828125
