"score"	"label"	"x0"	"y0"	"x1"	"y1"
0.41082558035850525	"man"	454.3075256347656	198.51318359375	521.59130859375	451.27459716796875
0.3315846025943756	"man"	35.54405212402344	210.23056030273438	116.54859924316406	458.6646423339844
0.301052987575531	"man"	109.18276977539062	245.0862274169922	181.53839111328125	451.63616943359375
0.29742950201034546	"man"	306.0274963378906	230.27944946289062	362.0041809082031	442.2149353027344
0.2955443263053894	"man"	217.8649139404297	226.75125122070312	264.9968566894531	439.3390197753906
0.2743467688560486	"man"	393.88702392578125	223.33255004882812	463.01251220703125	443.4114074707031
0.2750363349914551	"man"	259.1913757324219	236.59744262695312	315.9015808105469	440.4425354003906
0.26687008142471313	"man"	338.30877685546875	232.02182006835938	401.31640625	438.5532531738281
