score	label	x0	y0	x1	y1
0.3234038650989532	woman	175.4534454345703	227.8982391357422	240.0213165283203	369.6085815429687
0.2865181267261505	woman	120.3619155883789	223.86801147460935	167.65078735351562	372.1120910644531
0.2582019567489624	woman	0.493896484375	199.62139892578125	566.4713134765625	370.9439697265625
0.2551211714744568	woman	83.11663055419922	223.72865295410156	131.09866333007812	370.13482666015625
