"score"	"label"	"x0"	"y0"	"x1"	"y1"
0.25388258695602417	"man"	195.6629180908203	133.0862274169922	211.8908233642578	156.7742462158203
