"score"	"label"	"x0"	"y0"	"x1"	"y1"
0.3695883154869079	"man"	274.9695739746094	209.8144989013672	298.2214050292969	240.4778289794922
0.2607580125331878	"man"	261.4628601074219	208.6205139160156	313.9645690917969	282.8047790527344
0.2597655355930328	"woman"	262.94683837890625	241.24317932128903	293.51812744140625	283.7071533203125
