"score"	"label"	"x0"	"y0"	"x1"	"y1"
0.43263813853263855	"woman"	205.89370727539062	127.23200988769531	395.7051086425781	532.746337890625
0.28020763397216797	"woman"	106.7085189819336	76.38021850585938	231.24465942382812	530.961181640625
0.3317852318286896	"woman"	206.161865234375	127.40093994140625	352.7899169921875	519.6731567382812
0.2819984555244446	"woman"	206.46652221679688	127.76300048828125	337.8346252441406	518.9850463867188
0.2830318808555603	"woman"	206.48748779296875	128.23196411132812	337.7105712890625	519.0777587890625
