"score"	"label"	"x0"	"y0"	"x1"	"y1"
0.6316483020782471	"man"	309.4783630371094	195.80868530273438	330.0912170410156	282.6802673339844
0.34823161363601685	"man"	568.799560546875	196.89437866210938	599.429931640625	292.5544738769531
0.2516092360019684	"man"	134.0218505859375	211.38734436035156	146.14984130859375	233.5349578857422
