"score"	"label"	"x0"	"y0"	"x1"	"y1"
0.3273383378982544	"woman"	572.0331420898438	437.21795654296875	600.0088500976562	453.9215087890625
0.32348427176475525	"man"	572.1656494140625	437.4234924316406	600.0462646484375	453.9550476074219
