"score"	"label"	"x0"	"y0"	"x1"	"y1"
0.28874191641807556	"woman"	0.1711578369140625	280.3056945800781	39.4518928527832	322.2469177246094
