"score"	"label"	"x0"	"y0"	"x1"	"y1"
0.4597657322883606	"woman"	255.57798767089844	76.4365005493164	329.11578369140625	265.1962585449219
0.2823488414287567	"woman"	180.33871459960938	85.52967071533203	240.54150390625	244.57666015625
0.2566528916358948	"man"	256.2152099609375	77.28874206542969	328.08984375	264.36212158203125
