"score"	"label"	"x0"	"y0"	"x1"	"y1"
0.25593307614326477	"a"	3.010528564453125	190.20352172851562	596.5350341796875	407.2307434082031
