"score"	"label"	"x0"	"y0"	"x1"	"y1"
0.3357784152030945	"man"	120.951904296875	37.65520477294922	159.7216796875	87.06938171386719
0.2935660779476166	"man"	123.77671813964844	47.789886474609375	155.8985137939453	86.49974060058594
0.2657814919948578	"woman"	122.55500793457031	46.88411331176758	156.7775421142578	86.81292724609375
