"score"	"label"	"x0"	"y0"	"x1"	"y1"
0.545974850654602	"woman"	0.0602264404296875	75.51325988769531	373.98724365234375	549.6195068359375
0.32518455386161804	"man"	0.025054931640625	76.56144714355469	373.99822998046875	550.00830078125
