"score"	"label"	"x0"	"y0"	"x1"	"y1"
0.6066389083862305	"man"	171.54617309570312	96.55133056640624	382.3728332519531	523.5679931640625
0.5378385186195374	"woman"	21.045700073242188	137.49465942382812	300.8353271484375	525.632080078125
