score	label	x0	y0	x1	y1
0.4341468513011932	woman	144.80303955078125	26.403152465820312	371.70074462890625	454.7532348632813
