"score"	"label"	"x0"	"y0"	"x1"	"y1"
0.5072182416915894	"woman"	27.346359252929688	56.903594970703125	376.6766357421875	589.032958984375
