"score"	"label"	"x0"	"y0"	"x1"	"y1"
0.3099327385425567	"man"	568.846435546875	325.76904296875	598.8057861328125	357.41839599609375
