"score"	"label"	"x0"	"y0"	"x1"	"y1"
0.5829978585243225	"man"	95.00991821289062	133.663330078125	202.674072265625	364.4074096679687
