"score"	"label"	"x0"	"y0"	"x1"	"y1"
0.902126669883728	"man"	324.45281982421875	340.88067626953125	351.438232421875	439.10955810546875
