score	label	x0	y0	x1	y1
0.3036463856697082	woman	382.89697265625	376.3360290527344	407.7039184570313	404.8868713378906
