"score"	"label"	"x0"	"y0"	"x1"	"y1"
0.2853244841098785	"man"	0.1820011138916015	99.04359436035156	17.68366050720215	365.054931640625
