score	label	x0	y0	x1	y1
0.329985648393631	man	533.0860595703125	108.7412338256836	551.2171630859375	136.43722534179688
0.273064374923706	man	569.9747314453125	112.04593658447266	583.834228515625	131.8529815673828
0.2545748054981231	man	531.6685180664062	107.39566040039062	584.9059448242188	136.3126678466797
