"score"	"label"	"x0"	"y0"	"x1"	"y1"
0.8343641757965088	"man"	10.054412841796875	47.9085693359375	378.1209411621094	549.228271484375
