"score"	"label"	"x0"	"y0"	"x1"	"y1"
0.2929234504699707	"woman"	83.66860961914062	44.342987060546875	599.6412353515625	407.3304748535156
0.2527952492237091	"woman"	82.3516845703125	3.197418212890625	599.5635986328125	408.4762878417969
0.25706666707992554	"man"	83.35226440429688	45.719818115234375	599.73095703125	407.4385070800781
