"score"	"label"	"x0"	"y0"	"x1"	"y1"
0.2764374911785126	"man"	170.00640869140625	205.31857299804688	366.46282958984375	316.7151184082031
