"score"	"label"	"x0"	"y0"	"x1"	"y1"
0.3075372576713562	"m ; a ; n"	86.6412124633789	76.0745849609375	276.70550537109375	519.1394653320312
