"score"	"label"	"x0"	"y0"	"x1"	"y1"
0.3186434507369995	"woman"	0.29034423828125	-0.2693023681640625	599.5150146484375	414.7169189453125
