"score"	"label"	"x0"	"y0"	"x1"	"y1"
0.2506789565086365	"a"	362.955322265625	59.92210388183594	503.63983154296875	398.15234375
