"score"	"label"	"x0"	"y0"	"x1"	"y1"
0.8523478507995605	"woman"	54.49052429199219	14.929290771484375	370.8968505859375	549.776123046875
