score	label	x0	y0	x1	y1
0.3826517462730407	woman	257.02978515625	79.88813781738281	316.28289794921875	270.92218017578125
0.3036015331745147	man	45.12662506103515	81.60053253173828	101.84435272216795	291.2709655761719
0.2754951119422912	woman	504.3542175292969	28.862777709960938	594.7481079101562	296.22369384765625
