"score"	"label"	"x0"	"y0"	"x1"	"y1"
0.3812471926212311	"woman"	449.0969543457031	162.28929138183594	576.5535278320312	344.889892578125
0.3680157959461212	"woman"	12.306907653808594	169.510498046875	161.08505249023438	334.663818359375
0.2909040153026581	"woman"	232.5416717529297	168.349365234375	319.72894287109375	327.6925964355469
0.2818582057952881	"woman"	97.9417495727539	117.41259765625	153.15777587890625	212.781005859375
0.28532856702804565	"woman"	348.5688781738281	165.96005249023438	456.6315612792969	335.1143798828125
0.2564406394958496	"woman"	148.15493774414062	160.62747192382812	232.74972534179688	294.8939514160156
