"score"	"label"	"x0"	"y0"	"x1"	"y1"
0.3336365222930908	"man"	523.923828125	205.999267578125	542.066162109375	252.7430419921875
