"score"	"label"	"x0"	"y0"	"x1"	"y1"
0.593609631061554	"woman"	201.46420288085938	261.058837890625	225.678466796875	297.58544921875
