score	label	x0	y0	x1	y1
0.3311319947242737	woman	164.74488830566406	275.0506896972656	175.5747833251953	302.6551818847656
0.264093816280365	woman	160.4379425048828	271.4449768066406	180.3640289306641	305.7228088378906
0.2609686851501465	woman	143.12950134277344	44.69660949707031	454.1480712890625	327.22930908203125
