"score"	"label"	"x0"	"y0"	"x1"	"y1"
0.6350300908088684	"woman"	207.66302490234375	130.57040405273438	247.1280517578125	234.95416259765625
0.266203373670578	"woman"	207.7173309326172	128.3681182861328	247.11512756347656	235.3725128173828
0.28323808312416077	"man"	161.55026245117188	127.62688446044922	197.63204956054688	199.88912963867188
0.3627082109451294	"man"	133.10203552246094	131.4484100341797	168.2192840576172	199.51979064941406
