"score"	"label"	"x0"	"y0"	"x1"	"y1"
0.7655034065246582	"man"	217.4813690185547	15.137908935546875	321.70001220703125	484.6170349121094
0.2660033106803894	"man"	74.24325561523438	154.20556640625	112.03359985351562	206.79769897460938
