"score"	"label"	"x0"	"y0"	"x1"	"y1"
0.8471285104751587	"woman"	1.3040008544921875	93.8353271484375	425.8209228515625	599.3367309570312
