"score"	"label"	"x0"	"y0"	"x1"	"y1"
0.4551102817058563	"woman"	319.31414794921875	75.09664154052734	384.33013916015625	126.10509490966797
0.4536825120449066	"woman"	359.58514404296875	251.53948974609375	389.37664794921875	327.2772216796875
0.3480810225009918	"woman"	301.5479736328125	251.86111450195312	334.605712890625	306.9327087402344
0.2504861354827881	"woman"	444.61322021484375	125.18250274658203	476.25775146484375	168.1644287109375
