"score"	"label"	"x0"	"y0"	"x1"	"y1"
0.40772756934165955	"man"	116.35560607910156	131.9276885986328	530.5570068359375	547.6181640625
0.42439505457878113	"woman"	117.46189880371094	132.9950408935547	530.1278076171875	547.8117065429688
