"score"	"label"	"x0"	"y0"	"x1"	"y1"
0.4022728502750397	"woman"	384.861083984375	176.79904174804688	443.44189453125	351.8128356933594
0.3568999171257019	"woman"	434.7482604980469	179.58763122558594	483.9526672363281	342.857421875
0.3231736421585083	"woman"	142.38742065429688	214.50302124023438	208.13882446289062	401.1728820800781
0.2741042375564575	"woman"	290.2306213378906	200.19012451171875	350.7080993652344	356.68804931640625
0.31490442156791687	"woman"	237.34548950195312	203.20303344726562	290.1257019042969	382.2178039550781
0.31953704357147217	"woman"	201.6625213623047	225.06057739257812	247.7725372314453	389.5916442871094
0.3113766312599182	"woman"	311.21868896484375	194.0171356201172	363.17449951171875	342.20989990234375
