score	label	x0	y0	x1	y1
0.3627670109272003	man woman	126.5892333984375	149.0281219482422	313.1229553222656	489.026123046875
0.2961164116859436	woman	86.68305206298828	162.1161346435547	194.3560485839844	498.5715942382813
