"score"	"label"	"x0"	"y0"	"x1"	"y1"
0.39531776309013367	"man"	305.5439453125	204.06884765625	362.59942626953125	368.65478515625
0.3825267553329468	"man"	78.82188415527344	193.16307067871094	182.6725311279297	382.7938232421875
0.391977995634079	"man"	0.04055023193359375	182.7706756591797	96.90258026123047	383.4742431640625
0.282585084438324	"man"	216.5	213.26980590820312	285.2484436035156	382.4604187011719
0.32901379466056824	"man"	0.3445587158203125	183.73731994628906	363.6907958984375	382.398681640625
