score	label	x0	y0	x1	y1
0.4770177900791168	man	44.81428527832031	57.6412353515625	360.8982543945313	546.3329467773438
