"score"	"label"	"x0"	"y0"	"x1"	"y1"
0.6495676636695862	"woman"	426.1962585449219	124.28893280029295	511.1531677246094	374.9417724609375
0.4708479940891266	"man"	263.45068359375	133.61285400390625	340.78497314453125	367.6775817871094
