"score"	"label"	"x0"	"y0"	"x1"	"y1"
0.33000287413597107	"w"	105.12449645996094	33.42164611816406	287.8876953125	540.8831176757812
0.2523408830165863	"w"	105.2912826538086	33.62507629394531	287.52520751953125	540.6637573242188
