"score"	"label"	"x0"	"y0"	"x1"	"y1"
0.40092790126800537	"woman"	56.164886474609375	203.16473388671875	355.520263671875	567.0597534179688
0.40040433406829834	"woman"	251.38551330566406	201.0557861328125	595.0374755859375	567.3596801757812
0.31552818417549133	"man"	251.3129425048828	201.51443481445312	594.8445434570312	567.4359130859375
0.3494008183479309	"man"	56.40806579589844	203.73231506347656	355.4822998046875	567.242919921875
0.2514137327671051	"woman"	56.519744873046875	196.6627197265625	595.272216796875	566.048095703125
