"score"	"label"	"x0"	"y0"	"x1"	"y1"
0.504238486289978	"woman"	0.221923828125	36.44195556640625	405.3771057128906	510.1253662109375
