"score"	"label"	"x0"	"y0"	"x1"	"y1"
0.29010748863220215	"a"	0.27032470703125	88.37532043457031	319.20849609375	599.255615234375
