"score"	"label"	"x0"	"y0"	"x1"	"y1"
0.9335727095603943	"man"	98.03094482421875	154.32156372070312	274.5224609375	475.1654357910156
