"score"	"label"	"x0"	"y0"	"x1"	"y1"
0.29108187556266785	"; a ;"	0.163543701171875	90.17393493652344	600.0933837890625	438.6107177734375
