score	label	x0	y0	x1	y1
0.2948282063007355	woman	573.7962646484375	-0.020482063293457	585.00341796875	16.165733337402344
