score	label	x0	y0	x1	y1
0.2559752464294433	woman	183.9293212890625	340.3399658203125	204.4107666015625	359.72412109375
