"score"	"label"	"x0"	"y0"	"x1"	"y1"
0.4490090608596802	"man"	137.29518127441406	294.4727783203125	162.61143493652344	364.79498291015625
0.3563239574432373	"man"	56.14918518066406	301.0920104980469	77.87928771972656	367.3605041503906
0.25705772638320923	"man"	284.09429931640625	295.1206970214844	300.69580078125	338.3479309082031
0.2522178590297699	"man"	38.880775451660156	316.156982421875	59.07035827636719	368.865234375
