"score"	"label"	"x0"	"y0"	"x1"	"y1"
0.3045075535774231	"man"	232.39051818847656	242.79974365234375	243.44981384277344	260.2323913574219
0.2768096923828125	"woman"	232.9467010498047	243.27462768554688	243.32435607910156	260.0105895996094
