"score"	"label"	"x0"	"y0"	"x1"	"y1"
0.375068724155426	"m"	96.34000396728516	153.86541748046875	276.32720947265625	478.30230712890625
