"score"	"label"	"x0"	"y0"	"x1"	"y1"
0.33664247393608093	"woman"	534.6317749023438	205.79380798339844	545.9528198242188	225.75938415527344
