"score"	"label"	"x0"	"y0"	"x1"	"y1"
0.3711671233177185	"woman"	16.966461181640625	38.967803955078125	570.8211669921875	399.87237548828125
0.2746593952178955	"woman"	0.94940185546875	1.1818389892578125	596.5875854492188	422.61322021484375
0.2702324688434601	"woman"	237.6398468017578	39.424041748046875	563.461669921875	338.64263916015625
