"score"	"label"	"x0"	"y0"	"x1"	"y1"
0.2671353816986084	"w"	39.83174133300781	136.58453369140625	518.3206787109375	325.08587646484375
0.25001418590545654	"w"	39.82038879394531	136.44503784179688	518.3228759765625	325.0974426269531
