"score"	"label"	"x0"	"y0"	"x1"	"y1"
0.3260847330093384	"woman"	581.5321655273438	237.7801971435547	599.8712768554688	288.5137023925781
0.26210305094718933	"woman"	580.9666137695312	245.82901000976562	594.6909790039062	287.3032531738281
