"score"	"label"	"x0"	"y0"	"x1"	"y1"
0.339913934469223	"man"	153.26171875	91.29704284667969	262.3529357910156	481.2760009765625
0.7179821133613586	"woman"	153.5016632080078	91.39700317382812	262.30523681640625	481.5523986816406
0.3142460882663727	"woman"	153.60203552246094	91.41339111328125	262.2774658203125	481.3780517578125
