"score"	"label"	"x0"	"y0"	"x1"	"y1"
0.789101243019104	"woman"	153.23126220703125	91.08918762207031	262.4783630371094	481.74688720703125
0.25890737771987915	"woman"	153.5511474609375	91.34281921386719	262.30120849609375	481.5255126953125
