"score"	"label"	"x0"	"y0"	"x1"	"y1"
0.4371824562549591	"woman"	577.6946411132812	127.08853149414062	598.5525512695312	155.34994506835938
0.3264696002006531	"man"	578.0860595703125	127.56096649169922	598.4617919921875	155.17196655273438
