"score"	"label"	"x0"	"y0"	"x1"	"y1"
0.37600114941596985	"man"	337.28515625	212.81787109375	380.87890625	336.38873291015625
0.41150566935539246	"man"	222.8105010986328	208.35162353515625	261.50628662109375	346.21441650390625
0.33135560154914856	"man"	257.7027893066406	213.95323181152344	299.6874694824219	343.868896484375
0.32722654938697815	"man"	297.51019287109375	210.59759521484375	337.3291015625	340.80230712890625
