"score"	"label"	"x0"	"y0"	"x1"	"y1"
0.6844730377197266	"woman"	39.8021240234375	103.951171875	270.7618713378906	414.1439208984375
