"score"	"label"	"x0"	"y0"	"x1"	"y1"
0.357587993144989	"man"	314.88446044921875	321.6334533691406	464.44903564453125	391.9331970214844
