"score"	"label"	"x0"	"y0"	"x1"	"y1"
0.507437527179718	"man"	137.2835235595703	130.46102905273438	252.33070373535156	373.5504455566406
0.32944220304489136	"man"	44.09574508666992	151.92465209960938	114.44688415527344	341.89117431640625
