"score"	"label"	"x0"	"y0"	"x1"	"y1"
0.3180726170539856	"m ; a ; n"	116.14588928222656	101.5948486328125	435.86309814453125	595.9380493164062
0.27003878355026245	"a"	2.7246551513671875	1.492431640625	446.2559814453125	597.1146240234375
