"score"	"label"	"x0"	"y0"	"x1"	"y1"
0.31770023703575134	"woman"	19.98334503173828	372.6849365234375	26.724876403808594	389.60040283203125
0.2743750214576721	"woman"	39.7053337097168	366.82147216796875	45.52983474731445	378.58349609375
