"score"	"label"	"x0"	"y0"	"x1"	"y1"
0.5020560026168823	"woman"	133.21295166015625	108.21980285644531	283.4878234863281	591.6297607421875
0.314664363861084	"man"	134.4934844970703	109.55540466308594	282.1810302734375	591.2979736328125
