"score"	"label"	"x0"	"y0"	"x1"	"y1"
0.47759193181991577	"woman"	165.6986846923828	136.10693359375	257.21258544921875	428.92138671875
0.4124928116798401	"woman"	336.92828369140625	133.14889526367188	442.54144287109375	429.2414245605469
0.2793767750263214	"woman"	248.53396606445312	118.041015625	343.8949279785156	430.03546142578125
