score	label	x0	y0	x1	y1
0.4631661474704742	man	112.38240814208984	289.2073059082031	151.6434783935547	343.2409362792969
