"score"	"label"	"x0"	"y0"	"x1"	"y1"
0.27950310707092285	"man"	13.022674560546875	168.146484375	575.5821533203125	289.21038818359375
