"score"	"label"	"x0"	"y0"	"x1"	"y1"
0.27874812483787537	"w"	191.31240844726562	22.059402465820312	347.4450988769531	529.4213256835938
