"score"	"label"	"x0"	"y0"	"x1"	"y1"
0.32512372732162476	"m ; a ; n"	180.37356567382812	207.47506713867188	382.3570861816406	597.4814453125
