"score"	"label"	"x0"	"y0"	"x1"	"y1"
0.3667874634265899	"man"	219.40286254882812	0.3895416259765625	419.4711608886719	419.6544799804687
0.342868834733963	"woman"	1.425048828125	15.718536376953123	377.003662109375	510.6432189941406
