score	label	x0	y0	x1	y1
0.3487021625041961	woman man	132.8531951904297	90.53240966796876	230.4502410888672	359.3457336425781
0.3287301659584045	woman	284.67352294921875	101.86236572265624	366.8063354492187	361.64599609375
0.2938197255134582	woman	409.3780517578125	112.71218872070312	483.182861328125	347.6391296386719
