"score"	"label"	"x0"	"y0"	"x1"	"y1"
0.5326457023620605	"woman"	269.67889404296875	99.42513275146484	409.2880859375	311.08514404296875
0.4941442012786865	"woman"	145.10317993164062	86.0020523071289	338.703125	328.3434753417969
0.6212358474731445	"woman"	351.00103759765625	69.46830749511719	489.70947265625	285.89837646484375
