"score"	"label"	"x0"	"y0"	"x1"	"y1"
0.3990325629711151	"woman"	0.128173828125	275.3727111816406	49.608428955078125	393.6028137207031
0.3182271718978882	"woman"	0.01723766326904297	276.72296142578125	26.923805236816406	393.76220703125
0.2712600529193878	"woman"	15.832941055297852	290.9750061035156	49.463768005371094	393.9690856933594
0.265053927898407	"man"	-0.01215362548828125	277.0555114746094	26.83618927001953	393.9849548339844
