"score"	"label"	"x0"	"y0"	"x1"	"y1"
0.2517750561237335	"w"	0.06256103515625	55.607391357421875	353.3708190917969	549.7640380859375
