"score"	"label"	"x0"	"y0"	"x1"	"y1"
0.9138797521591187	"woman"	177.31600952148438	70.29156494140625	328.96685791015625	527.4708862304688
