"score"	"label"	"x0"	"y0"	"x1"	"y1"
0.4210805296897888	"man"	62.32730484008789	280.5211181640625	86.78933715820312	353.37548828125
0.3091287612915039	"man"	96.60279083251953	301.8656921386719	115.40094757080078	349.1820983886719
0.25881314277648926	"man"	395.30865478515625	230.95706176757812	403.403076171875	256.6088562011719
0.2506542205810547	"man"	403.64300537109375	229.10829162597656	411.4757080078125	256.9161682128906
