"score"	"label"	"x0"	"y0"	"x1"	"y1"
0.43817901611328125	"woman"	110.17218017578125	110.57553100585938	203.28411865234375	404.9917907714844
0.4166966676712036	"man"	273.0480651855469	122.17232513427734	358.4588317871094	356.90472412109375
