"score"	"label"	"x0"	"y0"	"x1"	"y1"
0.2791169583797455	"w"	268.6957092285156	130.71893310546875	355.9186706542969	370.1158447265625
