"score"	"label"	"x0"	"y0"	"x1"	"y1"
0.7725674510002136	"man"	107.67939758300781	28.715850830078125	233.49781799316406	549.698974609375
