"score"	"label"	"x0"	"y0"	"x1"	"y1"
0.4895371198654175	"man"	109.6865005493164	222.64064025878906	137.97547912597656	279.1584167480469
0.302115797996521	"man"	424.36334228515625	215.62017822265625	440.84161376953125	247.79824829101562
