"score"	"label"	"x0"	"y0"	"x1"	"y1"
0.7316505908966064	"man"	469.9079284667969	134.85861206054688	514.9019775390625	276.0071105957031
0.4428767263889313	"man"	116.26998901367188	123.413330078125	157.20700073242188	275.1341247558594
0.377796471118927	"man"	234.06222534179688	136.17626953125	258.1206970214844	236.76971435546875
0.3681570887565613	"man"	249.61325073242188	123.9859619140625	293.8713684082031	279.16131591796875
0.3473365604877472	"man"	162.34584045410156	127.5813217163086	189.07933044433594	259.63153076171875
0.339508980512619	"man"	141.54025268554688	124.21067810058594	169.5509033203125	268.03887939453125
0.352397084236145	"man"	200.86245727539062	141.28179931640625	223.098876953125	241.16473388671875
0.2587760388851166	"man"	336.6964416503906	147.4766387939453	355.2366638183594	236.7272491455078
0.3115345239639282	"man"	182.55450439453125	139.03480529785156	206.7735595703125	243.5006561279297
