"score"	"label"	"x0"	"y0"	"x1"	"y1"
0.30319392681121826	"man"	421.2469787597656	49.369598388671875	442.6135559082031	78.31966400146484
