"score"	"label"	"x0"	"y0"	"x1"	"y1"
0.2711507976055145	"m a"	313.7589111328125	143.68124389648438	423.3067626953125	338.0867004394531
