"score"	"label"	"x0"	"y0"	"x1"	"y1"
0.4802897274494171	"man"	272.4593811035156	87.6484375	376.3573913574219	416.6943359375
0.2635307908058166	"woman"	220.38221740722656	129.8936309814453	275.00469970703125	421.0291748046875
