"score"	"label"	"x0"	"y0"	"x1"	"y1"
0.9226739406585693	"man"	37.82006072998047	111.67390441894531	215.21359252929688	481.1246337890625
