"score"	"label"	"x0"	"y0"	"x1"	"y1"
0.3218197226524353	"woman"	288.2325744628906	168.26255798339844	312.1693420410156	200.4705047607422
0.3234783411026001	"man"	288.8232421875	168.78399658203125	311.8778076171875	200.19036865234375
0.27436599135398865	"woman"	56.03741455078125	128.17880249023438	494.92486572265625	353.7818603515625
