"score"	"label"	"x0"	"y0"	"x1"	"y1"
0.4193376302719116	"woman"	242.67141723632812	123.278076171875	264.3764953613281	164.02685546875
0.2759195864200592	"woman"	324.7186584472656	114.81300354003906	340.6431579589844	155.27171325683594
