"score"	"label"	"x0"	"y0"	"x1"	"y1"
0.26567989587783813	"man"	390.5109558105469	217.75660705566406	398.8381652832031	235.5644073486328
