score	label	x0	y0	x1	y1
0.5971969962120056	man	5.53070068359375	77.33831787109375	402.2298278808594	595.1500854492188
