"score"	"label"	"x0"	"y0"	"x1"	"y1"
0.790871798992157	"woman"	282.6242980957031	318.9681701660156	320.8403015136719	426.2044982910156
