"score"	"label"	"x0"	"y0"	"x1"	"y1"
0.41740813851356506	"woman"	438.84429931640625	231.78321838378906	462.01544189453125	281.59552001953125
0.27336013317108154	"man"	343.6269226074219	236.06753540039062	369.4293518066406	287.3394470214844
0.26117488741874695	"man"	391.6965637207031	236.12411499023438	413.1533508300781	285.1838073730469
