"score"	"label"	"x0"	"y0"	"x1"	"y1"
0.3182864487171173	"man"	401.4358215332031	195.337646484375	407.7580871582031	208.13934326171875
