score	label	x0	y0	x1	y1
0.2867997586727142	man	261.7473449707031	189.3364715576172	301.3899230957031	278.02197265625
0.2757876515388489	man	259.1587219238281	97.79026794433594	271.1062316894531	117.40225219726562
