score	label	x0	y0	x1	y1
0.5371392369270325	man	316.3919677734375	271.0303649902344	514.2774047851562	597.8292236328125
0.3135911822319031	woman	192.1602325439453	258.61663818359375	330.42132568359375	597.9046020507812
0.2576227486133575	woman	0.4347877502441406	246.8674774169922	64.57682800292969	596.11962890625
