"score"	"label"	"x0"	"y0"	"x1"	"y1"
0.3460521399974823	"man"	10.74298095703125	180.61309814453125	597.5499877929688	343.60601806640625
0.3068217635154724	"woman"	10.249710083007812	222.20346069335935	53.726097106933594	334.0834045410156
0.2614887654781341	"man"	562.3953857421875	218.47659301757812	598.0277099609375	334.7454528808594
