"score"	"label"	"x0"	"y0"	"x1"	"y1"
0.7010283470153809	"woman"	106.88308715820312	33.286346435546875	286.3423767089844	539.6209716796875
0.26453062891960144	"man"	106.92032623291016	33.55792236328125	286.1079406738281	539.706298828125
0.29943642020225525	"woman"	106.8417739868164	33.622039794921875	286.76446533203125	539.62890625
