score	label	x0	y0	x1	y1
0.3791419565677643	woman	340.7818298339844	192.0574951171875	417.2461242675781	335.13372802734375
0.293932169675827	man	204.02218627929688	201.3838806152344	311.1594543457031	365.9746398925781
0.2712819576263428	woman	203.3582763671875	187.48129272460935	423.33978271484375	364.9986877441406
