"score"	"label"	"x0"	"y0"	"x1"	"y1"
0.40247830748558044	"m"	32.77809143066406	31.570465087890625	246.0255889892578	513.01416015625
0.2822176218032837	"a"	32.779869079589844	31.619186401367188	245.82620239257812	512.583251953125
0.2778249979019165	"m"	32.72283935546875	31.67181396484375	246.21774291992188	513.0128784179688
