"score"	"label"	"x0"	"y0"	"x1"	"y1"
0.4525637626647949	"woman"	210.926513671875	98.61721801757812	282.6617126464844	217.89761352539062
0.47893616557121277	"man"	212.01747131347656	99.2015151977539	281.9417724609375	217.663330078125
