"score"	"label"	"x0"	"y0"	"x1"	"y1"
0.720025360584259	"woman"	55.75669860839844	44.84513854980469	211.1772918701172	549.0020751953125
