"score"	"label"	"x0"	"y0"	"x1"	"y1"
0.2502650320529938	"m"	7.808746337890625	10.175247192382812	592.3211669921875	380.2471923828125
