"score"	"label"	"x0"	"y0"	"x1"	"y1"
0.43318381905555725	"m"	119.4517593383789	22.88177490234375	266.71966552734375	534.1084594726562
0.3019540309906006	"a n"	119.46853637695312	23.1097412109375	266.6474914550781	533.7577514648438
0.26247861981391907	"m"	119.47358703613281	23.456436157226562	266.779541015625	533.7970581054688
