"score"	"label"	"x0"	"y0"	"x1"	"y1"
0.27140551805496216	"m a"	117.90280151367188	198.35659790039062	194.44485473632812	441.2814025878906
