"score"	"label"	"x0"	"y0"	"x1"	"y1"
0.4519428014755249	"woman"	91.50385284423828	15.95172119140625	216.37179565429688	389.7339172363281
0.3852183222770691	"man"	94.08684539794922	16.696701049804688	213.23843383789062	389.68988037109375
