"score"	"label"	"x0"	"y0"	"x1"	"y1"
0.2865758538246155	"; a ;"	143.74557495117188	1.356536865234375	597.481201171875	322.2728576660156
