"score"	"label"	"x0"	"y0"	"x1"	"y1"
0.6670354604721069	"woman"	20.054183959960938	82.11589050292969	84.09857940673828	224.6417999267578
0.32851317524909973	"woman"	259.8621520996094	97.0662841796875	296.9563293457031	192.14822387695312
