score	label	x0	y0	x1	y1
0.4481527209281921	woman	441.078369140625	265.52545166015625	470.5388793945313	340.2630615234375
0.3842339515686035	man	487.70660400390625	267.9478759765625	511.9954223632813	341.6336669921875
0.2702414691448211	woman	439.5086669921875	262.95355224609375	514.4844970703125	343.07940673828125
