"score"	"label"	"x0"	"y0"	"x1"	"y1"
0.3275720179080963	"woman"	47.71879196166992	147.42774963378906	144.4770965576172	371.8114013671875
0.3008817434310913	"man"	336.279296875	148.12216186523438	442.09326171875	404.8160705566406
0.2949047982692718	"man"	252.5476837158203	152.1881103515625	326.6495056152344	405.073974609375
0.2922228574752807	"woman"	193.33116149902344	162.27072143554688	263.771728515625	387.6434631347656
