"score"	"label"	"x0"	"y0"	"x1"	"y1"
0.36842861771583557	"woman"	480.885498046875	249.72238159179688	494.02642822265625	270.2436828613281
0.3453659415245056	"man"	481.1073913574219	250.0755157470703	493.8457336425781	270.0281677246094
