"score"	"label"	"x0"	"y0"	"x1"	"y1"
0.29564541578292847	"man"	522.66748046875	214.5094451904297	581.3404541015625	295.4812316894531
0.25716927647590637	"woman"	522.6485595703125	212.29901123046875	582.50439453125	296.3020935058594
