"score"	"label"	"x0"	"y0"	"x1"	"y1"
0.2940036654472351	"woman"	108.8553466796875	35.56340026855469	391.86724853515625	374.83404541015625
