"score"	"label"	"x0"	"y0"	"x1"	"y1"
0.5616959929466248	"woman"	47.53746032714844	84.73965454101562	364.25311279296875	597.636474609375
0.28162693977355957	"man"	48.09443664550781	85.57342529296875	362.88970947265625	598.1173095703125
