"score"	"label"	"x0"	"y0"	"x1"	"y1"
0.8987283110618591	"woman"	122.4068603515625	96.92085266113281	303.0359191894531	496.106689453125
