"score"	"label"	"x0"	"y0"	"x1"	"y1"
0.5035386681556702	"man"	289.5176696777344	163.64390563964844	317.7652893066406	223.22023010253906
0.3109341561794281	"man"	543.6007690429688	225.3192138671875	568.1397094726562	273.56219482421875
