"score"	"label"	"x0"	"y0"	"x1"	"y1"
0.44557738304138184	"woman"	206.33665466308594	217.43246459960938	233.91429138183594	264.5252380371094
0.3152116537094116	"man"	207.05511474609375	217.86050415039062	233.10113525390625	264.2192687988281
0.26435336470603943	"woman"	159.5313720703125	113.35262298583984	190.50921630859375	163.88308715820312
