"score"	"label"	"x0"	"y0"	"x1"	"y1"
0.5025532245635986	"woman"	131.65834045410156	83.15811157226562	280.32525634765625	573.7362060546875
0.2953808009624481	"man"	131.7618408203125	82.56758117675781	280.4102783203125	573.2074584960938
