"score"	"label"	"x0"	"y0"	"x1"	"y1"
0.3475727140903473	"woman"	51.30398941040039	410.15179443359375	83.2636947631836	474.88482666015625
0.37680765986442566	"man"	51.431114196777344	410.5049743652344	82.90161895751953	474.8520812988281
0.27587202191352844	"woman"	150.91505432128906	385.37762451171875	188.81797790527344	445.79290771484375
0.3043491840362549	"woman"	150.09808349609375	385.1199951171875	199.2581787109375	452.55145263671875
