"score"	"label"	"x0"	"y0"	"x1"	"y1"
0.6505147218704224	"woman"	204.77569580078125	57.904083251953125	421.5703125	549.6099853515625
