score	label	x0	y0	x1	y1
0.5863784551620483	woman	2.5312042236328125	70.98393249511719	265.09381103515625	373.58441162109375
0.5315765738487244	man	231.49246215820312	45.158477783203125	498.7157897949219	373.8125915527344
