"score"	"label"	"x0"	"y0"	"x1"	"y1"
0.741622269153595	"man"	256.78961181640625	148.58543395996094	375.76531982421875	537.6510009765625
