"score"	"label"	"x0"	"y0"	"x1"	"y1"
0.6297614574432373	"woman"	228.14866638183594	151.62265014648438	334.30206298828125	475.2129821777344
0.47588610649108887	"woman"	80.87130737304688	169.1015625	174.04605102539062	477.30780029296875
0.42210739850997925	"woman"	155.18234252929688	169.28990173339844	262.8075866699219	471.82940673828125
