"score"	"label"	"x0"	"y0"	"x1"	"y1"
0.620150089263916	"man"	207.5102996826172	190.400390625	220.3211212158203	219.76400756835938
