score	label	x0	y0	x1	y1
0.6509877443313599	man	5.48382568359375	109.43235778808594	260.0040588378906	542.7975463867188
0.4926153123378753	woman	240.021728515625	229.72735595703125	422.7721557617187	556.5037841796875
0.3452822268009186	woman	159.8287353515625	134.23619079589844	299.3380126953125	472.41693115234375
