"score"	"label"	"x0"	"y0"	"x1"	"y1"
0.40652674436569214	"man"	197.6995086669922	188.81077575683594	232.1543731689453	309.44061279296875
0.3710940480232239	"man"	425.77899169921875	200.28109741210938	465.3724365234375	296.93487548828125
0.41836944222450256	"man"	370.0655822753906	192.60910034179688	419.7287902832031	305.9930419921875
0.3897414207458496	"man"	266.6763610839844	223.0753936767578	317.1444396972656	285.39300537109375
