score	label	x0	y0	x1	y1
0.5827316045761108	woman	132.24087524414062	230.66932678222656	393.3135070800781	560.6362915039062
