score	label	x0	y0	x1	y1
0.254363477230072	woman	522.4676513671875	203.1068115234375	543.139892578125	252.9552001953125
