"score"	"label"	"x0"	"y0"	"x1"	"y1"
0.3359183967113495	"woman"	524.2109375	108.9059600830078	569.22900390625	202.7157745361328
0.3264138102531433	"man"	362.8797302246094	105.67347717285156	391.4683532714844	191.5500640869141
0.3094888627529144	"woman"	562.903564453125	107.56326293945312	594.9755859375	200.770751953125
0.2999827563762665	"woman"	517.0480346679688	104.74217224121094	598.0116577148438	203.3873748779297
