"score"	"label"	"x0"	"y0"	"x1"	"y1"
0.5900914669036865	"woman"	308.8660888671875	135.63671875	442.78839111328125	391.5966796875
0.6389948725700378	"woman"	150.610595703125	169.011474609375	247.542236328125	391.51287841796875
0.416233628988266	"woman"	285.9336242675781	167.37567138671875	357.1838073730469	386.262939453125
