"score"	"label"	"x0"	"y0"	"x1"	"y1"
0.3327925205230713	"woman"	223.39968872070312	107.60769653320312	242.21365356445312	143.11038208007812
0.2656131386756897	"man"	157.7593231201172	90.64225006103516	175.7640838623047	137.60093688964844
