score	label	x0	y0	x1	y1
0.4652533829212188	man	225.47238159179688	19.824317932128903	316.4449768066406	226.27017211914065
