"score"	"label"	"x0"	"y0"	"x1"	"y1"
0.5950506329536438	"man"	41.59645462036133	175.7743377685547	64.89490509033203	235.0309600830078
0.6114823222160339	"woman"	41.51066589355469	175.8932647705078	64.90066528320312	235.0707550048828
0.37696993350982666	"woman"	41.46257781982422	175.93392944335938	65.0357666015625	235.125732421875
