"score"	"label"	"x0"	"y0"	"x1"	"y1"
0.26835623383522034	"man"	261.90020751953125	280.73944091796875	269.9154052734375	295.18994140625
0.2615154981613159	"man"	231.3740234375	277.9467468261719	238.00906372070312	290.0240783691406
