"score"	"label"	"x0"	"y0"	"x1"	"y1"
0.3342203199863434	"m ; a ; n"	147.14866638183594	76.74282836914062	550.5682983398438	340.06561279296875
