score	label	x0	y0	x1	y1
0.2853024899959564	woman	390.0829162597656	197.10321044921875	427.0815124511719	272.38018798828125
