"score"	"label"	"x0"	"y0"	"x1"	"y1"
0.5711523294448853	"man"	181.51528930664065	225.34991455078125	390.7056579589844	308.7567138671875
