"score"	"label"	"x0"	"y0"	"x1"	"y1"
0.3135339617729187	"m a n"	8.536178588867188	74.87979125976562	420.82696533203125	597.026611328125
