"score"	"label"	"x0"	"y0"	"x1"	"y1"
0.47097864747047424	"woman"	21.443729400634766	257.20062255859375	99.08590698242188	519.7941284179688
0.30442383885383606	"woman"	186.16036987304688	364.677490234375	290.2649230957031	483.02392578125
0.29385972023010254	"woman"	1.298818588256836	275.573486328125	57.244842529296875	516.92431640625
0.26583632826805115	"woman"	96.6050033569336	385.26947021484375	134.97915649414062	500.10296630859375
0.2539882957935333	"woman"	78.50274658203125	374.3124694824219	113.32658386230469	501.6224670410156
