"score"	"label"	"x0"	"y0"	"x1"	"y1"
0.4304742217063904	"man"	280.5257263183594	241.0388641357422	293.8585510253906	277.1500244140625
0.37947309017181396	"man"	270.0192565917969	241.74765014648438	282.0324401855469	272.7677307128906
