"score"	"label"	"x0"	"y0"	"x1"	"y1"
0.7556453943252563	"man"	118.03399658203125	376.75518798828125	143.9696044921875	419.5150146484375
0.35793036222457886	"man"	457.5214538574219	400.80438232421875	469.5715637207031	434.17474365234375
0.3111311197280884	"man"	440.3208923339844	397.77392578125	455.3739318847656	428.73468017578125
