"score"	"label"	"x0"	"y0"	"x1"	"y1"
0.28308629989624023	"woman"	192.67840576171875	74.13919067382812	292.65155029296875	241.3387451171875
