score	label	x0	y0	x1	y1
0.4324081242084503	woman	18.879047393798828	80.48381805419922	85.03257751464844	223.844482421875
0.3019308447837829	man	259.4869384765625	96.15575408935548	297.81463623046875	192.53106689453125
