"score"	"label"	"x0"	"y0"	"x1"	"y1"
0.5269899368286133	"man"	132.26614379882812	230.54800415039062	393.3663635253906	560.79443359375
0.5589125156402588	"woman"	132.4107666015625	230.6214599609375	393.6324462890625	560.7100830078125
0.4126788079738617	"woman"	132.2994384765625	230.505126953125	393.72161865234375	561.1806640625
