"score"	"label"	"x0"	"y0"	"x1"	"y1"
0.4507048428058624	"woman"	449.5303649902344	262.3974914550781	474.9385070800781	300.5031433105469
