"score"	"label"	"x0"	"y0"	"x1"	"y1"
0.5363187789916992	"woman"	348.682861328125	291.66326904296875	432.1356201171875	466.88043212890625
0.31639596819877625	"man"	318.8524475097656	238.05316162109375	361.9420471191406	419.24810791015625
