"score"	"label"	"x0"	"y0"	"x1"	"y1"
0.5816587209701538	"man"	485.8158874511719	217.83172607421875	498.0456237792969	252.21994018554688
0.5490043759346008	"man"	505.35638427734375	227.85177612304688	516.2235107421875	254.69680786132812
0.5033366680145264	"man"	519.2952880859375	220.69107055664062	536.4193115234375	253.681396484375
0.3759211301803589	"man"	372.75286865234375	223.6087646484375	380.77374267578125	243.37857055664062
0.40514928102493286	"man"	363.927490234375	225.3687744140625	372.62060546875	244.24606323242188
