"score"	"label"	"x0"	"y0"	"x1"	"y1"
0.2663739323616028	"a"	113.6910400390625	1.5367279052734375	451.32354736328125	377.3785400390625
