"score"	"label"	"x0"	"y0"	"x1"	"y1"
0.8366756439208984	"man"	98.06441497802734	185.27951049804688	308.6512451171875	534.1673583984375
