"score"	"label"	"x0"	"y0"	"x1"	"y1"
0.4876506924629211	"woman"	180.31588745117188	129.2817840576172	326.9669494628906	413.0695190429687
0.4529651701450348	"man"	80.29585266113281	132.37533569335938	162.7323760986328	482.1056823730469
