"score"	"label"	"x0"	"y0"	"x1"	"y1"
0.45395544171333313	"m"	37.309539794921875	3.313812255859375	571.7869873046875	463.18121337890625
0.30838486552238464	"a n"	37.0740966796875	3.459686279296875	571.6757202148438	462.9307556152344
0.29374659061431885	"m"	211.36099243164062	138.29656982421875	393.9474182128906	361.0376281738281
0.3194689154624939	"m"	37.508270263671875	3.705474853515625	571.4615478515625	462.9764099121094
