score	label	x0	y0	x1	y1
0.5840961337089539	woman	78.22024536132812	67.21481323242188	385.5882263183594	549.6151123046875
