"score"	"label"	"x0"	"y0"	"x1"	"y1"
0.8890262246131897	"man"	251.75155639648438	87.64823913574219	319.8197326660156	308.5352783203125
