"score"	"label"	"x0"	"y0"	"x1"	"y1"
0.29633232951164246	"woman"	259.1142272949219	97.64385223388672	271.2480773925781	117.46839141845703
0.26824039220809937	"man"	259.1162414550781	97.73753356933594	271.2528991699219	117.29231262207031
