"score"	"label"	"x0"	"y0"	"x1"	"y1"
0.46487119793891907	"woman"	258.569091796875	195.78262329101562	267.3817138671875	218.13665771484375
0.4145837426185608	"woman"	312.27117919921875	197.2254638671875	320.97607421875	211.00527954101562
