"score"	"label"	"x0"	"y0"	"x1"	"y1"
0.5124121904373169	"woman"	1.66363525390625	67.32020568847656	323.0504150390625	549.5772705078125
0.4836946427822113	"man"	1.5032806396484375	67.50401306152344	322.90802001953125	549.6881713867188
0.2796561121940613	"woman"	1.591156005859375	67.64439392089844	323.1497802734375	549.6207885742188
