"score"	"label"	"x0"	"y0"	"x1"	"y1"
0.4053996801376343	"woman"	187.55828857421875	176.626220703125	229.74740600585935	252.22900390625
0.3754386305809021	"man"	200.24200439453125	149.41464233398438	243.3089904785156	229.95404052734375
0.3119102716445923	"woman"	184.98394775390625	147.86700439453125	245.0302734375	252.58941650390625
