"score"	"label"	"x0"	"y0"	"x1"	"y1"
0.3098041415214538	"woman"	0.0153818130493164	151.20510864257812	29.624061584472656	329.3951110839844
