"score"	"label"	"x0"	"y0"	"x1"	"y1"
0.3658764660358429	"woman"	273.8591613769531	203.6604461669922	293.5901794433594	266.2991943359375
