"score"	"label"	"x0"	"y0"	"x1"	"y1"
0.3589673340320587	"man"	42.477264404296875	213.5068359375	579.7325439453125	319.244140625
