"score"	"label"	"x0"	"y0"	"x1"	"y1"
0.5471492409706116	"woman"	61.203922271728516	280.6397705078125	86.71973419189453	354.24041748046875
0.40787434577941895	"woman"	96.64585876464844	301.9497375488281	115.28996276855469	349.2226257324219
