"score"	"label"	"x0"	"y0"	"x1"	"y1"
0.6507914066314697	"woman"	34.798553466796875	29.071670532226562	578.3115234375	190.65505981445312
