"score"	"label"	"x0"	"y0"	"x1"	"y1"
0.5548848509788513	"man"	96.40034484863281	63.10081481933594	284.20684814453125	409.25506591796875
0.32380980253219604	"woman"	96.82549285888672	63.793731689453125	283.77276611328125	409.4415588378906
