score	label	x0	y0	x1	y1
0.257662832736969	woman	44.42967224121094	127.29308319091795	74.54361724853516	165.30709838867188
