"score"	"label"	"x0"	"y0"	"x1"	"y1"
0.37180691957473755	"m"	531.2639770507812	0.003993034362792969	599.9086303710938	21.30750274658203
0.26053282618522644	"a"	531.2738647460938	0.04541301727294922	599.8849487304688	21.22610092163086
