score	label	x0	y0	x1	y1
0.3480545580387115	woman	559.630126953125	247.1787872314453	583.002685546875	285.0129699707031
0.2825266122817993	woman	324.93212890625	237.25669860839844	345.9404296875	284.3524475097656
