"score"	"label"	"x0"	"y0"	"x1"	"y1"
0.9237655997276306	"woman"	117.15689086914062	133.06272888183594	529.8408203125	547.0433959960938
