"score"	"label"	"x0"	"y0"	"x1"	"y1"
0.2542884051799774	"w o"	364.6378479003906	65.68572998046875	545.670166015625	246.920654296875
