"score"	"label"	"x0"	"y0"	"x1"	"y1"
0.5440390110015869	"man"	331.3345642089844	177.7490692138672	359.9733581542969	264.3989562988281
0.2722150981426239	"man"	174.34255981445312	153.0938720703125	200.24365234375	240.27139282226562
