"score"	"label"	"x0"	"y0"	"x1"	"y1"
0.3939957916736603	"woman"	258.17523193359375	138.385498046875	294.2244873046875	260.1275634765625
0.4914207458496094	"man"	126.79472351074219	120.14859771728516	182.82005310058594	254.99923706054688
0.30410394072532654	"woman"	281.78045654296875	138.88031005859375	312.79412841796875	255.620849609375
0.3611365854740143	"man"	492.28570556640625	139.14996337890625	533.8477172851562	238.22528076171875
0.34390196204185486	"woman"	258.21746826171875	136.5442352294922	313.017578125	259.91644287109375
