"score"	"label"	"x0"	"y0"	"x1"	"y1"
0.28088483214378357	"man"	284.102783203125	192.25843811035156	328.08209228515625	270.90771484375
0.25245201587677	"woman"	493.55352783203125	191.7553253173828	522.4931640625	270.1055908203125
0.26193952560424805	"man"	297.0859375	192.80746459960938	324.62628173828125	270.49774169921875
