"score"	"label"	"x0"	"y0"	"x1"	"y1"
0.27161386609077454	"woman"	552.3565673828125	289.5497741699219	562.35205078125	302.3794250488281
