"score"	"label"	"x0"	"y0"	"x1"	"y1"
0.4245080351829529	"man"	255.8551788330078	147.8185272216797	376.1167297363281	538.5247192382812
0.4336391091346741	"woman"	255.04678344726562	146.7255859375	377.5231628417969	538.718994140625
0.3096190094947815	"woman"	240.599365234375	136.8268280029297	400.4371337890625	545.5810546875
0.2787526845932007	"woman"	255.825439453125	146.95167541503906	375.7349853515625	537.8234252929688
