"score"	"label"	"x0"	"y0"	"x1"	"y1"
0.8036028742790222	"woman"	61.90318298339844	169.26467895507812	274.63385009765625	529.673828125
