score	label	x0	y0	x1	y1
0.2588824331760406	man	6.062957763671875	126.17399597167967	166.80239868164062	590.2352294921875
