"score"	"label"	"x0"	"y0"	"x1"	"y1"
0.583534836769104	"woman"	55.57359313964844	179.1109619140625	333.598388671875	524.6807250976562
