"score"	"label"	"x0"	"y0"	"x1"	"y1"
0.9189822673797607	"man"	1.047271728515625	34.840118408203125	372.8352355957031	543.6051025390625
