"score"	"label"	"x0"	"y0"	"x1"	"y1"
0.3402584493160248	"woman"	412.5593872070313	93.68374633789062	501.73431396484375	355.8330078125
0.3265167474746704	"man"	412.1929626464844	91.71575927734376	589.4364013671875	376.5108337402344
0.3211508393287658	"man"	499.6403198242187	100.03970336914062	588.9790649414062	376.58447265625
0.2536123991012573	"man"	86.53804016113281	101.44557189941406	180.2497406005859	252.6275177001953
