"score"	"label"	"x0"	"y0"	"x1"	"y1"
0.27813243865966797	"man"	356.62982177734375	131.52081298828125	469.53582763671875	326.00567626953125
