"score"	"label"	"x0"	"y0"	"x1"	"y1"
0.3535126745700836	"m ; a ; n"	178.15338134765625	161.7574920654297	306.09503173828125	546.9818725585938
