"score"	"label"	"x0"	"y0"	"x1"	"y1"
0.393960177898407	"man"	0.0832672119140625	0.1337432861328125	384.0563354492187	510.1038818359375
