"score"	"label"	"x0"	"y0"	"x1"	"y1"
0.5416294932365417	"man"	0.026153564453125	0.071502685546875	383.9983215332031	510.0552673339844
0.2841143012046814	"man"	93.74037170410156	103.83531188964844	304.30499267578125	441.35760498046875
