"score"	"label"	"x0"	"y0"	"x1"	"y1"
0.827296257019043	"woman"	107.89350891113281	56.67668151855469	418.1800537109375	369.442138671875
