"score"	"label"	"x0"	"y0"	"x1"	"y1"
0.3927221894264221	"man"	133.21878051757812	251.2310028076172	146.60794067382812	279.8802185058594
0.3468683660030365	"woman"	133.80885314941406	251.47837829589844	146.0482940673828	279.6854553222656
0.2533269226551056	"man"	129.0841064453125	248.59678649902344	151.94635009765625	282.299560546875
