"score"	"label"	"x0"	"y0"	"x1"	"y1"
0.6377110481262207	"woman"	221.4780731201172	102.99444580078124	388.58746337890625	373.3858947753906
0.566950261592865	"man"	154.00808715820312	14.243362426757812	295.18902587890625	373.4464111328125
