"score"	"label"	"x0"	"y0"	"x1"	"y1"
0.26418906450271606	"man"	427.79827880859375	222.80593872070312	437.00994873046875	243.5191650390625
