"score"	"label"	"x0"	"y0"	"x1"	"y1"
0.4635778069496155	"woman"	3.9280242919921875	53.9918212890625	385.49530029296875	549.1864624023438
0.448821097612381	"man"	3.75238037109375	54.457611083984375	385.6922607421875	549.4837646484375
