"score"	"label"	"x0"	"y0"	"x1"	"y1"
0.26066720485687256	"man"	215.53155517578125	185.81924438476562	257.01470947265625	214.40280151367188
0.368099182844162	"man"	238.50880432128906	185.87579345703125	255.44935607910156	210.56607055664062
