"score"	"label"	"x0"	"y0"	"x1"	"y1"
0.25338995456695557	"man"	35.49944305419922	286.47735595703125	50.09441375732422	314.18145751953125
0.2550121247768402	"man"	32.08403778076172	286.16387939453125	54.17778778076172	318.38885498046875
