"score"	"label"	"x0"	"y0"	"x1"	"y1"
0.30448248982429504	"woman"	376.51611328125	357.298095703125	401.4388427734375	390.944091796875
