score	label	x0	y0	x1	y1
0.2648514211177826	woman	3.663742065429687	109.79739379882812	498.881591796875	252.03207397460935
