"score"	"label"	"x0"	"y0"	"x1"	"y1"
0.26078474521636963	"w"	317.778564453125	45.28741455078125	455.31640625	360.3670654296875
