"score"	"label"	"x0"	"y0"	"x1"	"y1"
0.26224759221076965	"a"	63.392425537109375	257.6477966308594	598.6824951171875	430.1620178222656
