"score"	"label"	"x0"	"y0"	"x1"	"y1"
0.36585596203804016	"man woman"	214.42507934570312	119.20992279052734	283.43853759765625	257.84271240234375
0.27789145708084106	"woman"	215.20346069335938	120.48979949951172	283.2434997558594	257.0960693359375
