"score"	"label"	"x0"	"y0"	"x1"	"y1"
0.3806710839271545	"man woman"	27.13487243652344	49.10845947265625	377.5263671875	597.718994140625
