"score"	"label"	"x0"	"y0"	"x1"	"y1"
0.5862597823143005	"man"	83.10263061523438	31.406570434570312	516.0284423828125	378.03155517578125
0.33736419677734375	"woman"	0.9913520812988281	1.60638427734375	71.99165344238281	431.45416259765625
