"score"	"label"	"x0"	"y0"	"x1"	"y1"
0.6056669354438782	"woman"	1.2846870422363281	277.15966796875	54.1929931640625	380.73492431640625
0.4572597146034241	"woman"	319.5976257324219	307.67071533203125	331.5286560058594	337.33795166015625
0.3381839394569397	"woman"	139.47747802734375	305.6566162109375	152.7601318359375	351.01287841796875
0.3432362973690033	"woman"	121.21080017089844	303.0897521972656	131.25689697265625	347.8036804199219
