score	label	x0	y0	x1	y1
0.2665615677833557	woman	210.5627593994141	93.54771423339844	513.69677734375	300.81011962890625
