"score"	"label"	"x0"	"y0"	"x1"	"y1"
0.46190008521080017	"woman"	181.36305236816406	135.28636169433594	220.05076599121094	223.2124786376953
0.2759472131729126	"woman"	360.7994384765625	114.07589721679688	384.48809814453125	156.611328125
0.29171785712242126	"woman"	266.82330322265625	132.66539001464844	295.67510986328125	182.8914337158203
0.2618042826652527	"woman"	290.20001220703125	139.980712890625	330.8857421875	195.03579711914062
