score	label	x0	y0	x1	y1
0.3801973760128021	woman	4.057098388671875	1.78753662109375	596.3756103515625	408.7051086425781
0.3216056823730469	woman	202.8981475830078	139.4927978515625	394.20989990234375	288.7321472167969
