"score"	"label"	"x0"	"y0"	"x1"	"y1"
0.2615879476070404	"woman"	386.1502380371094	175.0973358154297	399.2490539550781	190.8884429931641
