score	label	x0	y0	x1	y1
0.5998415946960449	woman	142.53024291992188	158.27879333496094	242.474609375	444.8703002929687
0.3643547594547272	man	343.67791748046875	160.3146514892578	449.771728515625	440.49957275390625
0.2894429862499237	man	263.2673034667969	151.19113159179688	356.3108825683594	421.6573791503906
