"score"	"label"	"x0"	"y0"	"x1"	"y1"
0.308989018201828	"woman"	15.433074951171875	0.3155975341796875	263.4814147949219	259.1634521484375
