"score"	"label"	"x0"	"y0"	"x1"	"y1"
0.4745283126831054	"man"	149.9038543701172	257.5914306640625	173.14955139160156	321.586669921875
