score	label	x0	y0	x1	y1
0.3660163283348083	woman	183.0947723388672	323.4638366699219	214.35044860839844	383.9715270996094
0.3092773556709289	man	76.54080963134766	364.6014404296875	96.4334945678711	449.4591064453125
