"score"	"label"	"x0"	"y0"	"x1"	"y1"
0.28143373131752014	"a"	231.9480743408203	57.089012145996094	598.8917846679688	302.7621765136719
