score	label	x0	y0	x1	y1
0.3729309141635895	man	210.95518493652344	365.2164611816406	263.42584228515625	437.1960754394531
0.3110142946243286	woman	232.61331176757812	137.51043701171875	317.7980041503906	403.9056396484375
0.2576928436756134	man	281.5093078613281	386.6263427734375	336.3254089355469	436.5933837890625
