"score"	"label"	"x0"	"y0"	"x1"	"y1"
0.29034557938575745	"w"	134.92755126953125	26.3082275390625	303.4814453125	573.8651733398438
0.26812827587127686	"w"	134.9814453125	26.486083984375	303.4503173828125	573.9495239257812
