score	label	x0	y0	x1	y1
0.5850242972373962	woman	419.7903137207031	182.6796875	495.3859558105469	387.11529541015625
