"score"	"label"	"x0"	"y0"	"x1"	"y1"
0.25157630443573	"woman"	263.57073974609375	326.4464111328125	279.068115234375	357.74884033203125
