"score"	"label"	"x0"	"y0"	"x1"	"y1"
0.3174084424972534	"m"	1.5985870361328125	0.606536865234375	448.390380859375	594.3590087890625
