score	label	x0	y0	x1	y1
0.3858089745044708	man	475.18902587890625	231.77085876464844	489.8370361328125	243.84092712402344
