"score"	"label"	"x0"	"y0"	"x1"	"y1"
0.2878211736679077	"man"	192.41358947753906	73.69287872314453	292.7789306640625	241.46499633789062
