"score"	"label"	"x0"	"y0"	"x1"	"y1"
0.2937181293964386	"a ;"	247.9091339111328	132.18849182128906	594.436279296875	316.03826904296875
