"score"	"label"	"x0"	"y0"	"x1"	"y1"
0.3416806757450104	"man"	161.0773468017578	143.18081665039062	172.7454376220703	177.59432983398438
