"score"	"label"	"x0"	"y0"	"x1"	"y1"
0.2536197304725647	"m"	1.33563232421875	1.7519989013671875	598.7452392578125	423.127197265625
