"score"	"label"	"x0"	"y0"	"x1"	"y1"
0.25325194001197815	"w"	246.789794921875	90.92884826660156	416.96258544921875	594.9334106445312
0.25255805253982544	"w"	246.74749755859375	91.08039855957031	417.02496337890625	594.9824829101562
