"score"	"label"	"x0"	"y0"	"x1"	"y1"
0.2709105610847473	"w"	111.48866271972656	138.7037811279297	384.20098876953125	464.98199462890625
