score	label	x0	y0	x1	y1
0.2889379560947418	man	165.2438201904297	182.70089721679688	263.93896484375	276.66595458984375
0.275445818901062	man	237.0174865722656	281.3163757324219	252.67462158203125	319.7597351074219
