"score"	"label"	"x0"	"y0"	"x1"	"y1"
0.8249207735061646	"man"	187.54534912109375	39.45979309082031	317.3222961425781	512.2999877929688
