"score"	"label"	"x0"	"y0"	"x1"	"y1"
0.3296412229537964	"m a n"	0.6816558837890625	60.462554931640625	324.132080078125	499.5404968261719
