"score"	"label"	"x0"	"y0"	"x1"	"y1"
0.6820187568664551	"man"	322.16845703125	34.59446716308594	437.9000244140625	404.123779296875
0.6742491722106934	"man"	153.04165649414062	67.28814697265625	269.3676452636719	403.98333740234375
0.6208990216255188	"man"	0.052707672119140625	80.076171875	91.61991882324219	365.96881103515625
0.597604513168335	"man"	62.52440643310547	82.94282531738281	159.96542358398438	349.54052734375
0.7710784673690796	"man"	430.6632080078125	18.56011962890625	564.7194213867188	404.0010681152344
0.5435585975646973	"man"	260.56500244140625	93.01646423339844	328.31842041015625	357.19183349609375
