"score"	"label"	"x0"	"y0"	"x1"	"y1"
0.349227637052536	"man"	320.35845947265625	44.06492614746094	485.4697265625	382.233154296875
