"score"	"label"	"x0"	"y0"	"x1"	"y1"
0.8422226309776306	"woman"	2.345672607421875	96.70637512207031	331.1228942871094	548.7420654296875
