score	label	x0	y0	x1	y1
0.5716408491134644	woman	26.67333984375	48.669677734375	377.7258911132813	597.10693359375
