"score"	"label"	"x0"	"y0"	"x1"	"y1"
0.38338086009025574	"woman"	252.87550354003906	105.82040405273438	279.5611267089844	178.21759033203125
0.2749582529067993	"woman"	252.13412475585938	104.96922302246094	280.6272277832031	199.28697204589844
0.2575618028640747	"man"	253.48899841308594	106.17576599121094	278.810546875	177.7278594970703
