"score"	"label"	"x0"	"y0"	"x1"	"y1"
0.3295448422431946	"man"	523.9989013671875	345.2088317871094	535.8385009765625	378.9687805175781
0.32859423756599426	"man"	322.3411560058594	346.70184326171875	332.3278503417969	371.1907958984375
0.3282324969768524	"man"	276.58673095703125	349.4888610839844	284.8485107421875	372.8990783691406
0.3212784230709076	"man"	464.6509094238281	343.64691162109375	475.4978332519531	367.35577392578125
0.30624714493751526	"man"	436.9272766113281	353.2356262207031	445.8104553222656	381.1153259277344
0.28945353627204895	"man"	462.9870300292969	353.85009765625	472.4696350097656	381.8057861328125
0.27646663784980774	"man"	285.1239929199219	351.0022888183594	291.9632873535156	372.6248474121094
