"score"	"label"	"x0"	"y0"	"x1"	"y1"
0.26053982973098755	"man"	191.54092407226562	134.19229125976562	284.3550720214844	332.8351135253906
0.2515257000923157	"man"	191.12960815429688	134.51031494140625	284.8990783691406	409.58917236328125
