"score"	"label"	"x0"	"y0"	"x1"	"y1"
0.2559553384780884	"man"	259.4598693847656	332.5981750488281	289.7917175292969	363.7414245605469
