"score"	"label"	"x0"	"y0"	"x1"	"y1"
0.5677075386047363	"woman"	10.85186767578125	54.82603454589844	595.4017333984375	402.902587890625
