score	label	x0	y0	x1	y1
0.603329598903656	man	449.6660461425781	262.4864196777344	474.8185119628906	300.4585266113281
