"score"	"label"	"x0"	"y0"	"x1"	"y1"
0.2702827751636505	"woman"	164.75550842285156	261.3460693359375	174.80360412597656	273.95465087890625
