"score"	"label"	"x0"	"y0"	"x1"	"y1"
0.36593082547187805	"m ; a ; n"	68.62337493896484	176.63265991210938	206.202880859375	332.73223876953125
