"score"	"label"	"x0"	"y0"	"x1"	"y1"
0.27426326274871826	"woman"	261.9131774902344	367.8849182128906	297.9150695800781	432.0649719238281
0.3382440507411957	"woman"	263.4104309082031	368.3613586425781	290.1044006347656	406.4293518066406
