"score"	"label"	"x0"	"y0"	"x1"	"y1"
0.2903764545917511	"man"	194.295166015625	333.45147705078125	215.03536987304688	350.2359619140625
