"score"	"label"	"x0"	"y0"	"x1"	"y1"
0.33191215991973877	"woman"	502.49755859375	216.03941345214844	523.806640625	267.757568359375
