"score"	"label"	"x0"	"y0"	"x1"	"y1"
0.4494073390960693	"man"	271.4146423339844	203.98361206054688	295.6105041503906	267.4979553222656
