"score"	"label"	"x0"	"y0"	"x1"	"y1"
0.27576324343681335	"woman"	412.9895935058594	329.92449951171875	425.6164245605469	346.80859375
0.2657168209552765	"man"	413.09405517578125	330.02655029296875	425.7301025390625	346.6661376953125
