"score"	"label"	"x0"	"y0"	"x1"	"y1"
0.6195789575576782	"woman"	75.06696319580078	112.51609802246094	97.79949188232422	146.8464813232422
