"score"	"label"	"x0"	"y0"	"x1"	"y1"
0.5239748358726501	"woman"	334.7897644042969	82.7712631225586	420.3390197753906	311.1664123535156
0.3902211785316467	"man"	289.68902587890625	79.10564422607422	349.8482666015625	283.462890625
