"score"	"label"	"x0"	"y0"	"x1"	"y1"
0.25730961561203003	"woman"	424.0343322753906	190.430419921875	435.0462341308594	220.92123413085938
