"score"	"label"	"x0"	"y0"	"x1"	"y1"
0.28874626755714417	"w"	131.528076171875	83.54008483886719	281.4613342285156	574.4740600585938
