"score"	"label"	"x0"	"y0"	"x1"	"y1"
0.28885725140571594	"man"	79.27455139160156	35.669273376464844	175.3614501953125	279.6047058105469
0.3475380837917328	"woman"	347.1650695800781	59.433799743652344	439.8531188964844	287.9608154296875
0.25113722681999207	"woman"	430.06011962890625	58.63152313232422	512.5958251953125	298.8008117675781
