"score"	"label"	"x0"	"y0"	"x1"	"y1"
0.327964186668396	"woman"	390.7386169433594	208.68785095214844	431.2003479003906	313.809326171875
0.287021666765213	"woman"	166.7122344970703	231.38250732421875	310.46356201171875	412.27984619140625
0.28259649872779846	"woman"	104.53921508789062	189.95545959472656	129.09710693359375	222.26649475097656
0.26204952597618103	"woman"	192.72540283203125	214.29026794433594	224.66976928710938	274.64813232421875
0.2587253153324127	"woman"	408.9755554199219	193.05099487304688	430.0754089355469	226.77947998046875
0.2677934467792511	"woman"	58.06455612182617	217.27102661132812	81.66051483154297	268.615234375
0.25016194581985474	"woman"	23.018478393554688	218.17794799804688	69.79276275634766	333.2707824707031
0.2567724883556366	"woman"	430.305419921875	202.1062774658203	489.492431640625	339.20611572265625
0.25683873891830444	"woman"	468.5956726074219	197.0531005859375	500.8293151855469	240.03179931640625
