"score"	"label"	"x0"	"y0"	"x1"	"y1"
0.35695868730545044	"man"	303.26568603515625	273.58001708984375	313.40521240234375	303.06201171875
