"score"	"label"	"x0"	"y0"	"x1"	"y1"
0.4730340540409088	"woman"	349.9287109375	185.6562957763672	417.54608154296875	287.07403564453125
0.2986826002597809	"woman"	146.16226196289062	155.33428955078125	181.27377319335938	241.234619140625
0.3076074421405792	"woman"	284.38543701171875	185.7827606201172	338.517822265625	291.5877685546875
0.293368399143219	"woman"	245.67027282714844	209.24732971191406	287.77337646484375	283.6044921875
