"score"	"label"	"x0"	"y0"	"x1"	"y1"
0.44287940859794617	"woman"	7.5944061279296875	96.26969909667969	264.3160400390625	598.7227783203125
0.36307215690612793	"woman"	52.92713928222656	61.92657470703125	405.99444580078125	598.7617797851562
0.29542675614356995	"woman"	52.918731689453125	61.568817138671875	406.1943054199219	452.4830017089844
