"score"	"label"	"x0"	"y0"	"x1"	"y1"
0.47430962324142456	"woman"	111.43477630615234	235.35382080078125	220.66656494140625	592.1373291015625
0.27394381165504456	"woman"	62.55982971191406	211.31727600097656	141.34288024902344	552.7137451171875
