"score"	"label"	"x0"	"y0"	"x1"	"y1"
0.474588543176651	"woman"	339.18914794921875	140.54486083984375	375.766845703125	243.06097412109375
0.3435502052307129	"man"	221.3663330078125	136.63665771484375	262.04473876953125	265.08795166015625
0.3123047351837158	"man"	258.7628173828125	131.48245239257812	294.82647705078125	255.85012817382812
0.2744164764881134	"woman"	455.5728454589844	145.82846069335938	486.4547424316406	214.4373779296875
