"score"	"label"	"x0"	"y0"	"x1"	"y1"
0.2650383710861206	"woman"	136.683349609375	58.23944091796875	522.6737060546875	289.9890441894531
