"score"	"label"	"x0"	"y0"	"x1"	"y1"
0.2641763389110565	"woman"	191.45175170898438	322.5170593261719	262.1195373535156	376.0756530761719
0.3011523187160492	"woman"	191.90338134765625	323.04248046875	222.63479614257812	372.52667236328125
