"score"	"label"	"x0"	"y0"	"x1"	"y1"
0.7156572937965393	"man"	41.940269470214844	111.29281616210938	239.62246704101562	536.1910400390625
0.6491231918334961	"man"	150.88796997070312	49.61912536621094	336.9568176269531	545.3387451171875
