"score"	"label"	"x0"	"y0"	"x1"	"y1"
0.40979456901550293	"man"	214.59349060058594	544.3104858398438	228.60142517089844	564.2581176757812
0.31916967034339905	"woman"	215.96844482421875	545.03125	226.69540405273438	562.589111328125
0.26616165041923523	"woman"	213.2818603515625	543.0681762695312	230.057861328125	565.7221069335938
