"score"	"label"	"x0"	"y0"	"x1"	"y1"
0.5632257461547852	"man"	540.7044067382812	181.43495178222656	565.9614868164062	242.7698211669922
