score	label	x0	y0	x1	y1
0.3543481528759002	man	3.770111083984375	69.07188415527344	545.4385986328125	329.28045654296875
