"score"	"label"	"x0"	"y0"	"x1"	"y1"
0.4245404303073883	"woman"	166.9322052001953	141.4708251953125	280.6208801269531	276.6170959472656
0.46903425455093384	"woman"	20.349285125732422	139.7884521484375	131.57772827148438	363.97247314453125
0.4183655381202698	"woman"	90.3447265625	146.27511596679688	157.73411560058594	288.7579345703125
0.30981770157814026	"woman"	252.12022399902344	221.37979125976562	342.7060546875	424.2308044433594
