score	label	x0	y0	x1	y1
0.6501747369766235	man	113.7721939086914	59.85755920410156	218.2901611328125	427.5333862304687
0.6260425448417664	woman	212.00015258789065	114.04876708984376	320.3927307128906	442.4700927734375
0.4529652297496795	woman	132.41976928710938	159.95956420898438	250.71224975585935	457.4728088378906
