"score"	"label"	"x0"	"y0"	"x1"	"y1"
0.29947713017463684	"w"	121.51268768310547	107.16574096679688	336.2569274902344	597.921875
0.2788211703300476	"w"	121.5030746459961	107.31761169433594	336.210693359375	597.8357543945312
