"score"	"label"	"x0"	"y0"	"x1"	"y1"
0.46737098693847656	"man"	498.2635192871094	174.02005004882812	532.0911254882812	207.47604370117188
0.2632230818271637	"man"	529.6510009765625	195.2703399658203	595.83349609375	293.5625
0.3341239392757416	"woman"	560.1097412109375	195.5906524658203	595.764892578125	292.6370544433594
0.4127729535102844	"woman"	529.718505859375	195.3507080078125	595.443115234375	293.2008056640625
