"score"	"label"	"x0"	"y0"	"x1"	"y1"
0.9488943815231323	"woman"	212.59698486328125	34.945587158203125	300.36981201171875	338.60723876953125
