"score"	"label"	"x0"	"y0"	"x1"	"y1"
0.3141573667526245	"man"	125.99567413330078	205.6240234375	147.10350036621094	251.0521240234375
0.2743210196495056	"woman"	428.2829284667969	205.4765167236328	443.2956848144531	239.5768890380859
0.2732515633106231	"woman"	176.17767333984375	205.0078582763672	193.71063232421875	244.7064971923828
0.2541246116161346	"woman"	191.5872039794922	204.66098022460935	208.33726501464844	245.01190185546875
