score	label	x0	y0	x1	y1
0.2929234504699707	woman	83.66860961914062	44.342987060546875	599.6412353515625	407.3304748535156
