score	label	x0	y0	x1	y1
0.5776756405830383	woman	155.6400146484375	261.1488037109375	315.320556640625	597.6779174804688
0.374661773443222	man	347.0829162597656	225.91424560546875	519.695068359375	597.9254150390625
