score	label	x0	y0	x1	y1
0.5033670663833618	man	0.9439926147460938	42.959869384765625	72.92398834228516	336.60467529296875
0.2923062443733215	woman	137.86203002929688	279.84613037109375	178.86062622070312	345.7822265625
0.2644186019897461	woman	61.617462158203125	139.7069091796875	598.7032470703125	405.43548583984375
