"score"	"label"	"x0"	"y0"	"x1"	"y1"
0.8427920937538147	"man"	139.94610595703125	43.48817443847656	275.3521728515625	533.5440063476562
