"score"	"label"	"x0"	"y0"	"x1"	"y1"
0.8737766742706299	"woman"	61.793121337890625	27.098480224609375	466.8782043457031	549.800537109375
