"score"	"label"	"x0"	"y0"	"x1"	"y1"
0.3160573244094848	"man"	79.4044418334961	8.451705932617188	195.276123046875	272.45367431640625
0.271562784910202	"man"	0.3198394775390625	5.94989013671875	195.57064819335935	410.55706787109375
