"score"	"label"	"x0"	"y0"	"x1"	"y1"
0.4633888602256775	"man"	134.20835876464844	108.8447265625	282.67266845703125	591.3696899414062
