"score"	"label"	"x0"	"y0"	"x1"	"y1"
0.37846747040748596	"woman"	333.16998291015625	138.81466674804688	422.82647705078125	376.5500793457031
0.3083656430244446	"woman"	142.27716064453125	128.23541259765625	257.3031311035156	359.9415283203125
0.293241947889328	"woman"	232.8980712890625	132.1292724609375	343.78350830078125	378.1432189941406
