"score"	"label"	"x0"	"y0"	"x1"	"y1"
0.3526471257209778	"woman"	1.6098709106445312	279.58514404296875	176.50250244140625	578.2987670898438
0.39984938502311707	"woman"	2.0882568359375	27.5546875	407.97772216796875	578.9193115234375
