score	label	x0	y0	x1	y1
0.3279521465301513	man	421.98931884765625	200.28128051757812	541.5885620117188	426.9936218261719
0.2518247067928314	man	59.16244125366211	200.57806396484375	173.3040771484375	427.7484130859375
