"score"	"label"	"x0"	"y0"	"x1"	"y1"
0.2670438587665558	"m"	0.4812164306640625	99.55284118652344	379.4278564453125	549.5458984375
