"score"	"label"	"x0"	"y0"	"x1"	"y1"
0.2606039047241211	"w"	85.12811279296875	75.31040954589844	504.72998046875	393.6201171875
