"score"	"label"	"x0"	"y0"	"x1"	"y1"
0.26570433378219604	"woman"	108.51306915283203	216.36508178710938	166.30593872070312	263.36749267578125
