"score"	"label"	"x0"	"y0"	"x1"	"y1"
0.2583353817462921	"w"	37.163047790527344	111.38142395019531	217.4351806640625	484.34527587890625
