"score"	"label"	"x0"	"y0"	"x1"	"y1"
0.2517485022544861	"man"	161.26983642578125	49.58062744140625	178.04815673828125	71.3736801147461
0.2546747326850891	"man"	9.039566040039062	38.87507247924805	240.7767791748047	114.30961608886719
0.26360127329826355	"man"	8.701087951660156	26.565387725830078	241.0867919921875	115.05691528320312
