"score"	"label"	"x0"	"y0"	"x1"	"y1"
0.30270496010780334	"man"	3.1722412109375	1.8038482666015625	596.9600219726562	465.832275390625
