"score"	"label"	"x0"	"y0"	"x1"	"y1"
0.49337056279182434	"woman"	44.95361328125	57.232391357421875	360.1317443847656	545.7598876953125
0.3057471215724945	"man"	46.4468994140625	58.140289306640625	358.9797668457031	547.067138671875
