"score"	"label"	"x0"	"y0"	"x1"	"y1"
0.31846338510513306	"man"	344.0716247558594	330.3423767089844	400.2083435058594	364.1124572753906
0.291001558303833	"woman"	343.7669677734375	330.7325134277344	399.77978515625	363.8320007324219
