"score"	"label"	"x0"	"y0"	"x1"	"y1"
0.3153957724571228	"m ; a ;"	534.0240478515625	0.0420374870300293	580.8865966796875	14.054431915283203
