"score"	"label"	"x0"	"y0"	"x1"	"y1"
0.31084194779396057	"man"	227.0966339111328	283.4885559082031	232.63059997558594	292.2107849121094
0.2583802044391632	"man"	251.16969299316406	279.23712158203125	257.1432189941406	286.060546875
