"score"	"label"	"x0"	"y0"	"x1"	"y1"
0.5170475840568542	"man"	229.54083251953125	277.1053466796875	243.3345947265625	306.0924072265625
0.5009753704071045	"man"	130.84088134765625	273.5563049316406	143.60452270507812	303.0608215332031
0.36475667357444763	"man"	181.4964141845703	379.0055236816406	190.6027069091797	402.4904479980469
0.29805079102516174	"man"	120.88381958007812	102.81492614746094	162.87326049804688	143.656494140625
0.3447011113166809	"man"	120.74288940429688	211.6672821044922	134.48907470703125	241.8086700439453
0.3146866261959076	"man"	182.66041564941406	276.3968505859375	196.7510528564453	299.8992919921875
