"score"	"label"	"x0"	"y0"	"x1"	"y1"
0.2525331377983093	"w"	114.426513671875	134.40078735351562	538.2371826171875	271.24554443359375
