"score"	"label"	"x0"	"y0"	"x1"	"y1"
0.34068042039871216	"woman"	23.878875732421875	18.310836791992188	598.1126708984375	441.5252685546875
0.40832212567329407	"woman"	118.5645751953125	59.527374267578125	477.2584228515625	397.60369873046875
