"score"	"label"	"x0"	"y0"	"x1"	"y1"
0.3885620236396789	"woman"	501.4889526367187	112.95672607421876	542.6417846679688	182.26663208007812
0.3009306192398071	"woman"	438.7845153808594	111.59066772460938	546.5247802734375	257.83709716796875
