"score"	"label"	"x0"	"y0"	"x1"	"y1"
0.6465767621994019	"woman"	384.6237487792969	87.31219482421875	417.7948303222656	184.05123901367188
0.3999614417552948	"woman"	259.1846008300781	161.419677734375	276.4122619628906	202.19903564453125
0.39217522740364075	"woman"	220.58953857421875	160.982666015625	237.02597045898438	199.72500610351562
