"score"	"label"	"x0"	"y0"	"x1"	"y1"
0.2546737492084503	"w"	197.22100830078125	176.28382873535156	375.35400390625	564.9690551757812
