"score"	"label"	"x0"	"y0"	"x1"	"y1"
0.7645333409309387	"man"	197.22967529296875	113.14891052246094	423.3663330078125	598.2203979492188
0.41142383217811584	"woman"	3.70623779296875	142.03018188476562	305.4404602050781	596.4603271484375
0.39105308055877686	"woman"	3.8524627685546875	144.9337615966797	272.6973876953125	595.7752075195312
