score	label	x0	y0	x1	y1
0.5869590044021606	woman	32.39814758300781	30.06854248046875	244.9882354736328	586.882568359375
