"score"	"label"	"x0"	"y0"	"x1"	"y1"
0.3933458626270294	"woman"	1.9738922119140625	122.24629211425781	138.91600036621094	325.01470947265625
0.29253730177879333	"man"	365.447021484375	124.40884399414062	477.27301025390625	316.3788757324219
