"score"	"label"	"x0"	"y0"	"x1"	"y1"
0.6154147982597351	"woman"	59.82476043701172	81.35498046875	232.11199951171875	548.8427124023438
0.5437794923782349	"man"	181.0645751953125	33.430389404296875	343.99188232421875	547.051513671875
0.2789882719516754	"woman"	59.867767333984375	81.19178771972656	231.988525390625	548.8147583007812
