"score"	"label"	"x0"	"y0"	"x1"	"y1"
0.4250325858592987	"man"	97.86326599121094	187.4530792236328	105.76826477050781	205.2505340576172
0.4100727438926697	"man"	36.18579864501953	172.3338623046875	55.80408477783203	202.186767578125
0.25900956988334656	"man"	35.735382080078125	168.7300567626953	43.638145446777344	191.1028289794922
