"score"	"label"	"x0"	"y0"	"x1"	"y1"
0.4689425826072693	"man"	333.28607177734375	131.11956787109375	373.53375244140625	277.1184387207031
0.3973332941532135	"woman"	333.3758850097656	131.28843688964844	373.1792907714844	276.806396484375
0.30215007066726685	"woman"	333.39154052734375	131.41574096679688	372.78900146484375	276.8617858886719
