"score"	"label"	"x0"	"y0"	"x1"	"y1"
0.35826289653778076	"man"	272.59173583984375	124.21993255615234	323.287841796875	250.73062133789062
0.33926865458488464	"woman"	272.640380859375	124.69970703125	322.35980224609375	250.67083740234375
