"score"	"label"	"x0"	"y0"	"x1"	"y1"
0.2617798745632171	"man"	85.76529693603516	227.7622985839844	94.24701690673828	240.57861328125
