"score"	"label"	"x0"	"y0"	"x1"	"y1"
0.3605031669139862	"m ; a ; n"	370.96563720703125	182.933349609375	548.7012329101562	420.02557373046875
