"score"	"label"	"x0"	"y0"	"x1"	"y1"
0.34114715456962585	"man"	581.3735961914062	237.87835693359375	599.8604125976562	288.53106689453125
0.2643730938434601	"man"	580.9683837890625	246.05096435546875	594.8109130859375	287.45513916015625
0.2661050260066986	"man"	591.175048828125	238.15000915527344	599.8935546875	288.40478515625
