"score"	"label"	"x0"	"y0"	"x1"	"y1"
0.25359201431274414	"woman"	0.42266845703125	64.39860534667969	599.3850708007812	338.049560546875
