"score"	"label"	"x0"	"y0"	"x1"	"y1"
0.8308997750282288	"man"	305.4054870605469	103.36406707763672	359.1488952636719	305.02978515625
0.4561409056186676	"man"	69.56346130371094	167.09890747070312	157.26824951171875	298.08380126953125
