"score"	"label"	"x0"	"y0"	"x1"	"y1"
0.36311379075050354	"man"	225.16970825195312	317.97772216796875	259.1017150878906	355.97454833984375
0.3168484568595886	"man"	225.0918426513672	317.9811096191406	281.8730773925781	355.9065856933594
0.28619739413261414	"man"	225.26841735839844	317.8790283203125	316.540283203125	355.95745849609375
