"score"	"label"	"x0"	"y0"	"x1"	"y1"
0.59396892786026	"man"	42.14422607421875	181.31509399414062	317.8223571777344	517.1510009765625
0.5688222646713257	"woman"	42.37049865722656	181.2549591064453	317.70343017578125	517.3471069335938
0.42558667063713074	"woman"	42.21833801269531	181.1702423095703	317.83807373046875	518.173828125
