"score"	"label"	"x0"	"y0"	"x1"	"y1"
0.8451230525970459	"woman"	164.32269287109375	165.59161376953125	330.7790222167969	546.6611328125
