"score"	"label"	"x0"	"y0"	"x1"	"y1"
0.25031784176826477	"woman"	131.06500244140625	224.14515686035156	247.6412353515625	312.9246826171875
