score	label	x0	y0	x1	y1
0.4030400514602661	man	78.98362731933594	266.8653869628906	159.2526397705078	390.7467346191406
0.3068525791168213	woman	127.44361114501952	278.2035217285156	185.16336059570312	369.3675842285156
0.2746882438659668	man	3.2993736267089844	244.547119140625	60.127254486083984	399.8463134765625
