"score"	"label"	"x0"	"y0"	"x1"	"y1"
0.34262174367904663	"m a n"	206.63119506835938	63.49400329589844	311.1983947753906	381.557373046875
