"score"	"label"	"x0"	"y0"	"x1"	"y1"
0.2511388957500458	"woman"	20.12762451171875	54.19880676269531	518.9456176757812	387.82159423828125
