"score"	"label"	"x0"	"y0"	"x1"	"y1"
0.4896157383918762	"woman"	9.502578735351562	46.72172546386719	377.0028076171875	548.6641845703125
