"score"	"label"	"x0"	"y0"	"x1"	"y1"
0.2630508542060852	"woman"	315.6979064941406	237.88873291015625	333.4195861816406	262.5664978027344
0.261240690946579	"woman"	290.8061828613281	235.40267944335938	334.5672912597656	264.397705078125
0.2704285681247711	"woman"	34.07733154296875	36.79408264160156	546.0927734375	384.15777587890625
