"score"	"label"	"x0"	"y0"	"x1"	"y1"
0.8706271052360535	"woman"	2.5484619140625	57.60589599609375	388.45745849609375	597.7215576171875
