"score"	"label"	"x0"	"y0"	"x1"	"y1"
0.3582380712032318	"man"	166.33956909179688	156.90924072265625	263.3425598144531	323.1983337402344
0.25311505794525146	"man"	168.42849731445312	157.16847229003906	261.8197021484375	242.7722625732422
0.2860713601112366	"man"	167.96163940429688	157.04150390625	263.02099609375	284.8966064453125
