"score"	"label"	"x0"	"y0"	"x1"	"y1"
0.3708735704421997	"man"	404.31964111328125	222.25462341308594	421.35382080078125	271.63433837890625
0.33298563957214355	"man"	393.847412109375	221.67047119140625	408.067626953125	270.55926513671875
0.28881004452705383	"man"	354.1688537597656	225.77964782714844	367.9690246582031	271.387451171875
0.27603277564048767	"man"	374.6646728515625	223.00387573242188	389.90423583984375	270.6851806640625
