"score"	"label"	"x0"	"y0"	"x1"	"y1"
0.2945381999015808	"; a ;"	80.49089050292969	99.74938201904297	372.6424560546875	311.7133483886719
