"score"	"label"	"x0"	"y0"	"x1"	"y1"
0.41454604268074036	"m"	1.4605712890625	97.23945617675781	531.39404296875	407.52081298828125
0.27146992087364197	"a"	1.30059814453125	97.18167114257812	531.1856079101562	407.45086669921875
0.2794684171676636	"m"	1.193389892578125	97.51844787597656	530.975830078125	407.51806640625
