"score"	"label"	"x0"	"y0"	"x1"	"y1"
0.45617449283599854	"woman"	159.58770751953125	124.2187271118164	295.59100341796875	373.0539855957031
0.38007622957229614	"man"	160.68292236328125	125.11128234863281	293.0812072753906	372.34075927734375
0.2646351456642151	"woman"	148.07778930664062	115.81105041503906	322.27740478515625	402.577392578125
