"score"	"label"	"x0"	"y0"	"x1"	"y1"
0.8748739361763	"woman"	112.42449951171875	50.477813720703125	595.9778442382812	598.484130859375
