score	label	x0	y0	x1	y1
0.3624415695667267	woman	475.2373962402344	231.6959991455078	489.8442687988281	243.7954864501953
0.2500466108322143	woman	472.0169677734375	229.0568695068359	492.75286865234375	246.4238739013672
