"score"	"label"	"x0"	"y0"	"x1"	"y1"
0.8566686511039734	"woman"	38.446563720703125	67.7222900390625	461.7139587402344	504.082275390625
