"score"	"label"	"x0"	"y0"	"x1"	"y1"
0.2646612524986267	"m a"	165.62876892089844	213.22344970703125	293.43084716796875	550.323486328125
