score	label	x0	y0	x1	y1
0.5868388414382935	woman	211.25648498535156	34.482757568359375	302.240966796875	339.6160888671875
