"score"	"label"	"x0"	"y0"	"x1"	"y1"
0.8095698952674866	"man"	0.061209678649902344	277.5440673828125	29.672077178955078	421.05377197265625
