"score"	"label"	"x0"	"y0"	"x1"	"y1"
0.8960160613059998	"man"	117.07164001464844	133.44778442382812	529.9473266601562	547.268310546875
