"score"	"label"	"x0"	"y0"	"x1"	"y1"
0.3588251769542694	"woman"	456.4563293457031	253.07904052734375	526.7194213867188	405.17022705078125
0.29729923605918884	"man"	57.6333122253418	243.52822875976562	130.1762237548828	402.1499938964844
0.269451379776001	"woman"	21.138593673706055	211.20738220214844	73.02078247070312	390.94757080078125
0.29244470596313477	"man"	154.74774169921875	233.96832275390625	223.84396362304688	399.05084228515625
