"score"	"label"	"x0"	"y0"	"x1"	"y1"
0.283410906791687	"woman"	328.4952697753906	170.13751220703125	340.9928283691406	192.44479370117188
