"score"	"label"	"x0"	"y0"	"x1"	"y1"
0.838496208190918	"woman"	256.92578125	148.5982208251953	375.52691650390625	537.6473388671875
