"score"	"label"	"x0"	"y0"	"x1"	"y1"
0.3803917467594147	"woman"	290.5956726074219	141.74838256835938	347.0092468261719	188.3814392089844
0.3076197206974029	"man"	43.04308319091797	224.2494354248047	88.55452728271484	349.67889404296875
