"score"	"label"	"x0"	"y0"	"x1"	"y1"
0.5850242972373962	"woman"	419.7903137207031	182.6796875	495.3859558105469	387.11529541015625
0.32545676827430725	"man"	421.3566589355469	183.89862060546875	493.8647155761719	386.25982666015625
