score	label	x0	y0	x1	y1
0.5524386763572693	man	0.170196533203125	30.360076904296875	361.2576599121094	549.888671875
