"score"	"label"	"x0"	"y0"	"x1"	"y1"
0.352471113204956	"man"	237.0650634765625	186.65614318847656	319.76165771484375	416.8035278320313
0.3489993810653686	"woman"	404.2628479003906	195.88243103027344	523.7826538085938	408.5458984375
