"score"	"label"	"x0"	"y0"	"x1"	"y1"
0.3735648989677429	"m ; a ; n"	59.975250244140625	26.879608154296875	466.5559997558594	549.52197265625
