"score"	"label"	"x0"	"y0"	"x1"	"y1"
0.8835553526878357	"woman"	87.03314971923828	76.18649291992188	275.3399963378906	518.687255859375
