"score"	"label"	"x0"	"y0"	"x1"	"y1"
0.25018781423568726	"man"	255.61285400390625	207.52032470703125	274.3392333984375	241.17587280273438
0.2585503160953522	"man"	1.4153327941894531	371.259765625	38.26970672607422	441.79949951171875
0.34956657886505127	"woman"	154.84823608398438	279.89117431640625	187.822998046875	329.090576171875
0.27526700496673584	"woman"	154.95652770996094	279.96002197265625	187.7643280029297	329.03839111328125
