"score"	"label"	"x0"	"y0"	"x1"	"y1"
0.30966421961784363	"man"	33.8765869140625	36.73548889160156	546.3170776367188	384.21429443359375
