"score"	"label"	"x0"	"y0"	"x1"	"y1"
0.9428802132606506	"man"	299.2879638671875	271.9084777832031	334.5390625	366.7218322753906
