score	label	x0	y0	x1	y1
0.5885562896728516	woman	40.01655578613281	104.2324676513672	270.41241455078125	413.82666015625
