score	label	x0	y0	x1	y1
0.4589464664459228	man	328.5929260253906	201.20217895507812	347.4049377441406	218.88162231445312
