"score"	"label"	"x0"	"y0"	"x1"	"y1"
0.2581235468387604	"m"	1.1783599853515625	175.818359375	144.0651397705078	336.5743408203125
