"score"	"label"	"x0"	"y0"	"x1"	"y1"
0.27287426590919495	"w"	146.8082275390625	117.09735107421875	469.09661865234375	306.9012145996094
