"score"	"label"	"x0"	"y0"	"x1"	"y1"
0.8497196435928345	"man"	161.4705047607422	12.097457885742188	513.78662109375	395.16595458984375
