"score"	"label"	"x0"	"y0"	"x1"	"y1"
0.4796956181526184	"woman"	1.990753173828125	82.42507934570312	409.1384582519531	598.8248291015625
0.371358722448349	"man"	1.6534576416015625	83.3548583984375	409.38983154296875	599.4705810546875
