"score"	"label"	"x0"	"y0"	"x1"	"y1"
0.8407271504402161	"woman"	39.51567077636719	86.22720336914062	323.9207763671875	549.6805419921875
0.28108736872673035	"woman"	131.0286865234375	417.93304443359375	329.8486328125	549.7899169921875
