score	label	x0	y0	x1	y1
0.3071324527263641	man	275.46856689453125	182.3689422607422	286.89312744140625	206.9824676513672
