"score"	"label"	"x0"	"y0"	"x1"	"y1"
0.4236159920692444	"woman"	10.5977201461792	213.19924926757812	31.376510620117188	239.81240844726562
0.25947296619415283	"woman"	7.764274597167969	209.42303466796875	37.34848403930664	243.68597412109375
0.2977372705936432	"man"	11.12451171875	214.00221252441406	30.480697631835938	239.5426483154297
