"score"	"label"	"x0"	"y0"	"x1"	"y1"
0.36035627126693726	"man"	54.866241455078125	240.82530212402344	279.9173278808594	529.527587890625
0.2842036485671997	"man"	1.73583984375	240.1571502685547	343.50482177734375	547.5429077148438
0.33553025126457214	"man"	48.809844970703125	240.89990234375	342.6180725097656	530.6307373046875
