"score"	"label"	"x0"	"y0"	"x1"	"y1"
0.45699164271354675	"man"	288.9922180175781	119.79130554199219	384.2133483886719	379.70135498046875
0.2569999396800995	"woman"	84.03858947753906	157.35533142089844	164.21844482421875	405.48529052734375
0.2690441906452179	"woman"	434.67059326171875	137.383544921875	511.7686767578125	397.2996826171875
0.2871437668800354	"man"	289.28082275390625	120.07369995117188	383.73040771484375	316.3340148925781
