"score"	"label"	"x0"	"y0"	"x1"	"y1"
0.2637781798839569	"w"	186.7510986328125	129.3767547607422	234.52639770507812	151.17164611816406
