"score"	"label"	"x0"	"y0"	"x1"	"y1"
0.5729655027389526	"woman"	185.01377868652344	156.1282196044922	293.3339538574219	354.9638671875
0.5205837488174438	"woman"	315.6389465332031	146.31332397460938	386.9774475097656	216.17489624023438
0.5957316160202026	"woman"	355.2483215332031	160.62437438964844	487.9278259277344	385.07342529296875
