"score"	"label"	"x0"	"y0"	"x1"	"y1"
0.30508342385292053	"man"	491.52264404296875	268.3392333984375	503.2493896484375	306.48046875
0.25129827857017517	"man"	554.6334838867188	273.06268310546875	563.0874633789062	292.01373291015625
