"score"	"label"	"x0"	"y0"	"x1"	"y1"
0.4243950545787811	"woman"	117.46189880371094	132.9950408935547	530.1278076171875	547.8117065429688
