score	label	x0	y0	x1	y1
0.4513274133205414	woman	268.7186279296875	179.75827026367188	411.29876708984375	327.5625915527344
0.2777363955974579	man	26.839080810546875	85.10099029541016	164.78067016601562	268.8910217285156
