"score"	"label"	"x0"	"y0"	"x1"	"y1"
0.8975571990013123	"woman"	134.9190216064453	109.78440856933594	281.8067626953125	590.9544067382812
