"score"	"label"	"x0"	"y0"	"x1"	"y1"
0.45370638370513916	"woman"	408.153076171875	198.1483154296875	492.6444091796875	366.677734375
0.4982697367668152	"woman"	85.10336303710938	161.61685180664062	193.52651977539062	356.3163146972656
0.5252496600151062	"woman"	52.9818000793457	154.14743041992188	103.18438720703125	302.7759704589844
0.34458163380622864	"woman"	271.3797302246094	175.1643829345703	369.7878723144531	367.79876708984375
