"score"	"label"	"x0"	"y0"	"x1"	"y1"
0.4398099482059479	"woman"	462.135009765625	96.34696960449219	531.9061279296875	175.56434631347656
0.4763762354850769	"man"	261.4471130371094	89.0385971069336	342.5670471191406	175.10260009765625
