"score"	"label"	"x0"	"y0"	"x1"	"y1"
0.340853214263916	"m ; a ; n"	148.50021362304688	189.99783325195312	268.4326171875	586.9822998046875
