"score"	"label"	"x0"	"y0"	"x1"	"y1"
0.3149412274360657	"m a"	4.283843994140625	1.5834503173828125	596.4351806640625	409.99462890625
0.2538316249847412	"a"	151.6967010498047	96.8194351196289	464.4482421875	347.5248107910156
