"score"	"label"	"x0"	"y0"	"x1"	"y1"
0.38673365116119385	"woman"	56.42695617675781	421.357421875	81.65402221679688	458.03790283203125
0.29974690079689026	"man"	56.49843215942383	421.3055114746094	81.64886474609375	457.9513854980469
