"score"	"label"	"x0"	"y0"	"x1"	"y1"
0.8085909485816956	"man"	5.376640319824219	109.45265197753906	259.8597412109375	542.3468017578125
0.5690671801567078	"man"	240.60858154296875	230.01766967773438	422.72821044921875	556.156494140625
0.49588119983673096	"man"	160.06137084960938	134.71658325195312	299.008056640625	471.3122863769531
