"score"	"label"	"x0"	"y0"	"x1"	"y1"
0.44344207644462585	"woman"	240.02487182617188	28.668664932250977	309.9822692871094	90.9148178100586
0.38768425583839417	"man"	172.48333740234375	16.560638427734375	238.94113159179688	83.26145935058594
0.2627254128456116	"man"	171.49916076660156	15.913188934326172	310.696044921875	90.88601684570312
0.25947248935699463	"man"	240.46636962890625	28.654558181762695	309.6414794921875	90.67771911621094
