"score"	"label"	"x0"	"y0"	"x1"	"y1"
0.4262550771236419	"woman"	360.99993896484375	155.33213806152344	382.3792114257813	204.4201507568359
0.3144381642341614	"woman"	380.3598327636719	148.71653747558594	396.9981994628906	201.9367523193359
0.2756370306015014	"woman"	360.23614501953125	147.9870147705078	398.1925048828125	204.6095733642578
