"score"	"label"	"x0"	"y0"	"x1"	"y1"
0.25212109088897705	"o"	12.670486450195312	13.048873901367188	150.27926635742188	149.21644592285156
