"score"	"label"	"x0"	"y0"	"x1"	"y1"
0.8653227090835571	"woman"	214.26629638671875	141.1328125	399.24822998046875	378.19830322265625
