"score"	"label"	"x0"	"y0"	"x1"	"y1"
0.4222266376018524	"woman"	265.6452331542969	199.6295166015625	280.1292419433594	236.12063598632812
0.38987454771995544	"man"	266.4810485839844	200.0216064453125	279.6529846191406	235.8460693359375
0.3197733163833618	"woman"	260.9686279296875	196.2525634765625	285.24755859375	238.79519653320312
