"score"	"label"	"x0"	"y0"	"x1"	"y1"
0.3058924078941345	"m ; a ; n"	215.30950927734375	55.82868957519531	339.81805419921875	559.8289184570312
