"score"	"label"	"x0"	"y0"	"x1"	"y1"
0.8201965689659119	"woman"	20.169052124023438	92.08909606933594	367.26239013671875	548.0380859375
