"score"	"label"	"x0"	"y0"	"x1"	"y1"
0.46619540452957153	"man"	245.58021545410156	322.19781494140625	262.7339172363281	349.04327392578125
