"score"	"label"	"x0"	"y0"	"x1"	"y1"
0.70452481508255	"man"	54.267730712890625	54.31658935546875	582.0107421875	390.3104553222656
