"score"	"label"	"x0"	"y0"	"x1"	"y1"
0.3763045370578766	"woman"	286.35382080078125	12.95793342590332	318.59307861328125	74.36157989501953
0.27802178263664246	"woman"	286.9106750488281	25.654949188232422	317.4418640136719	73.42489624023438
