"score"	"label"	"x0"	"y0"	"x1"	"y1"
0.5882234573364258	"man"	166.9201202392578	141.3524169921875	280.5735778808594	275.68963623046875
0.5313169956207275	"man"	20.320201873779297	139.65914916992188	131.79995727539062	364.0177307128906
0.39860019087791443	"man"	252.19052124023438	224.44989013671875	342.7342834472656	424.323486328125
0.4479011595249176	"man"	90.16973876953125	146.15992736816406	157.70213317871094	288.39300537109375
