"score"	"label"	"x0"	"y0"	"x1"	"y1"
0.3258306384086609	"woman"	428.0123291015625	129.1055908203125	471.7237548828125	258.65673828125
0.37379664182662964	"man"	508.98309326171875	122.4166030883789	575.0457153320312	260.5865173339844
0.2937379777431488	"woman"	427.1535339355469	128.42800903320312	486.4226379394531	258.9605407714844
