"score"	"label"	"x0"	"y0"	"x1"	"y1"
0.4232493937015533	"woman"	442.5412292480469	405.7576293945313	459.1378479003906	440.56732177734375
0.2816644012928009	"woman"	437.9112548828125	402.0147399902344	463.67584228515625	442.9649963378906
