"score"	"label"	"x0"	"y0"	"x1"	"y1"
0.5180895328521729	"woman"	221.7924041748047	63.15696716308594	322.0107421875	242.1157989501953
0.42442455887794495	"woman"	430.0205078125	0.02030181884765625	565.7435302734375	140.35891723632812
0.2820981442928314	"woman"	240.05242919921875	63.279441833496094	320.2012939453125	195.16860961914062
0.25997093319892883	"woman"	344.826171875	0.20416259765625	565.916015625	141.19740295410156
0.325724720954895	"woman"	344.8645324707031	162.47976684570312	453.3258361816406	296.9708557128906
0.2617416977882385	"woman"	298.1058654785156	162.37216186523438	453.6808166503906	297.0272216796875
0.3887924253940582	"woman"	102.49484252929688	172.6683349609375	218.54144287109375	300.4936218261719
