score	label	x0	y0	x1	y1
0.5070198774337769	man	2.1594085693359375	92.87673950195312	425.1302490234375	598.5372314453125
