"score"	"label"	"x0"	"y0"	"x1"	"y1"
0.528708279132843	"woman"	61.45252990722656	38.819488525390625	321.84442138671875	597.299560546875
