"score"	"label"	"x0"	"y0"	"x1"	"y1"
0.6746488213539124	"woman"	306.8473205566406	175.88723754882812	377.7333679199219	408.0953063964844
0.39355096220970154	"woman"	185.03219604492188	168.43426513671875	255.54974365234375	358.27069091796875
