"score"	"label"	"x0"	"y0"	"x1"	"y1"
0.37684497237205505	"woman"	229.80279541015625	216.1498565673828	303.6898193359375	418.38031005859375
0.4214992821216583	"woman"	358.62200927734375	213.85984802246094	436.197509765625	405.271240234375
0.35567164421081543	"woman"	106.005859375	211.62164306640625	186.3232421875	413.05731201171875
0.3778924345970154	"woman"	296.845703125	204.54415893554688	360.32080078125	413.8172302246094
0.454316109418869	"man"	30.431129455566406	210.35653686523438	112.53827667236328	424.6158142089844
0.4989584982395172	"man"	483.8374328613281	202.34471130371094	570.5469360351562	411.3603515625
0.2940520644187927	"woman"	165.37567138671875	213.3704833984375	241.84091186523438	417.242431640625
0.3271750211715698	"woman"	425.7052917480469	213.55862426757812	493.5371398925781	410.4754943847656
