"score"	"label"	"x0"	"y0"	"x1"	"y1"
0.26650360226631165	"woman"	0.6055908203125	39.58433532714844	599.208740234375	443.77618408203125
