"score"	"label"	"x0"	"y0"	"x1"	"y1"
0.4943457245826721	"woman"	23.030715942382812	73.06022644042969	338.473388671875	549.8344116210938
0.35627520084381104	"man"	24.277816772460938	73.51292419433594	338.38818359375	549.6810913085938
0.2918769419193268	"woman"	24.790176391601562	73.37971496582031	338.30303955078125	549.7535400390625
