"score"	"label"	"x0"	"y0"	"x1"	"y1"
0.8112984895706177	"woman"	162.3797607421875	110.0369873046875	331.10968017578125	365.438232421875
0.43769484758377075	"woman"	356.19439697265625	186.1769256591797	418.2017822265625	257.5202331542969
