"score"	"label"	"x0"	"y0"	"x1"	"y1"
0.2589660584926605	"woman"	147.6097869873047	80.72055053710938	549.2268676757812	338.57318115234375
