"score"	"label"	"x0"	"y0"	"x1"	"y1"
0.4676903486251831	"man"	170.7141571044922	118.30563354492188	186.5193634033203	151.45388793945312
0.3453129231929779	"woman"	171.65879821777344	118.92281341552734	185.76597595214844	150.6083221435547
