"score"	"label"	"x0"	"y0"	"x1"	"y1"
0.3842209875583648	"woman"	256.53057861328125	193.5719451904297	268.98028564453125	218.9687042236328
0.3217777609825134	"woman"	310.84478759765625	195.6542053222656	322.0413818359375	211.75222778320312
