"score"	"label"	"x0"	"y0"	"x1"	"y1"
0.3750881254673004	"woman"	257.0863037109375	213.5416259765625	299.2105712890625	344.4129638671875
0.3477821946144104	"man"	222.2277374267578	207.85476684570312	261.79931640625	346.7373352050781
0.2599449157714844	"man"	337.04669189453125	212.223876953125	381.54931640625	336.95538330078125
