"score"	"label"	"x0"	"y0"	"x1"	"y1"
0.3853245675563812	"m ; a ; n"	124.9192123413086	75.03126525878906	340.9965515136719	538.1062622070312
