"score"	"label"	"x0"	"y0"	"x1"	"y1"
0.4525390565395355	"woman"	2.6073150634765625	41.089569091796875	390.8739013671875	597.2354736328125
