"score"	"label"	"x0"	"y0"	"x1"	"y1"
0.5434590578079224	"man"	218.3126678466797	545.6842041015625	225.6708221435547	560.23291015625
