"score"	"label"	"x0"	"y0"	"x1"	"y1"
0.6152920126914978	"man"	0.692352294921875	97.29246520996094	530.036865234375	406.9296875
0.2965244650840759	"woman"	1.0030517578125	97.82925415039062	529.8006591796875	406.80322265625
