"score"	"label"	"x0"	"y0"	"x1"	"y1"
0.403997391462326	"woman"	221.16204833984375	112.89056396484376	257.6337585449219	217.54080200195312
