score	label	x0	y0	x1	y1
0.570550799369812	man	0.236846923828125	88.16094970703125	311.5659484863281	549.5802612304688
