"score"	"label"	"x0"	"y0"	"x1"	"y1"
0.33924946188926697	"w"	95.86853790283203	153.79959106445312	276.8082275390625	478.6399841308594
0.277429461479187	"w"	95.78854370117188	153.856689453125	276.7767333984375	478.573486328125
0.2500636875629425	"m"	95.81033325195312	153.8382568359375	276.73016357421875	478.383056640625
