"score"	"label"	"x0"	"y0"	"x1"	"y1"
0.3975621461868286	"man"	79.72364807128906	36.18913269042969	174.41932678222656	279.53985595703125
0.4025152325630188	"man"	494.58734130859375	70.7162094116211	594.9447631835938	302.43115234375
0.3460545837879181	"man"	430.64422607421875	59.359283447265625	512.8670654296875	297.90533447265625
0.34800541400909424	"man"	273.6761474609375	55.06414794921875	341.19049072265625	267.3512268066406
0.3374859094619751	"man"	347.4471435546875	60.15191650390625	435.25482177734375	287.1488342285156
0.364152193069458	"man"	41.1864013671875	28.613433837890625	109.69793701171875	269.5191345214844
0.31785356998443604	"man"	251.97610473632812	54.59661865234375	297.6135559082031	252.83612060546875
0.3270244300365448	"man"	210.9935302734375	63.911964416503906	267.3169860839844	257.6645812988281
0.28712043166160583	"man"	331.6344299316406	61.34595489501953	383.5697937011719	269.406494140625
0.29055553674697876	"man"	141.08660888671875	47.05125427246094	194.09454345703125	266.02166748046875
0.3056279718875885	"man"	168.319091796875	53.017822265625	215.81353759765625	261.9675598144531
