"score"	"label"	"x0"	"y0"	"x1"	"y1"
0.5379502773284912	"man"	97.76182556152344	143.52899169921875	375.3707275390625	497.16748046875
