"score"	"label"	"x0"	"y0"	"x1"	"y1"
0.8563451170921326	"woman"	52.93280029296875	70.85150146484375	395.25775146484375	598.2758178710938
