"score"	"label"	"x0"	"y0"	"x1"	"y1"
0.48696765303611755	"woman"	539.6333618164062	287.2088317871094	550.5027465820312	315.7784118652344
0.43241041898727417	"woman"	522.4251098632812	282.79229736328125	531.5044555664062	311.2198486328125
