"score"	"label"	"x0"	"y0"	"x1"	"y1"
0.5711862444877625	"woman"	62.64024353027344	168.19444274902344	275.6263427734375	530.71826171875
0.4226184785366058	"man"	196.767822265625	65.25767517089844	334.6666259765625	516.3521118164062
