"score"	"label"	"x0"	"y0"	"x1"	"y1"
0.3716612160205841	"woman"	138.2888946533203	411.7059020996094	166.1613006591797	470.4858703613281
0.3154391050338745	"man"	139.084716796875	412.2952575683594	165.66543579101562	470.2210998535156
