"score"	"label"	"x0"	"y0"	"x1"	"y1"
0.3622840642929077	"man woman"	10.839130401611328	213.63272094726562	31.052539825439453	239.6458740234375
0.307924747467041	"man"	39.91767120361328	183.10934448242188	57.384315490722656	213.1578369140625
0.26644933223724365	"woman"	11.041013717651367	214.00892639160156	30.570348739624023	239.6070098876953
