"score"	"label"	"x0"	"y0"	"x1"	"y1"
0.2656647861003876	"woman"	23.670196533203125	12.534774780273438	575.6683349609375	429.83966064453125
