"score"	"label"	"x0"	"y0"	"x1"	"y1"
0.5267922282218933	"woman"	274.2640075683594	173.04373168945312	379.0102233886719	340.6564025878906
0.31594783067703247	"man"	389.6177978515625	125.95101928710938	450.237548828125	235.36648559570312
