"score"	"label"	"x0"	"y0"	"x1"	"y1"
0.9035680890083313	"man"	215.11398315429688	51.29170227050781	333.4057312011719	554.66357421875
