"score"	"label"	"x0"	"y0"	"x1"	"y1"
0.39224308729171753	"woman"	308.7475891113281	207.30673217773438	349.0505676269531	289.780029296875
0.35070598125457764	"woman"	264.8664855957031	214.0719451904297	299.1203308105469	290.234375
0.2606159448623657	"woman"	265.0018310546875	214.2875518798828	323.6737060546875	290.57763671875
0.27163073420524597	"woman"	285.1573181152344	221.8660430908203	323.8240661621094	290.44647216796875
