"score"	"label"	"x0"	"y0"	"x1"	"y1"
0.3950516879558563	"man"	442.3125305175781	113.69625854492188	524.3778076171875	295.7041320800781
0.44680991768836975	"man"	84.19755554199219	118.7088394165039	162.22218322753906	324.7051086425781
0.3485698401927948	"man"	231.11729431152344	133.38150024414062	308.37689208984375	302.56060791015625
0.3500286042690277	"man"	351.86090087890625	122.49784088134766	420.7828369140625	283.89202880859375
0.3106585443019867	"man"	290.58349609375	127.31044006347656	339.25836181640625	275.0606689453125
