"score"	"label"	"x0"	"y0"	"x1"	"y1"
0.3031861186027527	"man"	532.0020751953125	-0.09807395935058594	599.9537353515625	19.849367141723633
