"score"	"label"	"x0"	"y0"	"x1"	"y1"
0.3963976502418518	"man"	27.14141845703125	89.77943420410156	347.29156494140625	549.8654174804688
0.3726693391799927	"man"	26.419967651367188	89.1116943359375	379.967041015625	549.279296875
