"score"	"label"	"x0"	"y0"	"x1"	"y1"
0.813176155090332	"man"	15.1099853515625	49.474365234375	472.319580078125	599.5154418945312
