score	label	x0	y0	x1	y1
0.4789361655712127	man	212.01747131347656	99.2015151977539	281.9417724609375	217.663330078125
