"score"	"label"	"x0"	"y0"	"x1"	"y1"
0.6382001638412476	"woman"	58.56019592285156	105.60531616210938	229.25733947753906	545.2127685546875
0.5680631399154663	"man"	162.83053588867188	54.234283447265625	358.9949035644531	507.2469787597656
0.30863937735557556	"woman"	58.70928192138672	105.36497497558594	229.11419677734375	545.16650390625
