"score"	"label"	"x0"	"y0"	"x1"	"y1"
0.46519961953163147	"man"	52.82384490966797	109.81277465820312	68.20079040527344	176.45098876953125
0.28119879961013794	"man"	563.828125	198.7684326171875	575.0594482421875	222.24322509765625
