score	label	x0	y0	x1	y1
0.3786632716655731	man	178.0230255126953	234.46531677246097	190.6916046142578	262.6772155761719
0.2544189393520355	man	173.11965942382812	229.7420654296875	195.1119384765625	264.5434875488281
