"score"	"label"	"x0"	"y0"	"x1"	"y1"
0.42408987879753113	"man"	86.76367950439453	101.82428741455078	179.70330810546875	252.73126220703125
0.3839566111564636	"man"	500.87042236328125	100.60371398925781	588.4680786132812	376.31964111328125
0.38770854473114014	"man"	412.8437194824219	94.23367309570312	501.4950866699219	355.32647705078125
0.2528659999370575	"man"	31.766098022460938	128.20150756835938	78.14373016357422	207.51983642578125
