"score"	"label"	"x0"	"y0"	"x1"	"y1"
0.44338667392730713	"woman"	12.062637329101562	23.166046142578125	477.96795654296875	565.6234130859375
0.44023677706718445	"woman"	13.466636657714844	28.33660888671875	242.38897705078125	560.6958618164062
0.45368802547454834	"woman"	250.42730712890625	25.051177978515625	474.07733154296875	561.45849609375
