"score"	"label"	"x0"	"y0"	"x1"	"y1"
0.899085521697998	"man"	286.4915771484375	37.879241943359375	568.1801147460938	424.9956359863281
