"score"	"label"	"x0"	"y0"	"x1"	"y1"
0.5827744603157043	"man"	179.6483154296875	183.3377685546875	225.96267700195312	323.2231140136719
0.37765172123908997	"man"	54.30638122558594	125.75236511230469	90.162109375	201.9585418701172
0.3523256778717041	"man"	93.8238754272461	130.53939819335938	123.53327178955078	210.9034423828125
0.3167446255683899	"man"	126.2800521850586	133.05751037597656	155.7664031982422	216.2290496826172
0.3592153787612915	"man"	15.220048904418945	124.2054672241211	42.518455505371094	195.80514526367188
0.37276118993759155	"man"	0.08907794952392578	125.86407470703125	27.411949157714844	204.17636108398438
0.331495076417923	"man"	44.09817886352539	124.57003784179688	62.89760971069336	193.3753662109375
0.2972117066383362	"man"	463.9388732910156	141.74740600585938	496.0506896972656	233.74002075195312
0.29297399520874023	"man"	157.475341796875	127.78068542480469	183.63247680664062	209.09547424316406
0.28873756527900696	"man"	257.3996887207031	124.778076171875	281.5543518066406	201.46963500976562
0.28585085272789	"man"	224.66456604003906	129.09747314453125	250.27296447753906	204.85882568359375
0.2947135269641876	"man"	290.4885559082031	42.27474594116211	302.5856018066406	80.07220458984375
0.28942978382110596	"man"	115.94668579101562	117.8880844116211	136.01608276367188	195.05923461914062
0.28146809339523315	"man"	299.37481689453125	133.4268798828125	332.3023681640625	211.57180786132812
0.2742363214492798	"man"	413.49383544921875	135.01812744140625	441.3245849609375	217.69046020507812
0.2739225924015045	"man"	274.0063781738281	113.8540267944336	297.6439514160156	190.27227783203125
0.2768760323524475	"man"	436.4538269042969	137.06033325195312	462.0404968261719	224.8143310546875
0.28789305686950684	"man"	453.93890380859375	68.56324768066406	469.09039306640625	110.97929382324219
0.2906971275806427	"man"	192.2960205078125	131.0167236328125	217.6837158203125	189.272216796875
0.2703492045402527	"man"	226.7186737060547	88.10910034179688	245.90113830566406	127.99085998535156
0.2509082555770874	"man"	276.5517272949219	39.074615478515625	287.8841857910156	61.10631561279297
0.26195675134658813	"man"	141.43421936035156	128.0230255126953	159.33717346191406	206.91358947753906
