"score"	"label"	"x0"	"y0"	"x1"	"y1"
0.9188578724861145	"man"	106.47959899902344	76.00198364257812	231.82823181152344	530.944580078125
