score	label	x0	y0	x1	y1
0.3392407596111297	woman	115.29266357421876	131.58306884765625	135.6673583984375	178.72796630859375
