"score"	"label"	"x0"	"y0"	"x1"	"y1"
0.304131269454956	"woman"	228.65179443359375	146.1842803955078	255.15655517578125	170.13148498535156
0.285271406173706	"woman"	70.03462219238281	51.41868591308594	544.91015625	400.5735473632813
