"score"	"label"	"x0"	"y0"	"x1"	"y1"
0.6456810235977173	"woman"	196.43002319335938	275.54095458984375	383.6444396972656	596.1055297851562
0.5152487754821777	"man"	128.5580291748047	138.6573028564453	316.89044189453125	560.0227661132812
0.25355032086372375	"man"	128.66610717773438	138.58175659179688	317.6929931640625	447.8031921386719
0.3831421732902527	"woman"	196.3275146484375	275.836181640625	383.66070556640625	596.0964965820312
