score	label	x0	y0	x1	y1
0.7080646753311157	man	215.93850708007812	323.824462890625	363.2915344238281	530.3410034179688
