"score"	"label"	"x0"	"y0"	"x1"	"y1"
0.36624276638031	"woman"	470.1095886230469	270.037353515625	480.0624694824219	293.08648681640625
0.2643228769302368	"woman"	466.3250732421875	267.3653869628906	483.8333129882813	295.5184631347656
