"score"	"label"	"x0"	"y0"	"x1"	"y1"
0.587507963180542	"man"	11.32757568359375	139.7271728515625	94.4477310180664	374.58551025390625
0.2531867027282715	"woman"	11.677936553955078	140.56874084472656	93.93936157226562	373.88531494140625
