"score"	"label"	"x0"	"y0"	"x1"	"y1"
0.33811673521995544	"woman"	525.8972778320312	345.4065856933594	545.7151489257812	372.0312805175781
0.2793571949005127	"man"	526.64794921875	345.85888671875	545.3192138671875	371.4652099609375
