score	label	x0	y0	x1	y1
0.4059138000011444	man	151.0698699951172	255.59075927734375	163.97532653808594	289.49566650390625
0.3209492564201355	woman	46.41690826416016	263.64373779296875	64.66395568847656	301.83489990234375
0.3176736831665039	man	136.87637329101562	263.664794921875	150.03619384765625	298.27667236328125
