"score"	"label"	"x0"	"y0"	"x1"	"y1"
0.3723651468753814	"man"	577.9080200195312	127.471435546875	598.5188598632812	155.2752685546875
