"score"	"label"	"x0"	"y0"	"x1"	"y1"
0.28166332840919495	"a"	362.6869812011719	132.5287322998047	450.5451965332031	328.06439208984375
0.2526164650917053	"a"	231.728759765625	120.55440521240234	348.11932373046875	366.09136962890625
