"score"	"label"	"x0"	"y0"	"x1"	"y1"
0.3310098648071289	"man"	419.14349365234375	167.8863983154297	433.069091796875	203.87586975097656
0.255608320236206	"man"	451.9969177246094	167.35829162597656	465.0626525878906	200.0653839111328
