"score"	"label"	"x0"	"y0"	"x1"	"y1"
0.25004902482032776	"woman"	0.019421100616455078	0.0946950912475586	13.477876663208008	16.755382537841797
