"score"	"label"	"x0"	"y0"	"x1"	"y1"
0.46996381878852844	"man"	206.09043884277344	189.30072021484375	221.9843292236328	220.1986083984375
0.34490662813186646	"woman"	206.7223358154297	189.71148681640625	220.94984436035156	220.01882934570312
