"score"	"label"	"x0"	"y0"	"x1"	"y1"
0.4447782337665558	"man"	309.37322998046875	221.07681274414065	405.14703369140625	431.4062194824219
