"score"	"label"	"x0"	"y0"	"x1"	"y1"
0.3059071898460388	"w o m a ;"	53.65901184082031	14.618896484375	372.881591796875	549.8436889648438
