"score"	"label"	"x0"	"y0"	"x1"	"y1"
0.32180073857307434	"woman"	193.3958740234375	375.0904541015625	284.5166931152344	527.721435546875
0.29096248745918274	"woman"	193.66221618652344	374.95428466796875	314.5142822265625	526.1944580078125
