"score"	"label"	"x0"	"y0"	"x1"	"y1"
0.3348501920700073	"man"	391.4852294921875	135.8058624267578	515.0775756835938	555.4578857421875
0.29648682475090027	"man"	171.78167724609375	167.52943420410156	269.38201904296875	425.86285400390625
0.26017695665359497	"man"	0.3858642578125	105.39175415039062	73.75548553466797	541.7130126953125
