score	label	x0	y0	x1	y1
0.4230765700340271	woman	196.7120819091797	261.0572204589844	244.9064788818359	375.3647155761719
0.25300332903862	man	420.6861267089844	276.0129089355469	466.3738708496094	368.8459777832031
