"score"	"label"	"x0"	"y0"	"x1"	"y1"
0.582538902759552	"man"	2.01202392578125	147.01959228515625	344.8326721191406	547.86376953125
