score	label	x0	y0	x1	y1
0.3823607563972473	woman	165.218017578125	135.15771484375	258.06048583984375	428.9593505859375
0.3306076526641845	woman	336.829833984375	132.53919982910156	442.6875	429.34124755859375
0.2872092425823211	man	26.515270233154297	85.94670104980469	150.3367462158203	426.722900390625
0.2733801603317261	man	248.6748809814453	115.72010803222656	344.2082824707031	429.8724365234375
