score	label	x0	y0	x1	y1
0.4105649888515472	woman	164.831787109375	127.4056396484375	251.58297729492188	362.7923583984375
0.3638169765472412	man	70.04994201660156	121.73499298095705	159.23313903808594	364.235595703125
0.2772099077701568	man	360.784912109375	116.21934509277344	444.22119140625	375.5426635742187
