"score"	"label"	"x0"	"y0"	"x1"	"y1"
0.29616686701774597	"m a ; n"	3.272247314453125	7.9518280029296875	594.964599609375	452.66583251953125
