"score"	"label"	"x0"	"y0"	"x1"	"y1"
0.3196660578250885	"man"	232.03158569335938	275.860107421875	317.8306579589844	411.33245849609375
