"score"	"label"	"x0"	"y0"	"x1"	"y1"
0.3026067018508911	"m a ; n"	146.25473022460938	27.659332275390625	371.0662536621094	462.2541809082031
