score	label	x0	y0	x1	y1
0.4431578814983368	woman	415.6820983886719	223.41175842285156	516.8095703125	403.16119384765625
0.4000988304615021	man	233.1936798095703	207.71694946289065	299.03558349609375	368.2876892089844
