"score"	"label"	"x0"	"y0"	"x1"	"y1"
0.2800486385822296	"man"	477.36004638671875	245.21849060058594	503.88470458984375	259.66387939453125
