"score"	"label"	"x0"	"y0"	"x1"	"y1"
0.5083432793617249	"woman"	0.352294921875	69.63339233398438	346.8839416503906	549.4539794921875
0.3381370007991791	"man"	0.1819610595703125	70.7122802734375	345.35516357421875	549.8634033203125
