"score"	"label"	"x0"	"y0"	"x1"	"y1"
0.2793917655944824	"woman"	104.07028198242188	36.82926940917969	392.568115234375	375.8577880859375
