"score"	"label"	"x0"	"y0"	"x1"	"y1"
0.38202252984046936	"woman"	299.0240173339844	298.6837463378906	311.2841491699219	329.7559509277344
0.37369436025619507	"woman"	317.7271423339844	289.2051086425781	330.3996276855469	308.6862487792969
0.2688329219818115	"woman"	379.3879699707031	270.1465759277344	386.8001403808594	289.9466857910156
0.25350522994995117	"woman"	317.6676025390625	288.9752502441406	330.865234375	323.3843078613281
