"score"	"label"	"x0"	"y0"	"x1"	"y1"
0.3032356798648834	"woman"	572.4349365234375	295.5442810058594	584.0828857421875	319.7048645019531
0.2622167468070984	"man"	572.4458618164062	295.4371032714844	584.2551879882812	319.7831115722656
