"score"	"label"	"x0"	"y0"	"x1"	"y1"
0.3636384308338165	"woman"	17.958267211914062	28.3936767578125	417.3280029296875	574.5410766601562
