"score"	"label"	"x0"	"y0"	"x1"	"y1"
0.494842529296875	"woman"	1.6902008056640625	66.22482299804688	405.668701171875	598.5869140625
