"score"	"label"	"x0"	"y0"	"x1"	"y1"
0.48732244968414307	"man"	272.20501708984375	88.16239929199219	377.29718017578125	415.95294189453125
