"score"	"label"	"x0"	"y0"	"x1"	"y1"
0.28136223554611206	"m"	318.46197509765625	45.42822265625	454.8455810546875	359.2681579589844
0.2676456570625305	"m"	134.09091186523438	48.071197509765625	275.4871826171875	357.5188903808594
