"score"	"label"	"x0"	"y0"	"x1"	"y1"
0.422922819852829	"woman"	1.649017333984375	68.71134948730469	326.29302978515625	548.5632934570312
