"score"	"label"	"x0"	"y0"	"x1"	"y1"
0.26260027289390564	"man"	281.3546142578125	176.48199462890625	358.6226806640625	312.83978271484375
