"score"	"label"	"x0"	"y0"	"x1"	"y1"
0.35230040550231934	"m ; a ; n"	88.58779907226562	183.99464416503906	298.7467041015625	493.8421630859375
