"score"	"label"	"x0"	"y0"	"x1"	"y1"
0.3236786425113678	"woman"	283.5795593261719	144.33689880371094	335.8796081542969	239.5903778076172
0.30083104968070984	"woman"	438.6383361816406	124.94001770019531	598.4873046875	387.68902587890625
0.3616764545440674	"man"	5.960060119628906	103.02745056152344	223.97409057617188	387.944580078125
