"score"	"label"	"x0"	"y0"	"x1"	"y1"
0.7778645753860474	"man"	287.1657409667969	37.31468200683594	568.2982177734375	424.53204345703125
0.3315037488937378	"woman"	3.9751739501953125	71.81417846679688	423.3646240234375	423.0021667480469
0.3046775162220001	"woman"	4.061065673828125	72.41256713867188	368.86138916015625	422.89532470703125
0.3092808425426483	"woman"	4.0467681884765625	72.56790161132812	325.1080322265625	422.5240478515625
