"score"	"label"	"x0"	"y0"	"x1"	"y1"
0.2718646228313446	"m a"	302.3766174316406	102.87442779541016	362.1548156738281	305.8323059082031
