"score"	"label"	"x0"	"y0"	"x1"	"y1"
0.2774581015110016	"man"	2.609283447265625	1.42327880859375	436.23040771484375	598.2937622070312
0.2753804922103882	"man"	184.76779174804688	62.238555908203125	378.0146179199219	559.0443115234375
