"score"	"label"	"x0"	"y0"	"x1"	"y1"
0.5514464378356934	"man"	120.79255676269531	173.96144104003906	307.72076416015625	514.6908569335938
0.39325520396232605	"man"	394.0389099121094	102.13340759277344	430.8735046386719	180.4281463623047
