"score"	"label"	"x0"	"y0"	"x1"	"y1"
0.3874953091144562	"m"	77.65960693359375	66.85997009277344	385.3822937011719	549.4918823242188
0.2607995271682739	"m a"	77.6949462890625	67.16902160644531	385.2062072753906	549.5547485351562
