"score"	"label"	"x0"	"y0"	"x1"	"y1"
0.42585086822509766	"woman"	289.7431945800781	163.86134338378906	317.7151184082031	223.1291961669922
0.38932332396507263	"woman"	543.5458374023438	225.48837280273438	568.0327758789062	273.4814453125
