"score"	"label"	"x0"	"y0"	"x1"	"y1"
0.2582363784313202	"w"	161.7239990234375	56.81622314453125	377.25250244140625	548.3219604492188
