score	label	x0	y0	x1	y1
0.6095114946365356	man	180.7782440185547	376.3844299316406	210.03370666503903	420.4931335449219
