"score"	"label"	"x0"	"y0"	"x1"	"y1"
0.3189401924610138	"m ; a ; n"	37.981414794921875	21.27576446533203	591.6063232421875	249.59793090820312
