"score"	"label"	"x0"	"y0"	"x1"	"y1"
0.25615546107292175	"m"	211.1172332763672	114.07475280761719	320.85943603515625	443.19384765625
0.2990742027759552	"m"	113.13243865966797	59.46366882324219	219.37539672851562	427.88751220703125
