"score"	"label"	"x0"	"y0"	"x1"	"y1"
0.3391255736351013	"man"	46.3743896484375	116.61968231201172	545.576416015625	310.3999328613281
