"score"	"label"	"x0"	"y0"	"x1"	"y1"
0.3334742188453674	"man"	295.5660400390625	223.9163818359375	455.86273193359375	357.4688720703125
