score	label	x0	y0	x1	y1
0.333924800157547	man	43.015228271484375	124.99884796142578	591.037353515625	319.1114807128906
