"score"	"label"	"x0"	"y0"	"x1"	"y1"
0.26015862822532654	"woman"	71.94619750976562	320.2558288574219	83.5401611328125	335.1344299316406
