"score"	"label"	"x0"	"y0"	"x1"	"y1"
0.4674012362957001	"woman"	341.1370849609375	93.9229736328125	472.693359375	347.984130859375
0.4052192270755768	"man"	343.0851135253906	94.78675842285156	471.5841369628906	347.8494873046875
