"score"	"label"	"x0"	"y0"	"x1"	"y1"
0.6604399085044861	"man"	63.48527526855469	82.30577087402344	263.38128662109375	360.513916015625
0.2749549150466919	"woman"	64.302490234375	82.8970947265625	263.0187683105469	360.2615661621094
