score	label	x0	y0	x1	y1
0.3030653595924377	man	505.6617736816406	242.90576171875	558.1508178710938	334.256103515625
