"score"	"label"	"x0"	"y0"	"x1"	"y1"
0.5494478940963745	"woman"	8.798812866210938	85.49124145507812	416.72314453125	597.354248046875
