"score"	"label"	"x0"	"y0"	"x1"	"y1"
0.36487025022506714	"man"	548.2440185546875	375.6607971191406	563.54052734375	415.9928894042969
0.2789052724838257	"woman"	548.62451171875	387.8134460449219	563.1114501953125	416.0396423339844
0.2674576938152313	"woman"	547.8351440429688	375.47064208984375	564.1458129882812	416.36859130859375
