"score"	"label"	"x0"	"y0"	"x1"	"y1"
0.2833205759525299	"woman"	322.76214599609375	2.458099365234375	582.9314575195312	418.6398620605469
