"score"	"label"	"x0"	"y0"	"x1"	"y1"
0.34031036496162415	"man"	59.89697265625	271.1522216796875	73.70863342285156	303.2713623046875
0.29114702343940735	"man"	116.24048614501953	265.348388671875	128.62744140625	292.76776123046875
0.25360944867134094	"woman"	60.265350341796875	271.41522216796875	73.3919677734375	303.12420654296875
