"score"	"label"	"x0"	"y0"	"x1"	"y1"
0.3419736921787262	"m ; a ; n"	108.3785400390625	37.7037353515625	393.3164978027344	376.9966735839844
