"score"	"label"	"x0"	"y0"	"x1"	"y1"
0.25572630763053894	"w"	82.98139953613281	120.07235717773438	349.12451171875	598.48876953125
