"score"	"label"	"x0"	"y0"	"x1"	"y1"
0.46989738941192627	"woman"	0.7393798828125	-0.0734405517578125	599.7559204101562	450.92218017578125
