"score"	"label"	"x0"	"y0"	"x1"	"y1"
0.4749317169189453	"man"	313.9328918457031	143.44790649414062	422.6541442871094	337.6654052734375
