score	label	x0	y0	x1	y1
0.379821628332138	woman	340.77410888671875	153.95492553710938	369.01318359375	191.85403442382812
0.3359321653842926	man	348.8521728515625	156.20526123046875	366.32708740234375	189.3328857421875
