"score"	"label"	"x0"	"y0"	"x1"	"y1"
0.4000840187072754	"woman"	204.55018615722656	187.8850860595703	224.62110900878906	220.75587463378906
0.31151634454727173	"woman"	207.01039123535156	190.10061645507812	220.2604217529297	219.51336669921875
0.33237797021865845	"man"	206.63458251953125	189.5150604248047	221.01144409179688	220.0342254638672
0.28721457719802856	"woman"	201.02662658691406	185.0457763671875	228.85679626464844	222.78359985351562
