"score"	"label"	"x0"	"y0"	"x1"	"y1"
0.25072261691093445	"w"	181.55999755859375	207.75498962402344	382.91204833984375	597.937255859375
