"score"	"label"	"x0"	"y0"	"x1"	"y1"
0.3339395523071289	"woman"	198.51197814941406	315.84228515625	215.67271423339844	340.60455322265625
0.2557816803455353	"man"	198.852294921875	316.0244140625	215.39984130859375	340.610595703125
0.2553045451641083	"woman"	197.00811767578125	306.41558837890625	217.72079467773438	341.6312255859375
