score	label	x0	y0	x1	y1
0.5912694931030273	woman	455.87115478515625	221.6938018798828	516.4402465820312	405.56634521484375
0.3169161975383758	man	293.8232116699219	222.7479248046875	346.3857727050781	337.1539306640625
