"score"	"label"	"x0"	"y0"	"x1"	"y1"
0.47910231351852417	"woman"	141.99298095703125	170.2997589111328	169.90121459960938	203.85301208496094
0.36755624413490295	"man"	142.9698486328125	170.9486541748047	168.73233032226562	203.26686096191406
