score	label	x0	y0	x1	y1
0.6457908153533936	man	282.6418151855469	119.95547485351562	352.7729797363281	297.5117492675781
