score	label	x0	y0	x1	y1
0.293722927570343	woman	284.5147705078125	281.2529602050781	308.67425537109375	347.8924255371094
0.2842984497547149	woman	271.1751403808594	279.1617126464844	308.9635314941406	350.5610656738281
