"score"	"label"	"x0"	"y0"	"x1"	"y1"
0.3633064329624176	"woman"	449.7655029296875	355.500244140625	466.380615234375	391.24755859375
