score	label	x0	y0	x1	y1
0.4419954121112823	man	1.230926513671875	168.7226104736328	347.6168212890625	548.7611083984375
