"score"	"label"	"x0"	"y0"	"x1"	"y1"
0.5184943079948425	"man"	16.932586669921875	124.58154296875	231.7576446533203	598.201904296875
0.3440692126750946	"woman"	17.1595458984375	125.31990051269531	231.26980590820312	598.8004760742188
