score	label	x0	y0	x1	y1
0.3692127168178558	man woman	47.854644775390625	113.63929748535156	407.7761840820313	597.525634765625
