score	label	x0	y0	x1	y1
0.4945413470268249	man	199.56668090820312	370.9592895507813	282.2552185058594	456.6295166015625
