"score"	"label"	"x0"	"y0"	"x1"	"y1"
0.37990790605545044	"man"	93.84039306640625	46.03706359863281	496.71826171875	361.28619384765625
