"score"	"label"	"x0"	"y0"	"x1"	"y1"
0.3547241687774658	"woman"	164.27005004882812	178.2615203857422	393.2201843261719	442.53521728515625
0.31543228030204773	"woman"	1.00665283203125	12.218292236328125	233.44459533691406	476.7866516113281
0.38509538769721985	"man"	325.29437255859375	87.94610595703125	598.6728515625	414.3291015625
