score	label	x0	y0	x1	y1
0.564292848110199	man	41.808860778808594	35.523155212402344	91.80460357666016	182.5743103027344
