"score"	"label"	"x0"	"y0"	"x1"	"y1"
0.4265564978122711	"man"	246.07476806640625	56.57683563232422	350.72784423828125	255.56918334960935
0.3675794601440429	"woman"	107.72761535644533	157.84783935546875	250.9197540283203	440.91607666015625
0.3530800342559814	"man"	246.3450927734375	174.34271240234375	363.89752197265625	390.98382568359375
0.2743228673934936	"woman"	364.7079772949219	161.3729248046875	489.0816955566406	439.6201171875
