"score"	"label"	"x0"	"y0"	"x1"	"y1"
0.3002505302429199	"man"	439.91070556640625	277.601806640625	453.72442626953125	297.98089599609375
