score	label	x0	y0	x1	y1
0.2745019793510437	woman	18.118221282958984	370.7630615234375	28.233802795410156	390.34759521484375
