score	label	x0	y0	x1	y1
0.4990169107913971	man	19.944854736328125	92.24525451660156	425.2087707519531	596.2457885742188
