"score"	"label"	"x0"	"y0"	"x1"	"y1"
0.34473416209220886	"man"	209.31845092773438	96.16606140136719	252.47122192382812	193.71226501464844
0.35599958896636963	"woman"	141.4781036376953	127.44712829589844	259.8702087402344	338.884033203125
0.2726168632507324	"woman"	141.97097778320312	127.73800659179688	247.15609741210938	292.8435974121094
0.2941371500492096	"woman"	141.8319091796875	127.12885284423828	299.2204284667969	338.99359130859375
