"score"	"label"	"x0"	"y0"	"x1"	"y1"
0.3414255380630493	"woman"	146.87416076660156	157.14642333984375	268.19049072265625	358.01885986328125
0.25003060698509216	"woman"	166.43356323242188	157.10165405273438	262.5397033691406	356.9649353027344
