"score"	"label"	"x0"	"y0"	"x1"	"y1"
0.4650344848632812	"man"	369.9996948242187	114.86895751953124	388.9758911132813	141.6185302734375
