"score"	"label"	"x0"	"y0"	"x1"	"y1"
0.908403217792511	"man"	150.22361755371094	253.7435760498047	184.2665557861328	334.7374572753906
