"score"	"label"	"x0"	"y0"	"x1"	"y1"
0.26249465346336365	"a"	1.72479248046875	2.151947021484375	598.1997680664062	457.3471374511719
