"score"	"label"	"x0"	"y0"	"x1"	"y1"
0.2505398094654083	"woman"	532.709228515625	-0.06535911560058594	599.983642578125	21.03953742980957
