score	label	x0	y0	x1	y1
0.3571408987045288	woman	99.84664154052734	262.47955322265625	123.65581512451172	295.125732421875
