"score"	"label"	"x0"	"y0"	"x1"	"y1"
0.6015186905860901	"man"	504.9159240722656	189.08778381347656	528.1119995117188	219.22789001464844
