"score"	"label"	"x0"	"y0"	"x1"	"y1"
0.2722486853599548	"woman"	102.06385803222656	124.78627014160156	487.93499755859375	327.30108642578125
