"score"	"label"	"x0"	"y0"	"x1"	"y1"
0.32463857531547546	"m ; a ; n"	7.165069580078125	9.615798950195312	543.1456298828125	319.06500244140625
