"score"	"label"	"x0"	"y0"	"x1"	"y1"
0.46063482761383057	"woman"	334.776611328125	132.98858642578125	371.043212890625	275.16925048828125
0.2577638626098633	"woman"	533.9991455078125	254.26596069335938	568.5186767578125	308.7164001464844
