"score"	"label"	"x0"	"y0"	"x1"	"y1"
0.32793545722961426	"man"	432.15606689453125	206.86732482910156	439.11334228515625	222.1536102294922
0.2904423773288727	"man"	195.538330078125	224.2151641845703	199.748291015625	232.5943145751953
