"score"	"label"	"x0"	"y0"	"x1"	"y1"
0.27100640535354614	"woman"	280.5586853027344	155.46519470214844	334.1703796386719	303.498291015625
0.31000927090644836	"woman"	395.9998779296875	165.78045654296875	433.64459228515625	253.56393432617188
0.31016314029693604	"woman"	454.4105224609375	165.67608642578125	492.29766845703125	273.3326721191406
0.5810267329216003	"man"	280.4164123535156	155.41763305664062	334.1764221191406	303.5040283203125
0.3554801940917969	"woman"	233.0337371826172	147.1619873046875	277.0330810546875	293.6531982421875
0.28992903232574463	"man"	233.5800323486328	146.67469787597656	276.99945068359375	293.6231689453125
0.28054362535476685	"woman"	364.31903076171875	168.20848083496094	394.09869384765625	251.9540557861328
0.3567104935646057	"man"	170.12379455566406	163.94384765625	217.9913787841797	296.5501403808594
0.2659609913825989	"woman"	232.80374145507812	146.70596313476562	277.0773620605469	293.6539306640625
