"score"	"label"	"x0"	"y0"	"x1"	"y1"
0.664249837398529	"woman"	313.9489440917969	256.2402648925781	331.9141540527344	280.0390930175781
