"score"	"label"	"x0"	"y0"	"x1"	"y1"
0.36437129974365234	"man"	84.17831420898438	46.771575927734375	599.7664794921875	408.26129150390625
0.3025877773761749	"man"	83.09698486328125	1.7760772705078125	599.5615234375	409.64202880859375
