"score"	"label"	"x0"	"y0"	"x1"	"y1"
0.3833808600902557	"woman"	252.87550354003903	105.82040405273438	279.5611267089844	178.21759033203125
