"score"	"label"	"x0"	"y0"	"x1"	"y1"
0.8684114813804626	"man"	114.16526794433594	296.3908386230469	152.12672424316406	397.3356018066406
