"score"	"label"	"x0"	"y0"	"x1"	"y1"
0.45780637860298157	"man"	340.1806945800781	371.9090576171875	444.4176940917969	527.5337524414062
0.42673826217651367	"woman"	278.904296875	392.6366882324219	352.25860595703125	484.4283752441406
0.29626110196113586	"man"	339.8089294433594	371.70361328125	444.8083801269531	597.9276123046875
