"score"	"label"	"x0"	"y0"	"x1"	"y1"
0.3761996328830719	"man"	527.5220336914062	206.9984130859375	539.5609741210938	230.84759521484375
0.31615376472473145	"woman"	528.1845092773438	207.43402099609375	539.1538696289062	230.5565185546875
