"score"	"label"	"x0"	"y0"	"x1"	"y1"
0.3425785303115845	"woman"	106.39903259277344	99.85623931884766	448.169189453125	330.1095275878906
