"score"	"label"	"x0"	"y0"	"x1"	"y1"
0.26155444979667664	"woman"	0.14154434204101562	281.12652587890625	63.186038970947266	538.7440185546875
