"score"	"label"	"x0"	"y0"	"x1"	"y1"
0.5671659111976624	"man"	0.3697795867919922	200.24449157714844	19.459692001342773	227.8357696533203
