"score"	"label"	"x0"	"y0"	"x1"	"y1"
0.548534095287323	"man"	14.8485107421875	48.7001953125	471.39007568359375	598.8438720703125
