"score"	"label"	"x0"	"y0"	"x1"	"y1"
0.40413784980773926	"man"	128.71231079101562	92.46835327148438	527.28857421875	314.9296875
0.25726643204689026	"woman"	128.79148864746094	92.66527557373047	527.0073852539062	314.8301696777344
