"score"	"label"	"x0"	"y0"	"x1"	"y1"
0.5616050958633423	"man"	170.1898651123047	81.25991821289062	426.6632080078125	595.8370361328125
0.4769096374511719	"woman"	4.703956604003906	127.3567352294922	257.9428405761719	590.1583251953125
