"score"	"label"	"x0"	"y0"	"x1"	"y1"
0.445805162191391	"man"	537.8287353515625	180.13247680664062	566.71728515625	243.31332397460938
0.3671989440917969	"woman"	539.032470703125	180.72991943359375	565.6982421875	243.0198974609375
