"score"	"label"	"x0"	"y0"	"x1"	"y1"
0.2777714133262634	"w o"	87.05217742919922	72.13618469238281	307.26251220703125	518.43701171875
0.25183117389678955	"w o"	87.0031967163086	72.28271484375	307.18292236328125	518.400390625
0.2582647204399109	"w o"	86.9435043334961	72.21562194824219	307.08056640625	518.2916870117188
