"score"	"label"	"x0"	"y0"	"x1"	"y1"
0.3421873152256012	"woman"	246.25851440429688	293.71649169921875	272.7693176269531	344.37847900390625
0.2543855905532837	"woman"	198.94647216796875	289.0264587402344	222.26373291015625	346.2079162597656
