"score"	"label"	"x0"	"y0"	"x1"	"y1"
0.4325924217700958	"woman"	83.22480773925781	142.99295043945312	383.691650390625	487.6998596191406
0.3769374191761017	"man"	84.40211486816406	143.43287658691406	383.0927734375	487.81500244140625
