"score"	"label"	"x0"	"y0"	"x1"	"y1"
0.39770978689193726	"woman"	406.2478332519531	237.355224609375	447.2458190917969	286.337890625
0.3208571672439575	"man"	406.544189453125	237.5854949951172	447.1375732421875	286.4864807128906
