"score"	"label"	"x0"	"y0"	"x1"	"y1"
0.47138482332229614	"woman"	1.3167724609375	82.73995971679688	383.9764404296875	548.1131591796875
0.5114286541938782	"man"	1.2877960205078125	83.07733154296875	384.0283203125	548.3433227539062
