"score"	"label"	"x0"	"y0"	"x1"	"y1"
0.42746153473854065	"woman"	56.51194763183594	252.74154663085938	67.0369644165039	274.7171325683594
