"score"	"label"	"x0"	"y0"	"x1"	"y1"
0.46584537625312805	"woman"	188.9598388671875	105.70156860351562	230.90301513671875	157.50308227539062
