"score"	"label"	"x0"	"y0"	"x1"	"y1"
0.2542252540588379	"woman"	270.4187927246094	334.73724365234375	278.9111633300781	353.17205810546875
