"score"	"label"	"x0"	"y0"	"x1"	"y1"
0.27090293169021606	"a"	179.98629760742188	225.8206024169922	390.9886169433594	309.3231201171875
