"score"	"label"	"x0"	"y0"	"x1"	"y1"
0.9017534255981445	"man"	236.77139282226562	177.67909240722656	335.8399353027344	362.8377685546875
0.5298129916191101	"man"	193.50308227539062	184.16268920898438	256.4380798339844	340.1187438964844
