score	label	x0	y0	x1	y1
0.5338161587715149	man	218.59228515625	14.838226318359377	322.2958984375	485.0022277832031
0.4621915817260742	woman	115.43138885498048	33.85041809082031	247.09381103515625	476.76025390625
