"score"	"label"	"x0"	"y0"	"x1"	"y1"
0.5031585097312927	"woman"	383.7262573242187	175.82107543945312	444.00445556640625	352.5533752441406
0.316923975944519	"man"	502.4441528320313	179.51071166992188	569.9336547851562	361.8977966308594
