score	label	x0	y0	x1	y1
0.4738745093345642	woman	60.44257736206055	173.84149169921875	146.98304748535156	377.5382080078125
0.4455587565898895	man	215.89566040039065	190.00973510742188	332.1620788574219	378.0087585449219
