score	label	x0	y0	x1	y1
0.281059205532074	man	554.71484375	204.3382568359375	565.734619140625	235.31149291992188
0.2741836607456207	man	541.0728149414062	203.90109252929688	565.9164428710938	238.02999877929688
