"score"	"label"	"x0"	"y0"	"x1"	"y1"
0.31933075189590454	"woman"	330.82568359375	202.60533142089844	346.1029052734375	217.6697540283203
