"score"	"label"	"x0"	"y0"	"x1"	"y1"
0.6414875984191895	"man"	300.64324951171875	193.82571411132812	342.4893798828125	302.36322021484375
0.29228153824806213	"woman"	301.1408386230469	194.45106506347656	342.1665954589844	301.9659118652344
