"score"	"label"	"x0"	"y0"	"x1"	"y1"
0.678791880607605	"man"	80.36529541015625	132.93626403808594	163.2953338623047	481.846435546875
0.5103990435600281	"man"	181.0078125	129.94882202148438	326.0514221191406	412.5209655761719
