score	label	x0	y0	x1	y1
0.3948059678077698	man	214.55599975585935	43.91426086425781	448.6255187988281	493.06890869140625
0.3541992604732513	woman	1.448974609375	116.38409423828124	296.9634704589844	555.3988037109375
