"score"	"label"	"x0"	"y0"	"x1"	"y1"
0.4904167056083679	"man"	143.75340270996094	239.18267822265625	168.4180450439453	289.3812255859375
0.46031734347343445	"woman"	143.70367431640625	239.10940551757812	168.44186401367188	289.3295593261719
0.35530567169189453	"woman"	143.75674438476562	239.16062927246094	168.48953247070312	289.2420654296875
