"score"	"label"	"x0"	"y0"	"x1"	"y1"
0.6288221478462219	"man"	109.20291900634766	17.81256103515625	284.9905700683594	542.2894287109375
0.39889395236968994	"woman"	109.52345275878906	18.288238525390625	284.80096435546875	542.4757080078125
