"score"	"label"	"x0"	"y0"	"x1"	"y1"
0.5576309561729431	"woman"	19.361228942871094	261.79736328125	169.53143310546875	547.3673706054688
0.6901273131370544	"man"	120.98098754882812	224.0943603515625	287.1795959472656	547.0333862304688
