"score"	"label"	"x0"	"y0"	"x1"	"y1"
0.25994908809661865	"man"	161.51951599121094	49.96985626220703	177.67332458496094	71.04443359375
0.3428497016429901	"man"	9.150688171386719	40.34615707397461	240.54806518554688	114.10887145996094
0.28620603680610657	"man"	8.939002990722656	26.328479766845703	240.76556396484375	114.69181823730469
