"score"	"label"	"x0"	"y0"	"x1"	"y1"
0.3908231258392334	"man"	0.0155191421508789	151.54776000976562	29.532718658447266	329.24237060546875
