"score"	"label"	"x0"	"y0"	"x1"	"y1"
0.29843810200691223	"woman"	10.7044677734375	180.6285400390625	597.5606689453125	344.09906005859375
0.3460521399974823	"man"	10.74298095703125	180.61309814453125	597.5499877929688	343.60601806640625
0.3068217635154724	"woman"	10.249710083007812	222.20346069335938	53.726097106933594	334.0834045410156
0.29010897874832153	"man"	10.243549346923828	222.21224975585938	53.77336502075195	334.0186462402344
0.26148876547813416	"man"	562.3953857421875	218.47659301757812	598.0277099609375	334.7454528808594
