"score"	"label"	"x0"	"y0"	"x1"	"y1"
0.256334513425827	"man"	270.7408447265625	229.06939697265625	279.29827880859375	240.8428955078125
0.2848967909812927	"man"	68.680419921875	0.917022705078125	459.4957275390625	271.96221923828125
