"score"	"label"	"x0"	"y0"	"x1"	"y1"
0.29341188073158264	"man"	164.14321899414062	140.47024536132812	263.4325256347656	253.79888916015625
