"score"	"label"	"x0"	"y0"	"x1"	"y1"
0.28644418716430664	"m a n"	79.99520111083984	20.633132934570312	184.915771484375	350.58355712890625
