"score"	"label"	"x0"	"y0"	"x1"	"y1"
0.4835798740386963	"man"	199.06117248535156	249.47006225585938	232.7134552001953	324.5942077636719
0.2806370258331299	"man"	381.5043029785156	302.88922119140625	420.3722229003906	449.95623779296875
0.2578248977661133	"man"	347.587646484375	305.9678955078125	380.5709228515625	392.5675048828125
0.2664852738380432	"man"	125.21045684814453	287.61029052734375	133.22560119628906	312.5743408203125
