"score"	"label"	"x0"	"y0"	"x1"	"y1"
0.250623494386673	"man"	314.36602783203125	271.19244384765625	323.91754150390625	286.62457275390625
