"score"	"label"	"x0"	"y0"	"x1"	"y1"
0.32508164644241333	"m ; a ; n"	374.5201110839844	96.58883666992188	584.4378662109375	409.311279296875
