score	label	x0	y0	x1	y1
0.3458011150360107	woman	529.6961669921875	195.67153930664065	566.5235595703125	284.4698181152344
