"score"	"label"	"x0"	"y0"	"x1"	"y1"
0.273505836725235	"w"	1.87451171875	118.1963882446289	578.640625	366.1786804199219
0.26563242077827454	"w"	1.12078857421875	118.79444885253906	578.5722045898438	366.322998046875
