"score"	"label"	"x0"	"y0"	"x1"	"y1"
0.6355505585670471	"man"	87.85704040527344	65.38568115234375	292.5089111328125	536.345703125
