score	label	x0	y0	x1	y1
0.4021187126636505	man	51.86524963378906	45.983795166015625	420.0067138671875	594.574951171875
