"score"	"label"	"x0"	"y0"	"x1"	"y1"
0.5322144627571106	"woman"	19.34881591796875	51.34539794921875	293.71929931640625	549.7322387695312
0.27131810784339905	"man"	19.80731201171875	51.921844482421875	292.5628967285156	550.0528564453125
