"score"	"label"	"x0"	"y0"	"x1"	"y1"
0.309489369392395	"m a"	165.89060974121094	98.73359680175781	364.38543701171875	195.6796112060547
