score	label	x0	y0	x1	y1
0.4371780753135681	woman	0.2232513427734375	87.89312744140625	311.5758056640625	549.7177124023438
