"score"	"label"	"x0"	"y0"	"x1"	"y1"
0.389120489358902	"man"	388.50518798828125	185.49932861328125	402.8231201171875	220.77328491210938
0.4167695641517639	"man"	374.9010009765625	181.75115966796875	389.59320068359375	219.98284912109375
0.25333407521247864	"man"	374.64788818359375	181.18081665039062	403.01190185546875	221.068359375
0.2533521354198456	"woman"	375.0118408203125	181.9189910888672	389.3726806640625	219.93931579589844
0.2792294919490814	"woman"	388.5918273925781	185.89382934570312	402.6918029785156	220.62393188476562
