score	label	x0	y0	x1	y1
0.4765668511390686	woman	330.3553466796875	176.3311004638672	361.33099365234375	264.6756591796875
