"score"	"label"	"x0"	"y0"	"x1"	"y1"
0.7183283567428589	"woman"	-0.032024383544921875	189.2066192626953	17.83143424987793	270.1319274902344
