"score"	"label"	"x0"	"y0"	"x1"	"y1"
0.3433055579662323	"man"	185.63381958007812	243.41336059570312	198.11993408203125	274.6319274902344
0.34651482105255127	"man"	100.19622039794922	245.62193298339844	114.26824188232422	281.1636962890625
0.31328660249710083	"man"	284.00054931640625	242.74307250976562	296.7972412109375	276.9826965332031
0.30988141894340515	"man"	293.2613525390625	240.4655303955078	306.76531982421875	276.82586669921875
