"score"	"label"	"x0"	"y0"	"x1"	"y1"
0.2522730529308319	"man"	282.9334411621094	0.13409423828125	344.3215026855469	55.462833404541016
