score	label	x0	y0	x1	y1
0.4775178730487823	woman	340.07684326171875	196.21153259277344	359.9178466796875	260.15594482421875
0.2839203476905823	woman	319.51904296875	196.85006713867188	338.60162353515625	254.94000244140625
0.2697073221206665	man	296.8982238769531	182.94940185546875	319.4261779785156	214.1210021972656
