score	label	x0	y0	x1	y1
0.5548033118247986	man	454.1453247070313	237.6661071777344	481.26702880859375	289.0093688964844
