score	label	x0	y0	x1	y1
0.4705103039741516	woman	132.37408447265625	472.6889953613281	146.627685546875	500.2143249511719
