"score"	"label"	"x0"	"y0"	"x1"	"y1"
0.6821328401565552	"woman"	374.5627136230469	143.12615966796875	444.9283142089844	261.1550598144531
0.5274409651756287	"woman"	108.78197479248047	149.16683959960938	191.93392944335938	222.4915771484375
