"score"	"label"	"x0"	"y0"	"x1"	"y1"
0.7785351276397705	"woman"	1.9506988525390625	72.07658386230469	265.59490966796875	374.5316162109375
0.5489984154701233	"woman"	231.34481811523438	45.805908203125	499.3981628417969	374.4260559082031
