"score"	"label"	"x0"	"y0"	"x1"	"y1"
0.33203211426734924	"m ; a ; n"	29.093353271484375	12.620498657226562	566.629638671875	428.446533203125
