"score"	"label"	"x0"	"y0"	"x1"	"y1"
0.31254908442497253	"woman"	92.50634002685547	406.16912841796875	107.52367401123047	443.34869384765625
0.32958105206489563	"woman"	84.8123550415039	405.800537109375	94.89281463623047	443.88873291015625
0.3605819642543793	"woman"	54.828407287597656	407.086669921875	69.84626007080078	442.53399658203125
0.25652071833610535	"woman"	103.79647064208984	406.97528076171875	114.63224029541016	438.3848876953125
