"score"	"label"	"x0"	"y0"	"x1"	"y1"
0.4169565141201019	"woman"	16.51019287109375	255.46595764160156	52.341041564941406	341.73724365234375
0.2693954408168793	"woman"	8.838546752929688	249.6435546875	62.66984558105469	346.33056640625
0.2589305937290191	"woman"	103.69837188720705	243.6517791748047	116.83548736572266	269.3406677246094
