"score"	"label"	"x0"	"y0"	"x1"	"y1"
0.3035078644752502	"woman"	56.49842071533203	330.1230773925781	100.3875961303711	404.7334289550781
