score	label	x0	y0	x1	y1
0.4581086933612823	man	0.8297309875488281	43.08453369140625	72.38381958007812	336.20501708984375
0.3377602398395538	woman	62.7623291015625	139.63912963867188	598.1749267578125	405.1750183105469
0.2918853163719177	woman	137.99583435058594	279.7237854003906	179.0279998779297	345.5935974121094
