"score"	"label"	"x0"	"y0"	"x1"	"y1"
0.2515770494937897	"a"	74.39078521728516	123.20999908447266	124.35948944091797	164.06796264648438
0.26490548253059387	"a ;"	80.49615478515625	180.94644165039062	438.14227294921875	308.6104431152344
