"score"	"label"	"x0"	"y0"	"x1"	"y1"
0.30097708106040955	"man"	484.2959899902344	269.067138671875	562.8449096679688	367.20709228515625
