"score"	"label"	"x0"	"y0"	"x1"	"y1"
0.5880691409111023	"woman"	37.50892639160156	67.04904174804688	462.6199951171875	504.0302429199219
0.5197026133537292	"man"	37.466064453125	67.11906433105469	462.5333251953125	504.17755126953125
0.33313632011413574	"woman"	37.3780517578125	67.01783752441406	462.688232421875	504.37451171875
