"score"	"label"	"x0"	"y0"	"x1"	"y1"
0.5354142189025879	"woman"	19.916183471679688	92.06779479980469	425.15032958984375	596.0886840820312
0.36069947481155396	"man"	20.050308227539062	92.69966125488281	425.48394775390625	596.7053833007812
