"score"	"label"	"x0"	"y0"	"x1"	"y1"
0.3066970705986023	"m a"	536.5473022460938	0.0652780532836914	584.4590454101562	18.698699951171875
