"score"	"label"	"x0"	"y0"	"x1"	"y1"
0.3465045690536499	"man"	289.43963623046875	278.4964904785156	300.05950927734375	300.4358825683594
0.3149912655353546	"man"	266.7488708496094	278.55694580078125	279.8995666503906	301.064208984375
0.2962457239627838	"man"	346.1086120605469	279.0942687988281	356.4423522949219	299.8576354980469
