"score"	"label"	"x0"	"y0"	"x1"	"y1"
0.27006927132606506	"w"	108.87074279785156	68.1236572265625	268.94854736328125	516.1658935546875
