"score"	"label"	"x0"	"y0"	"x1"	"y1"
0.357321947813034	"man"	356.49896240234375	245.40554809570312	388.281005859375	278.6069030761719
