"score"	"label"	"x0"	"y0"	"x1"	"y1"
0.3147692382335663	"man"	3.8660430908203125	110.95451354980469	499.21978759765625	250.28675842285156
