"score"	"label"	"x0"	"y0"	"x1"	"y1"
0.28671854734420776	"w"	0.3888092041015625	69.6468505859375	334.45220947265625	548.416748046875
0.27543556690216064	"w o"	0.3274383544921875	70.07308959960938	334.51739501953125	548.5167236328125
