"score"	"label"	"x0"	"y0"	"x1"	"y1"
0.4041378498077392	"man"	128.71231079101562	92.46835327148438	527.28857421875	314.9296875
