"score"	"label"	"x0"	"y0"	"x1"	"y1"
0.39127567410469055	"m ; a ; n"	1.0240631103515625	52.380126953125	392.515380859375	599.1661376953125
