"score"	"label"	"x0"	"y0"	"x1"	"y1"
0.3446609079837799	"woman"	260.8125915527344	98.79437255859375	269.9782409667969	116.37631225585938
