"score"	"label"	"x0"	"y0"	"x1"	"y1"
0.3034563362598419	"m ; a ; n"	91.29508209228516	192.1475067138672	222.85031127929688	515.462646484375
