"score"	"label"	"x0"	"y0"	"x1"	"y1"
0.3307435214519501	"man"	506.46685791015625	227.0059051513672	516.3606567382812	249.4487762451172
0.33628615736961365	"man"	496.2351379394531	225.56005859375	506.8288269042969	249.86968994140625
