score	label	x0	y0	x1	y1
0.6549190282821655	woman	109.16585540771484	53.968414306640625	297.0401306152344	493.1205139160156
