score	label	x0	y0	x1	y1
0.4606195986270904	man	162.4181365966797	253.12203979492188	196.9729766845703	348.6800231933594
0.2570550739765167	man	205.27247619628903	260.2651672363281	226.8929901123047	327.8226623535156
