"score"	"label"	"x0"	"y0"	"x1"	"y1"
0.4972263276576996	"man"	133.51300048828125	473.382568359375	145.52993774414062	499.6873779296875
