"score"	"label"	"x0"	"y0"	"x1"	"y1"
0.603746235370636	"woman"	11.235237121582031	214.7028045654297	30.04440689086914	239.0382843017578
