"score"	"label"	"x0"	"y0"	"x1"	"y1"
0.29039520025253296	"woman"	376.3084411621094	353.7310485839844	391.4380798339844	375.3957824707031
0.2841532826423645	"woman"	391.7981872558594	359.8055419921875	408.9660339355469	377.57421875
0.31041812896728516	"man"	415.75518798828125	351.2607421875	435.313232421875	377.33258056640625
0.2570756673812866	"man"	321.55035400390625	349.2102966308594	339.63055419921875	372.1101379394531
