"score"	"label"	"x0"	"y0"	"x1"	"y1"
0.35369443893432617	"man"	325.94049072265625	165.2400360107422	344.087646484375	184.0019073486328
0.25718557834625244	"woman"	326.49176025390625	165.67710876464844	344.06494140625	183.63951110839844
