"score"	"label"	"x0"	"y0"	"x1"	"y1"
0.28114640712738037	"m a ;"	44.783660888671875	51.76947021484375	555.505615234375	336.9447937011719
