"score"	"label"	"x0"	"y0"	"x1"	"y1"
0.29921287298202515	"woman"	510.4468078613281	167.36134338378906	527.333251953125	183.98597717285156
0.28784504532814026	"man"	510.6387939453125	167.51953125	527.269287109375	183.81192016601562
