"score"	"label"	"x0"	"y0"	"x1"	"y1"
0.682887613773346	"woman"	210.9776611328125	33.830230712890625	303.0263671875	339.7576599121094
