"score"	"label"	"x0"	"y0"	"x1"	"y1"
0.32634371519088745	"man"	520.0361938476562	280.7765197753906	552.4214477539062	316.0838317871094
0.3097047507762909	"man"	538.472412109375	285.98394775390625	551.66259765625	315.870361328125
0.2736791968345642	"man"	520.9826049804688	281.74053955078125	532.7622680664062	311.69024658203125
0.28750133514404297	"woman"	538.7759399414062	286.2370300292969	551.4324340820312	315.7742614746094
