"score"	"label"	"x0"	"y0"	"x1"	"y1"
0.3150552809238434	"woman"	59.83464431762695	271.02410888671875	73.76852416992188	303.25494384765625
0.3058229386806488	"man"	60.29018783569336	271.38470458984375	73.36245727539062	303.03887939453125
0.2789325416088104	"woman"	116.11116790771484	265.14471435546875	128.73001098632812	292.85552978515625
0.25758442282676697	"woman"	56.555335998535156	268.51324462890625	77.69194793701172	306.6156005859375
