"score"	"label"	"x0"	"y0"	"x1"	"y1"
0.43009063601493835	"woman"	149.9292755126953	257.5019836425781	172.9829559326172	321.5434875488281
0.36198991537094116	"man"	150.7047119140625	258.0121154785156	172.60391235351562	321.4430847167969
0.31456851959228516	"woman"	142.82366943359375	253.6127166748047	181.92373657226562	324.1053161621094
