"score"	"label"	"x0"	"y0"	"x1"	"y1"
0.5607284307479858	"man"	0.4082794189453125	104.5047607421875	379.3865966796875	549.9564819335938
