"score"	"label"	"x0"	"y0"	"x1"	"y1"
0.8563988208770752	"woman"	71.91812896728516	51.64984130859375	279.63702392578125	563.1612548828125
