"score"	"label"	"x0"	"y0"	"x1"	"y1"
0.5157390832901001	"woman"	143.17828369140625	61.93170166015625	427.71600341796875	572.2750854492188
