"score"	"label"	"x0"	"y0"	"x1"	"y1"
0.3321774005889892	"woman"	409.01959228515625	176.287109375	424.7611083984375	197.48492431640625
