"score"	"label"	"x0"	"y0"	"x1"	"y1"
0.26378974318504333	"woman"	379.94097900390625	214.0402374267578	434.00152587890625	282.7196044921875
