score	label	x0	y0	x1	y1
0.3337198197841644	man	244.1247100830078	183.5740203857422	367.3375854492187	298.6746826171875
