"score"	"label"	"x0"	"y0"	"x1"	"y1"
0.40697628259658813	"woman"	326.037841796875	64.07740783691406	420.16693115234375	311.1839599609375
0.344326913356781	"woman"	324.3704528808594	19.126693725585938	421.8377380371094	313.17840576171875
0.26641520857810974	"man"	326.8756408691406	65.385498046875	419.6710510253906	310.8924560546875
