"score"	"label"	"x0"	"y0"	"x1"	"y1"
0.4710548520088196	"man"	83.97001647949219	143.18991088867188	383.12371826171875	487.6291809082031
