"score"	"label"	"x0"	"y0"	"x1"	"y1"
0.5473341941833496	"man"	131.2981414794922	253.73751831054688	147.28440856933594	288.9706115722656
0.46977418661117554	"man"	94.51238250732422	250.57188415527344	109.99913787841797	295.1112365722656
