score	label	x0	y0	x1	y1
0.2696958482265472	man	174.2556915283203	158.25477600097656	458.1730346679687	599.7769775390625
