"score"	"label"	"x0"	"y0"	"x1"	"y1"
0.2517367899417877	"m"	210.84495544433594	99.38553619384766	283.0833740234375	218.2125244140625
