"score"	"label"	"x0"	"y0"	"x1"	"y1"
0.40263667702674866	"man"	277.0279235839844	310.34228515625	291.2762756347656	353.61724853515625
0.438728392124176	"man"	235.479248046875	306.39849853515625	248.343505859375	350.279541015625
0.28307464718818665	"man"	324.9776916503906	303.80609130859375	334.7522277832031	335.0587158203125
