"score"	"label"	"x0"	"y0"	"x1"	"y1"
0.5074374079704285	"man"	84.83924102783203	426.19537353515625	96.25601959228516	463.6751708984375
0.3600206971168518	"man"	103.4754867553711	427.79656982421875	113.26534271240234	463.44677734375
