"score"	"label"	"x0"	"y0"	"x1"	"y1"
0.2518143355846405	"a"	155.2599639892578	161.30520629882812	506.4749755859375	288.2947998046875
