"score"	"label"	"x0"	"y0"	"x1"	"y1"
0.2542789578437805	"woman"	118.99424743652344	354.760009765625	255.8504180908203	553.4122314453125
0.29709920287132263	"man"	118.9852066040039	354.70159912109375	255.5863037109375	553.7922973632812
0.27288326621055603	"woman"	250.12979125976562	350.48333740234375	280.0248718261719	403.77960205078125
