"score"	"label"	"x0"	"y0"	"x1"	"y1"
0.5869590044021606	"woman"	32.39814758300781	30.06854248046875	244.9882354736328	586.882568359375
0.26005497574806213	"man"	32.48527526855469	30.216064453125	244.45655822753906	587.3836669921875
