"score"	"label"	"x0"	"y0"	"x1"	"y1"
0.46537744998931885	"woman"	343.9359130859375	229.37428283691406	449.34765625	367.9837646484375
0.39918431639671326	"woman"	205.7388916015625	190.35342407226562	286.49176025390625	353.5585632324219
0.42945557832717896	"woman"	59.76266098022461	92.91227722167969	136.45449829101562	365.894775390625
0.37528958916664124	"woman"	283.6836242675781	175.1595458984375	356.9317321777344	359.04229736328125
0.3964413106441498	"woman"	130.6676025390625	119.41842651367188	189.07781982421875	305.57684326171875
0.3352131247520447	"woman"	126.8091049194336	241.4123077392578	225.79751586914062	366.31597900390625
0.3244864344596863	"woman"	168.4520263671875	104.16896057128906	231.27951049804688	293.461181640625
0.34994247555732727	"woman"	283.2243347167969	130.5041961669922	345.1882019042969	227.57347106933594
0.3557896614074707	"woman"	418.0113220214844	130.11134338378906	488.7467956542969	353.96893310546875
0.3502790033817291	"woman"	225.40167236328125	126.35467529296875	275.62164306640625	216.01480102539062
0.30580928921699524	"woman"	334.6239929199219	120.08775329589844	411.4613342285156	276.60345458984375
0.2860139012336731	"woman"	78.17039489746094	238.63693237304688	130.3166961669922	371.0539855957031
0.26008036732673645	"woman"	169.53993225097656	105.34962463378906	230.95249938964844	258.76654052734375
