score	label	x0	y0	x1	y1
0.5131612420082092	man	98.0235595703125	238.03518676757812	232.96585083007812	471.2450256347656
0.3050793409347534	woman	73.93287658691406	290.39111328125	112.35726928710938	428.5842895507813
