"score"	"label"	"x0"	"y0"	"x1"	"y1"
0.32596179842948914	"m ; a ;"	19.160324096679688	52.58183288574219	337.48681640625	171.0252227783203
