"score"	"label"	"x0"	"y0"	"x1"	"y1"
0.2830682396888733	"m"	1.555084228515625	150.47540283203125	375.4141540527344	446.70281982421875
