"score"	"label"	"x0"	"y0"	"x1"	"y1"
0.8063605427742004	"woman"	1.0310211181640625	33.478729248046875	400.8050537109375	598.1802978515625
