"score"	"label"	"x0"	"y0"	"x1"	"y1"
0.3386317789554596	"woman"	280.6094055175781	231.02151489257812	300.6106872558594	275.22235107421875
0.36969348788261414	"man"	280.6098327636719	231.30120849609375	300.2742004394531	274.8685607910156
0.2522630989551544	"man"	279.24249267578125	227.35214233398438	302.11395263671875	275.3330078125
