"score"	"label"	"x0"	"y0"	"x1"	"y1"
0.809263288974762	"man"	419.7959899902344	50.790069580078125	521.0315551757812	374.27862548828125
0.7164798378944397	"man"	102.07756042480469	80.95121765136719	198.5741729736328	361.6614990234375
0.6764870285987854	"man"	208.55979919433594	79.0692138671875	294.0794982910156	344.1590576171875
