score	label	x0	y0	x1	y1
0.2801536023616791	woman	21.209081649780273	191.6034393310547	41.14562225341797	234.9753570556641
0.2752240002155304	woman	0.0074987411499023	186.22764587402344	14.4983549118042	262.3541259765625
0.258177250623703	woman	19.265092849731445	191.44223022460935	41.69081115722656	258.4624938964844
0.250139981508255	woman	-0.0467739105224609	185.93426513671875	41.40348815917969	261.0972900390625
