"score"	"label"	"x0"	"y0"	"x1"	"y1"
0.25437790155410767	"man"	515.8094482421875	231.88296508789062	531.59716796875	257.4102478027344
