"score"	"label"	"x0"	"y0"	"x1"	"y1"
0.4371780753135681	"woman"	0.2232513427734375	87.89312744140625	311.5758056640625	549.7177124023438
0.3834216296672821	"man"	0.1090545654296875	88.68939208984375	309.961669921875	550.000732421875
