"score"	"label"	"x0"	"y0"	"x1"	"y1"
0.47602081298828125	"man"	7.89385986328125	121.6806640625	86.17706298828125	348.1750183105469
0.35182079672813416	"man"	194.11585998535156	119.57000732421875	255.13209533691406	363.12322998046875
0.2740907371044159	"man"	70.57524108886719	130.72256469726562	142.19813537597656	331.66741943359375
0.3485170006752014	"woman"	551.0454711914062	151.0697784423828	588.8374633789062	261.3887023925781
0.26779282093048096	"woman"	193.78453063964844	121.28433990478516	254.65235900878906	363.3863525390625
