score	label	x0	y0	x1	y1
0.4315739870071411	man	73.09242248535156	7.778472900390625	553.247802734375	369.7192687988281
