"score"	"label"	"x0"	"y0"	"x1"	"y1"
0.3381449580192566	"m ; a ; n"	99.35980224609375	22.923439025878906	494.4500732421875	258.4517822265625
