"score"	"label"	"x0"	"y0"	"x1"	"y1"
0.3671259582042694	"man"	502.9922790527344	335.2171325683594	557.2356567382812	396.0538024902344
