score	label	x0	y0	x1	y1
0.2744114398956299	man	35.864227294921875	91.47023010253906	580.405517578125	294.51129150390625
0.2673552930355072	woman	468.7206115722656	169.51223754882812	529.8212280273438	292.4286193847656
