"score"	"label"	"x0"	"y0"	"x1"	"y1"
0.26886770129203796	"a"	234.42343139648438	54.99419403076172	488.4260559082031	236.38214111328125
