"score"	"label"	"x0"	"y0"	"x1"	"y1"
0.6378817558288574	"man"	226.5169677734375	95.08297729492188	372.07196044921875	402.26806640625
0.5360669493675232	"woman"	348.5788879394531	109.90663146972656	460.1587219238281	402.5826416015625
