"score"	"label"	"x0"	"y0"	"x1"	"y1"
0.4421898126602173	"man"	533.8607177734375	109.81798553466797	550.166259765625	135.595458984375
0.3450748026371002	"man"	571.54736328125	113.30110168457031	582.893310546875	131.17611694335938
