"score"	"label"	"x0"	"y0"	"x1"	"y1"
0.3766126334667206	"man"	66.88125610351562	29.234237670898438	273.8717956542969	402.7452392578125
0.27932268381118774	"man"	5.2318572998046875	28.207168579101562	276.79864501953125	402.8065185546875
0.28463122248649597	"woman"	67.57239532470703	29.449569702148438	273.7587585449219	402.88836669921875
