"score"	"label"	"x0"	"y0"	"x1"	"y1"
0.34870216250419617	"woman man"	132.8531951904297	90.53240966796875	230.4502410888672	359.3457336425781
0.29381972551345825	"woman"	409.3780517578125	112.71218872070312	483.182861328125	347.6391296386719
0.32873016595840454	"woman"	284.67352294921875	101.86236572265625	366.80633544921875	361.64599609375
