score	label	x0	y0	x1	y1
0.2866928279399872	woman	536.005126953125	0.0551214218139648	584.77197265625	18.593101501464844
