"score"	"label"	"x0"	"y0"	"x1"	"y1"
0.6525405049324036	"woman"	64.77169799804688	74.05311584472656	294.3199768066406	546.8251953125
