"score"	"label"	"x0"	"y0"	"x1"	"y1"
0.31802603602409363	"man"	57.53382873535156	0.8462982177734375	477.32928466796875	342.27166748046875
0.27829018235206604	"man"	137.91058349609375	0.8380279541015625	468.8687744140625	341.48675537109375
