score	label	x0	y0	x1	y1
0.4408761262893677	woman	413.7366943359375	271.4349365234375	438.45953369140625	328.3975830078125
0.4237751066684723	man	391.80133056640625	272.5014343261719	415.5647583007813	327.8180236816406
0.3032435774803161	woman	390.3109130859375	269.93670654296875	439.4423828125	329.21881103515625
