"score"	"label"	"x0"	"y0"	"x1"	"y1"
0.28376805782318115	"man"	14.408294677734375	5.9785308837890625	593.1790771484375	387.59185791015625
