"score"	"label"	"x0"	"y0"	"x1"	"y1"
0.2657950818538666	"a"	98.25727081298828	68.03648376464844	286.8092346191406	269.6285400390625
