"score"	"label"	"x0"	"y0"	"x1"	"y1"
0.2744776308536529	"woman"	212.0984649658203	188.9991149902344	224.75975036621097	209.5211181640625
