"score"	"label"	"x0"	"y0"	"x1"	"y1"
0.27799683809280396	"w"	8.360855102539062	75.85037231445312	421.60406494140625	597.6212158203125
0.2767009735107422	"w"	8.459762573242188	76.07989501953125	421.520263671875	597.4968872070312
