"score"	"label"	"x0"	"y0"	"x1"	"y1"
0.496582955121994	"woman"	181.05154418945312	207.40377807617188	383.0033874511719	598.0281982421875
0.38556209206581116	"man"	176.13031005859375	206.5604248046875	383.15386962890625	598.0419921875
