"score"	"label"	"x0"	"y0"	"x1"	"y1"
0.367101788520813	"m"	105.39486694335938	75.82087707519531	233.09384155273438	531.801513671875
0.2696710526943207	"a"	105.41926574707031	75.77943420410156	233.0892791748047	531.4296264648438
