"score"	"label"	"x0"	"y0"	"x1"	"y1"
0.41784435510635376	"woman"	90.11517333984375	144.769775390625	159.24241638183594	287.1098937988281
0.43614858388900757	"man"	166.69789123535156	140.58518981933594	280.63458251953125	275.5985107421875
0.3351646959781647	"woman"	20.439754486083984	138.61170959472656	132.01597595214844	363.96466064453125
