"score"	"label"	"x0"	"y0"	"x1"	"y1"
0.29304659366607666	"woman"	125.96648406982422	311.3466491699219	139.54481506347656	341.7987365722656
0.3535894751548767	"woman"	139.72998046875	314.2808837890625	153.329345703125	339.73199462890625
0.2869701385498047	"man"	126.31385803222656	311.5416564941406	139.4167938232422	341.5747985839844
