"score"	"label"	"x0"	"y0"	"x1"	"y1"
0.2536254823207855	"woman"	475.0115051269531	206.02911376953125	569.35400390625	280.7647399902344
