"score"	"label"	"x0"	"y0"	"x1"	"y1"
0.5354142189025879	"woman"	19.916183471679688	92.06779479980467	425.15032958984375	596.0886840820312
