"score"	"label"	"x0"	"y0"	"x1"	"y1"
0.25506776571273804	"woman"	223.2284698486328	276.4889831542969	231.25071716308594	293.2983093261719
0.28546780347824097	"woman"	282.4638671875	232.39862060546875	299.0003662109375	273.56256103515625
0.26161646842956543	"woman"	20.579679489135742	104.66604614257812	28.681028366088867	115.89768981933594
