"score"	"label"	"x0"	"y0"	"x1"	"y1"
0.3336540758609772	"woman"	271.8446350097656	196.8885498046875	398.7821350097656	393.10125732421875
0.26641857624053955	"man"	290.2009582519531	197.42967224121094	538.1982421875	394.63201904296875
