score	label	x0	y0	x1	y1
0.3987513184547424	woman	356.1612854003906	244.9993438720703	388.5165100097656	278.8057861328125
