"score"	"label"	"x0"	"y0"	"x1"	"y1"
0.5474705100059509	"woman"	93.5735092163086	180.83657836914062	176.61041259765625	435.7146911621094
0.4860042333602905	"woman"	162.95310974121094	186.85264587402344	248.5363311767578	437.08367919921875
0.2979441285133362	"woman"	235.76065063476562	177.7984619140625	317.9706726074219	444.34307861328125
0.43689054250717163	"man"	235.84153747558594	178.03799438476562	318.0107421875	444.2962951660156
0.25650256872177124	"woman"	93.70021057128906	181.02926635742188	176.2235565185547	435.5625305175781
