"score"	"label"	"x0"	"y0"	"x1"	"y1"
0.3349202573299408	"woman"	0.19132232666015625	181.55226135253906	14.155288696289062	273.5574035644531
0.28817296028137207	"man"	0.2309403419494629	181.94837951660156	13.756534576416016	273.1553039550781
