"score"	"label"	"x0"	"y0"	"x1"	"y1"
0.3662302494049072	"m ; a ; n"	1.614288330078125	32.942047119140625	400.5032653808594	597.7808837890625
