"score"	"label"	"x0"	"y0"	"x1"	"y1"
0.9083058834075928	"woman"	137.34344482421875	58.44964599609375	305.0508117675781	582.9435424804688
