"score"	"label"	"x0"	"y0"	"x1"	"y1"
0.3458186089992523	"woman"	291.278076171875	178.6799774169922	358.7933349609375	346.298828125
0.4241708517074585	"woman"	157.52757263183594	188.3481903076172	216.40943908691406	317.78582763671875
0.3174572288990021	"man"	291.7880859375	179.3685302734375	357.90350341796875	345.79681396484375
0.294312983751297	"man"	158.4347381591797	189.0904541015625	215.3321990966797	317.3848571777344
