score	label	x0	y0	x1	y1
0.3355587720870971	man	250.6385803222656	128.95094299316406	288.5771789550781	179.94862365722656
