"score"	"label"	"x0"	"y0"	"x1"	"y1"
0.48417362570762634	"man"	46.52174377441406	136.23721313476562	385.89605712890625	586.7100830078125
0.4693075716495514	"woman"	45.97235107421875	135.4626007080078	386.3126525878906	587.4203491210938
