"score"	"label"	"x0"	"y0"	"x1"	"y1"
0.3060247302055359	"woman"	191.19552612304688	115.86162567138672	254.50411987304688	223.13876342773438
0.28270283341407776	"woman"	496.7469177246094	197.03103637695312	585.7955322265625	321.4251403808594
0.27661046385765076	"woman"	448.86846923828125	114.09544372558594	509.6165771484375	206.1361541748047
0.28781887888908386	"woman"	4.700172424316406	225.33071899414062	101.01313018798828	333.7137145996094
0.2719423770904541	"woman"	273.18096923828125	229.45423889160156	415.55615234375	325.3137512207031
0.3426721692085266	"woman"	1.220245361328125	107.71295166015625	583.7159423828125	330.5504455566406
