"score"	"label"	"x0"	"y0"	"x1"	"y1"
0.9242920279502869	"man"	0.5053863525390625	105.19999694824219	379.345703125	549.920654296875
