"score"	"label"	"x0"	"y0"	"x1"	"y1"
0.46942228078842163	"woman"	19.16655731201172	15.078277587890625	191.4700927734375	592.6370849609375
0.35376375913619995	"man"	19.83538055419922	15.294281005859375	190.6588134765625	592.7799072265625
