score	label	x0	y0	x1	y1
0.5710611939430237	man	16.084510803222656	25.523239135742188	220.13665771484375	267.45697021484375
0.3956595957279205	woman	152.39077758789062	149.17059326171875	251.472412109375	261.6933898925781
