"score"	"label"	"x0"	"y0"	"x1"	"y1"
0.9142771363258362	"man"	351.4635009765625	144.59719848632812	463.15692138671875	364.2315673828125
