"score"	"label"	"x0"	"y0"	"x1"	"y1"
0.6378076076507568	"woman"	9.644439697265625	89.47463989257812	583.836181640625	354.4759521484375
