"score"	"label"	"x0"	"y0"	"x1"	"y1"
0.31911471486091614	"woman"	587.95263671875	192.12039184570312	595.537841796875	205.39230346679688
0.26995527744293213	"man"	587.5332641601562	191.5168914794922	596.3206176757812	205.9009246826172
