"score"	"label"	"x0"	"y0"	"x1"	"y1"
0.276784211397171	"woman"	16.67413330078125	14.786468505859375	581.576904296875	370.6108703613281
