"score"	"label"	"x0"	"y0"	"x1"	"y1"
0.5366491079330444	"woman"	258.2233581542969	195.842529296875	329.9441833496094	405.6376953125
0.33224818110466003	"man"	462.5201416015625	196.04251098632812	561.3624877929688	413.0988464355469
0.2695896625518799	"man"	36.222713470458984	194.11593627929688	121.73367309570312	414.9576721191406
