"score"	"label"	"x0"	"y0"	"x1"	"y1"
0.5353551506996155	"man"	334.6114807128906	132.75421142578125	371.5622863769531	275.19757080078125
