"score"	"label"	"x0"	"y0"	"x1"	"y1"
0.31992635130882263	"man"	101.88785552978516	385.7322998046875	315.4043273925781	543.9403076171875
0.29564613103866577	"woman"	101.93550872802734	385.9265441894531	315.31915283203125	543.8729858398438
