"score"	"label"	"x0"	"y0"	"x1"	"y1"
0.47801855206489563	"woman"	390.43072509765625	108.03866577148438	464.50982666015625	242.71859741210938
0.2935938537120819	"woman"	467.92840576171875	103.1578369140625	529.997314453125	225.62545776367188
0.292166531085968	"woman"	204.0657501220703	154.9581756591797	342.76171875	406.60552978515625
