"score"	"label"	"x0"	"y0"	"x1"	"y1"
0.4643588960170746	"woman"	128.41854858398438	195.51004028320312	151.22134399414062	253.8534240722656
