"score"	"label"	"x0"	"y0"	"x1"	"y1"
0.6929304599761963	"woman"	377.06536865234375	167.81005859375	426.09283447265625	287.6607971191406
0.25231868028640747	"woman"	8.218161582946777	197.33473205566406	16.08681869506836	215.1774444580078
