score	label	x0	y0	x1	y1
0.412004679441452	man	112.23692321777344	122.7138900756836	176.18739318847656	251.2828063964844
0.3798613548278808	woman	170.56326293945312	135.404052734375	226.48822021484375	260.6326904296875
0.2833003401756286	woman	252.435791015625	193.88340759277344	323.85931396484375	273.2742919921875
