"score"	"label"	"x0"	"y0"	"x1"	"y1"
0.5135713219642639	"woman"	101.46415710449219	85.41282653808594	218.03431701660156	388.91229248046875
0.2761744260787964	"man"	12.840694427490234	90.18818664550781	107.61648559570312	377.35357666015625
0.27043747901916504	"man"	102.12071228027344	86.08454895019531	217.1072540283203	388.61151123046875
