"score"	"label"	"x0"	"y0"	"x1"	"y1"
0.2597367465496063	"man"	151.78150939941406	254.24368286132812	282.58831787109375	305.3639831542969
