score	label	x0	y0	x1	y1
0.494901031255722	man	194.05941772460935	256.86346435546875	329.7973327636719	551.6900634765625
0.4371280968189239	woman	361.883056640625	203.7424163818359	467.51373291015625	570.7228393554688
