"score"	"label"	"x0"	"y0"	"x1"	"y1"
0.6602975726127625	"man"	259.4847717285156	124.455810546875	350.0680847167969	403.6302490234375
0.35847505927085876	"man"	333.3505859375	107.79371643066406	433.88140869140625	300.69122314453125
