"score"	"label"	"x0"	"y0"	"x1"	"y1"
0.40289127826690674	"woman"	492.8170166015625	0.40216064453125	566.408935546875	599.0523071289062
0.2748246192932129	"woman"	0.3209037780761719	14.271377563476562	124.98750305175781	254.4604034423828
0.38262107968330383	"woman"	0.27555084228515625	14.396026611328125	127.00333404541016	597.8966064453125
