"score"	"label"	"x0"	"y0"	"x1"	"y1"
0.2513229250907898	"w"	313.311279296875	143.6123046875	423.8233642578125	339.09027099609375
