"score"	"label"	"x0"	"y0"	"x1"	"y1"
0.483002245426178	"man"	442.4962768554687	405.887451171875	459.14794921875	440.5778198242187
