"score"	"label"	"x0"	"y0"	"x1"	"y1"
0.35736387968063354	"m ; a ; n"	212.8700714111328	77.92219543457031	330.42578125	523.2149047851562
