"score"	"label"	"x0"	"y0"	"x1"	"y1"
0.378660649061203	"man"	92.2936553955078	404.9585266113281	108.62532043457033	443.0065002441406
0.2751037180423736	"man woman"	83.69991302490234	404.5662231445313	95.58312225341795	443.7742919921875
0.2715312540531158	"man"	83.724365234375	403.2704162597656	114.79425048828124	443.8554992675781
