"score"	"label"	"x0"	"y0"	"x1"	"y1"
0.9283726215362549	"woman"	2.697601318359375	65.30638122558594	354.67047119140625	549.171142578125
