"score"	"label"	"x0"	"y0"	"x1"	"y1"
0.35184744000434875	"m ; a ; n"	137.896728515625	58.58203125	306.3330383300781	582.7918090820312
