"score"	"label"	"x0"	"y0"	"x1"	"y1"
0.3864578306674957	"m"	0.1192779541015625	29.43182373046875	362.6390380859375	549.5353393554688
0.288988322019577	"a"	0.162506103515625	29.7742919921875	362.5315246582031	549.7913818359375
