"score"	"label"	"x0"	"y0"	"x1"	"y1"
0.2709789276123047	"man"	448.11065673828125	200.08798217773438	468.89599609375	245.85671997070312
