"score"	"label"	"x0"	"y0"	"x1"	"y1"
0.5829978585243225	"man"	95.00991821289062	133.663330078125	202.674072265625	364.40740966796875
0.2624906599521637	"woman"	95.55598449707031	134.45718383789062	202.22288513183594	364.8105163574219
