"score"	"label"	"x0"	"y0"	"x1"	"y1"
0.3948101997375488	"man"	24.9847412109375	163.89015197753906	110.16845703125	361.64404296875
0.3512885868549347	"woman"	284.7076110839844	246.43051147460935	391.0912780761719	389.2046203613281
