"score"	"label"	"x0"	"y0"	"x1"	"y1"
0.2885713577270508	"woman"	168.7327880859375	52.519569396972656	506.8463745117187	305.11279296875
