"score"	"label"	"x0"	"y0"	"x1"	"y1"
0.4067322909832001	"man"	328.40948486328125	383.95294189453125	355.535888671875	456.20166015625
0.39961934089660645	"woman"	328.37939453125	383.9578857421875	355.43060302734375	456.19439697265625
0.30472758412361145	"man"	268.8451843261719	384.06170654296875	290.5290832519531	452.0760498046875
0.2510533034801483	"man"	293.2350769042969	381.283935546875	316.6463317871094	453.63787841796875
0.28571170568466187	"man"	76.57614135742188	482.2422180175781	146.60150146484375	578.2147216796875
0.3400295078754425	"woman"	293.8089599609375	381.1529235839844	316.54864501953125	453.7023620605469
0.3650911748409271	"woman"	268.8634033203125	383.97509765625	290.5662841796875	452.03253173828125
0.3498595058917999	"woman"	328.4310607910156	384.00360107421875	355.6082458496094	456.13201904296875
0.2802836298942566	"woman"	268.9142150878906	384.0538024902344	290.4726257324219	452.0207214355469
