"score"	"label"	"x0"	"y0"	"x1"	"y1"
0.4195283055305481	"man"	368.65911865234375	306.50775146484375	422.0046997070313	333.6678466796875
