"score"	"label"	"x0"	"y0"	"x1"	"y1"
0.43208545446395874	"woman"	51.178794860839844	108.75872802734375	70.1765365600586	177.47988891601562
0.34841805696487427	"man"	51.39958190917969	108.81193542480469	69.91162872314453	177.4055938720703
