"score"	"label"	"x0"	"y0"	"x1"	"y1"
0.27942097187042236	"woman"	246.7183380126953	184.32643127441406	366.56817626953125	297.5234375
0.27972593903541565	"woman"	1.441162109375	0.05462646484375	599.3750610351562	435.85943603515625
