"score"	"label"	"x0"	"y0"	"x1"	"y1"
0.5679935216903687	"man"	0.6043701171875	182.55081176757812	79.5529556274414	361.2558288574219
0.2978479564189911	"man"	363.116943359375	202.83351135253906	394.72442626953125	321.3269348144531
0.28287962079048157	"man"	124.36399841308594	204.7506103515625	162.51243591308594	326.79888916015625
0.2577580511569977	"man"	247.68597412109375	223.5838623046875	312.02813720703125	332.92645263671875
0.2897164523601532	"man"	106.60128021240234	208.5079345703125	135.42837524414062	309.34765625
0.26228800415992737	"man"	161.8489227294922	210.0411376953125	192.39085388183594	313.47247314453125
