"score"	"label"	"x0"	"y0"	"x1"	"y1"
0.42601558566093445	"man"	195.99679565429688	134.25440979003906	217.64508056640625	212.2057342529297
0.27351415157318115	"woman"	196.6216583251953	134.7925567626953	216.8892059326172	211.4413299560547
