"score"	"label"	"x0"	"y0"	"x1"	"y1"
0.34283724427223206	"man"	129.56280517578125	2.4918212890625	558.9385986328125	451.7705993652344
0.2753264904022217	"man"	166.483642578125	20.326248168945312	447.27587890625	452.02984619140625
