"score"	"label"	"x0"	"y0"	"x1"	"y1"
0.9348336458206177	"woman"	8.469680786132812	77.28057861328125	420.8341064453125	597.288818359375
