"score"	"label"	"x0"	"y0"	"x1"	"y1"
0.3775342106819153	"man"	280.4497985839844	200.65798950195312	375.8521423339844	306.30621337890625
