"score"	"label"	"x0"	"y0"	"x1"	"y1"
0.28367865085601807	"man"	81.08311462402344	24.13846778869629	90.02397155761719	32.5717658996582
