"score"	"label"	"x0"	"y0"	"x1"	"y1"
0.43349191546440125	"woman"	393.97198486328125	223.53228759765625	462.9267578125	442.98760986328125
0.4295876622200012	"woman"	338.38287353515625	232.05099487304688	401.1026611328125	438.4110412597656
0.3449648320674896	"woman"	259.0790100097656	236.70001220703125	315.8951110839844	440.1893310546875
0.3147529363632202	"woman"	454.7234191894531	198.66412353515625	521.3591918945312	451.14398193359375
0.31300750374794006	"woman"	173.7548065185547	236.6932373046875	238.17164611816406	446.1263427734375
0.2768700420856476	"woman"	306.1355285644531	230.44085693359375	361.7416687011719	441.5391845703125
0.27394965291023254	"woman"	109.03829193115234	245.43014526367188	181.36050415039062	451.4449768066406
0.2704380750656128	"woman"	35.532432556152344	210.57595825195312	115.44623565673828	458.5207214355469
0.263755202293396	"woman"	218.36903381347656	227.1778564453125	264.7330017089844	439.0760498046875
