score	label	x0	y0	x1	y1
0.3269200921058655	man	586.632080078125	144.72265625	599.728271484375	177.13623046875
0.2774133086204529	man	588.16455078125	146.11485290527344	598.095458984375	166.2506561279297
0.2746534645557403	man	582.5635986328125	138.08230590820312	599.9617919921875	181.052490234375
