"score"	"label"	"x0"	"y0"	"x1"	"y1"
0.38768884539604187	"woman"	388.3038024902344	185.069091796875	403.0702209472656	221.09698486328125
0.35778674483299255	"woman"	374.6996765136719	181.73048400878906	389.6690368652344	219.9955596923828
0.37447983026504517	"man"	388.66143798828125	185.43959045410156	402.68011474609375	220.69520568847656
0.34854117035865784	"man"	375.23565673828125	181.9527587890625	389.30120849609375	219.880615234375
