"score"	"label"	"x0"	"y0"	"x1"	"y1"
0.3261962831020355	"woman"	0.2312784194946289	0.6204605102539062	19.906768798828125	144.9337158203125
0.2754722535610199	"woman"	0.11932754516601562	0.48668670654296875	14.96165657043457	126.30748748779297
