"score"	"label"	"x0"	"y0"	"x1"	"y1"
0.26777803897857666	"m a"	8.43487548828125	11.3961181640625	592.6036987304688	374.31976318359375
