"score"	"label"	"x0"	"y0"	"x1"	"y1"
0.3014688193798065	"w"	138.40408325195312	43.12469482421875	278.0658264160156	535.5902099609375
