"score"	"label"	"x0"	"y0"	"x1"	"y1"
0.33371981978416443	"man"	244.1247100830078	183.5740203857422	367.33758544921875	298.6746826171875
0.27675506472587585	"woman"	245.17608642578125	183.73695373535156	367.759521484375	298.34393310546875
