"score"	"label"	"x0"	"y0"	"x1"	"y1"
0.3880986273288727	"man"	325.93011474609375	247.73182678222656	345.07513427734375	276.857666015625
0.3165556788444519	"man"	327.6771545410156	248.42620849609375	337.9471130371094	275.6290283203125
0.2835689187049866	"woman"	327.3246765136719	249.38560485839844	344.3821716308594	276.52520751953125
