"score"	"label"	"x0"	"y0"	"x1"	"y1"
0.363985538482666	"man"	214.653564453125	44.032989501953125	448.85333251953125	495.1294860839844
0.4557039737701416	"woman"	1.4909210205078125	116.14328002929688	297.2974853515625	554.0469970703125
0.2921922206878662	"woman"	2.0487213134765625	155.2778778076172	295.2960205078125	507.70654296875
0.366956502199173	"man"	214.13821411132812	44.270233154296875	448.9106140136719	595.7835693359375
