"score"	"label"	"x0"	"y0"	"x1"	"y1"
0.7132670879364014	"man"	172.994140625	19.779708862304688	374.07672119140625	481.02679443359375
0.5233199596405029	"man"	97.96586608886719	128.56829833984375	331.8179931640625	541.1160888671875
