"score"	"label"	"x0"	"y0"	"x1"	"y1"
0.2835480570793152	"man"	117.26554870605469	188.79299926757812	129.0572509765625	213.54022216796875
0.25059837102890015	"man"	118.50968933105469	188.8232879638672	126.63265991210938	201.2879180908203
