score	label	x0	y0	x1	y1
0.4126986265182495	man	244.9056701660156	61.26463317871094	305.5108337402344	168.9037628173828
0.3727790117263794	man	210.20692443847656	124.63167572021484	291.2958984375	276.3348693847656
0.3253305852413177	woman	91.27351379394533	147.3387908935547	175.4236602783203	279.77197265625
0.3237370252609253	woman	292.2021789550781	125.91822052001952	364.9432067871094	274.2452392578125
0.2756842374801636	man	397.31939697265625	139.08892822265625	499.0549926757813	294.7562255859375
