"score"	"label"	"x0"	"y0"	"x1"	"y1"
0.27685055136680603	"a"	195.49356079101562	176.358154296875	321.0093688964844	355.1051025390625
