"score"	"label"	"x0"	"y0"	"x1"	"y1"
0.5651022791862488	"man"	88.31342315673828	72.44723510742188	305.5325927734375	516.5074462890625
