"score"	"label"	"x0"	"y0"	"x1"	"y1"
0.5046375393867493	"woman"	208.37515258789062	218.9569854736328	232.353759765625	263.8076171875
0.32518231868743896	"woman"	341.1403503417969	72.65946197509766	386.7284851074219	103.6214828491211
0.3141067922115326	"woman"	160.99468994140625	114.28114318847656	188.3609619140625	163.0425567626953
