"score"	"label"	"x0"	"y0"	"x1"	"y1"
0.3349202573299408	"woman"	0.1913223266601562	181.55226135253903	14.155288696289062	273.5574035644531
