"score"	"label"	"x0"	"y0"	"x1"	"y1"
0.2791503965854645	"w"	53.93217468261719	100.31901550292969	389.44122314453125	598.175048828125
0.2778644561767578	"w"	54.019195556640625	100.6434326171875	388.97369384765625	598.5365600585938
