"score"	"label"	"x0"	"y0"	"x1"	"y1"
0.26577070355415344	"a"	87.7596664428711	38.86372375488281	258.0890197753906	408.392333984375
