"score"	"label"	"x0"	"y0"	"x1"	"y1"
0.3169473111629486	"man"	274.882080078125	122.20211791992188	350.09588623046875	356.5477600097656
0.3133384883403778	"man"	516.6121215820312	138.23037719726562	580.3917846679688	318.6079406738281
0.28515568375587463	"man"	370.52056884765625	123.25523376464844	417.22735595703125	318.58447265625
0.2756076753139496	"man"	1.8367652893066406	94.39154052734375	108.2203369140625	441.1983642578125
0.2680842876434326	"man"	203.8411407470703	123.00931549072266	258.63739013671875	355.9041748046875
0.2695780396461487	"man"	110.38050842285156	111.27877807617188	201.4824981689453	404.4242248535156
0.27210596203804016	"man"	414.765380859375	142.53636169433594	464.42022705078125	315.1063232421875
0.2614792287349701	"man"	237.9862823486328	122.81131744384766	283.2752990722656	343.6823425292969
