"score"	"label"	"x0"	"y0"	"x1"	"y1"
0.3088211417198181	"man"	285.138671875	223.78042602539065	314.574951171875	267.25164794921875
