"score"	"label"	"x0"	"y0"	"x1"	"y1"
0.5310198664665222	"man"	120.8416976928711	95.91839599609375	304.0152893066406	495.742431640625
0.34282442927360535	"woman"	121.5580825805664	96.36210632324219	303.32623291015625	495.8299560546875
