"score"	"label"	"x0"	"y0"	"x1"	"y1"
0.6864191889762878	"woman"	38.9354248046875	54.5552978515625	378.8304138183594	549.8513793945312
0.2648654878139496	"man"	38.61961364746094	54.75703430175781	378.4879150390625	549.8569946289062
0.2654646039009094	"woman"	38.76829528808594	54.531097412109375	379.411376953125	549.724853515625
