"score"	"label"	"x0"	"y0"	"x1"	"y1"
0.43253451585769653	"man"	503.0172424316406	221.56832885742188	509.7610778808594	231.31301879882812
