"score"	"label"	"x0"	"y0"	"x1"	"y1"
0.5884847044944763	"man"	306.5099182128906	250.35801696777344	333.4697570800781	309.742919921875
0.3307096064090729	"woman"	307.14031982421875	250.82870483398438	333.1048583984375	309.5645446777344
