"score"	"label"	"x0"	"y0"	"x1"	"y1"
0.4380205273628235	"man"	582.38037109375	331.5838928222656	599.8323974609375	367.5979309082031
