"score"	"label"	"x0"	"y0"	"x1"	"y1"
0.3432047665119171	"woman"	190.0952911376953	336.9864501953125	205.2945098876953	369.706787109375
0.3741684556007385	"man"	190.2996063232422	337.0020751953125	205.2246856689453	369.6519775390625
0.26092028617858887	"woman"	209.76785278320312	338.001953125	226.008056640625	364.47808837890625
0.2581595480442047	"man"	209.8109130859375	338.4271240234375	226.07534790039062	364.30401611328125
