"score"	"label"	"x0"	"y0"	"x1"	"y1"
0.3155513405799866	"w"	39.0113525390625	104.02525329589844	272.49395751953125	415.916259765625
0.28731298446655273	"w"	38.995391845703125	104.09686279296875	272.4502258300781	415.8509521484375
0.2719182074069977	"w o"	38.823486328125	103.93576049804688	272.5050354003906	416.0807800292969
