score	label	x0	y0	x1	y1
0.6288221478462219	man	109.20291900634766	17.81256103515625	284.9905700683594	542.2894287109375
