"score"	"label"	"x0"	"y0"	"x1"	"y1"
0.27213054895401	"woman"	43.09711456298828	201.29656982421875	82.84717559814453	319.02178955078125
0.4011269807815552	"woman"	41.582061767578125	140.92706298828125	516.52392578125	323.7115173339844
