"score"	"label"	"x0"	"y0"	"x1"	"y1"
0.31920325756073	"man"	166.21279907226562	177.34988403320312	382.0424499511719	306.493408203125
