"score"	"label"	"x0"	"y0"	"x1"	"y1"
0.8506678938865662	"man"	20.261459350585938	92.13534545898438	367.15936279296875	545.415771484375
