"score"	"label"	"x0"	"y0"	"x1"	"y1"
0.6834434270858765	"woman"	137.48440551757812	202.4028778076172	230.11865234375	484.3515625
0.30985185503959656	"man"	137.886474609375	202.7371368408203	229.44223022460938	484.177001953125
0.27859044075012207	"woman"	137.622802734375	202.44471740722656	229.7291259765625	483.9981689453125
