"score"	"label"	"x0"	"y0"	"x1"	"y1"
0.2792999744415283	"w"	427.49310302734375	17.88818359375	568.1868896484375	403.6825256347656
