"score"	"label"	"x0"	"y0"	"x1"	"y1"
0.6013760566711426	"woman"	333.4437255859375	126.69828796386719	411.74334716796875	378.807861328125
0.3606390058994293	"man"	258.135009765625	76.39584350585938	341.28875732421875	379.03741455078125
