"score"	"label"	"x0"	"y0"	"x1"	"y1"
0.5156608819961548	"man"	10.955169677734375	70.03924560546875	273.43304443359375	507.20703125
