"score"	"label"	"x0"	"y0"	"x1"	"y1"
0.3123264014720917	"woman"	124.03240966796876	299.5632019042969	158.62319946289062	339.6222839355469
