"score"	"label"	"x0"	"y0"	"x1"	"y1"
0.2824682891368866	"m a"	262.9139099121094	133.9008331298828	342.0652770996094	368.26470947265625
