"score"	"label"	"x0"	"y0"	"x1"	"y1"
0.40138381719589233	"man"	289.3114013671875	119.9534912109375	383.9197998046875	380.76580810546875
0.35569944977760315	"woman"	83.9489517211914	157.30551147460938	164.35128784179688	405.5460510253906
0.34713539481163025	"woman"	504.1037902832031	146.5340118408203	581.4574584960938	403.83258056640625
0.3746056854724884	"woman"	434.5776062011719	137.3627166748047	511.8600158691406	397.03173828125
0.3255596160888672	"woman"	148.41448974609375	134.88330078125	234.27838134765625	392.33306884765625
0.2665039598941803	"woman"	225.01113891601562	142.9585418701172	294.8861389160156	375.5762939453125
0.25709623098373413	"man"	289.7436828613281	120.11036682128906	383.4344177246094	317.404296875
