"score"	"label"	"x0"	"y0"	"x1"	"y1"
0.35220521688461304	"m ; a ; n"	1.007110595703125	0.2028656005859375	598.166015625	440.4757080078125
