"score"	"label"	"x0"	"y0"	"x1"	"y1"
0.43463966250419617	"woman"	65.16801452636719	182.42034912109375	228.6437225341797	395.6676025390625
0.33318421244621277	"man"	420.3276672363281	201.52554321289062	573.1311645507812	387.8767395019531
0.26742643117904663	"man"	65.17245483398438	181.99298095703125	228.80593872070312	395.26171875
