"score"	"label"	"x0"	"y0"	"x1"	"y1"
0.31943097710609436	"woman"	57.313140869140625	131.19766235351562	492.7099304199219	354.19573974609375
0.255073606967926	"woman"	289.5142517089844	171.26904296875	310.6313781738281	199.66049194335938
