"score"	"label"	"x0"	"y0"	"x1"	"y1"
0.2518005669116974	"w"	3.097991943359375	134.06292724609375	598.450439453125	270.7875061035156
