"score"	"label"	"x0"	"y0"	"x1"	"y1"
0.5904491543769836	"man"	129.48834228515625	32.07096862792969	265.35870361328125	207.4469757080078
0.5392559170722961	"woman"	351.7505798339844	38.50566101074219	502.7295227050781	368.23876953125
0.29146578907966614	"woman"	352.0883483886719	38.435211181640625	502.3943786621094	368.26849365234375
