"score"	"label"	"x0"	"y0"	"x1"	"y1"
0.27220776677131653	"w o a ;"	39.7158203125	21.101242065429688	591.3701171875	250.1238555908203
