"score"	"label"	"x0"	"y0"	"x1"	"y1"
0.350873738527298	"man"	362.728759765625	132.69161987304688	449.07513427734375	327.1351623535156
0.42725270986557007	"man"	238.09661865234375	121.54222869873047	346.6087646484375	365.62652587890625
0.3327702283859253	"man"	229.8843536376953	115.15335845947266	292.1932678222656	344.1095886230469
0.29560554027557373	"man"	552.3562622070312	121.86622619628906	593.8496704101562	339.5655517578125
