"score"	"label"	"x0"	"y0"	"x1"	"y1"
0.2705761790275574	"man"	201.9480438232422	382.4132080078125	213.6627960205078	406.606201171875
0.26110610365867615	"woman"	202.1991729736328	382.62420654296875	213.4937286376953	406.5257568359375
