"score"	"label"	"x0"	"y0"	"x1"	"y1"
0.3692474663257599	"woman"	492.6705322265625	131.29791259765625	511.760009765625	186.46771240234375
0.33447080850601196	"woman"	525.9518432617188	134.031005859375	542.4605102539062	189.17507934570312
0.2969559133052826	"woman"	569.73486328125	132.63223266601562	592.1636962890625	190.93023681640625
