"score"	"label"	"x0"	"y0"	"x1"	"y1"
0.3284301161766052	"man"	394.2939758300781	282.1703186035156	406.4822692871094	308.1545715332031
0.30708765983581543	"man"	393.82989501953125	281.93865966796875	406.885986328125	324.63494873046875
