"score"	"label"	"x0"	"y0"	"x1"	"y1"
0.4783458709716797	"man"	232.67556762695312	51.34092712402344	364.1588439941406	354.4447021484375
0.32987815141677856	"woman"	232.68048095703125	51.55705261230469	364.2181396484375	353.90216064453125
