"score"	"label"	"x0"	"y0"	"x1"	"y1"
0.4941083490848541	"woman"	51.73059844970703	153.4654998779297	104.07616424560547	304.03924560546875
0.31271570920944214	"man"	271.0243225097656	174.09674072265625	370.4102478027344	368.35443115234375
0.358144074678421	"man"	84.84147644042969	160.95497131347656	194.05934143066406	357.06060791015625
