"score"	"label"	"x0"	"y0"	"x1"	"y1"
0.6839322447776794	"man"	211.49464416503906	98.8515625	282.17901611328125	217.79351806640625
0.3485930263996124	"woman"	211.71896362304688	99.16641998291016	282.11248779296875	217.65792846679688
