"score"	"label"	"x0"	"y0"	"x1"	"y1"
0.3235316276550293	"man"	182.08511352539062	96.26509094238281	221.41998291015625	146.89073181152344
0.27115413546562195	"man"	338.4438171386719	208.13241577148438	354.8360900878906	234.16586303710938
0.26480525732040405	"man"	162.35403442382812	176.2702178955078	243.29190063476562	274.97064208984375
