"score"	"label"	"x0"	"y0"	"x1"	"y1"
0.591571569442749	"woman"	97.36160278320312	154.0217742919922	275.1666259765625	475.8536376953125
0.5318073630332947	"man"	97.4135971069336	154.0516815185547	275.04180908203125	475.88433837890625
0.39234650135040283	"woman"	97.33723449707031	154.17129516601562	275.115478515625	475.9306945800781
