"score"	"label"	"x0"	"y0"	"x1"	"y1"
0.3343207538127899	"m a"	1.714019775390625	31.91278076171875	372.4971618652344	543.0359497070312
