score	label	x0	y0	x1	y1
0.3719959259033203	woman	56.45299530029297	421.6903991699219	81.63610076904297	458.1936340332031
