"score"	"label"	"x0"	"y0"	"x1"	"y1"
0.30714213848114014	"man"	112.70376586914062	232.33651733398438	126.50169372558594	266.9337158203125
0.2794834077358246	"woman"	84.60244750976562	232.42994689941406	100.36909484863281	268.1988220214844
