"score"	"label"	"x0"	"y0"	"x1"	"y1"
0.7782065868377686	"man"	350.61639404296875	143.92068481445312	463.1793212890625	363.7887878417969
0.26572901010513306	"woman"	327.1324157714844	53.63798904418945	364.2143249511719	104.99880981445312
