"score"	"label"	"x0"	"y0"	"x1"	"y1"
0.2739899456501007	"woman"	475.33447265625	260.85009765625	485.74993896484375	287.45208740234375
0.25973498821258545	"woman"	426.91595458984375	261.9252624511719	439.31854248046875	288.1175231933594
