score	label	x0	y0	x1	y1
0.4288522899150848	woman	41.506134033203125	65.6639404296875	346.7919921875	548.0359497070312
