"score"	"label"	"x0"	"y0"	"x1"	"y1"
0.4851405620574951	"woman"	-0.06983661651611328	186.81732177734375	19.82794189453125	272.2560119628906
0.33571910858154297	"man"	-0.050391197204589844	187.9530792236328	18.524200439453125	271.1471862792969
