"score"	"label"	"x0"	"y0"	"x1"	"y1"
0.5478746891021729	"man"	3.2814712524414062	127.73837280273438	164.21185302734375	588.9571533203125
0.3030477464199066	"woman"	3.1495819091796875	128.42872619628906	163.81565856933594	589.3821411132812
