"score"	"label"	"x0"	"y0"	"x1"	"y1"
0.29607099294662476	"woman"	415.98919677734375	257.53082275390625	429.269775390625	290.6282958984375
0.34643059968948364	"woman"	558.2594604492188	272.7508850097656	578.2180786132812	317.7677917480469
0.31203317642211914	"woman"	301.00054931640625	256.7950134277344	313.49395751953125	283.5259704589844
0.41597431898117065	"man"	416.4666748046875	257.84197998046875	428.9454345703125	290.4354248046875
