"score"	"label"	"x0"	"y0"	"x1"	"y1"
0.3777889907360077	"woman"	340.3592224121094	135.64793395996094	415.4266662597656	346.20428466796875
0.5898388028144836	"woman"	147.00390625	89.9852294921875	224.71328735351562	338.76708984375
0.31123918294906616	"woman"	103.20578002929688	128.60693359375	214.66659545898438	361.19891357421875
0.27828118205070496	"woman"	248.95529174804688	144.8160400390625	334.8836975097656	347.1967468261719
