"score"	"label"	"x0"	"y0"	"x1"	"y1"
0.28903427720069885	"; a ;"	106.31362915039062	43.399085998535156	506.6004333496094	272.2861633300781
