"score"	"label"	"x0"	"y0"	"x1"	"y1"
0.5349463820457458	"man"	217.0628204345703	54.987762451171875	339.1068115234375	559.6376953125
0.379569262266159	"woman"	268.0475158691406	175.21856689453125	381.3866882324219	573.5538330078125
