"score"	"label"	"x0"	"y0"	"x1"	"y1"
0.35394564270973206	"man"	73.09595489501953	83.51730346679688	328.28582763671875	471.2052917480469
0.37967970967292786	"woman"	73.24401092529297	84.42536926269531	328.3563537597656	471.00225830078125
0.27896848320961	"man"	69.6917724609375	15.66827392578125	329.0853271484375	474.0822448730469
