"score"	"label"	"x0"	"y0"	"x1"	"y1"
0.29840511083602905	"man"	116.95626068115234	105.28915405273438	261.9903259277344	452.2586975097656
0.26194754242897034	"man"	335.1076354980469	338.03729248046875	375.6120910644531	414.250244140625
