"score"	"label"	"x0"	"y0"	"x1"	"y1"
0.3564116656780243	"man"	46.03810119628906	53.495361328125	547.2408447265625	548.446044921875
0.2989821434020996	"man"	463.6499938964844	63.67529296875	538.4348754882812	299.15081787109375
