"score"	"label"	"x0"	"y0"	"x1"	"y1"
0.4275527000427246	"man"	281.8009033203125	166.50721740722656	360.38104248046875	248.6539764404297
0.3628022372722626	"woman"	251.71798706054688	176.60983276367188	320.5669860839844	251.52047729492188
0.3299989104270935	"man woman"	177.55426025390625	168.9924774169922	278.7485656738281	256.9830322265625
0.29794496297836304	"man"	177.0309295654297	164.96875	360.5596923828125	257.04571533203125
0.2973218262195587	"woman"	213.95730590820312	176.46914672851562	291.0232238769531	252.22604370117188
0.2539723813533783	"woman"	177.3603973388672	169.17283630371094	278.81396484375	257.0362548828125
