"score"	"label"	"x0"	"y0"	"x1"	"y1"
0.5899223685264587	"woman"	323.88604736328125	225.11019897460938	421.1588134765625	428.4364929199219
0.36682236194610596	"man"	325.25128173828125	226.83956909179688	418.63311767578125	427.4197692871094
