"score"	"label"	"x0"	"y0"	"x1"	"y1"
0.4751502275466919	"woman"	391.31109619140625	213.30987548828125	555.5742797851562	460.83819580078125
0.4158479869365692	"man"	282.8598327636719	200.180419921875	358.2659606933594	286.26202392578125
