"score"	"label"	"x0"	"y0"	"x1"	"y1"
0.7195426821708679	"woman"	70.50881958007812	95.89573669433594	331.3794250488281	559.0272216796875
0.26900213956832886	"woman"	70.6334228515625	96.07081604003906	331.75885009765625	558.9281005859375
