"score"	"label"	"x0"	"y0"	"x1"	"y1"
0.37236514687538147	"man"	577.9080200195312	127.471435546875	598.5188598632812	155.2752685546875
0.34597912430763245	"woman"	578.2227172851562	127.82083892822266	598.4308471679688	154.9905548095703
