"score"	"label"	"x0"	"y0"	"x1"	"y1"
0.3114258646965027	"m ; a ; n"	19.090805053710938	91.28990173339844	425.97442626953125	597.0106811523438
