"score"	"label"	"x0"	"y0"	"x1"	"y1"
0.35176196694374084	"woman"	412.8995361328125	69.45111083984375	563.9273071289062	385.26300048828125
0.5004474520683289	"man"	245.783447265625	33.517852783203125	361.46826171875	384.4361877441406
