"score"	"label"	"x0"	"y0"	"x1"	"y1"
0.7531388998031616	"woman"	11.45450210571289	159.96603393554688	48.15234375	275.9161682128906
0.48549264669418335	"woman"	209.51596069335938	23.540937423706055	242.602783203125	68.0269546508789
