"score"	"label"	"x0"	"y0"	"x1"	"y1"
0.3629171550273895	"man"	0.09864616394042969	341.98095703125	19.37469482421875	399.24395751953125
