"score"	"label"	"x0"	"y0"	"x1"	"y1"
0.39629045128822327	"man"	282.9873046875	196.80001831054688	295.20281982421875	227.5142822265625
0.4783748984336853	"man"	273.0538024902344	196.6044464111328	284.0704040527344	227.91966247558594
0.2869851291179657	"man"	166.8900146484375	210.023681640625	178.65084838867188	231.11920166015625
0.26455071568489075	"man"	178.09310913085938	209.93930053710938	187.67086791992188	229.08026123046875
