"score"	"label"	"x0"	"y0"	"x1"	"y1"
0.31687018275260925	"m ; a ; n"	37.438262939453125	90.05720520019531	571.5450439453125	373.0491943359375
