"score"	"label"	"x0"	"y0"	"x1"	"y1"
0.7957561016082764	"woman"	43.048770904541016	176.80502319335938	63.8437614440918	233.37582397460938
