"score"	"label"	"x0"	"y0"	"x1"	"y1"
0.3738359212875366	"woman"	571.6361083984375	113.43453979492188	582.7318115234375	131.22763061523438
0.4711850881576538	"woman"	533.8840942382812	109.982421875	550.1726684570312	135.79031372070312
