"score"	"label"	"x0"	"y0"	"x1"	"y1"
0.2967730760574341	"m ; a ; n"	5.911346435546875	7.2479705810546875	590.7049560546875	374.96575927734375
