"score"	"label"	"x0"	"y0"	"x1"	"y1"
0.3499547243118286	"m ; a ; n"	56.134490966796875	115.78436279296875	377.7831115722656	573.0531005859375
