"score"	"label"	"x0"	"y0"	"x1"	"y1"
0.6732082366943359	"man"	264.94720458984375	302.30029296875	312.79559326171875	343.554443359375
0.554010808467865	"woman"	264.9437561035156	302.3426513671875	312.7726745605469	343.57965087890625
0.3603978753089905	"woman"	265.1580810546875	302.47528076171875	312.8365478515625	344.12091064453125
