"score"	"label"	"x0"	"y0"	"x1"	"y1"
0.3698791563510895	"woman"	6.021270751953125	85.33847045898438	243.19151306152344	595.21044921875
0.38279828429222107	"woman"	6.39874267578125	85.09538269042969	299.8002624511719	595.7962646484375
