"score"	"label"	"x0"	"y0"	"x1"	"y1"
0.3961391746997833	"m"	115.01927947998047	33.1810302734375	261.19671630859375	539.0377807617188
0.2910255193710327	"a n"	114.9761962890625	33.43927001953125	261.1963806152344	538.6209106445312
