"score"	"label"	"x0"	"y0"	"x1"	"y1"
0.34492063522338867	"w"	32.33222961425781	31.32928466796875	246.3811492919922	513.8793334960938
0.27090659737586975	"w"	32.29772186279297	31.495269775390625	246.11550903320312	513.89892578125
0.26008716225624084	"m"	32.2484130859375	31.499267578125	246.03118896484375	513.5693359375
