"score"	"label"	"x0"	"y0"	"x1"	"y1"
0.2811964154243469	"man"	271.8736267089844	193.61492919921875	278.7960510253906	209.217041015625
0.2615196108818054	"man"	221.12525939941406	24.179710388183594	232.73667907714844	37.612178802490234
