"score"	"label"	"x0"	"y0"	"x1"	"y1"
0.33980488777160645	"woman"	169.78756713867188	242.69895935058594	194.77227783203125	289.32623291015625
0.2504074275493622	"woman"	172.64854431152344	254.72901916503906	192.24314880371094	287.98358154296875
0.2752515971660614	"man"	170.76295471191406	245.89845275878906	193.9391632080078	288.83392333984375
