"score"	"label"	"x0"	"y0"	"x1"	"y1"
0.30993273854255676	"man"	568.846435546875	325.76904296875	598.8057861328125	357.41839599609375
0.3055710196495056	"woman"	569.3130493164062	326.2416687011719	598.8959350585938	357.3052062988281
