score	label	x0	y0	x1	y1
0.6217050552368164	man	238.1103515625	153.0161590576172	452.6334838867187	537.5369873046875
