score	label	x0	y0	x1	y1
0.4205374121665954	man woman	109.7802276611328	308.11553955078125	176.39903259277344	444.016845703125
