"score"	"label"	"x0"	"y0"	"x1"	"y1"
0.30393075942993164	"woman"	424.67333984375	220.67886352539062	438.71636962890625	246.88885498046875
0.2639493942260742	"man"	425.1648864746094	220.78387451171875	438.6963806152344	246.830322265625
