"score"	"label"	"x0"	"y0"	"x1"	"y1"
0.6549689173698425	"woman"	266.6860046386719	303.3991394042969	311.4429016113281	342.6833801269531
