score	label	x0	y0	x1	y1
0.7525809407234192	man	33.35810852050781	31.39610290527344	244.1781768798828	512.8345947265625
0.6307172775268555	woman	159.88735961914062	159.2196502685547	343.79522705078125	533.7122802734375
