"score"	"label"	"x0"	"y0"	"x1"	"y1"
0.5397241711616516	"man"	348.9996643066406	254.87063598632812	365.2807922363281	313.6995544433594
0.35655561089515686	"man"	519.5040893554688	231.67111206054688	542.2550659179688	264.1813659667969
