"score"	"label"	"x0"	"y0"	"x1"	"y1"
0.6782006621360779	"man"	104.58174133300781	257.20721435546875	113.26438903808594	276.99334716796875
