"score"	"label"	"x0"	"y0"	"x1"	"y1"
0.43247947096824646	"woman"	26.703857421875	88.84672546386719	348.4893798828125	549.5297241210938
0.3012227714061737	"woman"	25.607101440429688	87.020263671875	379.87237548828125	549.5575561523438
