"score"	"label"	"x0"	"y0"	"x1"	"y1"
0.9276127219200134	"man"	0.5741119384765625	89.39459228515625	341.3572998046875	547.6988525390625
