"score"	"label"	"x0"	"y0"	"x1"	"y1"
0.6151280403137207	"woman"	144.93821716308594	240.24237060546875	167.07212829589844	287.12298583984375
0.28465211391448975	"woman"	204.76148986816406	243.234619140625	224.7527618408203	302.9658203125
0.2894129157066345	"woman"	188.9507293701172	264.7015686035156	204.34983825683594	301.3784484863281
0.2709740996360779	"woman"	220.97329711914062	270.7272033691406	233.967041015625	303.1839294433594
0.29303866624832153	"woman"	205.1903533935547	243.50257873535156	224.36973571777344	287.3681640625
