"score"	"label"	"x0"	"y0"	"x1"	"y1"
0.5730818510055542	"man"	274.15704345703125	210.93856811523438	293.329345703125	262.73626708984375
0.33232441544532776	"man"	214.4402618408203	241.18484497070312	240.13987731933594	273.6307067871094
