"score"	"label"	"x0"	"y0"	"x1"	"y1"
0.4454928338527679	"woman"	32.5975341796875	26.4510498046875	579.9712524414062	192.60855102539065
