"score"	"label"	"x0"	"y0"	"x1"	"y1"
0.3589721620082855	"man"	39.30029296875	91.01289367675781	574.5138549804688	371.53509521484375
