"score"	"label"	"x0"	"y0"	"x1"	"y1"
0.8294047713279724	"woman"	160.11514282226562	159.42845153808594	343.5367431640625	532.9759521484375
0.549684464931488	"woman"	33.917442321777344	32.05589294433594	244.4005126953125	512.3881225585938
