"score"	"label"	"x0"	"y0"	"x1"	"y1"
0.9065524339675903	"man"	3.1385040283203125	65.44422912597656	354.1873779296875	549.122314453125
