"score"	"label"	"x0"	"y0"	"x1"	"y1"
0.3596149384975433	"woman"	300.131591796875	210.6355133056641	320.63958740234375	257.3522644042969
0.2526567578315735	"woman"	299.3642578125	209.56398010253903	339.65423583984375	258.0950012207031
