"score"	"label"	"x0"	"y0"	"x1"	"y1"
0.7721714973449707	"man"	106.0328369140625	75.53009033203125	231.79998779296875	531.3594360351562
0.3510832190513611	"woman"	206.24649047851562	126.71543884277344	359.2711486816406	520.6862182617188
0.3601226508617401	"woman"	206.6205291748047	126.74833679199219	339.6337890625	519.230224609375
0.35942018032073975	"woman"	205.95037841796875	126.74275207519531	394.65509033203125	531.9664916992188
