"score"	"label"	"x0"	"y0"	"x1"	"y1"
0.7831263542175293	"man"	71.55596160888672	36.088226318359375	315.0613098144531	598.5625
