"score"	"label"	"x0"	"y0"	"x1"	"y1"
0.2877107858657837	"a ; n"	3.293121337890625	3.425567626953125	596.5794677734375	401.1302185058594
