score	label	x0	y0	x1	y1
0.3262329697608948	woman	138.89389038085938	224.22146606445312	209.25	379.6495056152344
0.2724208235740661	man	67.22792053222656	228.27029418945312	202.6462249755859	380.0176086425781
