score	label	x0	y0	x1	y1
0.6474010348320007	woman	139.551025390625	43.33503723144531	276.02691650390625	534.1184692382812
