"score"	"label"	"x0"	"y0"	"x1"	"y1"
0.31565386056900024	"man"	530.9613037109375	196.86911010742188	565.3565673828125	283.3565368652344
