"score"	"label"	"x0"	"y0"	"x1"	"y1"
0.4601670503616333	"woman"	157.82347106933594	197.8273468017578	216.6934356689453	365.692138671875
0.3066245913505554	"woman"	210.61740112304688	201.60494995117188	264.2867126464844	363.2214660644531
0.4076898694038391	"woman"	104.25212097167969	197.39620971679688	170.2620086669922	365.7480163574219
0.26462769508361816	"man"	104.42387390136719	197.63998413085938	170.3240203857422	365.5564880371094
0.36965957283973694	"man"	255.9284210205078	198.38284301757812	312.1123962402344	366.5710144042969
