"score"	"label"	"x0"	"y0"	"x1"	"y1"
0.3034521341323852	"man"	524.8859252929688	0.1837234497070312	599.7197875976562	218.234375
0.2560215592384338	"man"	30.385833740234375	110.57955932617188	589.0782470703125	407.5318298339844
