"score"	"label"	"x0"	"y0"	"x1"	"y1"
0.5036064386367798	"man"	0.5809097290039062	224.14697265625	155.84548950195312	501.44976806640625
0.3585967421531677	"man"	236.91900634765625	221.59548950195312	403.290283203125	449.1427917480469
