"score"	"label"	"x0"	"y0"	"x1"	"y1"
0.9203267693519592	"woman"	150.1386260986328	253.75735473632812	184.09205627441406	334.3622131347656
