"score"	"label"	"x0"	"y0"	"x1"	"y1"
0.9149302840232849	"woman"	109.39610290527344	51.2607421875	432.15374755859375	592.7841796875
