"score"	"label"	"x0"	"y0"	"x1"	"y1"
0.5065131783485413	"woman"	109.67689514160156	307.5135498046875	179.4080352783203	444.10791015625
0.2824723422527313	"woman"	109.26764678955078	286.02593994140625	182.25625610351562	444.6201171875
