"score"	"label"	"x0"	"y0"	"x1"	"y1"
0.3136341571807861	"woman"	345.1206359863281	374.3982543945313	401.2009582519531	414.34527587890625
