"score"	"label"	"x0"	"y0"	"x1"	"y1"
0.25184717774391174	"w"	86.5599365234375	76.11711120605469	277.2825012207031	520.0195922851562
