"score"	"label"	"x0"	"y0"	"x1"	"y1"
0.39074116945266724	"woman"	108.8463363647461	200.03387451171875	140.00013732910156	229.56643676757812
0.3474983870983124	"man"	109.47077941894531	200.4622802734375	139.05599975585938	229.35409545898438
0.26365119218826294	"woman"	102.09013366699219	197.22943115234375	149.66403198242188	232.79794311523438
