"score"	"label"	"x0"	"y0"	"x1"	"y1"
0.36894142627716064	"man"	106.88871765136719	33.33992004394531	286.56317138671875	539.41650390625
0.6229022145271301	"woman"	106.99620819091797	33.59754943847656	286.386474609375	539.50537109375
0.3010489046573639	"woman"	106.96583557128906	33.69319152832031	286.53125	539.3571166992188
