score	label	x0	y0	x1	y1
0.2690183222293854	woman	371.6884460449219	103.4280776977539	462.0837097167969	118.44548797607422
