score	label	x0	y0	x1	y1
0.4730432331562042	woman	53.556854248046875	53.16816711425781	582.7308349609375	389.745361328125
