"score"	"label"	"x0"	"y0"	"x1"	"y1"
0.862842321395874	"man"	291.65045166015625	237.27957153320312	329.035400390625	347.2271423339844
