"score"	"label"	"x0"	"y0"	"x1"	"y1"
0.31182998418807983	"m ; a ; n"	7.1270751953125	9.402252197265625	594.1919555664062	373.9234313964844
