"score"	"label"	"x0"	"y0"	"x1"	"y1"
0.4340290427207947	"man"	279.3349609375	186.73492431640625	396.62890625	344.47125244140625
0.4007309377193451	"man"	98.5075454711914	201.2040557861328	243.2669677734375	387.0301513671875
0.3423842787742615	"man"	233.98684692382812	77.61173248291016	365.2480163574219	171.27957153320312
0.3292858302593231	"man"	379.0030517578125	229.041748046875	477.83697509765625	367.72381591796875
0.34347036480903625	"man"	75.66433715820312	206.30062866210938	161.57106018066406	361.3352966308594
0.27145835757255554	"man"	199.5514678955078	208.23129272460938	266.15447998046875	366.8591003417969
