"score"	"label"	"x0"	"y0"	"x1"	"y1"
0.317063570022583	"woman"	235.00277709960938	341.7742004394531	281.0314636230469	477.8429870605469
0.34003132581710815	"woman"	384.3271789550781	367.8399353027344	425.1436462402344	514.7786254882812
0.2881554067134857	"woman"	344.63201904296875	357.5281066894531	385.00335693359375	512.9612426757812
0.29711952805519104	"woman"	455.4319152832031	361.7655944824219	488.7989196777344	496.3181457519531
0.2631840407848358	"woman"	282.9468688964844	319.287841796875	312.1135559082031	469.53125
0.2649793028831482	"woman"	303.9873352050781	358.5662841796875	334.3744201660156	493.81048583984375
0.2614781856536865	"woman"	495.7080383300781	374.63189697265625	540.2557983398438	502.73382568359375
0.2860792875289917	"woman"	536.0908813476562	361.37872314453125	562.9058227539062	510.9705810546875
