"score"	"label"	"x0"	"y0"	"x1"	"y1"
0.2693943977355957	"woman"	125.17860412597656	193.50534057617188	283.6424560546875	342.1394348144531
