"score"	"label"	"x0"	"y0"	"x1"	"y1"
0.25352537631988525	"a"	26.738800048828125	361.9490051269531	598.333740234375	461.0216979980469
