"score"	"label"	"x0"	"y0"	"x1"	"y1"
0.48089900612831116	"woman"	290.6105651855469	236.6003875732422	329.8140563964844	347.8180236816406
0.38821130990982056	"man"	291.6784362792969	237.2006378173828	329.2223815917969	347.448486328125
0.2534318268299103	"woman"	279.16644287109375	231.08096313476562	342.7672119140625	352.8315734863281
