"score"	"label"	"x0"	"y0"	"x1"	"y1"
0.37904274463653564	"m ; a ; n"	5.436614990234375	18.2955322265625	385.5536193847656	548.8397827148438
