score	label	x0	y0	x1	y1
0.2577880322933197	woman	172.68136596679688	171.55255126953125	192.7025146484375	193.78961181640625
