"score"	"label"	"x0"	"y0"	"x1"	"y1"
0.4525390565395355	"woman"	2.6073150634765625	41.089569091796875	390.8739013671875	597.2354736328125
0.42454347014427185	"man"	2.5652313232421875	41.52587890625	390.919921875	597.3446655273438
