score	label	x0	y0	x1	y1
0.3218007385730743	woman	193.3958740234375	375.0904541015625	284.5166931152344	527.721435546875
