score	label	x0	y0	x1	y1
0.4671995937824249	woman	74.06875610351562	112.03211975097656	98.4192352294922	146.29127502441406
0.2558473348617553	woman	65.30421447753906	109.1037139892578	102.62835693359376	146.4838409423828
