"score"	"label"	"x0"	"y0"	"x1"	"y1"
0.30125266313552856	"man"	21.303882598876953	191.67039489746094	41.026695251464844	235.5340118408203
0.26110005378723145	"man"	-0.003780841827392578	186.59107971191406	14.076068878173828	262.1773681640625
0.2661599814891815	"man"	19.67350959777832	191.6805419921875	41.43413543701172	258.3699951171875
