score	label	x0	y0	x1	y1
0.3825724422931671	man	358.4814147949219	249.8614044189453	390.1423645019531	326.396240234375
0.2898181676864624	man	318.3583679199219	73.63725280761719	385.2114562988281	126.527099609375
