"score"	"label"	"x0"	"y0"	"x1"	"y1"
0.277737021446228	"; a ;"	125.04878234863281	41.21250915527344	567.2522583007812	389.33380126953125
