"score"	"label"	"x0"	"y0"	"x1"	"y1"
0.48906081914901733	"man"	351.0001220703125	69.50214385986328	489.8447265625	286.26837158203125
0.581206202507019	"man"	144.89523315429688	85.89884185791016	338.8678283691406	328.298095703125
0.28694072365760803	"man"	269.69012451171875	99.6324234008789	409.36761474609375	311.1473388671875
