"score"	"label"	"x0"	"y0"	"x1"	"y1"
0.25104859471321106	"man"	255.4913787841797	76.20343017578125	513.7135009765625	286.2262268066406
