"score"	"label"	"x0"	"y0"	"x1"	"y1"
0.2823307514190674	"a ;"	0.567138671875	79.67373657226562	309.1864318847656	418.6117858886719
