"score"	"label"	"x0"	"y0"	"x1"	"y1"
0.4263841211795807	"man"	32.760833740234375	26.81163787841797	579.7589111328125	192.53890991210935
