"score"	"label"	"x0"	"y0"	"x1"	"y1"
0.9207910299301147	"woman"	120.51416778564453	23.439590454101562	264.9570617675781	533.3067626953125
