score	label	x0	y0	x1	y1
0.3116183280944824	woman	458.5700073242187	407.33782958984375	472.9664306640625	423.7745361328125
