"score"	"label"	"x0"	"y0"	"x1"	"y1"
0.2842884063720703	"man"	0.13922119140625	-0.1670989990234375	599.68798828125	414.8099365234375
