"score"	"label"	"x0"	"y0"	"x1"	"y1"
0.25445109605789185	"man"	570.8583984375	327.4003601074219	598.8115234375	357.1094055175781
