"score"	"label"	"x0"	"y0"	"x1"	"y1"
0.4006890058517456	"woman"	203.7847900390625	121.53852844238281	421.11956787109375	596.6578369140625
0.3506331443786621	"woman"	7.10003662109375	150.6175994873047	311.2185974121094	595.83984375
0.29243189096450806	"woman"	8.124252319335938	120.602783203125	419.30255126953125	594.9442138671875
0.3392229974269867	"man"	6.978240966796875	150.83883666992188	310.899169921875	596.1904296875
