"score"	"label"	"x0"	"y0"	"x1"	"y1"
0.28328442573547363	"a"	345.7811279296875	144.12950134277344	584.8603515625	372.9176025390625
