"score"	"label"	"x0"	"y0"	"x1"	"y1"
0.4410463869571686	"woman"	419.0126647949219	213.52964782714844	449.9126892089844	295.2030029296875
0.42145806550979614	"woman"	257.74688720703125	247.60154724121094	286.8038330078125	277.7386474609375
0.3335595726966858	"woman"	441.16827392578125	216.32192993164062	471.14398193359375	294.60943603515625
0.28616559505462646	"woman"	137.67034912109375	252.40304565429688	172.24703979492188	290.4100036621094
