"score"	"label"	"x0"	"y0"	"x1"	"y1"
0.4968792796134949	"woman"	123.02873229980469	147.12501525878906	340.4749755859375	598.8543090820312
0.4618202745914459	"woman"	1.1816787719726562	86.3499755859375	202.87164306640625	598.51513671875
0.4954374432563782	"woman"	249.7076416015625	61.2685546875	449.36676025390625	598.6602172851562
