"score"	"label"	"x0"	"y0"	"x1"	"y1"
0.3942514955997467	"man"	22.435989379882812	73.14471435546875	338.61138916015625	549.642333984375
0.45619437098503113	"woman"	26.148712158203125	73.38545227050781	338.0176086425781	549.903564453125
0.27038559317588806	"woman"	25.030410766601562	73.42936706542969	337.944580078125	549.67529296875
