"score"	"label"	"x0"	"y0"	"x1"	"y1"
0.34057673811912537	"woman"	362.6729736328125	246.21107482910156	384.0072021484375	287.65179443359375
0.25621917843818665	"man"	362.93438720703125	246.54847717285156	384.00238037109375	286.6907043457031
