"score"	"label"	"x0"	"y0"	"x1"	"y1"
0.8865667581558228	"man"	219.37527465820312	104.64505004882812	310.5483093261719	377.5159912109375
