"score"	"label"	"x0"	"y0"	"x1"	"y1"
0.4843995273113251	"woman"	7.841850280761719	96.00596618652344	263.40496826171875	598.0054321289062
0.36328092217445374	"man"	53.0931396484375	60.757537841796875	405.8408203125	598.103271484375
0.29498571157455444	"man"	53.410797119140625	61.20976257324219	405.5671691894531	450.59368896484375
