"score"	"label"	"x0"	"y0"	"x1"	"y1"
0.5795335173606873	"man"	42.74742126464844	63.47711181640625	366.486328125	597.5216064453125
