"score"	"label"	"x0"	"y0"	"x1"	"y1"
0.30781733989715576	"man"	26.889404296875	82.92901611328125	554.6602783203125	394.0163269042969
