score	label	x0	y0	x1	y1
0.4706241488456726	man	354.3804016113281	212.94796752929688	449.3050231933594	376.5855407714844
0.4069410264492035	woman	318.9380798339844	90.96809387207033	385.3092346191406	285.585205078125
0.3964306712150574	man	268.6757507324219	217.85647583007812	361.0392761230469	367.9735412597656
0.3846072852611542	man	174.9204559326172	226.70584106445312	272.62384033203125	381.3825988769531
0.3109489977359772	woman	252.42982482910156	90.01252746582031	322.7445068359375	282.8758544921875
0.2721665203571319	man	186.3882598876953	100.96529388427734	275.01031494140625	279.8564147949219
