"score"	"label"	"x0"	"y0"	"x1"	"y1"
0.27620407938957214	"man"	403.85955810546875	162.27957153320312	501.2303466796875	357.8800354003906
0.2641626000404358	"man"	221.24349975585938	160.41307067871094	500.5546569824219	353.4356689453125
