"score"	"label"	"x0"	"y0"	"x1"	"y1"
0.3889540731906891	"woman"	0.249603271484375	0.11773681640625	483.7558288574219	394.1071472167969
