"score"	"label"	"x0"	"y0"	"x1"	"y1"
0.37213870882987976	"woman"	280.82073974609375	178.1474609375	339.57586669921875	291.5086975097656
0.32251641154289246	"woman man"	422.7933044433594	183.17349243164062	489.4800720214844	308.09454345703125
0.2734234929084778	"man"	423.24566650390625	183.5577850341797	488.7044677734375	307.9618225097656
0.2662527859210968	"man"	282.02569580078125	178.97146606445312	338.7984619140625	291.1373596191406
