"score"	"label"	"x0"	"y0"	"x1"	"y1"
0.37826839089393616	"man"	257.31744384765625	271.8676452636719	359.51544189453125	402.6958923339844
0.28217166662216187	"woman"	77.00904846191406	252.71591186523438	197.0514678955078	402.7729797363281
0.26045072078704834	"woman"	257.2666015625	271.68389892578125	359.57196044921875	402.50640869140625
