"score"	"label"	"x0"	"y0"	"x1"	"y1"
0.4025197923183441	"woman"	65.08491516113281	31.102813720703125	364.328125	598.6568603515625
0.258204847574234	"man"	66.00526428222656	31.9591064453125	363.21051025390625	599.0982055664062
