"score"	"label"	"x0"	"y0"	"x1"	"y1"
0.43738409876823425	"woman"	27.256851196289062	89.42024230957031	347.52227783203125	549.8701171875
0.371133029460907	"woman"	26.085479736328125	89.07000732421875	380.3763427734375	549.516845703125
