"score"	"label"	"x0"	"y0"	"x1"	"y1"
0.35620543360710144	"man"	184.36715698242188	363.38616943359375	291.23040771484375	484.01104736328125
0.37117689847946167	"man woman"	20.954486846923828	256.5079345703125	99.79013061523438	520.125
0.3835015594959259	"woman"	2.0959949493408203	274.97259521484375	57.57684326171875	517.449462890625
