"score"	"label"	"x0"	"y0"	"x1"	"y1"
0.2558005750179291	"w"	55.25401306152344	2.51019287109375	343.14166259765625	517.5267333984375
