"score"	"label"	"x0"	"y0"	"x1"	"y1"
0.5858068466186523	"man"	74.80000305175781	112.5085220336914	97.99496459960938	146.7344207763672
