score	label	x0	y0	x1	y1
0.3623464107513428	man	55.38810729980469	240.7319793701172	280.85882568359375	528.8095703125
