"score"	"label"	"x0"	"y0"	"x1"	"y1"
0.5303589105606079	"man"	202.83860778808594	102.68223571777344	320.4495849609375	466.16302490234375
0.42270389199256897	"woman"	6.306026458740234	6.5435791015625	78.29922485351562	354.9637145996094
0.32620885968208313	"woman"	202.36212158203125	102.27398681640625	320.65264892578125	465.904296875
