"score"	"label"	"x0"	"y0"	"x1"	"y1"
0.32020822167396545	"woman"	37.2496337890625	91.26626586914062	576.2806396484375	371.6369934082031
