"score"	"label"	"x0"	"y0"	"x1"	"y1"
0.35940122604370117	"m ; a ; n"	3.9310455322265625	54.8380126953125	385.87396240234375	549.1448974609375
