score	label	x0	y0	x1	y1
0.3545368611812591	man	240.0242462158203	241.92361450195312	252.6703338623047	264.0062255859375
0.3016053140163421	man	198.3122711181641	242.39825439453125	210.15184020996097	260.3222351074219
