score	label	x0	y0	x1	y1
0.3953177630901336	man	305.5439453125	204.06884765625	362.5994262695313	368.65478515625
0.391977995634079	man	0.0405502319335937	182.7706756591797	96.90258026123048	383.4742431640625
0.3825267553329468	man	78.82188415527344	193.16307067871097	182.6725311279297	382.7938232421875
0.3290137946605682	man	0.3445587158203125	183.73731994628903	363.6907958984375	382.398681640625
0.282585084438324	man	216.5	213.26980590820312	285.2484436035156	382.4604187011719
