"score"	"label"	"x0"	"y0"	"x1"	"y1"
0.2902701199054718	"m a"	524.763427734375	400.6385803222656	585.829833984375	438.9863586425781
