"score"	"label"	"x0"	"y0"	"x1"	"y1"
0.28094586730003357	"woman"	58.15583038330078	422.5611267089844	80.25389862060547	456.9234313964844
