"score"	"label"	"x0"	"y0"	"x1"	"y1"
0.45262300968170166	"woman"	3.4681396484375	1.3969573974609375	598.462890625	382.18218994140625
