"score"	"label"	"x0"	"y0"	"x1"	"y1"
0.8593363761901855	"woman"	92.3194808959961	93.14619445800781	235.21804809570312	561.41259765625
0.28526273369789124	"woman"	193.6138153076172	44.09423828125	340.69085693359375	559.4129638671875
