"score"	"label"	"x0"	"y0"	"x1"	"y1"
0.38067108392715454	"man woman"	27.134872436523438	49.10845947265625	377.5263671875	597.718994140625
0.3056384325027466	"man woman"	28.047821044921875	49.947296142578125	376.6799621582031	597.8077392578125
