"score"	"label"	"x0"	"y0"	"x1"	"y1"
0.436284601688385	"woman"	148.03662109375	109.52293395996094	586.0758056640625	597.1055297851562
0.43051645159721375	"man"	150.18382263183594	110.40281677246094	586.0761108398438	597.4025268554688
