"score"	"label"	"x0"	"y0"	"x1"	"y1"
0.4313940703868866	"m"	83.17010498046875	47.06877136230469	599.9347534179688	409.03167724609375
0.30578452348709106	"a n"	82.98297119140625	47.579864501953125	599.9246215820312	408.6966857910156
0.26552969217300415	"m"	83.14141845703125	47.67570495605469	599.5786743164062	408.52099609375
