score	label	x0	y0	x1	y1
0.541851818561554	woman	11.64239501953125	110.59584045410156	420.545166015625	595.9911499023438
