"score"	"label"	"x0"	"y0"	"x1"	"y1"
0.785591185092926	"woman"	19.529067993164062	262.24639892578125	169.40113830566406	548.0130004882812
0.6063645482063293	"woman"	121.33499908447266	224.45343017578125	285.53546142578125	547.8521728515625
