"score"	"label"	"x0"	"y0"	"x1"	"y1"
0.8536880612373352	"woman"	134.82183837890625	48.45671081542969	276.8720703125	358.35498046875
0.5280410051345825	"woman"	318.9940185546875	45.81135559082031	453.63836669921875	358.45709228515625
