"score"	"label"	"x0"	"y0"	"x1"	"y1"
0.2721272110939026	"m"	124.49575805664062	14.123443603515625	354.4129943847656	374.5368347167969
