"score"	"label"	"x0"	"y0"	"x1"	"y1"
0.25295621156692505	"w"	144.29049682617188	225.94723510742188	283.8172607421875	445.6907043457031
