"score"	"label"	"x0"	"y0"	"x1"	"y1"
0.4169127345085144	"man"	242.52578735351562	123.17765045166016	264.4211730957031	164.05322265625
0.2740389406681061	"man"	324.63323974609375	114.66526794433594	340.723876953125	154.9069366455078
0.25254562497138977	"man"	94.57278442382812	143.52804565429688	115.57785034179688	187.27947998046875
