"score"	"label"	"x0"	"y0"	"x1"	"y1"
0.4396224319934845	"man"	5.3144683837890625	103.50779724121094	223.40432739257812	388.980224609375
0.391475111246109	"man"	439.5074157714844	126.20339965820312	599.0361938476562	388.8264465332031
0.3228663504123688	"man"	343.3650207519531	150.38168334960938	422.1913757324219	251.9222412109375
0.2587886154651642	"man"	128.45936584472656	120.2348861694336	219.0918426513672	278.0378723144531
0.2936548888683319	"man"	284.9219970703125	145.48736572265625	334.6080322265625	240.75103759765625
0.2962462902069092	"man"	230.7595977783203	113.47691345214844	294.7474365234375	237.8002471923828
0.2559621036052704	"man"	533.5425415039062	127.39540100097656	599.2847290039062	231.01890563964844
