"score"	"label"	"x0"	"y0"	"x1"	"y1"
0.502738893032074	"man"	529.6019897460938	208.31942749023438	538.1951293945312	230.27777099609375
