"score"	"label"	"x0"	"y0"	"x1"	"y1"
0.4289037585258484	"man"	0.5238800048828125	35.33207702636719	403.08740234375	506.89422607421875
0.3114078938961029	"woman"	0.61505126953125	36.63880920410156	400.3910827636719	506.2183837890625
