"score"	"label"	"x0"	"y0"	"x1"	"y1"
0.41788384318351746	"woman"	69.04344940185547	226.1045379638672	104.58878326416016	296.57958984375
0.2549501359462738	"woman"	160.42274475097656	216.4044647216797	183.6915740966797	279.92547607421875
0.2922826409339905	"man"	69.84991455078125	226.86619567871094	104.08442687988281	296.10125732421875
