score	label	x0	y0	x1	y1
0.5689247846603394	woman	28.501989364624023	116.58132934570312	84.30522918701172	181.23046875
0.4123802185058594	woman	285.37109375	124.33541107177734	330.94085693359375	181.32504272460935
