"score"	"label"	"x0"	"y0"	"x1"	"y1"
0.4583857655525207	"man"	462.97314453125	242.9293670654297	475.2967529296875	275.652099609375
