"score"	"label"	"x0"	"y0"	"x1"	"y1"
0.38020867109298706	"woman"	88.12000274658203	235.71209716796875	335.93865966796875	423.61956787109375
0.3448353111743927	"woman"	123.15348052978516	237.810302734375	332.9060974121094	420.609130859375
