"score"	"label"	"x0"	"y0"	"x1"	"y1"
0.455912321805954	"man"	2.3147048950195312	279.9569091796875	177.37176513671875	578.9860229492188
