"score"	"label"	"x0"	"y0"	"x1"	"y1"
0.27330008149147034	"woman"	1.1226806640625	2.2709808349609375	595.7759399414062	408.74383544921875
