"score"	"label"	"x0"	"y0"	"x1"	"y1"
0.301091730594635	"woman"	364.7159423828125	209.3202667236328	510.4224853515625	441.05694580078125
0.26355451345443726	"woman"	256.6810607910156	181.8744659423828	363.1430358886719	379.29217529296875
0.26220446825027466	"woman"	122.55877685546875	176.7408447265625	195.24655151367188	264.50933837890625
0.28095829486846924	"woman"	143.93075561523438	214.80203247070312	275.1485290527344	440.9265441894531
0.2690862715244293	"woman"	364.6141052246094	209.62078857421875	510.1505432128906	389.0426025390625
