score	label	x0	y0	x1	y1
0.4652625918388366	woman	577.135986328125	157.64404296875	599.9989013671875	284.4329528808594
0.352603405714035	woman man	27.969390869140625	152.15902709960938	166.49600219726562	326.26361083984375
0.2563292682170868	man	106.54412841796876	158.3770751953125	220.98989868164065	314.1163330078125
