"score"	"label"	"x0"	"y0"	"x1"	"y1"
0.7671903371810913	"man"	137.85797119140625	58.540618896484375	305.1820983886719	582.640380859375
