"score"	"label"	"x0"	"y0"	"x1"	"y1"
0.4719837009906769	"man"	289.8419189453125	318.6062927246094	325.175537109375	354.1022644042969
0.390964537858963	"woman"	290.2217102050781	318.7174072265625	322.8159484863281	353.35546875
0.2708284556865692	"woman"	291.078125	318.752197265625	321.4097900390625	352.73052978515625
0.2586003243923187	"woman"	289.7314758300781	318.646240234375	326.9551086425781	354.51776123046875
