"score"	"label"	"x0"	"y0"	"x1"	"y1"
0.5001928210258484	"man"	79.90335083007812	312.3581237792969	93.81671142578124	335.5304260253906
