"score"	"label"	"x0"	"y0"	"x1"	"y1"
0.3120865821838379	"man"	454.5187377929687	377.1652221679687	599.2144165039062	453.06158447265625
