"score"	"label"	"x0"	"y0"	"x1"	"y1"
0.2592663168907165	"woman"	8.49481201171875	1.5716400146484375	551.3543701171875	429.724609375
