"score"	"label"	"x0"	"y0"	"x1"	"y1"
0.2875245213508606	"; a ; n"	30.811065673828125	88.18533325195312	587.5499267578125	356.7998962402344
