"score"	"label"	"x0"	"y0"	"x1"	"y1"
0.3559995889663696	"woman"	141.4781036376953	127.44712829589844	259.8702087402344	338.884033203125
0.3447341620922088	"man"	209.3184509277344	96.1660614013672	252.47122192382812	193.71226501464844
