score	label	x0	y0	x1	y1
0.5788675546646118	man	79.227783203125	78.59848022460938	417.8048706054687	597.2388916015625
