"score"	"label"	"x0"	"y0"	"x1"	"y1"
0.3591458201408386	"woman"	251.3097686767578	129.84133911132812	288.285400390625	180.40383911132812
