score	label	x0	y0	x1	y1
0.3959715664386749	man	335.5735168457031	160.21755981445312	412.6277160644531	253.9076232910156
0.3381602764129638	man	335.0544128417969	159.83984375	413.3185119628906	550.0360107421875
0.3069280087947845	woman	153.61936950683594	172.9071502685547	197.7055206298828	234.7132110595703
