"score"	"label"	"x0"	"y0"	"x1"	"y1"
0.3936775028705597	"man"	132.21279907226562	472.3907165527344	146.8048095703125	500.2781066894531
0.4705103039741516	"woman"	132.37408447265625	472.6889953613281	146.627685546875	500.2143249511719
