score	label	x0	y0	x1	y1
0.4633919298648834	man	203.93324279785156	148.9172821044922	275.34844970703125	347.04095458984375
0.4030615091323852	woman	330.7652893066406	140.5552978515625	426.4162292480469	342.39666748046875
0.366792768239975	woman	60.67258834838867	146.04595947265625	133.323974609375	343.61956787109375
0.3576174676418304	woman	410.840576171875	123.01624298095705	488.0032958984375	342.4856262207031
0.3575735986232757	woman	128.28756713867188	157.82022094726562	201.2056884765625	348.1683654785156
0.355474442243576	woman	0.1142768859863281	138.65234375	71.98175048828125	346.0587463378906
0.3328309953212738	woman	276.6834716796875	152.0328369140625	351.1590576171875	344.4254150390625
