"score"	"label"	"x0"	"y0"	"x1"	"y1"
0.8627429008483887	"woman"	35.98484802246094	123.61994934082031	301.0433349609375	541.3658447265625
