"score"	"label"	"x0"	"y0"	"x1"	"y1"
0.2694498598575592	"woman"	549.6312255859375	262.7922668457031	558.2978515625	278.2242736816406
