"score"	"label"	"x0"	"y0"	"x1"	"y1"
0.33365190029144287	"m"	102.93850708007812	257.31890869140625	223.83212280273438	541.9146118164062
0.2652982175350189	"a"	102.79432678222656	257.29852294921875	223.94203186035156	541.8529052734375
