score	label	x0	y0	x1	y1
0.345734179019928	woman	2.156341552734375	0.51788330078125	448.2820434570313	592.1719360351562
