"score"	"label"	"x0"	"y0"	"x1"	"y1"
0.28087127208709717	"w"	200.3917236328125	226.91275024414062	357.0386962890625	534.774658203125
