"score"	"label"	"x0"	"y0"	"x1"	"y1"
0.4664393663406372	"man"	299.542724609375	170.491943359375	362.580078125	374.6911010742187
0.2743663787841797	"woman"	18.55425453186035	186.5398712158203	59.22926330566406	324.1075439453125
