"score"	"label"	"x0"	"y0"	"x1"	"y1"
0.8234843611717224	"man"	2.5243072509765625	96.49783325195312	331.26312255859375	548.4405517578125
