score	label	x0	y0	x1	y1
0.250509649515152	woman	236.9854431152344	183.96267700195312	261.1175231933594	221.13104248046875
