score	label	x0	y0	x1	y1
0.3648702502250671	man	548.2440185546875	375.6607971191406	563.54052734375	415.9928894042969
