"score"	"label"	"x0"	"y0"	"x1"	"y1"
0.8164350986480713	"man"	95.53236389160156	336.679931640625	104.13330078125	358.95989990234375
