"score"	"label"	"x0"	"y0"	"x1"	"y1"
0.349569708108902	"m ; a ; n"	195.96917724609375	65.35662841796875	335.58367919921875	516.7562866210938
