score	label	x0	y0	x1	y1
0.3694306015968323	woman	270.6083984375	376.89508056640625	287.75054931640625	420.5216064453125
0.289920836687088	woman	68.17228698730469	354.2329406738281	86.291748046875	397.1017150878906
