"score"	"label"	"x0"	"y0"	"x1"	"y1"
0.45860961079597473	"woman"	530.3623657226562	322.8404541015625	548.4423217773438	343.33740234375
0.3971293568611145	"man"	530.6744384765625	323.2104187011719	548.139892578125	343.1154479980469
