"score"	"label"	"x0"	"y0"	"x1"	"y1"
0.35630571842193604	"man"	244.85903930664062	167.56436157226562	321.5276794433594	312.2724914550781
0.34496238827705383	"man"	442.5362548828125	79.73139953613281	536.62890625	273.64312744140625
0.3760799765586853	"man"	336.399658203125	227.37655639648438	455.96466064453125	337.6445007324219
0.31101182103157043	"man"	106.84994506835938	143.60025024414062	178.68496704101562	268.99578857421875
0.2809024453163147	"man"	0.13998794555664062	196.02223205566406	99.82594299316406	362.81683349609375
