"score"	"label"	"x0"	"y0"	"x1"	"y1"
0.5600568056106567	"woman"	86.2857666015625	40.95268249511719	365.34765625	421.4138793945313
0.5097602605819702	"man"	311.3142395019531	26.939422607421875	565.7310180664062	419.9393615722656
0.2532932758331299	"woman"	85.24197387695312	26.916275024414062	565.7474365234375	419.9177856445313
