"score"	"label"	"x0"	"y0"	"x1"	"y1"
0.2951323986053467	"w o"	47.968658447265625	2.55975341796875	573.61279296875	425.3453369140625
0.26746299862861633	"w o"	47.449554443359375	2.8426971435546875	573.7005615234375	425.34619140625
