"score"	"label"	"x0"	"y0"	"x1"	"y1"
0.4239047169685364	"woman"	129.75311279296875	252.41571044921875	148.3544921875	289.9371337890625
0.3631748855113983	"woman"	93.3224105834961	248.7150421142578	111.26557159423828	296.11993408203125
0.31947460770606995	"man"	93.56320190429688	248.8398895263672	111.09329223632812	296.00286865234375
0.2586027681827545	"woman"	93.49523162841797	248.51113891601562	111.1482925415039	296.2071838378906
0.44040971994400024	"man"	129.93838500976562	252.7267608642578	148.18936157226562	289.6693420410156
0.286464124917984	"woman"	129.93350219726562	252.85243225097656	148.09844970703125	289.6485290527344
