"score"	"label"	"x0"	"y0"	"x1"	"y1"
0.2672969698905945	"woman"	381.7906799316406	305.31005859375	414.0992736816406	348.893310546875
0.2625207304954529	"woman"	74.59126281738281	74.44953918457031	489.23681640625	367.75872802734375
