score	label	x0	y0	x1	y1
0.4260155856609344	man	195.99679565429688	134.25440979003906	217.64508056640625	212.2057342529297
