"score"	"label"	"x0"	"y0"	"x1"	"y1"
0.2956454157829284	"man"	522.66748046875	214.5094451904297	581.3404541015625	295.4812316894531
