"score"	"label"	"x0"	"y0"	"x1"	"y1"
0.3101397752761841	"m ; a ;"	97.38922119140625	68.21633911132812	370.47705078125	355.82269287109375
