"score"	"label"	"x0"	"y0"	"x1"	"y1"
0.5609305500984192	"man"	19.93226623535156	91.23838806152344	367.4288940429687	545.18603515625
