"score"	"label"	"x0"	"y0"	"x1"	"y1"
0.3428198993206024	"man"	262.63720703125	325.13323974609375	280.85906982421875	354.48406982421875
