"score"	"label"	"x0"	"y0"	"x1"	"y1"
0.2538277208805084	"man"	117.17276000976562	154.4799041748047	542.9285888671875	342.650390625
