"score"	"label"	"x0"	"y0"	"x1"	"y1"
0.2951033413410187	"woman"	31.456634521484375	133.58534240722656	570.9935302734375	306.03350830078125
