"score"	"label"	"x0"	"y0"	"x1"	"y1"
0.25450512766838074	"a"	336.98284912109375	198.8118896484375	599.4429321289062	269.0751953125
