"score"	"label"	"x0"	"y0"	"x1"	"y1"
0.35539641976356506	"man"	244.23785400390625	321.1529235839844	263.49090576171875	349.5459289550781
0.37092188000679016	"woman"	244.62042236328125	321.3448486328125	263.3027648925781	349.542236328125
