"score"	"label"	"x0"	"y0"	"x1"	"y1"
0.34139111638069153	"man"	60.52015686035156	87.95703887939453	315.26849365234375	280.40289306640625
0.2719743251800537	"man"	294.61187744140625	89.16202545166016	468.66204833984375	277.12353515625
0.2914603054523468	"man"	419.8895568847656	104.40775299072266	527.498291015625	269.2637634277344
0.29655465483665466	"woman"	60.472877502441406	87.90357208251953	316.0637512207031	280.4476013183594
0.25401437282562256	"woman"	419.8323974609375	104.46810913085938	527.43115234375	269.3044738769531
0.2758583426475525	"man"	21.314697265625	84.81861114501953	578.5120239257812	280.52569580078125
0.2634388208389282	"woman"	110.58230590820312	90.32421112060547	314.2469482421875	278.893310546875
