"score"	"label"	"x0"	"y0"	"x1"	"y1"
0.9260593056678772	"man"	123.05311584472656	107.25735473632812	334.0841064453125	598.31494140625
