"score"	"label"	"x0"	"y0"	"x1"	"y1"
0.44727420806884766	"woman"	19.905624389648438	128.60269165039062	277.7518310546875	353.8127746582031
0.2726302146911621	"woman"	6.4626617431640625	128.49395751953125	377.00787353515625	354.153076171875
