"score"	"label"	"x0"	"y0"	"x1"	"y1"
0.32866019010543823	"woman"	505.5481872558594	244.32156372070312	524.8978881835938	280.0799865722656
