"score"	"label"	"x0"	"y0"	"x1"	"y1"
0.28763705492019653	"man"	0.08785629272460938	163.9228973388672	74.01179504394531	292.54669189453125
