"score"	"label"	"x0"	"y0"	"x1"	"y1"
0.40283748507499695	"m"	108.87223815917969	18.22198486328125	285.8583984375	542.7766723632812
0.2825573980808258	"a n"	108.95886993408203	18.271026611328125	285.8336181640625	542.581787109375
