"score"	"label"	"x0"	"y0"	"x1"	"y1"
0.3842784166336059	"man"	578.3688354492188	142.82571411132812	599.1227416992188	178.8447265625
0.2680853307247162	"man"	576.3849487304688	131.0486297607422	599.1382446289062	194.02064514160156
