"score"	"label"	"x0"	"y0"	"x1"	"y1"
0.3360627293586731	"m ; a ; n"	239.4139404296875	417.6054382324219	307.3438720703125	515.9265747070312
