"score"	"label"	"x0"	"y0"	"x1"	"y1"
0.4144699275493622	"man woman"	43.09529113769531	121.02314758300781	371.8414306640625	597.8408813476562
0.31960323452949524	"man"	42.73875427246094	121.06410217285156	372.6412353515625	597.5736694335938
