"score"	"label"	"x0"	"y0"	"x1"	"y1"
0.2784070670604706	"woman"	0.1419377326965332	313.3273010253906	10.87237548828125	363.8497009277344
