"score"	"label"	"x0"	"y0"	"x1"	"y1"
0.5612800121307373	"woman"	66.62544250488281	140.06263732910156	248.7839508056641	528.640380859375
