"score"	"label"	"x0"	"y0"	"x1"	"y1"
0.2502578794956207	"a"	4.277435302734375	2.8453216552734375	596.8424072265625	394.7972412109375
