"score"	"label"	"x0"	"y0"	"x1"	"y1"
0.32317081093788147	"man"	246.50193786621094	293.91265869140625	272.37835693359375	344.0909423828125
0.2720659673213959	"man"	199.27609252929688	289.3165283203125	222.04159545898438	346.014404296875
0.2526383697986603	"woman"	246.73634338378906	293.9333190917969	272.1127014160156	344.0191345214844
