"score"	"label"	"x0"	"y0"	"x1"	"y1"
0.39436769485473633	"man"	258.3584289550781	76.37115478515625	340.8570251464844	378.6912841796875
0.4019154906272888	"man"	94.05116271972656	90.55485534667969	181.0465545654297	378.09954833984375
0.36352571845054626	"man"	407.1671142578125	101.21192932128906	494.8013916015625	381.420166015625
0.35040226578712463	"man"	171.41275024414062	80.54771423339844	257.8851013183594	375.15338134765625
0.28831911087036133	"man"	333.8642578125	127.46381378173828	410.63671875	378.29150390625
