"score"	"label"	"x0"	"y0"	"x1"	"y1"
0.2757968008518219	"man"	376.4404602050781	357.00494384765625	401.3552551269531	391.209716796875
0.29178375005722046	"woman"	377.2577209472656	357.99444580078125	401.0510559082031	390.62677001953125
