"score"	"label"	"x0"	"y0"	"x1"	"y1"
0.545974850654602	"woman"	0.0602264404296875	75.51325988769531	373.98724365234375	549.6195068359375
