"score"	"label"	"x0"	"y0"	"x1"	"y1"
0.30795028805732727	"woman"	6.401925086975098	273.3412780761719	22.72881317138672	298.3737487792969
0.26884984970092773	"woman"	0.1380615234375	0.1937103271484375	600.1063842773438	391.1981201171875
