"score"	"label"	"x0"	"y0"	"x1"	"y1"
0.8881168365478516	"woman"	42.74897766113281	64.756591796875	365.3299560546875	598.5839233398438
