score	label	x0	y0	x1	y1
0.3302363455295563	woman	12.561309814453123	144.49371337890625	580.545166015625	275.1690368652344
