"score"	"label"	"x0"	"y0"	"x1"	"y1"
0.2974415123462677	"m ; a ; n"	1.371246337890625	7.34271240234375	598.80517578125	594.5801391601562
