score	label	x0	y0	x1	y1
0.4510371088981628	man	65.9202880859375	31.415557861328125	363.6856384277344	598.5599365234375
