score	label	x0	y0	x1	y1
0.4140882194042206	man	152.58065795898438	179.2292022705078	300.9115905761719	515.9098510742188
0.2729308009147644	woman	344.3240661621094	230.42193603515625	392.1092224121094	372.5594482421875
