"score"	"label"	"x0"	"y0"	"x1"	"y1"
0.3192866146564483	"man"	303.233642578125	126.90406036376952	562.9107055664062	382.3888549804687
0.2824559211730957	"man"	9.738250732421877	127.22810363769533	256.8289794921875	383.3326416015625
