"score"	"label"	"x0"	"y0"	"x1"	"y1"
0.5491451025009155	"woman"	197.778564453125	64.48548889160156	291.4156188964844	366.0487060546875
0.33945050835609436	"woman"	258.7998962402344	72.48240661621094	321.9162902832031	366.8248291015625
0.30584681034088135	"woman"	452.7102355957031	95.70982360839844	548.9857177734375	369.45263671875
0.2590925395488739	"woman"	403.3074645996094	102.27536010742188	477.9118957519531	363.0687255859375
0.4256385564804077	"man"	151.96128845214844	70.55335998535156	222.19493103027344	365.43878173828125
