"score"	"label"	"x0"	"y0"	"x1"	"y1"
0.4971894323825836	"woman"	16.1414794921875	58.32167053222656	380.2891845703125	549.1175537109375
