"score"	"label"	"x0"	"y0"	"x1"	"y1"
0.3519717752933502	"man"	157.34547424316406	377.31597900390625	179.47584533691406	435.33209228515625
0.30088892579078674	"man"	215.9166259765625	407.6763610839844	240.65231323242188	435.9859313964844
0.2738451361656189	"man"	140.79080200195312	374.2172546386719	179.56289672851562	435.4133605957031
0.4129629135131836	"woman"	141.18014526367188	386.04864501953125	164.99349975585938	435.46136474609375
