"score"	"label"	"x0"	"y0"	"x1"	"y1"
0.3212319314479828	"man"	79.30972290039062	36.14982604980469	537.4761962890625	421.63641357421875
0.27547013759613037	"woman"	81.20378112792969	36.97978210449219	537.2156982421875	419.96337890625
