"score"	"label"	"x0"	"y0"	"x1"	"y1"
0.2649171054363251	"man"	458.015380859375	152.29888916015625	513.167724609375	236.69784545898438
