score	label	x0	y0	x1	y1
0.4987854063510895	man	219.40505981445312	104.42080688476562	310.6464538574219	377.5211486816406
