"score"	"label"	"x0"	"y0"	"x1"	"y1"
0.266737699508667	"a"	97.48057556152344	201.136962890625	245.01722717285156	387.359375
0.2651711702346802	"a"	278.9486999511719	186.54306030273438	398.1056823730469	344.5000305175781
