"score"	"label"	"x0"	"y0"	"x1"	"y1"
0.2763243317604065	"a ;"	5.146087646484375	5.2301025390625	596.82763671875	385.2225341796875
