"score"	"label"	"x0"	"y0"	"x1"	"y1"
0.2894101142883301	"man"	16.712759017944336	303.9683837890625	25.2755184173584	316.823974609375
