"score"	"label"	"x0"	"y0"	"x1"	"y1"
0.654983401298523	"man"	288.5549621582031	14.808624267578123	598.159423828125	400.32818603515625
0.5194147825241089	"woman"	1.3470916748046875	52.96141052246094	303.7052001953125	400.3142700195313
