"score"	"label"	"x0"	"y0"	"x1"	"y1"
0.8246225118637085	"woman"	290.1322021484375	156.7253875732422	444.93182373046875	425.6231689453125
