"score"	"label"	"x0"	"y0"	"x1"	"y1"
0.3694049417972564	"woman"	0.5432472229003906	0.1910552978515625	76.31561279296875	69.46920013427734
