score	label	x0	y0	x1	y1
0.3750707507133484	man	12.814651489257812	23.00189208984375	479.37884521484375	564.0653686523438
0.2539009153842926	man	250.83685302734375	26.155731201171875	470.2862548828125	558.8338623046875
