"score"	"label"	"x0"	"y0"	"x1"	"y1"
0.561722993850708	"man"	212.0194854736328	409.92449951171875	235.07447814941406	433.0882568359375
0.31141752004623413	"woman"	212.55003356933594	410.45416259765625	234.77040100097656	432.7894287109375
