"score"	"label"	"x0"	"y0"	"x1"	"y1"
0.26019126176834106	"a"	60.05903625488281	136.9873046875	269.08697509765625	284.96954345703125
