score	label	x0	y0	x1	y1
0.4947897493839264	man	186.89724731445312	35.00135803222656	324.7969665527344	310.61236572265625
0.4722296297550201	woman	51.72102355957031	85.4178695678711	252.90269470214844	301.0718688964844
