"score"	"label"	"x0"	"y0"	"x1"	"y1"
0.2893107831478119	"woman"	199.23916625976562	263.30731201171875	242.20236206054688	372.72369384765625
0.35015711188316345	"woman"	421.3542175292969	277.5216369628906	465.8661804199219	368.6056823730469
0.2872749865055084	"woman"	489.1120300292969	305.4786376953125	530.7725219726562	392.736083984375
