"score"	"label"	"x0"	"y0"	"x1"	"y1"
0.5036692023277283	"woman"	261.7623291015625	171.64938354492188	353.9659423828125	381.9214172363281
0.5067146420478821	"woman"	193.61334228515625	161.30337524414062	277.2781982421875	381.9809875488281
