"score"	"label"	"x0"	"y0"	"x1"	"y1"
0.6699868440628052	"woman"	261.733642578125	154.73451232910156	401.30877685546875	417.30120849609375
0.2880977988243103	"man"	262.5440673828125	155.451171875	400.16046142578125	417.59820556640625
