score	label	x0	y0	x1	y1
0.4977976381778717	woman	121.93742370605467	106.2880859375	335.17437744140625	597.12744140625
