"score"	"label"	"x0"	"y0"	"x1"	"y1"
0.8078798055648804	"woman"	291.84930419921875	237.4829864501953	328.8624267578125	347.13519287109375
