"score"	"label"	"x0"	"y0"	"x1"	"y1"
0.2815324068069458	"woman"	272.6805419921875	240.94261169433594	277.3448486328125	253.54991149902344
0.2843884229660034	"woman"	282.6795959472656	241.87994384765625	287.8120422363281	253.28839111328125
0.2764354646205902	"woman"	280.14593505859375	235.19886779785156	284.91180419921875	245.92921447753906
