"score"	"label"	"x0"	"y0"	"x1"	"y1"
0.34104281663894653	"man"	388.2318115234375	193.02920532226562	411.6224365234375	248.48974609375
0.3656618893146515	"woman"	388.2383728027344	192.96322631835938	411.5969543457031	248.47128295898438
0.2754010260105133	"man"	456.60418701171875	191.84603881835938	481.309814453125	248.34262084960938
0.25216391682624817	"woman"	388.1529235839844	193.01177978515625	411.6899719238281	248.41012573242188
