"score"	"label"	"x0"	"y0"	"x1"	"y1"
0.40476784110069275	"m"	34.572113037109375	50.05192565917969	598.0372314453125	358.4345703125
0.2985421121120453	"a n"	34.462249755859375	50.766571044921875	597.9627685546875	358.3556213378906
