"score"	"label"	"x0"	"y0"	"x1"	"y1"
0.33130979537963867	"woman"	102.85017395019531	38.539154052734375	257.24957275390625	280.2406311035156
0.3105359971523285	"woman"	102.29398345947266	38.29901123046875	257.8826904296875	538.366943359375
