"score"	"label"	"x0"	"y0"	"x1"	"y1"
0.9338778257369995	"woman"	135.83172607421875	26.427032470703125	301.6775817871094	573.057373046875
