"score"	"label"	"x0"	"y0"	"x1"	"y1"
0.3336540758609772	"woman"	271.8446350097656	196.8885498046875	398.7821350097656	393.1012573242187
0.2664185762405395	"man"	290.2009582519531	197.42967224121097	538.1982421875	394.6320190429687
