"score"	"label"	"x0"	"y0"	"x1"	"y1"
0.324571818113327	"man"	274.97064208984375	49.95500946044922	323.90673828125	113.31127166748047
0.30503049492836	"woman"	275.2510070800781	50.13554763793945	323.5046691894531	112.96026611328125
