"score"	"label"	"x0"	"y0"	"x1"	"y1"
0.5748114585876465	"man"	338.7201843261719	173.440673828125	401.3262634277344	354.01165771484375
0.5740616321563721	"woman"	264.0810852050781	201.01214599609375	319.0973815917969	356.95770263671875
0.2957325279712677	"woman"	222.90167236328125	202.475341796875	266.8787536621094	351.34490966796875
0.2602209746837616	"man"	149.2241668701172	196.71630859375	199.4992828369141	340.13555908203125
