"score"	"label"	"x0"	"y0"	"x1"	"y1"
0.8434024453163147	"man"	0.7784576416015625	52.9049072265625	392.91937255859375	599.335205078125
