"score"	"label"	"x0"	"y0"	"x1"	"y1"
0.3206181526184082	"m ; a ; n"	116.25265502929688	153.4021759033203	544.057373046875	344.00927734375
