"score"	"label"	"x0"	"y0"	"x1"	"y1"
0.2583364248275757	"a"	4.625823974609375	134.4451904296875	597.9388427734375	272.579345703125
