"score"	"label"	"x0"	"y0"	"x1"	"y1"
0.5620278120040894	"man"	276.87884521484375	203.50732421875	333.2681884765625	347.6051025390625
0.433235615491867	"woman"	229.7981719970703	209.46229553222656	279.9048156738281	362.6251831054687
0.4268478155136108	"woman"	198.302734375	257.1352844238281	238.99801635742188	371.3359069824219
0.3277695477008819	"man"	329.7115783691406	216.65933227539065	397.5559997558594	376.7936706542969
0.3124546110630035	"man"	399.5941162109375	223.4634704589844	451.36077880859375	381.0376892089844
