"score"	"label"	"x0"	"y0"	"x1"	"y1"
0.6070395708084106	"man"	446.8004455566406	49.000755310058594	505.0200500488281	242.64675903320312
