"score"	"label"	"x0"	"y0"	"x1"	"y1"
0.6288434267044067	"man"	1.0695953369140625	88.55503845214844	340.718017578125	547.3285522460938
