"score"	"label"	"x0"	"y0"	"x1"	"y1"
0.32942941784858704	"m a"	28.80218505859375	1.183685302734375	455.45916748046875	597.65380859375
