"score"	"label"	"x0"	"y0"	"x1"	"y1"
0.4653845727443695	"woman"	325.39959716796875	247.3722381591797	345.34576416015625	277.15057373046875
0.2940650284290313	"man"	327.7248840332031	248.00405883789065	338.1252746582031	275.9954528808594
