"score"	"label"	"x0"	"y0"	"x1"	"y1"
0.2769731879234314	"woman"	375.94921875	353.3791198730469	391.55145263671875	375.4126281738281
0.2713138461112976	"woman"	415.755615234375	351.0669250488281	435.31072998046875	377.3512268066406
0.26203158497810364	"man"	416.0350341796875	351.3480529785156	435.07318115234375	377.2558898925781
