"score"	"label"	"x0"	"y0"	"x1"	"y1"
0.4048982858657837	"m"	0.7860565185546875	104.41909790039062	378.92242431640625	549.815673828125
0.30317196249961853	"a"	0.79888916015625	104.52764892578125	379.05340576171875	549.9069213867188
