score	label	x0	y0	x1	y1
0.4196689426898956	man	29.267086029052734	228.7337646484375	103.60406494140624	445.8258056640625
0.3240168988704681	woman	92.46614074707033	233.83587646484375	163.077880859375	329.62054443359375
