"score"	"label"	"x0"	"y0"	"x1"	"y1"
0.2658954262733459	"woman"	138.07821655273438	148.2793731689453	152.71157836914062	170.9720916748047
