"score"	"label"	"x0"	"y0"	"x1"	"y1"
0.32166120409965515	"m ; a ; n"	172.68850708007812	91.16612243652344	426.4728698730469	596.7889404296875
