"score"	"label"	"x0"	"y0"	"x1"	"y1"
0.3123282492160797	"m ; a ; n"	44.199676513671875	89.206787109375	239.00897216796875	461.84783935546875
