"score"	"label"	"x0"	"y0"	"x1"	"y1"
0.49519166350364685	"man"	589.5717163085938	147.7469940185547	596.7673950195312	165.51560974121094
