"score"	"label"	"x0"	"y0"	"x1"	"y1"
0.3220243752002716	"woman"	4.675811767578125	68.26510620117188	594.518798828125	342.9024353027344
0.3600875437259674	"woman"	238.70651245117188	232.751220703125	308.3882751464844	343.0079345703125
0.3295486569404602	"woman"	514.1038208007812	186.81854248046875	583.7689819335938	338.12945556640625
0.3308238983154297	"woman"	457.58782958984375	193.83834838867188	518.5778198242188	332.4543151855469
0.25460997223854065	"woman"	8.875667572021484	241.66949462890625	129.7451934814453	342.72906494140625
0.3729783892631531	"man"	8.878021240234375	241.69863891601562	129.89462280273438	342.7995910644531
0.27223533391952515	"man"	129.25247192382812	238.3345489501953	198.00015258789062	340.6392822265625
0.4594517648220062	"man"	291.50592041015625	232.88133239746094	364.6832275390625	338.861572265625
0.3612715005874634	"man"	347.77679443359375	239.86070251464844	431.572509765625	340.0687255859375
