"score"	"label"	"x0"	"y0"	"x1"	"y1"
0.6272074580192566	"man"	303.27618408203125	102.50804901123048	360.7532958984375	305.5699462890625
0.4481546878814697	"woman"	211.0196228027344	6.2203826904296875	258.0197448730469	120.2798080444336
