"score"	"label"	"x0"	"y0"	"x1"	"y1"
0.5689613223075867	"woman"	134.021240234375	47.15850830078125	278.0771789550781	364.0673522949219
0.2654847502708435	"woman"	318.3540954589844	44.81733703613281	453.7635192871094	358.94757080078125
0.5217635035514832	"man"	318.35711669921875	45.103851318359375	453.81463623046875	358.92193603515625
