"score"	"label"	"x0"	"y0"	"x1"	"y1"
0.2894192039966583	"m"	150.06842041015625	48.53533935546875	337.6739196777344	546.5989990234375
