"score"	"label"	"x0"	"y0"	"x1"	"y1"
0.7700033783912659	"woman"	260.0572814941406	255.0762939453125	306.1667175292969	352.6405029296875
