"score"	"label"	"x0"	"y0"	"x1"	"y1"
0.26343074440956116	"woman"	92.2994155883789	126.15354919433594	146.80291748046875	219.79505920410156
0.38400718569755554	"woman"	38.208404541015625	101.12519836425781	566.6031494140625	359.44403076171875
