"score"	"label"	"x0"	"y0"	"x1"	"y1"
0.374641478061676	"m"	1.50909423828125	0.6593170166015625	598.0166015625	422.18389892578125
