score	label	x0	y0	x1	y1
0.4948833882808685	man	190.03668212890625	149.11459350585938	468.6531372070313	599.627685546875
0.3776047527790069	woman	459.41748046875	371.0995178222656	544.1519775390625	599.8856201171875
