score	label	x0	y0	x1	y1
0.5815213918685913	man	79.88687133789062	132.1707000732422	163.17242431640625	482.3529052734375
0.5092450380325317	woman	179.95767211914062	129.54376220703125	326.7047424316406	413.17144775390625
