score	label	x0	y0	x1	y1
0.6103513836860657	man	207.02322387695312	30.51220703125	363.1622619628906	544.017578125
0.4881224036216736	woman	61.13410186767578	41.980255126953125	229.05642700195312	535.384033203125
