"score"	"label"	"x0"	"y0"	"x1"	"y1"
0.3392433822154999	"man"	471.1609497070313	21.126800537109375	566.0679321289062	551.2645263671875
