"score"	"label"	"x0"	"y0"	"x1"	"y1"
0.32220613956451416	"man"	57.55339431762695	243.48385620117188	130.19761657714844	401.8364562988281
0.3178550899028778	"man"	154.6619873046875	233.86227416992188	223.94293212890625	399.0942687988281
0.2736968696117401	"woman"	456.4895935058594	253.23341369628906	526.6029052734375	405.03839111328125
