"score"	"label"	"x0"	"y0"	"x1"	"y1"
0.3390065133571625	"m ; a ; n"	3.3960418701171875	60.447967529296875	375.44586181640625	597.458251953125
