"score"	"label"	"x0"	"y0"	"x1"	"y1"
0.2653095722198486	"man"	235.7337646484375	264.9291076660156	250.404052734375	293.7383117675781
