"score"	"label"	"x0"	"y0"	"x1"	"y1"
0.27333781123161316	"m a"	2.81072998046875	1.2851104736328125	598.3519287109375	387.93609619140625
