"score"	"label"	"x0"	"y0"	"x1"	"y1"
0.9545507431030273	"woman"	190.3531494140625	171.96975708007812	302.92498779296875	501.7635192871094
