"score"	"label"	"x0"	"y0"	"x1"	"y1"
0.6434287428855896	"man"	258.7227478027344	254.2335662841797	309.3013000488281	352.9432373046875
0.3096567988395691	"woman"	308.6419677734375	280.8211975097656	337.96051025390625	315.1749572753906
