"score"	"label"	"x0"	"y0"	"x1"	"y1"
0.3911685645580292	"man"	100.04277038574219	119.08857727050781	220.6868133544922	378.01873779296875
0.3082975149154663	"man"	45.22975540161133	21.980300903320312	138.4006805419922	312.19281005859375
0.30080217123031616	"man"	107.55455017089844	183.64031982421875	273.9420166015625	395.07696533203125
0.26683470606803894	"man"	123.27005004882812	36.374046325683594	201.5767822265625	174.16287231445312
