"score"	"label"	"x0"	"y0"	"x1"	"y1"
0.6235619187355042	"woman"	7.0823211669921875	151.21636962890625	310.8270263671875	596.094482421875
0.5451629757881165	"woman"	203.60928344726562	122.28245544433594	421.5016174316406	597.6586303710938
