"score"	"label"	"x0"	"y0"	"x1"	"y1"
0.2917997241020202	"woman"	447.93792724609375	199.93701171875	468.8307495117187	245.98419189453125
