"score"	"label"	"x0"	"y0"	"x1"	"y1"
0.4823198914527893	"man"	51.04237747192383	408.37969970703125	83.51945495605469	475.1217041015625
0.29319581389427185	"woman"	51.27897262573242	411.26593017578125	82.97785949707031	474.89862060546875
0.257096529006958	"woman"	151.2159881591797	385.7676696777344	188.29429626464844	445.8919372558594
0.2590833008289337	"woman"	150.57864379882812	385.5486755371094	198.635986328125	451.4872131347656
