"score"	"label"	"x0"	"y0"	"x1"	"y1"
0.2922320067882538	"woman"	21.07929801940918	193.24447631835938	40.268585205078125	258.4291076660156
0.2885913848876953	"woman"	0.012053489685058594	188.2570037841797	12.867680549621582	261.56585693359375
0.3270142674446106	"woman"	22.84981346130371	193.45062255859375	40.17889404296875	236.10446166992188
