"score"	"label"	"x0"	"y0"	"x1"	"y1"
0.28124040365219116	"a"	26.913131713867188	89.10833740234375	348.93231201171875	549.462646484375
0.2583257555961609	"a"	25.992446899414062	87.67559814453125	375.18798828125	548.9767456054688
