"score"	"label"	"x0"	"y0"	"x1"	"y1"
0.2544925808906555	"woman"	34.02827453613281	590.5755004882812	52.74885559082031	599.8661499023438
