"score"	"label"	"x0"	"y0"	"x1"	"y1"
0.4301812350749969	"woman"	61.0144157409668	161.38397216796875	183.74224853515625	415.4261474609375
