score	label	x0	y0	x1	y1
0.3100298643112182	man	259.96466064453125	366.00823974609375	299.39324951171875	429.325439453125
