"score"	"label"	"x0"	"y0"	"x1"	"y1"
0.35122692584991455	"m ; a ; n"	19.984130859375	52.478240966796875	293.5917663574219	549.433349609375
