"score"	"label"	"x0"	"y0"	"x1"	"y1"
0.2706148326396942	"woman"	370.8786926269531	190.7203369140625	414.3586120605469	264.1150817871094
