"score"	"label"	"x0"	"y0"	"x1"	"y1"
0.38660597801208496	"man"	192.75010681152344	226.41526794433594	212.2144317626953	267.8704528808594
0.33105403184890747	"man"	131.04818725585938	223.73489379882812	150.75387573242188	268.0414733886719
0.2732437252998352	"man"	231.9118194580078	232.00650024414062	240.42701721191406	260.7738342285156
0.2519106864929199	"man"	115.57752227783203	223.6295166015625	124.28020477294922	252.63104248046875
0.26001423597335815	"man"	95.06341552734375	223.13307189941406	103.01277160644531	250.94764709472656
