"score"	"label"	"x0"	"y0"	"x1"	"y1"
0.7005828619003296	"woman"	132.98460388183594	230.7920684814453	391.98370361328125	559.9998168945312
