"score"	"label"	"x0"	"y0"	"x1"	"y1"
0.27484405040740967	"w"	158.03318786621094	101.75306701660156	268.4103088378906	468.21044921875
