score	label	x0	y0	x1	y1
0.3758926391601562	woman	489.1915893554687	266.1796569824219	504.9619140625	307.1765441894531
