"score"	"label"	"x0"	"y0"	"x1"	"y1"
0.47449764609336853	"man"	204.2305908203125	135.64956665039062	279.218017578125	345.99627685546875
0.39190107583999634	"man"	312.7955017089844	138.54437255859375	385.9008483886719	356.77215576171875
0.3288833200931549	"man"	202.53041076660156	28.250167846679688	257.9356994628906	132.18838500976562
0.26025980710983276	"man"	221.22674560546875	77.6307373046875	291.8927001953125	187.81732177734375
0.3069054186344147	"man"	333.3509826660156	38.32063674926758	384.0719299316406	137.63026428222656
