"score"	"label"	"x0"	"y0"	"x1"	"y1"
0.6980682015419006	"woman"	281.06427001953125	252.2431640625	315.61749267578125	341.128662109375
0.4859778881072998	"man"	307.7623291015625	247.40777587890625	336.1717529296875	338.83837890625
0.2836215496063232	"man"	486.46392822265625	245.89646911621097	515.2603759765625	298.6531677246094
