"score"	"label"	"x0"	"y0"	"x1"	"y1"
0.5439591407775879	"man"	161.18521118164062	65.06326293945312	264.2251281738281	280.1407775878906
0.5156733989715576	"woman"	249.91891479492188	177.78590393066406	335.1728210449219	435.9822387695313
