"score"	"label"	"x0"	"y0"	"x1"	"y1"
0.27551060914993286	"m"	15.215087890625	5.9024810791015625	586.73583984375	372.46868896484375
