"score"	"label"	"x0"	"y0"	"x1"	"y1"
0.3606621026992798	"man"	503.9677734375	218.44944763183594	521.82958984375	266.5837097167969
