score	label	x0	y0	x1	y1
0.3050212562084198	woman	3.85302734375	11.659622192382812	590.7869262695312	448.7330322265625
