"score"	"label"	"x0"	"y0"	"x1"	"y1"
0.7154572010040283	"man"	0.5391387939453125	88.19833374023438	319.35516357421875	599.170166015625
