"score"	"label"	"x0"	"y0"	"x1"	"y1"
0.2529808580875397	"woman"	525.583251953125	-0.01943206787109375	599.8453369140625	217.3526611328125
0.29493775963783264	"woman"	30.6890869140625	112.23115539550781	589.7948608398438	404.3966064453125
