"score"	"label"	"x0"	"y0"	"x1"	"y1"
0.8050834536552429	"woman"	250.77151489257812	178.63473510742188	334.4743957519531	435.1224670410156
0.5380480885505676	"woman"	162.16067504882812	65.71271514892578	263.7850036621094	279.8068542480469
