"score"	"label"	"x0"	"y0"	"x1"	"y1"
0.2612858116626739	"man"	8.721435546875	6.639312744140625	593.5286254882812	418.541748046875
