"score"	"label"	"x0"	"y0"	"x1"	"y1"
0.30614832043647766	"man"	228.7442169189453	146.21694946289062	255.1700897216797	170.30291748046875
0.26625823974609375	"man"	219.70089721679688	144.65396118164062	256.4767150878906	171.38876342773438
0.2893332242965698	"man"	69.94285583496094	51.447662353515625	544.9039306640625	400.5585632324219
