score	label	x0	y0	x1	y1
0.7310642600059509	man	194.1976623535156	96.76898193359376	368.2107849121094	486.62298583984375
0.4723693132400512	woman	1.2259902954101562	113.8340301513672	242.7315673828125	541.0042724609375
0.2728486955165863	woman	77.41854095458984	114.1560516357422	242.64370727539065	487.25189208984375
