"score"	"label"	"x0"	"y0"	"x1"	"y1"
0.8271319270133972	"man"	236.63697814941406	194.21063232421875	359.27691650390625	335.14117431640625
