"score"	"label"	"x0"	"y0"	"x1"	"y1"
0.28314679861068726	"woman"	2.5872802734375	4.385467529296875	596.2478637695312	446.1367492675781
0.27264198660850525	"woman"	1.146270751953125	21.04681396484375	352.6933898925781	313.45562744140625
