"score"	"label"	"x0"	"y0"	"x1"	"y1"
0.3661585748195648	"man"	237.54017639160156	266.0620422363281	249.05836486816406	293.2633972167969
0.3571736514568329	"man"	412.38763427734375	265.50140380859375	422.50018310546875	294.12017822265625
0.34499967098236084	"man"	389.8797607421875	268.55816650390625	398.994873046875	293.41455078125
0.34265539050102234	"man"	302.07916259765625	266.268310546875	311.20184326171875	293.69769287109375
0.3328568637371063	"man"	273.0828552246094	268.52410888671875	281.4198913574219	294.0301513671875
0.30970650911331177	"man"	313.6343994140625	269.46539306640625	323.31134033203125	293.1812744140625
