"score"	"label"	"x0"	"y0"	"x1"	"y1"
0.5925357937812805	"woman"	41.9468994140625	181.129150390625	317.9246520996094	517.0847778320312
