"score"	"label"	"x0"	"y0"	"x1"	"y1"
0.6057901978492737	"man"	107.24298095703124	89.43226623535156	391.1573486328125	592.4617309570312
