"score"	"label"	"x0"	"y0"	"x1"	"y1"
0.3590806424617767	"man woman"	19.972640991210938	51.6854248046875	292.6878662109375	549.9420776367188
