"score"	"label"	"x0"	"y0"	"x1"	"y1"
0.3761996328830719	"man"	527.5220336914062	206.9984130859375	539.5609741210938	230.84759521484375
