score	label	x0	y0	x1	y1
0.4806418716907501	man woman	107.2620086669922	49.724456787109375	595.3482055664062	598.250732421875
