"score"	"label"	"x0"	"y0"	"x1"	"y1"
0.3659258186817169	"man"	410.7621765136719	177.84364318847656	423.4031066894531	196.00697326660156
