score	label	x0	y0	x1	y1
0.4699638187885284	man	206.09043884277344	189.30072021484375	221.9843292236328	220.1986083984375
