"score"	"label"	"x0"	"y0"	"x1"	"y1"
0.2656387686729431	"woman"	0.0221261978149414	156.51541137695312	7.085396766662598	227.53024291992188
0.2513699233531952	"woman"	-0.0392055511474609	158.76904296875	5.798282146453857	201.01608276367188
