"score"	"label"	"x0"	"y0"	"x1"	"y1"
0.4185485541820526	"woman"	347.794189453125	242.60960388183594	367.31591796875	302.6225280761719
0.38136395812034607	"woman"	314.93621826171875	249.4942169189453	336.73614501953125	312.2603759765625
0.309444785118103	"woman"	251.6947479248047	247.92471313476562	272.99267578125	305.6488952636719
0.2879519462585449	"woman"	272.4477233886719	259.0710144042969	298.4485778808594	308.6815490722656
0.3267848789691925	"woman"	293.33526611328125	249.91807556152344	316.675537109375	308.4768981933594
0.3703249394893646	"woman"	1.9363508224487305	225.65907287597656	14.64970874786377	257.2433776855469
0.3069930374622345	"woman"	117.4303207397461	254.18194580078125	133.65097045898438	289.70947265625
