score	label	x0	y0	x1	y1
0.2697851657867431	man	440.654541015625	228.63978576660156	450.8287353515625	245.4645538330078
