score	label	x0	y0	x1	y1
0.5528793334960938	man	541.9426879882812	176.33819580078125	589.6240844726562	287.30914306640625
