"score"	"label"	"x0"	"y0"	"x1"	"y1"
0.35737094283103943	"man"	40.7711181640625	212.1460418701172	579.9105224609375	320.180908203125
0.25233525037765503	"woman"	40.497467041015625	212.7909698486328	579.606201171875	319.64959716796875
