"score"	"label"	"x0"	"y0"	"x1"	"y1"
0.4559553861618042	"woman"	457.4772644042969	62.597442626953125	554.6189575195312	362.6555786132813
0.3453098833560943	"woman"	265.22869873046875	83.97953033447266	330.44451904296875	296.6357116699219
0.3368218243122101	"man"	343.0091857910156	72.58610534667969	429.8208923339844	317.69061279296875
