"score"	"label"	"x0"	"y0"	"x1"	"y1"
0.28813567757606506	"m ; a ; n"	4.225410461425781	134.60804748535156	181.752197265625	274.17340087890625
