"score"	"label"	"x0"	"y0"	"x1"	"y1"
0.5356026291847229	"man"	369.4357604980469	307.927734375	421.1100158691406	334.316650390625
