"score"	"label"	"x0"	"y0"	"x1"	"y1"
0.6457908153533936	"man"	282.6418151855469	119.95547485351562	352.7729797363281	297.5117492675781
0.2811892330646515	"woman"	283.11248779296875	121.90595245361328	352.160400390625	296.897216796875
