score	label	x0	y0	x1	y1
0.3588196933269501	man	421.0140686035156	190.67759704589844	440.5594177246094	215.4318695068359
