"score"	"label"	"x0"	"y0"	"x1"	"y1"
0.2607212960720062	"man"	550.1240234375	142.21128845214844	555.4576416015625	153.6197967529297
