"score"	"label"	"x0"	"y0"	"x1"	"y1"
0.34087055921554565	"woman man"	158.65658569335938	101.06117248535156	266.84698486328125	465.8895263671875
0.25970694422721863	"woman"	262.093994140625	126.11988830566406	372.0751953125	458.95965576171875
0.27247774600982666	"woman"	1.2837753295898438	447.7777099609375	205.93984985351562	598.399658203125
