score	label	x0	y0	x1	y1
0.4175569117069244	man	143.8782501220703	206.3269805908203	354.70660400390625	552.6411743164062
