"score"	"label"	"x0"	"y0"	"x1"	"y1"
0.30056247115135193	"man woman"	49.70034408569336	262.16314697265625	74.08322143554688	284.13433837890625
0.319491982460022	"woman"	49.65540313720703	262.2745056152344	74.0272216796875	284.2755432128906
