"score"	"label"	"x0"	"y0"	"x1"	"y1"
0.26547566056251526	"a"	210.7850341796875	118.51077270507812	387.95257568359375	517.4654541015625
