"score"	"label"	"x0"	"y0"	"x1"	"y1"
0.8557057976722717	"man"	33.29595947265625	129.71710205078125	316.53485107421875	596.8970336914062
