"score"	"label"	"x0"	"y0"	"x1"	"y1"
0.6562532782554626	"man"	23.28765869140625	146.74749755859375	346.3990478515625	548.3880615234375
0.4514892101287842	"woman"	23.3076171875	146.89332580566406	346.0875244140625	548.6996459960938
0.2902624011039734	"woman"	23.147933959960938	146.73924255371094	345.95989990234375	548.4317016601562
