"score"	"label"	"x0"	"y0"	"x1"	"y1"
0.26731687784194946	"woman"	17.91351318359375	39.94927978515625	565.0692138671875	399.3153991699219
0.27596327662467957	"man"	327.8943786621094	176.4478302001953	450.2707214355469	317.33355712890625
