"score"	"label"	"x0"	"y0"	"x1"	"y1"
0.3969639837741852	"woman"	201.34742736816406	203.0521240234375	214.2804718017578	219.31356811523438
0.3125973641872406	"man"	201.94281005859375	203.46768188476562	213.89544677734375	218.92156982421875
