"score"	"label"	"x0"	"y0"	"x1"	"y1"
0.47695595026016235	"man"	468.680908203125	197.57568359375	599.674072265625	424.7017822265625
0.5011802911758423	"woman"	28.383689880371094	201.512451171875	163.21502685546875	416.20916748046875
0.27630847692489624	"man"	419.5242919921875	196.97171020507812	599.732421875	429.1328430175781
