score	label	x0	y0	x1	y1
0.3809109628200531	man	190.08642578125	337.0062561035156	205.3975830078125	369.7330627441406
0.2566878497600555	man	209.31544494628903	337.4407653808594	226.05320739746097	364.5439758300781
