"score"	"label"	"x0"	"y0"	"x1"	"y1"
0.3224766254425049	"m a"	196.62054443359375	113.05924987792969	423.6539306640625	598.7520751953125
0.2523037791252136	"a"	196.72360229492188	113.25369262695312	423.6731872558594	598.7271728515625
