"score"	"label"	"x0"	"y0"	"x1"	"y1"
0.4943457245826721	"woman"	23.030715942382812	73.06022644042969	338.473388671875	549.8344116210938
