"score"	"label"	"x0"	"y0"	"x1"	"y1"
0.4732683598995209	"woman"	272.5586242675781	378.5217590332031	285.8924865722656	419.8025817871094
0.41223493218421936	"woman"	69.75528717041016	355.8376770019531	84.9837417602539	396.4781799316406
0.3488858938217163	"woman"	555.5150756835938	317.8784484863281	569.9839477539062	347.5334777832031
