"score"	"label"	"x0"	"y0"	"x1"	"y1"
0.6260278820991516	"woman"	348.18365478515625	109.65129089355469	460.6041259765625	402.66522216796875
0.5026387572288513	"man"	226.6043243408203	95.42202758789062	371.79437255859375	402.6088562011719
