"score"	"label"	"x0"	"y0"	"x1"	"y1"
0.6635348796844482	"man"	313.4419250488281	143.05136108398438	423.1875305175781	337.8530578613281
