score	label	x0	y0	x1	y1
0.5639795660972595	woman	59.33351135253906	326.14447021484375	78.55081176757812	370.9814453125
0.3487721681594848	man	42.75701904296875	327.24322509765625	62.339599609375	370.5272216796875
