"score"	"label"	"x0"	"y0"	"x1"	"y1"
0.7985565066337585	"woman"	32.739768981933594	30.934722900390625	244.97885131835938	587.308837890625
