"score"	"label"	"x0"	"y0"	"x1"	"y1"
0.30545544624328613	"w o"	369.59698486328125	182.78854370117188	549.6238403320312	421.6371154785156
0.2615162134170532	"w o"	369.5041198730469	182.8196563720703	549.52392578125	421.60308837890625
