"score"	"label"	"x0"	"y0"	"x1"	"y1"
0.8647845983505249	"woman"	0.0544281005859375	89.34823608398438	310.54376220703125	549.719482421875
