"score"	"label"	"x0"	"y0"	"x1"	"y1"
0.8188658952713013	"man"	3.3165054321289062	128.3119659423828	163.75582885742188	588.077392578125
