score	label	x0	y0	x1	y1
0.323146253824234	man	463.604736328125	325.28192138671875	500.5167236328125	377.53375244140625
0.3172977566719055	woman	434.0582580566406	323.43792724609375	501.3281555175781	378.24407958984375
0.2738869786262512	woman	443.3375549316406	325.4312744140625	467.4341125488281	376.6428833007813
