score	label	x0	y0	x1	y1
0.4986361563205719	woman	210.9532165527344	117.93711853027344	386.6014709472656	517.784912109375
