"score"	"label"	"x0"	"y0"	"x1"	"y1"
0.4618489146232605	"man woman"	518.10009765625	192.29025268554688	592.789794921875	420.6517028808594
0.37017500400543213	"woman"	518.7205200195312	192.797607421875	592.5347290039062	420.5150146484375
