"score"	"label"	"x0"	"y0"	"x1"	"y1"
0.31479349732398987	"man"	179.54994201660156	79.59082794189453	215.9092254638672	122.49254608154297
0.3471777141094208	"man"	197.42059326171875	80.31915283203125	214.19784545898438	123.0306396484375
