"score"	"label"	"x0"	"y0"	"x1"	"y1"
0.3506380319595337	"m ; a ; n"	18.18988037109375	115.13575744628906	544.4288330078125	405.43560791015625
