score	label	x0	y0	x1	y1
0.2799171507358551	man	256.29718017578125	90.84912872314452	278.1693115234375	121.5280532836914
