"score"	"label"	"x0"	"y0"	"x1"	"y1"
0.5068745613098145	"man"	130.56228637695312	204.74073791503906	148.98419189453125	252.92845153808594
