"score"	"label"	"x0"	"y0"	"x1"	"y1"
0.44074398279190063	"man"	118.4098892211914	61.4322509765625	270.3956604003906	401.1881408691406
0.3688826858997345	"woman"	365.85125732421875	81.72938537597656	520.7872924804688	397.31195068359375
0.2893538773059845	"woman"	118.13346099853516	61.01759338378906	270.4317932128906	400.95086669921875
