score	label	x0	y0	x1	y1
0.255836933851242	woman	10.902252197265623	13.052139282226562	589.2764892578125	378.6915283203125
