score	label	x0	y0	x1	y1
0.4568262994289398	man woman	239.3155212402344	244.9085693359375	255.93865966796875	296.87158203125
