"score"	"label"	"x0"	"y0"	"x1"	"y1"
0.510009765625	"woman"	1.44329833984375	120.07473754882812	310.6905212402344	549.5533447265625
0.270834356546402	"woman"	1.545654296875	68.8028564453125	311.28790283203125	549.3125610351562
