"score"	"label"	"x0"	"y0"	"x1"	"y1"
0.39020317792892456	"man"	188.29718017578125	104.23973846435547	231.93887329101562	157.9497528076172
0.3681640625	"woman"	188.42529296875	104.61192321777344	231.60757446289062	157.93421936035156
