"score"	"label"	"x0"	"y0"	"x1"	"y1"
0.6553468108177185	"man"	452.38458251953125	96.53999328613281	548.602294921875	369.19073486328125
0.612503707408905	"man"	404.47454833984375	103.23558044433594	478.22076416015625	365.5208740234375
0.5729816555976868	"man"	152.224609375	71.3251953125	221.58233642578125	365.6516418457031
0.5534393191337585	"man"	198.78335571289062	65.13789367675781	291.8109436035156	366.25299072265625
0.5242815613746643	"man"	257.85650634765625	73.29116821289062	320.5438232421875	366.92852783203125
0.40170180797576904	"man"	341.526611328125	174.52325439453125	413.82415771484375	342.5048828125
