"score"	"label"	"x0"	"y0"	"x1"	"y1"
0.2811242341995239	"w a"	3.3812408447265625	17.888702392578125	386.49591064453125	549.1715087890625
