"score"	"label"	"x0"	"y0"	"x1"	"y1"
0.4163780212402344	"woman"	20.43487548828125	128.49130249023438	277.376220703125	352.94482421875
