"score"	"label"	"x0"	"y0"	"x1"	"y1"
0.45193183422088623	"woman"	449.3283996582031	212.63479614257812	470.5303649902344	258.1089172363281
0.31624868512153625	"man"	450.3489074707031	213.26193237304688	470.0993347167969	257.67041015625
