score	label	x0	y0	x1	y1
0.3071160018444061	woman	238.17117309570312	185.60641479492188	255.82369995117188	210.62628173828125
