"score"	"label"	"x0"	"y0"	"x1"	"y1"
0.29903465509414673	"woman"	357.56549072265625	237.60833740234375	380.6341552734375	290.70941162109375
