"score"	"label"	"x0"	"y0"	"x1"	"y1"
0.4318492710590362	"woman"	83.48220825195312	425.2767028808594	97.11904907226562	463.8479919433594
0.2513993084430694	"woman"	102.46498107910156	426.7852478027344	114.03836059570312	463.2496032714844
0.2511273324489593	"woman"	82.45117950439453	424.0422973632813	113.04715728759766	464.0682373046875
