"score"	"label"	"x0"	"y0"	"x1"	"y1"
0.3198736011981964	"woman"	325.8255310058594	165.11830139160156	344.0866394042969	183.8517303466797
0.26771897077560425	"woman"	454.8314208984375	186.34661865234375	469.64971923828125	239.76815795898438
0.2877449691295624	"man"	326.439208984375	165.5445098876953	343.86279296875	183.5638885498047
