"score"	"label"	"x0"	"y0"	"x1"	"y1"
0.4397527873516083	"man"	247.60568237304688	158.10552978515625	362.0102233886719	384.77117919921875
0.30274972319602966	"woman"	180.87225341796875	272.74066162109375	326.0077209472656	447.7052001953125
