"score"	"label"	"x0"	"y0"	"x1"	"y1"
0.5604161620140076	"woman"	117.58255004882812	197.41448974609375	194.21011352539062	440.94927978515625
0.2505114674568176	"man"	205.57968139648438	223.87399291992188	272.5311584472656	377.3782653808594
