"score"	"label"	"x0"	"y0"	"x1"	"y1"
0.2925720512866974	"woman"	135.52210998535156	7.986923217773437	558.2386474609375	452.1969604492187
