"score"	"label"	"x0"	"y0"	"x1"	"y1"
0.394582062959671	"woman"	32.258583068847656	172.09619140625	71.90611267089844	269.2168273925781
0.2904585599899292	"man"	68.84324645996094	200.61892700195312	107.4307861328125	294.6708984375
0.2793748676776886	"woman"	379.1013793945313	197.9674072265625	401.41650390625	260.6475524902344
0.2549495697021484	"man"	404.5521545410156	193.28970336914065	427.0671081542969	257.5928039550781
