"score"	"label"	"x0"	"y0"	"x1"	"y1"
0.3817298114299774	"man"	501.8819274902344	113.3497314453125	541.9408569335938	181.53634643554688
0.36868152022361755	"woman"	502.0824890136719	113.52955627441406	541.5142822265625	181.41481018066406
0.25109973549842834	"woman"	439.2900085449219	112.79841613769531	544.4998168945312	257.257568359375
