"score"	"label"	"x0"	"y0"	"x1"	"y1"
0.7918419241905212	"woman"	308.0153503417969	252.1561279296875	332.5482482910156	308.9539794921875
