"score"	"label"	"x0"	"y0"	"x1"	"y1"
0.3860604465007782	"man"	243.1181640625	146.61618041992188	289.20703125	205.2364501953125
0.3277055621147156	"woman"	243.475830078125	146.8218994140625	288.85498046875	204.8792724609375
