"score"	"label"	"x0"	"y0"	"x1"	"y1"
0.2916494309902191	"woman"	302.8329772949219	290.866455078125	325.5066223144531	327.54388427734375
0.25450441241264343	"woman"	328.0605773925781	279.35491943359375	348.6943664550781	326.35125732421875
0.26572704315185547	"man"	328.5488586425781	279.7859802246094	347.9867248535156	326.2212829589844
