"score"	"label"	"x0"	"y0"	"x1"	"y1"
0.3708339035511017	"m ; a ; n"	8.261383056640625	85.01373291015625	417.337646484375	598.1812133789062
