"score"	"label"	"x0"	"y0"	"x1"	"y1"
0.4492257535457611	"man"	108.88184356689452	200.1883850097656	140.0811767578125	229.38311767578125
