"score"	"label"	"x0"	"y0"	"x1"	"y1"
0.2856961190700531	"w"	84.57508850097656	108.74705505371094	425.00177001953125	597.7706298828125
0.2507939636707306	"w"	84.609619140625	109.16937255859375	424.8897705078125	597.97900390625
