"score"	"label"	"x0"	"y0"	"x1"	"y1"
0.8306637406349182	"man"	102.35743713378906	203.13511657714844	295.59490966796875	381.43414306640625
