"score"	"label"	"x0"	"y0"	"x1"	"y1"
0.5120616555213928	"man"	577.6463012695312	298.7086486816406	599.2268676757812	365.9520568847656
0.4385335445404053	"woman"	585.0157470703125	317.8595886230469	599.39990234375	368.5873718261719
