score	label	x0	y0	x1	y1
0.3140051364898681	woman	0.1429519653320312	67.33139038085938	17.734477996826172	442.7420043945313
