"score"	"label"	"x0"	"y0"	"x1"	"y1"
0.7199974060058594	"man"	77.54129791259766	27.612991333007812	249.50375366210938	187.6311492919922
0.29115715622901917	"man"	260.9112548828125	29.940288543701172	410.7552490234375	121.22360229492188
