"score"	"label"	"x0"	"y0"	"x1"	"y1"
0.7827114462852478	"man"	50.5699462890625	107.06329345703125	381.0299072265625	597.2177124023438
