"score"	"label"	"x0"	"y0"	"x1"	"y1"
0.666858971118927	"man"	238.85057067871094	407.57110595703125	255.6107940673828	459.31121826171875
