"score"	"label"	"x0"	"y0"	"x1"	"y1"
0.5830869674682617	"man"	192.2630615234375	21.999969482421875	345.9539794921875	528.3665771484375
0.5319023132324219	"woman"	56.571434020996094	44.24375915527344	210.95602416992188	548.628662109375
