"score"	"label"	"x0"	"y0"	"x1"	"y1"
0.2794444262981415	"man"	210.12039184570312	180.29986572265625	220.16995239257812	199.33932495117188
