"score"	"label"	"x0"	"y0"	"x1"	"y1"
0.5697222352027893	"man"	2.7628936767578125	41.3975830078125	390.8591918945313	596.8139038085938
