"score"	"label"	"x0"	"y0"	"x1"	"y1"
0.471028208732605	"woman"	317.69622802734375	297.66082763671875	383.9771728515625	353.38641357421875
0.37077265977859497	"woman"	389.26190185546875	306.89862060546875	425.23858642578125	344.43603515625
0.2588856816291809	"woman"	379.1028747558594	294.3161315917969	404.6639099121094	342.5423278808594
0.26565274596214294	"woman"	459.70587158203125	305.9081726074219	493.78424072265625	350.2716979980469
