"score"	"label"	"x0"	"y0"	"x1"	"y1"
0.5144050121307373	"man"	363.2515869140625	106.55138397216797	390.96356201171875	191.16775512695312
0.357755184173584	"man"	525.494873046875	110.79991912841797	568.87109375	202.42800903320312
0.35362181067466736	"man"	563.5894165039062	109.23041534423828	593.5714721679688	199.78176879882812
0.33040788769721985	"man"	517.4392700195312	112.59873962402344	551.0711059570312	197.7758331298828
