"score"	"label"	"x0"	"y0"	"x1"	"y1"
0.5006740689277649	"woman"	14.46795654296875	48.188751220703125	471.2551574707031	598.779296875
