score	label	x0	y0	x1	y1
0.311331182718277	woman	3.595489501953125	2.0139617919921875	595.9676513671875	380.5521240234375
