"score"	"label"	"x0"	"y0"	"x1"	"y1"
0.5866983532905579	"woman"	138.81051635742188	130.7939453125	252.51974487304688	373.58209228515625
0.35597044229507446	"woman"	44.32001876831055	152.3495635986328	114.1978759765625	341.730712890625
0.2552035450935364	"woman"	117.53890991210938	157.59713745117188	175.95260620117188	363.1205139160156
