"score"	"label"	"x0"	"y0"	"x1"	"y1"
0.25028884410858154	"a"	82.50971984863281	129.80496215820312	355.961669921875	213.03494262695312
0.3102371394634247	"m ; a ; n"	81.25863647460938	103.12190246582031	356.86578369140625	214.10646057128906
