"score"	"label"	"x0"	"y0"	"x1"	"y1"
0.414053738117218	"woman"	271.9802551269531	123.92387390136719	323.7826843261719	251.00938415527344
0.26792842149734497	"man"	272.6646728515625	124.70716094970703	322.41192626953125	250.79598999023438
