"score"	"label"	"x0"	"y0"	"x1"	"y1"
0.4386211335659027	"woman"	454.2383117675781	237.63641357421875	481.2621765136719	288.88751220703125
0.2805867195129394	"woman"	446.8951110839844	232.77713012695312	489.5467834472656	292.4735412597656
