"score"	"label"	"x0"	"y0"	"x1"	"y1"
0.5244084596633911	"woman"	1.8728790283203125	49.75750732421875	360.4852294921875	546.940185546875
0.29599326848983765	"man"	1.5592498779296875	49.851959228515625	360.5347900390625	548.2784423828125
0.25727859139442444	"woman"	1.554840087890625	49.93505859375	360.4146728515625	547.9603271484375
