"score"	"label"	"x0"	"y0"	"x1"	"y1"
0.5664624571800232	"man"	244.05372619628906	33.86387634277344	361.87005615234375	385.32965087890625
