"score"	"label"	"x0"	"y0"	"x1"	"y1"
0.3488958775997162	"m ; a ; n"	43.18017578125	71.07470703125	369.9109802246094	549.5475463867188
