"score"	"label"	"x0"	"y0"	"x1"	"y1"
0.294888436794281	"man"	495.4291687011719	221.09788513183594	518.1599731445312	254.46363830566406
0.2648586630821228	"man"	570.2586669921875	226.41384887695312	590.979248046875	271.4640197753906
