"score"	"label"	"x0"	"y0"	"x1"	"y1"
0.3319476544857025	"man"	19.198760986328125	115.93255615234375	544.97802734375	404.45587158203125
