"score"	"label"	"x0"	"y0"	"x1"	"y1"
0.28185364603996277	"woman"	500.4209899902344	78.0999755859375	598.6781005859375	343.3840637207031
