score	label	x0	y0	x1	y1
0.3208986222743988	woman	285.55828857421875	22.284648895263672	318.129638671875	74.95210266113281
