"score"	"label"	"x0"	"y0"	"x1"	"y1"
0.7591039538383484	"man"	291.7549743652344	164.52442932128906	301.4825744628906	185.88526916503906
0.2606518864631653	"man"	315.4145202636719	158.40457153320312	326.7597961425781	188.44140625
