"score"	"label"	"x0"	"y0"	"x1"	"y1"
0.25267472863197327	"w"	1.7065887451171875	68.62767028808594	327.16766357421875	549.1182861328125
