"score"	"label"	"x0"	"y0"	"x1"	"y1"
0.759831964969635	"woman"	451.2349853515625	214.28990173339844	469.39251708984375	257.6385498046875
