score	label	x0	y0	x1	y1
0.394214779138565	man	84.4813232421875	233.64002990722656	100.89755249023438	262.9256591796875
0.2609482407569885	man	79.78584289550781	231.39495849609375	103.57682800292967	267.7680358886719
