"score"	"label"	"x0"	"y0"	"x1"	"y1"
0.28417807817459106	"woman"	533.5341186523438	204.35745239257812	547.2075805664062	226.64401245117188
0.2843519449234009	"man"	533.8091430664062	204.6732940673828	547.1266479492188	226.3677520751953
