"score"	"label"	"x0"	"y0"	"x1"	"y1"
0.29430949687957764	"woman"	427.9378356933594	128.89996337890625	471.4903259277344	258.733154296875
0.33548232913017273	"woman"	427.1562194824219	128.05947875976562	486.2283020019531	259.08642578125
