"score"	"label"	"x0"	"y0"	"x1"	"y1"
0.31054213643074036	"man"	6.820732116699219	85.57180786132812	241.92086791992188	594.9622802734375
0.33603453636169434	"woman"	6.413139343261719	85.41204833984375	242.55984497070312	595.3408813476562
0.2946819067001343	"man"	6.552825927734375	85.09703063964844	300.9185791015625	595.6055297851562
0.29438379406929016	"woman"	6.6152801513671875	84.93437194824219	308.282958984375	595.8321533203125
0.3099658787250519	"woman"	6.66558837890625	85.25364685058594	287.7818298339844	595.6270141601562
