"score"	"label"	"x0"	"y0"	"x1"	"y1"
0.2691316604614258	"a"	0.5663909912109375	130.01829528808594	379.08270263671875	549.537841796875
