"score"	"label"	"x0"	"y0"	"x1"	"y1"
0.2751808166503906	"w"	282.49945068359375	37.00628662109375	427.49835205078125	416.397216796875
