"score"	"label"	"x0"	"y0"	"x1"	"y1"
0.7287358641624451	"man"	314.14263916015625	144.05197143554688	421.81982421875	336.85955810546875
