"score"	"label"	"x0"	"y0"	"x1"	"y1"
0.2872580587863922	"woman"	272.9742736816406	188.3556671142578	285.7580871582031	203.09263610839844
0.30265021324157715	"woman"	21.540283203125	189.16554260253906	42.706077575683594	215.1927032470703
