"score"	"label"	"x0"	"y0"	"x1"	"y1"
0.33110111951828003	"m ; a ; n"	214.29188537597656	140.73828125	400.5164794921875	378.999267578125
