"score"	"label"	"x0"	"y0"	"x1"	"y1"
0.2720654606819153	"man"	35.96910095214844	269.1195983886719	51.08868408203125	287.2960510253906
