"score"	"label"	"x0"	"y0"	"x1"	"y1"
0.28851941227912903	"a ;"	14.54815673828125	117.8920669555664	525.9718017578125	352.8394470214844
