"score"	"label"	"x0"	"y0"	"x1"	"y1"
0.29380562901496887	"woman"	0.2093658447265625	230.42454528808594	449.53814697265625	584.6048583984375
