score	label	x0	y0	x1	y1
0.3649301826953888	man	348.2460632324219	254.10533142089844	366.5027160644531	314.0141906738281
0.2675108909606933	man	518.8854370117188	230.8929748535156	542.7241821289062	264.4486083984375
0.2512136399745941	man	344.26812744140625	251.3709259033203	373.4861450195313	315.417724609375
