"score"	"label"	"x0"	"y0"	"x1"	"y1"
0.29019004106521606	"m ; a ; n"	132.32443237304688	74.05494689941406	521.3701171875	402.50701904296875
