"score"	"label"	"x0"	"y0"	"x1"	"y1"
0.5716408491134644	"woman"	26.67333984375	48.669677734375	377.72589111328125	597.10693359375
0.2922012507915497	"man"	27.500259399414062	49.440521240234375	376.83892822265625	598.02099609375
