"score"	"label"	"x0"	"y0"	"x1"	"y1"
0.682887613773346	"woman"	210.9776611328125	33.830230712890625	303.0263671875	339.7576599121094
0.39122024178504944	"man"	211.47897338867188	34.353607177734375	301.9797058105469	339.4446105957031
0.365174263715744	"woman"	211.26309204101562	34.24967956542969	302.3016052246094	339.6842041015625
