"score"	"label"	"x0"	"y0"	"x1"	"y1"
0.287041038274765	"woman"	348.697998046875	352.29998779296875	380.38800048828125	376.05572509765625
0.26974785327911377	"woman"	357.6909484863281	353.8547058105469	375.3221740722656	375.4427795410156
