"score"	"label"	"x0"	"y0"	"x1"	"y1"
0.5338243842124939	"man"	224.2503662109375	20.047088623046875	318.07830810546875	226.13954162597656
0.2852024435997009	"woman"	224.51141357421875	20.009765625	317.34979248046875	226.07131958007812
0.2696439027786255	"man"	209.7471923828125	18.92430877685547	341.05096435546875	233.29922485351562
