"score"	"label"	"x0"	"y0"	"x1"	"y1"
0.25687897205352783	"woman"	115.97821044921875	59.66343688964844	483.0560302734375	249.35157775878906
