score	label	x0	y0	x1	y1
0.34560427069664	man	7.921697616577148	252.14547729492188	60.829833984375	336.1034240722656
