"score"	"label"	"x0"	"y0"	"x1"	"y1"
0.527988076210022	"man"	19.702377319335938	15.234954833984375	190.73878479003906	592.4876708984375
0.2787746787071228	"woman"	19.997055053710938	16.303802490234375	190.49937438964844	593.33935546875
