"score"	"label"	"x0"	"y0"	"x1"	"y1"
0.5239270925521851	"woman"	140.8206787109375	177.7691650390625	164.1778564453125	223.2554931640625
0.36726900935173035	"man"	141.9090118408203	178.5983428955078	163.28770446777344	222.86045837402344
