"score"	"label"	"x0"	"y0"	"x1"	"y1"
0.6849331259727478	"woman"	291.763427734375	164.61981201171875	301.40704345703125	185.87448120117188
