score	label	x0	y0	x1	y1
0.5276136994361877	man	416.2184143066406	257.5636291503906	429.3009948730469	290.6570129394531
0.3480914533138275	woman	558.7225952148438	273.25445556640625	577.8601684570312	317.54925537109375
