"score"	"label"	"x0"	"y0"	"x1"	"y1"
0.8164311647415161	"woman"	2.14996337890625	23.005523681640625	572.3364868164062	598.1844482421875
