"score"	"label"	"x0"	"y0"	"x1"	"y1"
0.30927208065986633	"man"	383.2882385253906	88.05931091308594	401.8733825683594	117.79841613769531
