"score"	"label"	"x0"	"y0"	"x1"	"y1"
0.3083168566226959	"man"	425.7777404785156	326.10076904296875	430.3944396972656	336.0001220703125
