"score"	"label"	"x0"	"y0"	"x1"	"y1"
0.43185514211654663	"woman"	62.12242126464844	39.28155517578125	321.7271728515625	597.9876098632812
0.29493531584739685	"man"	62.03974914550781	38.77911376953125	322.9205322265625	597.5352783203125
