"score"	"label"	"x0"	"y0"	"x1"	"y1"
0.38583001494407654	"m"	20.092971801757812	107.88612365722656	378.48065185546875	549.689453125
0.27553191781044006	"m a n"	20.196197509765625	108.14381408691406	378.3974304199219	549.8662719726562
