"score"	"label"	"x0"	"y0"	"x1"	"y1"
0.3409089744091034	"woman"	274.42913818359375	108.8219757080078	469.5798950195313	330.66790771484375
