"score"	"label"	"x0"	"y0"	"x1"	"y1"
0.9024531245231628	"man"	283.21783447265625	121.65451049804688	351.74951171875	296.68511962890625
