"score"	"label"	"x0"	"y0"	"x1"	"y1"
0.8192877769470215	"man"	475.3211364746094	169.06224060058594	490.7299499511719	204.7851104736328
