"score"	"label"	"x0"	"y0"	"x1"	"y1"
0.49227192997932434	"woman"	215.5801544189453	323.700927734375	363.4493408203125	531.1930541992188
0.5280600786209106	"man"	216.3301544189453	324.06396484375	362.85003662109375	531.0888061523438
0.2862255275249481	"woman"	216.28546142578125	324.0951843261719	363.0657958984375	530.6840209960938
