"score"	"label"	"x0"	"y0"	"x1"	"y1"
0.5184977054595947	"man"	188.9711456298828	105.52700805664062	230.9520721435547	157.36846923828125
