"score"	"label"	"x0"	"y0"	"x1"	"y1"
0.8205955028533936	"man"	9.392593383789062	86.31829833984375	417.907958984375	598.4528198242188
