"score"	"label"	"x0"	"y0"	"x1"	"y1"
0.399618923664093	"woman"	503.23162841796875	335.04351806640625	557.2566528320312	396.18072509765625
0.2746264934539795	"man"	503.862060546875	335.810791015625	556.87548828125	395.99298095703125
