"score"	"label"	"x0"	"y0"	"x1"	"y1"
0.36958831548690796	"man"	274.9695739746094	209.8144989013672	298.2214050292969	240.4778289794922
0.25976553559303284	"woman"	262.94683837890625	241.24317932128906	293.51812744140625	283.7071533203125
0.26075801253318787	"man"	261.4628601074219	208.62051391601562	313.9645690917969	282.8047790527344
0.267392098903656	"man"	271.42083740234375	209.46746826171875	299.058837890625	252.34866333007812
