"score"	"label"	"x0"	"y0"	"x1"	"y1"
0.878124475479126	"man"	0.21746826171875	71.18830871582031	334.42205810546875	548.5452880859375
