"score"	"label"	"x0"	"y0"	"x1"	"y1"
0.5405409932136536	"woman"	132.02845764160156	472.164794921875	147.02684020996094	500.4124145507813
