"score"	"label"	"x0"	"y0"	"x1"	"y1"
0.6507740020751953	"man"	219.1521759033203	103.9072265625	311.18914794921875	377.4715881347656
