"score"	"label"	"x0"	"y0"	"x1"	"y1"
0.4902130365371704	"woman"	179.59912109375	183.25210571289062	225.88009643554688	323.50311279296875
0.25136685371398926	"woman"	93.77013397216797	130.52593994140625	123.40575408935547	210.97677612304688
