"score"	"label"	"x0"	"y0"	"x1"	"y1"
0.2961327135562897	"woman"	36.41324234008789	196.70957946777344	58.2950325012207	235.72352600097656
