"score"	"label"	"x0"	"y0"	"x1"	"y1"
0.4494961202144623	"woman"	170.66168212890625	118.24283599853516	186.45953369140625	151.4505615234375
0.2915802597999573	"woman"	164.6444549560547	114.3857650756836	193.2282562255859	156.48716735839844
