"score"	"label"	"x0"	"y0"	"x1"	"y1"
0.5395907163619995	"woman"	81.09647369384766	158.31980895996094	150.04180908203125	339.0621337890625
0.3881651759147644	"man"	144.77072143554688	154.99264526367188	204.65234375	335.5345764160156
