"score"	"label"	"x0"	"y0"	"x1"	"y1"
0.30973944067955017	"m ; a ; n"	166.9834747314453	123.05461120605469	425.59295654296875	434.54986572265625
