"score"	"label"	"x0"	"y0"	"x1"	"y1"
0.5170691609382629	"man"	131.7664794921875	323.9739990234375	376.6040344238281	581.8517456054688
0.48427629470825195	"man"	321.2505798339844	274.9120178222656	469.4692687988281	451.0330505371094
