"score"	"label"	"x0"	"y0"	"x1"	"y1"
0.2501310706138611	"man"	0.9415283203125	-0.1677398681640625	597.5987548828125	414.58233642578125
0.26560214161872864	"man"	574.1129760742188	-0.03683662414550781	599.9987182617188	19.823801040649414
