"score"	"label"	"x0"	"y0"	"x1"	"y1"
0.43813714385032654	"man woman"	50.160614013671875	43.82695007324219	391.32244873046875	549.4122314453125
0.31052374839782715	"man"	51.26214599609375	43.792327880859375	391.45111083984375	549.3746337890625
0.29344111680984497	"man"	18.3197021484375	42.57102966308594	390.90887451171875	548.3216552734375
