"score"	"label"	"x0"	"y0"	"x1"	"y1"
0.365620881319046	"man"	271.0675048828125	264.5434875488281	337.1021728515625	354.3412170410156
0.4175270199775696	"man"	36.574859619140625	99.44700622558594	572.7119140625	360.8367919921875
0.30071043968200684	"man"	322.565673828125	260.02484130859375	386.31500244140625	351.78668212890625
0.32695120573043823	"man"	491.463623046875	262.8323974609375	569.8226318359375	357.254150390625
