"score"	"label"	"x0"	"y0"	"x1"	"y1"
0.278172105550766	"man"	58.465065002441406	313.1116638183594	75.15282440185547	331.2710876464844
