score	label	x0	y0	x1	y1
0.2778503596782684	woman	352.85943603515625	341.886962890625	394.30560302734375	379.09869384765625
