"score"	"label"	"x0"	"y0"	"x1"	"y1"
0.405364453792572	"man"	364.2244873046875	162.67355346679688	370.92938232421875	177.60299682617188
0.42911869287490845	"man"	240.55670166015625	157.93991088867188	247.93844604492188	174.18902587890625
0.2647993862628937	"man"	303.5191345214844	137.2818145751953	307.5457458496094	143.1211395263672
