"score"	"label"	"x0"	"y0"	"x1"	"y1"
0.25667816400527954	"a"	545.9473876953125	1.8725357055664062	599.6378173828125	24.38929557800293
