"score"	"label"	"x0"	"y0"	"x1"	"y1"
0.40616562962532043	"m"	22.974380493164062	92.69441223144531	382.0384521484375	549.509033203125
0.2640000283718109	"a"	23.051895141601562	93.06593322753906	382.0338134765625	549.695068359375
