"score"	"label"	"x0"	"y0"	"x1"	"y1"
0.30711600184440613	"woman"	238.17117309570312	185.60641479492188	255.82369995117188	210.62628173828125
0.27722200751304626	"man"	238.67953491210938	185.96200561523438	255.64990234375	210.63946533203125
