"score"	"label"	"x0"	"y0"	"x1"	"y1"
0.5122091770172119	"woman"	146.47035217285156	62.65156555175781	424.42236328125	572.130126953125
0.25486552715301514	"man"	144.61964416503906	61.87889099121094	425.779296875	571.1107788085938
0.2991730570793152	"man"	436.9268798828125	4.794044494628906	589.041015625	88.8651351928711
