"score"	"label"	"x0"	"y0"	"x1"	"y1"
0.3691772222518921	"man"	405.570556640625	194.12948608398438	426.5118408203125	257.19287109375
0.36378559470176697	"man"	69.22071838378906	201.3013458251953	106.766357421875	294.66900634765625
0.3291255831718445	"man"	234.4336700439453	182.38641357421875	250.9596405029297	245.18896484375
0.31961891055107117	"man"	254.60098266601562	186.17027282714844	277.4465026855469	247.0599822998047
0.30661600828170776	"man"	380.77276611328125	199.20387268066406	400.5577392578125	259.9617614746094
0.28788796067237854	"man"	279.8202209472656	195.3949432373047	294.8173522949219	249.7665557861328
0.28703635931015015	"man"	33.16047668457031	173.41024780273438	70.99626159667969	268.4389343261719
