"score"	"label"	"x0"	"y0"	"x1"	"y1"
0.3641151785850525	"man"	115.28773498535156	1.3915367126464844	183.4764862060547	81.9378662109375
0.2851456105709076	"man"	192.0882110595703	114.59330749511719	224.06883239746094	168.8212432861328
0.3084073066711426	"woman"	192.4833526611328	114.92752075195312	223.88258361816406	168.665283203125
0.26206520199775696	"woman"	115.58507537841797	1.57244873046875	183.0511474609375	81.64447021484375
