"score"	"label"	"x0"	"y0"	"x1"	"y1"
0.501198410987854	"woman"	8.157989501953125	10.37200927734375	397.61004638671875	473.3241882324219
