"score"	"label"	"x0"	"y0"	"x1"	"y1"
0.5454649329185486	"man"	7.1684112548828125	151.1276092529297	310.93695068359375	595.82275390625
0.3228496015071869	"man"	203.5161590576172	122.03787231445312	421.4071044921875	597.36474609375
