"score"	"label"	"x0"	"y0"	"x1"	"y1"
0.2865749001502991	"man"	3.4288883209228516	134.69322204589844	22.930646896362305	154.97706604003906
