"score"	"label"	"x0"	"y0"	"x1"	"y1"
0.8060721755027771	"man"	233.5291748046875	192.99195861816406	247.15673828125	222.18128967285156
