"score"	"label"	"x0"	"y0"	"x1"	"y1"
0.5229228734970093	"man woman"	355.64276123046875	189.1220245361328	417.4169921875	299.1845703125
