"score"	"label"	"x0"	"y0"	"x1"	"y1"
0.42608508467674255	"man"	133.2092742919922	91.71113586425781	230.25596618652344	358.93499755859375
0.4100688099861145	"man"	285.0986633300781	102.19970703125	366.3068542480469	361.3395080566406
0.3649551272392273	"man"	219.37416076660156	104.16444396972656	293.261474609375	353.9964599609375
0.3714919686317444	"man"	354.69451904296875	127.60134887695312	420.79327392578125	350.8995666503906
0.3704332709312439	"man"	409.7190246582031	112.864013671875	482.2358093261719	347.38543701171875
