"score"	"label"	"x0"	"y0"	"x1"	"y1"
0.31879711151123047	"m ; a ; n"	79.01039123535156	78.33279418945312	417.46148681640625	597.6494140625
