score	label	x0	y0	x1	y1
0.3257809281349182	woman	194.2587890625	333.3564453125	215.08071899414065	350.1484375
0.2532595098018646	woman	191.1012420654297	330.2351989746094	217.7363739013672	352.8997497558594
