"score"	"label"	"x0"	"y0"	"x1"	"y1"
0.31845539808273315	"man"	472.3968811035156	74.67605590820312	482.1185607910156	87.42906188964844
