"score"	"label"	"x0"	"y0"	"x1"	"y1"
0.36370033025741577	"m ; a ; n"	51.75144958496094	70.01089477539062	396.40087890625	597.9896240234375
