"score"	"label"	"x0"	"y0"	"x1"	"y1"
0.2676834166049957	"w a"	0.14154052734375	88.72317504882812	311.8789367675781	549.6480712890625
