"score"	"label"	"x0"	"y0"	"x1"	"y1"
0.3643905818462372	"man"	55.42584228515625	178.70843505859375	333.820556640625	524.3958740234375
0.583534836769104	"woman"	55.57359313964844	179.1109619140625	333.598388671875	524.6807250976562
