"score"	"label"	"x0"	"y0"	"x1"	"y1"
0.2696142792701721	"man"	104.18229675292969	68.60089874267578	334.40203857421875	282.2156982421875
