"score"	"label"	"x0"	"y0"	"x1"	"y1"
0.26288679242134094	"man"	14.500677108764648	224.17356872558594	74.76581573486328	271.8676452636719
