"score"	"label"	"x0"	"y0"	"x1"	"y1"
0.33626773953437805	"woman"	344.14495849609375	330.1116027832031	400.2498779296875	364.1862487792969
0.2602808177471161	"man"	344.27392578125	330.69476318359375	399.6868896484375	363.74462890625
