"score"	"label"	"x0"	"y0"	"x1"	"y1"
0.5804263949394226	"man"	204.88784790039062	184.55564880371094	399.9656677246094	548.2824096679688
0.2989480495452881	"woman"	10.447700500488281	143.91592407226562	211.31964111328125	548.036865234375
0.3192512094974518	"woman"	153.028076171875	55.0594482421875	291.8755187988281	345.7185363769531
