"score"	"label"	"x0"	"y0"	"x1"	"y1"
0.6222032904624939	"woman"	208.80810546875	137.6987762451172	370.4949951171875	552.2050170898438
0.30981096625328064	"man"	209.54005432128906	138.50547790527344	368.82769775390625	551.8969116210938
