"score"	"label"	"x0"	"y0"	"x1"	"y1"
0.3649301826953888	"man"	348.2460632324219	254.10533142089844	366.5027160644531	314.0141906738281
0.26751089096069336	"man"	518.8854370117188	230.89297485351562	542.7241821289062	264.4486083984375
0.2512136399745941	"man"	344.26812744140625	251.3709259033203	373.48614501953125	315.417724609375
0.29435402154922485	"woman"	348.55889892578125	254.28506469726562	366.23590087890625	313.9668273925781
