"score"	"label"	"x0"	"y0"	"x1"	"y1"
0.40779581665992737	"woman"	390.84979248046875	135.52432250976562	515.9009399414062	555.2989501953125
0.3482293486595154	"woman"	510.01263427734375	127.36376953125	599.5792846679688	574.540283203125
0.31391799449920654	"woman"	93.423583984375	130.65057373046875	180.71429443359375	497.328857421875
