score	label	x0	y0	x1	y1
0.2709566354751587	man	3.660736083984375	109.5782241821289	498.9557189941406	252.28146362304688
