"score"	"label"	"x0"	"y0"	"x1"	"y1"
0.533907949924469	"woman"	367.2891845703125	61.37022399902344	599.1566162109375	372.62908935546875
0.5127515196800232	"woman"	3.5439605712890625	48.46296691894531	231.86257934570312	373.00018310546875
