"score"	"label"	"x0"	"y0"	"x1"	"y1"
0.2578393518924713	"man"	407.8276672363281	267.6225280761719	560.975830078125	432.1397399902344
0.256217896938324	"man"	234.4907684326172	230.78082275390625	457.83306884765625	431.8427734375
0.29490330815315247	"man"	314.84649658203125	231.43560791015625	455.963134765625	431.4022216796875
