"score"	"label"	"x0"	"y0"	"x1"	"y1"
0.2809324264526367	"a ;"	171.87477111816406	197.69375610351562	432.78131103515625	596.88671875
