"score"	"label"	"x0"	"y0"	"x1"	"y1"
0.3107171952724457	"man"	222.75946044921875	115.57907104492188	255.98477172851562	217.3934326171875
0.275820255279541	"man"	40.24795913696289	273.47039794921875	87.34097290039062	370.2208251953125
