"score"	"label"	"x0"	"y0"	"x1"	"y1"
0.33203598856925964	"woman"	195.73875427246094	146.27005004882812	212.84983825683594	175.22976684570312
0.2803260385990143	"man"	196.0707244873047	146.60049438476562	212.50001525878906	174.5582275390625
