"score"	"label"	"x0"	"y0"	"x1"	"y1"
0.4386211335659027	"woman"	454.2383117675781	237.63641357421875	481.2621765136719	288.88751220703125
0.3677838444709778	"man"	455.0716552734375	238.23704528808594	480.65924072265625	288.6844177246094
0.28058671951293945	"woman"	446.8951110839844	232.77713012695312	489.5467834472656	292.4735412597656
