"score"	"label"	"x0"	"y0"	"x1"	"y1"
0.8143965005874634	"man"	42.998504638671875	64.41110229492188	365.8515625	598.3338623046875
