"score"	"label"	"x0"	"y0"	"x1"	"y1"
0.5915275812149048	"man"	3.889083862304687	102.18190002441406	387.5648193359375	595.963623046875
