"score"	"label"	"x0"	"y0"	"x1"	"y1"
0.3579050898551941	"m ; a ; n"	176.62391662597656	70.12734985351562	329.88671875	528.423095703125
