score	label	x0	y0	x1	y1
0.6331251263618469	man	294.9230651855469	284.6878967285156	376.4482727050781	424.7492980957031
0.3333051800727844	woman	136.5717315673828	298.3266296386719	190.5674591064453	421.6585388183594
