"score"	"label"	"x0"	"y0"	"x1"	"y1"
0.28076624870300293	"m a"	43.16026306152344	24.359420776367188	518.470703125	372.46160888671875
