"score"	"label"	"x0"	"y0"	"x1"	"y1"
0.39136967062950134	"man"	47.364295959472656	165.01792907714844	262.16937255859375	533.6596069335938
0.31437328457832336	"man"	394.02239990234375	221.0117645263672	552.3473510742188	524.4268188476562
0.2528408467769623	"man"	206.78244018554688	194.92420959472656	350.9062805175781	513.2490844726562
0.31389620900154114	"woman"	47.26477813720703	164.9687042236328	261.8519592285156	533.4539794921875
0.30541831254959106	"woman"	394.343505859375	221.06666564941406	552.2144775390625	524.53271484375
