score	label	x0	y0	x1	y1
0.5460370779037476	man	0.2753448486328125	172.7991943359375	370.6388549804687	509.27593994140625
