"score"	"label"	"x0"	"y0"	"x1"	"y1"
0.4743558764457702	"woman"	55.46097946166992	172.99082946777344	76.55488586425781	224.9994354248047
0.2795787155628204	"man"	128.39125061035156	168.24923706054688	142.4931182861328	194.21026611328125
