"score"	"label"	"x0"	"y0"	"x1"	"y1"
0.6265710592269897	"woman"	42.872772216796875	120.30355834960938	371.75421142578125	597.14892578125
0.25883749127388	"man"	43.13734436035156	121.32228088378906	371.9310302734375	597.9429931640625
