"score"	"label"	"x0"	"y0"	"x1"	"y1"
0.8790487051010132	"woman"	94.10249328613281	16.893569946289062	213.0204315185547	389.274658203125
