"score"	"label"	"x0"	"y0"	"x1"	"y1"
0.35923054814338684	"woman"	285.71173095703125	380.99609375	302.26324462890625	422.6710205078125
