"score"	"label"	"x0"	"y0"	"x1"	"y1"
0.2647286057472229	"w a"	1.807159423828125	32.47955322265625	400.5203857421875	598.1036376953125
