score	label	x0	y0	x1	y1
0.3968756794929504	man	301.8292541503906	272.8367614746094	314.5760192871094	303.5217590332031
