score	label	x0	y0	x1	y1
0.4317354559898376	woman	7.113311767578125	51.25309753417969	103.91793823242188	377.9406127929687
0.2889788746833801	woman	81.7208251953125	80.10365295410156	151.98187255859375	361.14410400390625
0.2622523307800293	woman	85.70526885986328	70.94007873535156	218.43716430664065	355.94683837890625
