"score"	"label"	"x0"	"y0"	"x1"	"y1"
0.297689139842987	"woman"	215.3077392578125	88.27252197265625	258.3467102050781	168.58453369140625
0.260283350944519	"woman"	236.36297607421875	90.34832763671876	257.73419189453125	130.70726013183594
