"score"	"label"	"x0"	"y0"	"x1"	"y1"
0.2642606794834137	"m a"	306.1354064941406	1.7508506774902344	345.9306335449219	51.66038131713867
