"score"	"label"	"x0"	"y0"	"x1"	"y1"
0.4689425826072693	"man"	333.28607177734375	131.11956787109375	373.53375244140625	277.1184387207031
