"score"	"label"	"x0"	"y0"	"x1"	"y1"
0.9003862738609314	"man"	325.185791015625	227.36753845214844	418.31439208984375	427.046142578125
