"score"	"label"	"x0"	"y0"	"x1"	"y1"
0.38360968232154846	"woman"	177.76535034179688	234.30221557617188	190.901123046875	262.7333984375
0.2696288228034973	"woman"	270.0299072265625	247.31251525878906	285.9786376953125	264.0156555175781
0.3148735463619232	"man"	178.4775390625	234.8033905029297	190.22055053710938	262.4661560058594
0.2710331678390503	"woman"	172.91024780273438	229.41549682617188	195.4661865234375	264.76116943359375
