"score"	"label"	"x0"	"y0"	"x1"	"y1"
0.4959568381309509	"woman"	211.486328125	409.7150268554687	235.41900634765625	433.24066162109375
