"score"	"label"	"x0"	"y0"	"x1"	"y1"
0.3350200951099396	"woman"	88.46955871582031	70.25199890136719	370.44036865234375	533.0327758789062
0.3181167542934418	"man"	88.62164306640625	70.42141723632812	370.6929016113281	533.8055419921875
0.37399229407310486	"woman"	83.45614624023438	69.990234375	400.49420166015625	535.2107543945312
