"score"	"label"	"x0"	"y0"	"x1"	"y1"
0.3847816288471222	"woman"	191.88279724121094	114.38619995117188	224.16444396972656	168.973388671875
0.3354456424713135	"woman"	114.9810562133789	1.4586830139160156	183.84909057617188	81.99288940429688
0.29527008533477783	"man"	115.62408447265625	1.4684410095214844	183.06808471679688	81.70590209960938
