"score"	"label"	"x0"	"y0"	"x1"	"y1"
0.40950894355773926	"man"	113.66706085205078	233.51124572753906	125.23741912841797	266.5400390625
0.27376046776771545	"man"	185.0627899169922	236.2500762939453	193.14198303222656	259.98175048828125
0.29320746660232544	"man"	157.1644744873047	236.17909240722656	170.00657653808594	268.59765625
0.32117581367492676	"man"	97.90416717529297	234.12411499023438	106.67230987548828	266.7745056152344
0.2620013654232025	"man"	320.51580810546875	240.7735137939453	330.34124755859375	267.1330871582031
0.2520027458667755	"man"	200.67111206054688	234.17893981933594	210.95809936523438	264.89349365234375
0.2811392843723297	"man"	7.469537258148193	240.20443725585938	17.611026763916016	273.1600646972656
0.2568715810775757	"man"	141.9747314453125	239.67185974121094	155.48159790039062	266.0384521484375
0.3121102452278137	"man"	85.47730255126953	232.83572387695312	99.42761993408203	267.760986328125
