"score"	"label"	"x0"	"y0"	"x1"	"y1"
0.5423493981361389	"man"	184.68740844726562	164.5072784423828	362.0427551269531	597.880615234375
0.39254021644592285	"man"	0.5216598510742188	313.98590087890625	134.54669189453125	597.9874877929688
0.455289751291275	"man"	437.2938232421875	97.47724914550781	565.7564086914062	406.83746337890625
0.26214176416397095	"man"	53.32180404663086	454.22772216796875	177.5884246826172	598.8245239257812
0.2517204284667969	"man"	348.9930114746094	252.2140655517578	500.6588439941406	598.6585083007812
0.3339260220527649	"man"	358.0395202636719	138.98947143554688	444.6318054199219	305.1234130859375
