score	label	x0	y0	x1	y1
0.2648725509643554	woman	293.27581787109375	313.08343505859375	348.11895751953125	351.49456787109375
