"score"	"label"	"x0"	"y0"	"x1"	"y1"
0.27682366967201233	"man"	8.947837829589844	286.4079895019531	13.601312637329102	291.6661071777344
