"score"	"label"	"x0"	"y0"	"x1"	"y1"
0.28849661350250244	"w"	251.91407775878906	48.65443420410156	470.6964111328125	373.9019775390625
