"score"	"label"	"x0"	"y0"	"x1"	"y1"
0.4678456485271454	"man"	429.8244323730469	161.1589813232422	467.5123596191406	270.65576171875
0.4167088866233825	"woman"	339.41326904296875	182.34228515625	385.825927734375	276.2758483886719
