"score"	"label"	"x0"	"y0"	"x1"	"y1"
0.25112971663475037	"man"	20.365615844726562	24.998275756835938	513.5975341796875	302.0341796875
