"score"	"label"	"x0"	"y0"	"x1"	"y1"
0.38817378878593445	"woman"	110.30075073242188	111.4696044921875	201.50701904296875	404.1490478515625
0.2798670828342438	"woman"	1.1695365905761719	94.44198608398438	111.91212463378906	441.0803527832031
0.2750695049762726	"woman"	370.18359375	123.50012969970703	417.67889404296875	318.4992980957031
0.28652599453926086	"woman"	414.601318359375	142.848876953125	464.26397705078125	315.01116943359375
0.2570815682411194	"woman"	478.393798828125	148.77243041992188	516.1103515625	297.5617370605469
0.26284608244895935	"woman"	516.406982421875	138.49435424804688	579.1038818359375	318.39349365234375
0.2665301561355591	"woman"	277.85638427734375	129.22303771972656	353.49468994140625	356.3594970703125
