score	label	x0	y0	x1	y1
0.4222618043422699	man	272.9331970214844	210.04449462890625	294.4264221191406	263.299560546875
0.4112943112850189	woman	213.66319274902344	240.48431396484375	240.72792053222656	273.86572265625
