"score"	"label"	"x0"	"y0"	"x1"	"y1"
0.5620278120040894	"man"	276.87884521484375	203.50732421875	333.2681884765625	347.6051025390625
0.43323561549186707	"woman"	229.7981719970703	209.46229553222656	279.9048156738281	362.62518310546875
0.42684781551361084	"woman"	198.302734375	257.1352844238281	238.99801635742188	371.3359069824219
0.31245461106300354	"man"	399.5941162109375	223.46347045898438	451.36077880859375	381.0376892089844
0.250444620847702	"woman"	198.43304443359375	257.27398681640625	239.03421020507812	371.25103759765625
0.3038872480392456	"woman"	230.0587615966797	209.44729614257812	279.987060546875	362.8538513183594
0.26831763982772827	"woman"	329.6857604980469	216.67877197265625	397.6050720214844	376.6707763671875
0.32776954770088196	"man"	329.7115783691406	216.65933227539062	397.5559997558594	376.7936706542969
