"score"	"label"	"x0"	"y0"	"x1"	"y1"
0.614091157913208	"man"	162.235595703125	109.40086364746094	332.4095764160156	365.7757568359375
0.3768015503883362	"woman"	355.8710021972656	185.71566772460938	418.3291320800781	258.3547058105469
0.2623938322067261	"woman"	355.93096923828125	185.60694885253906	418.21240234375	258.3623046875
0.3299512565135956	"woman"	162.93260192871094	109.89859008789062	331.87664794921875	365.2913818359375
0.25045454502105713	"woman"	163.11135864257812	109.93226623535156	331.7190246582031	365.385009765625
