"score"	"label"	"x0"	"y0"	"x1"	"y1"
0.29978668689727783	"man"	0.0697479248046875	68.93658447265625	13.002744674682617	443.19140625
