"score"	"label"	"x0"	"y0"	"x1"	"y1"
0.3974364399909973	"man"	132.98777770996094	90.75970458984376	230.3600311279297	359.25946044921875
0.3211228847503662	"man"	219.1299285888672	103.49869537353516	293.8743591308594	354.41748046875
0.3047249913215637	"woman"	284.878662109375	102.0009307861328	366.7781372070313	361.51312255859375
0.261007159948349	"woman"	409.5681762695313	113.09140014648438	482.82330322265625	347.51141357421875
