score	label	x0	y0	x1	y1
0.3035954535007477	man	455.36712646484375	260.8552551269531	478.14801025390625	305.9096984863281
