"score"	"label"	"x0"	"y0"	"x1"	"y1"
0.6492248177528381	"man"	195.19009399414065	175.51243591308594	320.3042297363281	353.96533203125
