"score"	"label"	"x0"	"y0"	"x1"	"y1"
0.3334118127822876	"man"	34.84510040283203	151.5369873046875	100.78217315673828	218.2276611328125
0.25595223903656	"man"	33.385887145996094	105.56475830078124	100.76757049560548	218.23287963867188
