"score"	"label"	"x0"	"y0"	"x1"	"y1"
0.565952479839325	"man"	307.1242370605469	235.51998901367188	386.9761657714844	341.7593688964844
0.2735360562801361	"woman"	425.7557373046875	236.309814453125	490.9817504882813	340.82196044921875
