"score"	"label"	"x0"	"y0"	"x1"	"y1"
0.5596044063568115	"woman"	46.35340881347656	43.193634033203125	391.1497192382813	549.22900390625
