"score"	"label"	"x0"	"y0"	"x1"	"y1"
0.5032505393028259	"man"	349.8581848144531	185.38233947753906	417.7455749511719	287.0527648925781
0.3867517411708832	"man"	284.5294494628906	185.59121704101562	338.5492858886719	291.67413330078125
0.3381904065608978	"man"	245.61199951171875	209.03622436523438	287.87799072265625	283.6961975097656
0.33455589413642883	"man"	146.16534423828125	155.11619567871094	181.2574462890625	241.18296813964844
0.3262329399585724	"man"	67.57405090332031	141.55235290527344	104.08293151855469	244.8157196044922
