"score"	"label"	"x0"	"y0"	"x1"	"y1"
0.45798975229263306	"woman"	488.234375	268.4060363769531	511.7099609375	341.2746887207031
0.42650991678237915	"woman"	442.6396789550781	267.23663330078125	468.7386779785156	339.801513671875
