score	label	x0	y0	x1	y1
0.3097074627876282	woman	373.456298828125	222.01870727539065	391.18896484375	271.41546630859375
0.2864232063293457	woman	403.7630004882813	221.44467163085935	421.7283935546875	271.65924072265625
0.2815422713756561	woman	393.4274597167969	219.70069885253903	422.3415832519531	272.134033203125
