"score"	"label"	"x0"	"y0"	"x1"	"y1"
0.4312054514884949	"man"	502.8932189941406	180.174072265625	569.6288452148438	361.25927734375
0.3317553400993347	"man"	344.1739807128906	166.93307495117188	403.8210144042969	341.25848388671875
0.28249797224998474	"man"	142.20924377441406	214.3493194580078	208.33168029785156	401.32861328125
0.3245883584022522	"man"	478.70245361328125	168.9871826171875	530.5592041015625	341.6357116699219
0.26959192752838135	"man"	237.24929809570312	203.28932189941406	290.3190002441406	382.255126953125
0.27947691082954407	"man"	384.8747253417969	176.79666137695312	443.4958190917969	352.0262756347656
0.2983291745185852	"man"	245.9713592529297	176.285888671875	304.835693359375	365.06243896484375
0.25763919949531555	"man"	434.985595703125	179.52230834960938	483.71856689453125	343.0097351074219
0.27678382396698	"man"	458.47857666015625	163.0897216796875	492.59796142578125	333.34466552734375
