"score"	"label"	"x0"	"y0"	"x1"	"y1"
0.5315592885017395	"man"	203.85287475585938	154.680419921875	343.0523986816406	406.058837890625
0.3004482686519623	"man"	70.05242156982422	141.71572875976562	146.57321166992188	362.0082092285156
0.2733190357685089	"man"	143.5416259765625	157.7155303955078	193.63400268554688	253.7488250732422
0.2645355761051178	"man"	468.1123352050781	103.0477294921875	529.9382934570312	225.155029296875
0.2689739167690277	"man"	205.87631225585938	152.38836669921875	273.18756103515625	240.23974609375
0.2558954060077667	"man"	567.2445678710938	66.9588623046875	599.7008666992188	226.410888671875
0.25055956840515137	"man"	25.30865478515625	158.78273010253906	78.43385314941406	327.04541015625
