score	label	x0	y0	x1	y1
0.2533425390720367	man	371.9499206542969	103.3392562866211	462.0319519042969	118.36576080322266
