"score"	"label"	"x0"	"y0"	"x1"	"y1"
0.5827316045761108	"woman"	132.24087524414062	230.66932678222656	393.3135070800781	560.6362915039062
0.48972928524017334	"man"	132.214599609375	230.6653594970703	393.37109375	560.8021240234375
0.3751678168773651	"woman"	132.1585693359375	230.5177764892578	393.51617431640625	561.1204833984375
