"score"	"label"	"x0"	"y0"	"x1"	"y1"
0.4806418716907501	"man woman"	107.26200866699219	49.724456787109375	595.3482055664062	598.250732421875
0.29736092686653137	"woman"	110.5169677734375	50.517578125	595.748291015625	598.7449951171875
