"score"	"label"	"x0"	"y0"	"x1"	"y1"
0.3517002761363983	"man"	83.84681701660156	118.22346496582031	162.59402465820312	325.0574951171875
0.30384382605552673	"woman"	442.1094055175781	112.70072937011719	524.8605346679688	296.62713623046875
0.2580510377883911	"woman"	158.109375	169.25869750976562	190.78076171875	215.552490234375
