"score"	"label"	"x0"	"y0"	"x1"	"y1"
0.9211651682853699	"man"	355.9580383300781	190.48873901367188	416.1512756347656	298.3100280761719
