"score"	"label"	"x0"	"y0"	"x1"	"y1"
0.5367168188095093	"man"	265.77679443359375	199.5475311279297	280.1156005859375	236.1314239501953
0.33164310455322266	"woman"	266.4953918457031	200.07125854492188	279.7038879394531	235.92364501953125
