"score"	"label"	"x0"	"y0"	"x1"	"y1"
0.651483952999115	"man"	32.913543701171875	30.9144287109375	244.83352661132812	586.7855224609375
