score	label	x0	y0	x1	y1
0.3588251769542694	woman	456.4563293457031	253.07904052734375	526.7194213867188	405.1702270507813
0.2972992360591888	man	57.6333122253418	243.5282287597656	130.1762237548828	402.1499938964844
0.2924447059631347	man	154.74774169921875	233.96832275390625	223.84396362304688	399.05084228515625
0.269451379776001	woman	21.138593673706055	211.20738220214844	73.02078247070312	390.9475708007813
