"score"	"label"	"x0"	"y0"	"x1"	"y1"
0.2625177502632141	"man"	85.51498413085938	81.7547607421875	530.3270263671875	346.1978454589844
