"score"	"label"	"x0"	"y0"	"x1"	"y1"
0.4764630198478699	"woman"	35.898033142089844	171.89076232910156	55.862037658691406	202.3562469482422
0.3709867298603058	"woman"	97.92474365234375	187.43174743652344	105.81414794921875	205.40089416503906
