"score"	"label"	"x0"	"y0"	"x1"	"y1"
0.4999908804893493	"man"	115.63604736328124	33.271209716796875	259.9767761230469	538.110107421875
