"score"	"label"	"x0"	"y0"	"x1"	"y1"
0.342006117105484	"man"	414.02532958984375	241.9666748046875	447.1923828125	299.01385498046875
