"score"	"label"	"x0"	"y0"	"x1"	"y1"
0.4326947033405304	"woman"	185.28536987304688	258.3201904296875	296.17889404296875	412.942626953125
0.3830908536911011	"woman"	312.8236389160156	254.88612365722656	445.8951110839844	410.978759765625
0.3038763105869293	"woman"	54.7147216796875	271.52166748046875	190.57215881347656	423.6982421875
0.292641818523407	"woman"	154.78070068359375	202.35012817382812	238.4256591796875	375.2732238769531
0.34657010436058044	"man"	291.7878112792969	132.31460571289062	365.6473083496094	290.504150390625
0.2575244903564453	"woman"	434.89801025390625	258.1876525878906	527.7031860351562	413.1270446777344
0.25079140067100525	"man"	292.56768798828125	132.27529907226562	365.3492431640625	249.3966064453125
