"score"	"label"	"x0"	"y0"	"x1"	"y1"
0.34154602885246277	"m ; a ; n"	184.3767547607422	363.90264892578125	291.75457763671875	483.97509765625
