"score"	"label"	"x0"	"y0"	"x1"	"y1"
0.4689738154411316	"woman"	15.80022430419922	77.92965698242188	147.22421264648438	405.35504150390625
