"score"	"label"	"x0"	"y0"	"x1"	"y1"
0.9015436172485352	"man"	213.98818969726562	78.02787780761719	329.4299011230469	522.6021118164062
