"score"	"label"	"x0"	"y0"	"x1"	"y1"
0.2512562572956085	"woman"	33.787078857421875	12.067066192626953	48.250831604003906	29.435325622558594
