"score"	"label"	"x0"	"y0"	"x1"	"y1"
0.2956730127334595	"man"	84.76078796386719	300.2994689941406	103.17608642578125	337.9488220214844
0.26924893260002136	"woman"	85.03785705566406	300.659423828125	103.04098510742188	337.771240234375
