"score"	"label"	"x0"	"y0"	"x1"	"y1"
0.3763249814510345	"woman"	407.6112976074219	242.14749145507812	496.7897644042969	278.3381042480469
