"score"	"label"	"x0"	"y0"	"x1"	"y1"
0.6584076285362244	"woman"	119.18085479736328	149.16641235351562	244.58209228515625	523.1282958984375
0.3628190755844116	"man"	119.31529235839844	149.30226135253906	244.51222229003906	523.13525390625
0.3203796148300171	"woman"	119.24882507324219	149.1766815185547	244.57740783691406	523.2975463867188
