"score"	"label"	"x0"	"y0"	"x1"	"y1"
0.28756994009017944	"a ;"	236.8728485107422	126.27071380615234	333.08612060546875	152.95364379882812
