"score"	"label"	"x0"	"y0"	"x1"	"y1"
0.34221646189689636	"m ; a ; n"	94.16117858886719	46.64068603515625	496.59991455078125	362.2054748535156
