"score"	"label"	"x0"	"y0"	"x1"	"y1"
0.4617078900337219	"woman"	217.3340759277344	117.09239196777344	396.9326477050781	394.6553955078125
