"score"	"label"	"x0"	"y0"	"x1"	"y1"
0.372318297624588	"woman"	270.9258117675781	377.1469421386719	287.6410217285156	420.5019836425781
0.25668567419052124	"man"	297.48406982421875	367.78424072265625	321.94012451171875	398.13690185546875
