"score"	"label"	"x0"	"y0"	"x1"	"y1"
0.502653181552887	"man"	0.7249755859375	-0.0891265869140625	599.6744384765625	450.90521240234375
0.25953274965286255	"man"	556.8341064453125	11.537130355834961	592.281982421875	51.552337646484375
