"score"	"label"	"x0"	"y0"	"x1"	"y1"
0.2949033081531524	"man"	314.84649658203125	231.43560791015625	455.963134765625	431.4022216796875
0.2578393518924713	"man"	407.8276672363281	267.6225280761719	560.975830078125	432.1397399902344
