"score"	"label"	"x0"	"y0"	"x1"	"y1"
0.2558688521385193	"man"	262.19232177734375	249.51046752929688	267.4127197265625	261.1732482910156
