"score"	"label"	"x0"	"y0"	"x1"	"y1"
0.3826902210712433	"m ; a ; n"	134.06494140625	109.4134521484375	282.658203125	591.0336303710938
