"score"	"label"	"x0"	"y0"	"x1"	"y1"
0.2604658901691437	"w o"	32.406211853027344	29.986785888671875	247.04266357421875	588.37109375
