"score"	"label"	"x0"	"y0"	"x1"	"y1"
0.36618390679359436	"woman"	120.31756591796875	37.82354736328125	160.17669677734375	87.28367614746094
0.2757605016231537	"woman"	124.6115493774414	48.17644500732422	155.99551391601562	86.4445571899414
