"score"	"label"	"x0"	"y0"	"x1"	"y1"
0.2639536261558532	"woman"	371.965087890625	199.40817260742188	390.006103515625	213.13607788085935
0.2568767964839935	"woman"	373.5592956542969	202.98158264160156	389.1612243652344	211.9922332763672
