"score"	"label"	"x0"	"y0"	"x1"	"y1"
0.7412759065628052	"man"	20.242401123046875	15.72003173828125	190.2604522705078	593.412109375
