"score"	"label"	"x0"	"y0"	"x1"	"y1"
0.850061297416687	"man"	183.06143188476562	226.3361358642578	389.9068298339844	308.1376953125
