"score"	"label"	"x0"	"y0"	"x1"	"y1"
0.3910817801952362	"man"	196.7498779296875	135.0094757080078	216.74380493164062	211.5183563232422
0.3523702919483185	"woman"	192.09396362304688	132.19161987304688	223.22769165039062	213.81512451171875
