"score"	"label"	"x0"	"y0"	"x1"	"y1"
0.6453882455825806	"man"	196.94639587402344	180.8718719482422	220.47828674316406	220.2881622314453
