"score"	"label"	"x0"	"y0"	"x1"	"y1"
0.263775110244751	"a"	35.748626708984375	139.49798583984375	509.9540100097656	291.9327087402344
