score	label	x0	y0	x1	y1
0.3046371638774872	woman	500.8096618652344	196.79074096679688	558.238037109375	341.4212341308594
0.2863502502441406	man	179.1248016357422	249.12684631347656	247.9587249755859	358.5848693847656
0.2774016261100769	woman	1.74859619140625	118.1616668701172	575.4612426757812	364.0858154296875
0.2605043649673462	man	241.0053253173828	247.67576599121097	299.39581298828125	364.0380859375
0.2574822902679443	man	384.9770812988281	247.15057373046875	444.9369812011719	356.75067138671875
