score	label	x0	y0	x1	y1
0.6011052131652832	woman	351.3258972167969	38.16304016113281	502.6752624511719	368.16070556640625
0.4848953485488891	man	129.3818359375	32.268333435058594	265.3398742675781	208.1092834472656
