"score"	"label"	"x0"	"y0"	"x1"	"y1"
0.31822890043258667	"m ; a ; n"	11.484344482421875	106.69245147705078	564.8292236328125	337.5528564453125
