"score"	"label"	"x0"	"y0"	"x1"	"y1"
0.2958040237426758	"man"	53.357322692871094	-0.0640571117401123	72.87612915039062	4.63142204284668
