"score"	"label"	"x0"	"y0"	"x1"	"y1"
0.6345273852348328	"man"	1.2328758239746094	275.7347717285156	55.34028244018555	379.4634094238281
