"score"	"label"	"x0"	"y0"	"x1"	"y1"
0.3750460147857666	"m"	23.270278930664062	146.28187561035156	348.72625732421875	548.4476928710938
0.26980647444725037	"a"	23.495376586914062	146.59486389160156	348.5924072265625	548.4558715820312
