"score"	"label"	"x0"	"y0"	"x1"	"y1"
0.2599201798439026	"man"	293.2852783203125	319.72259521484375	320.12762451171875	351.6519775390625
