"score"	"label"	"x0"	"y0"	"x1"	"y1"
0.34826651215553284	"man"	100.12694549560547	262.8495178222656	123.68224334716797	295.0686340332031
