"score"	"label"	"x0"	"y0"	"x1"	"y1"
0.5056353807449341	"woman"	461.2875061035156	372.0699462890625	541.835205078125	599.7418212890625
0.25756561756134033	"woman"	192.41714477539062	150.095703125	467.8066101074219	599.7202758789062
