score	label	x0	y0	x1	y1
0.4431315660476684	man	4.743202209472656	292.1448669433594	167.52346801757812	581.927978515625
0.2559545040130615	woman	117.76448822021484	276.4913635253906	149.52249145507812	391.1976623535156
0.2517710328102112	man	221.50076293945312	30.446731567382812	337.9987487792969	180.4787139892578
