"score"	"label"	"x0"	"y0"	"x1"	"y1"
0.4756701588630676	"man"	134.15374755859375	45.236572265625	290.00732421875	560.8412475585938
0.3970968723297119	"woman"	134.81570434570312	46.004547119140625	289.1853332519531	560.73291015625
