score	label	x0	y0	x1	y1
0.4375452101230621	man	18.98724365234375	80.6689224243164	85.00376892089844	223.95425415039065
0.2890673577785492	man	259.24896240234375	95.79621887207033	298.28228759765625	192.69300842285156
