"score"	"label"	"x0"	"y0"	"x1"	"y1"
0.2527214586734772	"woman"	438.0022888183594	164.7703857421875	477.5372619628906	211.00106811523438
