score	label	x0	y0	x1	y1
0.2982963323593139	woman	8.90301513671875	37.60209274291992	240.89463806152344	114.636474609375
0.2584163546562195	woman	161.23146057128906	49.426414489746094	178.0917205810547	71.3987808227539
