"score"	"label"	"x0"	"y0"	"x1"	"y1"
0.30458736419677734	"man"	0.545745849609375	39.02607727050781	599.2877197265625	443.729248046875
