"score"	"label"	"x0"	"y0"	"x1"	"y1"
0.3425353169441223	"woman"	549.7340087890625	376.95501708984375	561.8756103515625	415.64459228515625
0.3051794171333313	"woman"	549.7033081054688	388.9037170410156	561.8799438476562	416.0177307128906
