"score"	"label"	"x0"	"y0"	"x1"	"y1"
0.48470965027809143	"man"	168.85659790039062	2.3148040771484375	337.84246826171875	240.45101928710938
0.27126726508140564	"man"	168.42373657226562	3.3810863494873047	338.00921630859375	63.99568176269531
