"score"	"label"	"x0"	"y0"	"x1"	"y1"
0.2812575697898865	"; a ;"	261.29058837890625	151.59466552734375	503.0240478515625	326.9665222167969
