"score"	"label"	"x0"	"y0"	"x1"	"y1"
0.3563527464866638	"woman"	415.58355712890625	254.008056640625	427.99749755859375	277.63592529296875
0.260087788105011	"woman"	412.2400512695313	251.3430023193359	431.29986572265625	279.8048400878906
