score	label	x0	y0	x1	y1
0.3751603066921234	man	149.67831420898438	247.07086181640625	238.294677734375	443.50927734375
