"score"	"label"	"x0"	"y0"	"x1"	"y1"
0.36889320611953735	"man"	365.0054626464844	66.82319641113281	544.8680419921875	244.9861602783203
