"score"	"label"	"x0"	"y0"	"x1"	"y1"
0.2602289617061615	"man"	328.7109069824219	170.3081512451172	340.9113464355469	192.33985900878903
