"score"	"label"	"x0"	"y0"	"x1"	"y1"
0.31523099541664124	"woman"	559.8985595703125	195.39352416992188	596.1448974609375	292.6965637207031
0.4239969253540039	"woman"	529.45458984375	195.108642578125	595.9605712890625	293.6800537109375
0.38279080390930176	"man"	499.0654296875	174.0126190185547	531.944580078125	207.3789520263672
