"score"	"label"	"x0"	"y0"	"x1"	"y1"
0.29885685443878174	"man"	169.43063354492188	204.6781005859375	368.0785827636719	315.82135009765625
