score	label	x0	y0	x1	y1
0.2604487836360931	man	467.4325866699219	283.2355651855469	485.1848449707031	324.2491760253906
