"score"	"label"	"x0"	"y0"	"x1"	"y1"
0.2781699299812317	"woman"	0.49057769775390625	78.53359985351562	215.4410400390625	372.9037170410156
