"score"	"label"	"x0"	"y0"	"x1"	"y1"
0.29253700375556946	"woman"	72.29287719726562	307.8007507324219	108.35655212402344	341.2513732910156
