"score"	"label"	"x0"	"y0"	"x1"	"y1"
0.33097413182258606	"w"	77.33732604980469	66.94956970214844	385.69183349609375	549.5077514648438
0.3177297115325928	"w"	77.23619079589844	67.15962219238281	385.66790771484375	549.7412109375
0.26774710416793823	"w"	77.379638671875	67.30104064941406	385.56689453125	549.5054321289062
