"score"	"label"	"x0"	"y0"	"x1"	"y1"
0.5248928666114807	"man"	6.6661376953125	80.03628540039062	355.6371765136719	594.408935546875
