score	label	x0	y0	x1	y1
0.610920250415802	man	302.9822692871094	179.26573181152344	373.3886413574219	264.63787841796875
0.3252077996730804	woman	267.6127014160156	187.743896484375	314.3330383300781	267.63140869140625
0.2993053495883941	woman	239.99305725097656	245.76217651367188	307.18927001953125	346.2720642089844
