"score"	"label"	"x0"	"y0"	"x1"	"y1"
0.2795775532722473	"woman"	551.5370483398438	265.2603454589844	556.5541381835938	276.5552062988281
