"score"	"label"	"x0"	"y0"	"x1"	"y1"
0.412100613117218	"man"	191.04591369628906	225.09730529785156	213.3627166748047	268.40521240234375
0.3312210142612457	"woman"	129.37667846679688	222.27972412109375	151.6409912109375	268.80035400390625
