"score"	"label"	"x0"	"y0"	"x1"	"y1"
0.27425047755241394	"man"	441.135498046875	243.0232391357422	448.57147216796875	261.07452392578125
0.2755136787891388	"man"	164.45895385742188	273.4149475097656	183.52493286132812	296.0264587402344
0.2786116302013397	"man"	533.8219604492188	217.16879272460938	539.9457397460938	232.21640014648438
