"score"	"label"	"x0"	"y0"	"x1"	"y1"
0.3644584119319916	"woman"	7.229743957519531	51.50408935546875	103.69316864013672	378.3831481933594
0.29972994327545166	"woman"	81.84322357177734	80.29158020019531	151.61453247070312	361.2305908203125
0.2688697576522827	"man"	416.34271240234375	79.30731201171875	595.5569458007812	398.4800720214844
0.38432076573371887	"man"	86.0306167602539	71.12442016601562	217.92709350585938	355.6479797363281
