"score"	"label"	"x0"	"y0"	"x1"	"y1"
0.8966739177703857	"woman"	0.61383056640625	58.276214599609375	523.4361572265625	599.71630859375
