"score"	"label"	"x0"	"y0"	"x1"	"y1"
0.5870210528373718	"woman"	3.906051635742187	64.87869262695312	355.34375	548.9754638671875
