"score"	"label"	"x0"	"y0"	"x1"	"y1"
0.2533591389656067	"woman"	143.4490966796875	225.77865600585938	158.38092041015625	244.60336303710938
