"score"	"label"	"x0"	"y0"	"x1"	"y1"
0.5284149050712585	"woman"	411.4381103515625	70.2625503540039	477.0823974609375	199.22528076171875
0.3269538879394531	"man"	412.6498107910156	71.3561782836914	475.8273010253906	198.77926635742188
