"score"	"label"	"x0"	"y0"	"x1"	"y1"
0.4622674882411957	"woman"	227.83917236328125	150.53892517089844	335.05230712890625	476.0656127929687
0.2879135906696319	"woman"	80.06257629394531	168.04847717285156	173.89010620117188	477.895751953125
0.2529551088809967	"woman"	79.57276916503906	150.47789001464844	335.81414794921875	478.76214599609375
