"score"	"label"	"x0"	"y0"	"x1"	"y1"
0.46452149748802185	"woman"	235.45550537109375	306.35015869140625	248.21673583984375	350.271728515625
0.4275408387184143	"woman"	277.1362609863281	310.29254150390625	291.1811828613281	353.51422119140625
0.2901153564453125	"woman"	325.069091796875	304.0117492675781	334.70062255859375	334.9725036621094
0.25093787908554077	"woman"	332.64215087890625	303.7045593261719	340.475341796875	334.9422302246094
