"score"	"label"	"x0"	"y0"	"x1"	"y1"
0.27519887685775757	"a"	158.680419921875	190.265380859375	460.40625	384.57232666015625
