"score"	"label"	"x0"	"y0"	"x1"	"y1"
0.3484870195388794	"w o"	114.06258392333984	33.16436767578125	261.8315734863281	539.4386596679688
0.29828980565071106	"w o"	114.13536071777344	33.098846435546875	261.8226318359375	539.808837890625
0.27868276834487915	"w m"	114.25767517089844	33.20506286621094	261.8946533203125	539.406005859375
