"score"	"label"	"x0"	"y0"	"x1"	"y1"
0.34184202551841736	"man"	182.4529571533203	259.6012878417969	191.4801788330078	278.5985412597656
