"score"	"label"	"x0"	"y0"	"x1"	"y1"
0.3989794850349426	"woman"	459.2009582519531	115.1003875732422	518.778076171875	247.7617950439453
0.339745819568634	"man"	4.637786865234375	95.19400024414062	551.4010009765625	379.5107421875
0.3048277497291565	"man"	59.44231796264648	99.03174591064452	127.74574279785156	232.88604736328125
0.3023549914360046	"man"	128.97642517089844	245.8914031982422	194.9662322998047	380.80560302734375
0.2963658273220062	"man"	79.42131805419922	243.76068115234375	145.04379272460938	375.476806640625
0.2720366716384887	"man"	314.404541015625	239.5013885498047	408.42730712890625	371.8840942382813
0.2694908380508423	"man"	0.0999794006347656	245.25001525878903	95.20361328125	373.724853515625
0.2537031173706054	"woman"	493.0335083007813	180.82318115234375	549.9141235351562	310.3366394042969
0.2515677809715271	"man"	402.8951721191406	245.37075805664065	482.8610534667969	371.2503967285156
