score	label	x0	y0	x1	y1
0.5491753816604614	man	1.0011672973632812	223.14877319335935	156.76788330078125	502.9263610839844
0.5129345059394836	woman	236.22767639160156	220.6427459716797	404.0758666992187	450.1530151367187
