"score"	"label"	"x0"	"y0"	"x1"	"y1"
0.8935887217521667	"woman"	0.641876220703125	169.333740234375	346.9474182128906	549.138427734375
