score	label	x0	y0	x1	y1
0.3183026313781738	woman	255.94908142089844	90.87934112548828	278.3404541015625	121.91570281982422
0.2508777678012848	woman	250.89808654785156	85.46218872070312	285.8022155761719	129.62490844726562
