score	label	x0	y0	x1	y1
0.3822541534900665	woman	290.78521728515625	141.68768310546875	347.08905029296875	188.3287353515625
0.3216857314109802	man	42.97365951538086	223.947021484375	88.85935974121094	349.81103515625
