"score"	"label"	"x0"	"y0"	"x1"	"y1"
0.8605642914772034	"man"	143.70419311523438	129.44686889648438	321.5537109375	392.7101745605469
