"score"	"label"	"x0"	"y0"	"x1"	"y1"
0.2506653368473053	"woman"	303.1083984375	230.9715576171875	344.756591796875	256.8274841308594
