"score"	"label"	"x0"	"y0"	"x1"	"y1"
0.3483899235725403	"woman"	33.847869873046875	82.49540710449219	555.865966796875	399.719970703125
0.34158048033714294	"woman"	290.2058410644531	85.33518981933594	355.3987731933594	210.83949279785156
0.2812882363796234	"woman"	33.323448181152344	216.3878173828125	121.79662322998047	395.88818359375
0.31483352184295654	"woman"	295.6044921875	209.9739227294922	375.87396240234375	395.67791748046875
0.28739237785339355	"woman"	224.85365295410156	81.86158752441406	293.66241455078125	200.32154846191406
0.2810474932193756	"woman"	113.6788330078125	218.0823974609375	203.12615966796875	396.46514892578125
0.32327979803085327	"man"	113.5858154296875	218.00039672851562	203.1356201171875	396.6907043457031
0.2784992456436157	"man"	151.19654846191406	88.28291320800781	222.8102264404297	202.2385711669922
0.31797289848327637	"man"	415.6982116699219	92.15302276611328	474.7245178222656	202.37509155273438
