"score"	"label"	"x0"	"y0"	"x1"	"y1"
0.406281441450119	"woman"	10.909610748291016	223.0679931640625	53.42805862426758	333.33062744140625
0.31359729170799255	"woman"	563.4212646484375	219.31832885742188	597.296142578125	333.9082946777344
0.2742999196052551	"woman"	14.17803955078125	182.59869384765625	594.0479736328125	342.40521240234375
