"score"	"label"	"x0"	"y0"	"x1"	"y1"
0.5308161973953247	"man"	389.7483825683594	134.75328063964844	549.1023559570312	357.6707763671875
0.4730243384838104	"woman"	146.22122192382812	88.84730529785156	225.17904663085938	343.546875
0.25492775440216064	"woman"	102.37077331542969	88.5760498046875	225.13575744628906	361.29620361328125
