score	label	x0	y0	x1	y1
0.4465771913528442	man	107.75334167480467	89.78431701660156	391.081298828125	592.9317626953125
