"score"	"label"	"x0"	"y0"	"x1"	"y1"
0.3097078502178192	"woman"	460.11541748046875	408.6266784667969	472.02203369140625	423.0882263183594
