"score"	"label"	"x0"	"y0"	"x1"	"y1"
0.35647904872894287	"woman"	203.94015502929688	212.51559448242188	220.00576782226562	241.55447387695312
0.2769090235233307	"man"	205.5630340576172	213.15374755859375	219.51780700683594	241.04425048828125
0.2536758482456207	"woman"	200.60301208496094	209.6194305419922	230.6550750732422	244.6470184326172
