"score"	"label"	"x0"	"y0"	"x1"	"y1"
0.34327611327171326	"man"	0.1677560806274414	67.8258056640625	16.73064422607422	442.579345703125
