"score"	"label"	"x0"	"y0"	"x1"	"y1"
0.5285892486572266	"woman"	16.385345458984375	124.1538543701172	232.08262634277344	598.1891479492188
