"score"	"label"	"x0"	"y0"	"x1"	"y1"
0.2992128729820251	"woman"	510.4468078613281	167.36134338378906	527.333251953125	183.98597717285156
