"score"	"label"	"x0"	"y0"	"x1"	"y1"
0.30877822637557983	"man"	328.69708251953125	102.46712493896484	339.6094970703125	126.2358627319336
0.31967803835868835	"man"	385.0858459472656	89.60733032226562	392.9795837402344	115.85319519042969
0.2926828861236572	"man"	390.5127868652344	91.442626953125	400.3477478027344	116.45863342285156
0.3242531418800354	"man"	319.0267333984375	103.5597915649414	329.65771484375	125.83808135986328
0.30685585737228394	"man"	302.6592712402344	104.44771575927734	310.8759460449219	126.74190521240234
