"score"	"label"	"x0"	"y0"	"x1"	"y1"
0.3477860689163208	"woman"	538.2141723632812	285.6553039550781	551.8049926757812	315.9799499511719
0.2586899697780609	"woman"	519.9774780273438	280.8059387207031	552.3325805664062	316.1250915527344
0.2946459650993347	"woman"	520.7919921875	281.5123596191406	532.8721923828125	311.7784729003906
0.28885114192962646	"man"	538.6533813476562	286.1312255859375	551.5088500976562	315.740234375
0.2573353946208954	"man"	521.0645141601562	281.7671203613281	532.7468872070312	311.6956481933594
