"score"	"label"	"x0"	"y0"	"x1"	"y1"
0.6114630699157715	"man"	4.4014739990234375	54.08583068847656	385.4635620117187	549.1657104492188
