"score"	"label"	"x0"	"y0"	"x1"	"y1"
0.4233631491661072	"woman"	328.09185791015625	239.4778289794922	344.81982421875	280.0570373535156
