"score"	"label"	"x0"	"y0"	"x1"	"y1"
0.3549583852291107	"man"	128.42022705078125	195.1922607421875	150.7545166015625	253.67086791992188
