"score"	"label"	"x0"	"y0"	"x1"	"y1"
0.33785882592201233	"woman"	23.58306884765625	145.0102081298828	570.1305541992188	382.455078125
