"score"	"label"	"x0"	"y0"	"x1"	"y1"
0.7721714973449707	"man"	106.0328369140625	75.53009033203125	231.79998779296875	531.3594360351562
0.3601226508617401	"woman"	206.6205291748047	126.7483367919922	339.6337890625	519.230224609375
