"score"	"label"	"x0"	"y0"	"x1"	"y1"
0.5223395824432373	"woman"	484.6736145019531	224.44659423828125	503.8486633300781	257.3146057128906
0.4342862963676452	"woman"	500.9855346679687	225.60577392578125	518.6117553710938	257.1688232421875
0.3502210676670074	"man"	512.1435546875	217.0373992919922	529.7645263671875	238.1782989501953
0.2733694911003113	"man"	528.029296875	216.8380889892578	543.8726806640625	239.0153350830078
0.2639001905918121	"man"	512.0518798828125	215.68963623046875	543.501708984375	239.25515747070312
