"score"	"label"	"x0"	"y0"	"x1"	"y1"
0.4131732285022735	"woman"	164.3807830810547	178.78445434570312	392.69183349609375	442.3758850097656
0.4009578824043274	"man"	325.16632080078125	87.6295166015625	598.5498657226562	414.4140319824219
