"score"	"label"	"x0"	"y0"	"x1"	"y1"
0.33611032366752625	"woman"	347.5374450683594	60.14849853515625	436.5184020996094	287.2525329589844
0.3476954996585846	"woman"	429.716064453125	59.58876037597656	512.481689453125	297.6534423828125
0.2897548973560333	"woman"	494.5935363769531	70.83900451660156	594.7469482421875	302.30078125
0.26510733366012573	"woman"	79.93950653076172	36.40338134765625	174.56228637695312	279.25933837890625
0.26546022295951843	"woman"	211.0717010498047	63.308128356933594	267.2088317871094	257.2822265625
0.2571379244327545	"woman"	273.7884216308594	55.627838134765625	341.0696105957031	267.206787109375
