"score"	"label"	"x0"	"y0"	"x1"	"y1"
0.2819846570491791	"m"	169.00245666503906	204.80746459960938	366.07080078125	316.1296691894531
