"score"	"label"	"x0"	"y0"	"x1"	"y1"
0.4572736322879791	"woman"	88.00810241699219	76.8812255859375	424.08062744140625	596.7551879882812
0.42718660831451416	"man"	90.35137939453125	77.7061767578125	420.5765380859375	597.2920532226562
