"score"	"label"	"x0"	"y0"	"x1"	"y1"
0.2873952984809875	"man"	329.5506286621094	267.6908874511719	343.6040954589844	287.0999450683594
