"score"	"label"	"x0"	"y0"	"x1"	"y1"
0.33094581961631775	"man"	374.8111267089844	91.46463012695312	475.0904846191406	406.508056640625
0.49801602959632874	"woman"	375.25286865234375	91.75393676757812	474.96112060546875	406.55596923828125
