"score"	"label"	"x0"	"y0"	"x1"	"y1"
0.45200231671333313	"woman"	10.977920532226562	70.21296691894531	273.7705078125	507.0877685546875
0.2703607380390167	"woman"	10.408843994140625	69.33984375	318.1729431152344	522.5557250976562
