"score"	"label"	"x0"	"y0"	"x1"	"y1"
0.876682460308075	"man"	129.01229858398438	92.11149597167969	242.29525756835938	453.15972900390625
