"score"	"label"	"x0"	"y0"	"x1"	"y1"
0.26284030079841614	"a"	225.00634765625	100.68081665039062	260.7286376953125	137.74778747558594
