score	label	x0	y0	x1	y1
0.3853272497653961	woman	389.6204528808594	149.92401123046875	414.2279357910156	212.68682861328125
0.2558305561542511	woman	214.1277618408203	182.40667724609375	232.63233947753903	216.81753540039065
