score	label	x0	y0	x1	y1
0.5825734734535217	man	98.00206756591795	205.6767578125	279.47216796875	425.65240478515625
0.4825256466865539	woman	321.0697326660156	201.50343322753903	422.7794494628906	422.3125
