"score"	"label"	"x0"	"y0"	"x1"	"y1"
0.5100034475326538	"woman"	81.59593200683594	118.7340087890625	351.029052734375	597.7139892578125
