"score"	"label"	"x0"	"y0"	"x1"	"y1"
0.4274676442146301	"woman"	180.09603881835938	224.70985412597656	391.5489196777344	309.1436767578125
0.46380072832107544	"man"	182.34735107421875	225.69436645507812	390.434326171875	308.7424011230469
