score	label	x0	y0	x1	y1
0.3500492870807647	woman man	257.7566833496094	135.8890380859375	375.2331848144531	389.3284301757813
0.2760016322135925	woman	124.24131774902344	131.78701782226562	202.9580841064453	374.69476318359375
0.2716889977455139	woman	249.88282775878903	145.56777954101562	312.8439025878906	362.1262817382813
