"score"	"label"	"x0"	"y0"	"x1"	"y1"
0.3226809501647949	"m ; a ; n"	222.9495391845703	109.02958679199219	352.637451171875	437.84796142578125
