score	label	x0	y0	x1	y1
0.7133226990699768	man	97.2808074951172	143.0010223388672	375.7613525390625	497.421875
