"score"	"label"	"x0"	"y0"	"x1"	"y1"
0.39608895778656006	"woman"	20.0181884765625	107.45646667480469	378.3482666015625	549.810302734375
0.5354384779930115	"man"	20.479171752929688	107.87648010253906	378.33563232421875	549.8121948242188
