"score"	"label"	"x0"	"y0"	"x1"	"y1"
0.35752785205841064	"woman"	129.08441162109375	221.89614868164062	151.6436767578125	268.77740478515625
0.32742035388946533	"man"	191.56150817871094	225.47769165039062	212.65525817871094	268.3070068359375
