"score"	"label"	"x0"	"y0"	"x1"	"y1"
0.31998151540756226	"man"	241.5394744873047	110.56159210205078	274.54150390625	167.16053771972656
0.29430708289146423	"woman"	410.3472900390625	178.97853088378906	438.859375	244.5922393798828
0.27374839782714844	"man"	276.0339660644531	108.19192504882812	306.9275817871094	166.01382446289062
