"score"	"label"	"x0"	"y0"	"x1"	"y1"
0.35525020956993103	"woman"	100.10440063476562	100.62800598144531	521.736328125	309.12646484375
