"score"	"label"	"x0"	"y0"	"x1"	"y1"
0.6016608476638794	"man"	270.264404296875	238.87127685546875	359.5548095703125	367.25848388671875
0.3129104673862457	"man"	173.44314575195312	136.12413024902344	248.71109008789062	259.5263671875
0.3979587256908417	"man"	173.52606201171875	135.92977905273438	269.5145568847656	279.0768737792969
0.4710223376750946	"man"	55.66585159301758	274.7054138183594	138.46910095214844	375.8088684082031
0.39163416624069214	"man"	189.08961486816406	252.593994140625	262.5939636230469	379.88214111328125
0.3459968566894531	"man"	132.41409301757812	255.41226196289062	202.8665771484375	383.1337585449219
