"score"	"label"	"x0"	"y0"	"x1"	"y1"
0.36299827694892883	"woman"	94.01222229003906	91.10960388183594	180.7085418701172	378.1314697265625
0.32838013768196106	"woman"	333.9653015136719	127.97099304199219	410.4391174316406	378.20086669921875
0.3128197193145752	"woman"	407.4576721191406	101.62440490722656	494.7455749511719	381.1385498046875
0.28888416290283203	"woman"	171.31951904296875	80.98530578613281	257.66705322265625	374.93194580078125
0.25243571400642395	"woman"	258.6172180175781	76.95161437988281	340.6363220214844	378.46343994140625
