"score"	"label"	"x0"	"y0"	"x1"	"y1"
0.3109443485736847	"man"	203.8856658935547	152.85391235351562	222.1874542236328	173.31887817382812
