"score"	"label"	"x0"	"y0"	"x1"	"y1"
0.4006231725215912	"man"	50.89043426513672	263.03399658203125	73.59695434570312	283.79986572265625
