score	label	x0	y0	x1	y1
0.4977371990680694	woman	103.29200744628906	297.8232421875	174.78871154785156	480.70159912109375
0.4263453781604767	man	185.40533447265625	281.1224365234375	249.83819580078125	482.11328125
