score	label	x0	y0	x1	y1
0.3844789564609527	woman	35.77268981933594	69.98155212402344	371.349853515625	458.23883056640625
0.3344641029834747	man	356.845703125	58.550262451171875	538.0447998046875	458.3675231933594
0.2577572166919708	woman	228.01663208007812	92.90924072265624	371.9617614746094	458.42144775390625
