"score"	"label"	"x0"	"y0"	"x1"	"y1"
0.566950261592865	"man"	154.00808715820312	14.243362426757812	295.18902587890625	373.4464111328125
0.6377110481262207	"woman"	221.4780731201172	102.99444580078125	388.58746337890625	373.3858947753906
0.26008298993110657	"woman"	222.78125	103.04606628417969	383.5948486328125	373.465087890625
