"score"	"label"	"x0"	"y0"	"x1"	"y1"
0.8872630596160889	"man"	0.073455810546875	173.35218811035156	370.8518371582031	508.80889892578125
