"score"	"label"	"x0"	"y0"	"x1"	"y1"
0.32114729285240173	"w o"	55.206878662109375	129.95407104492188	495.4932556152344	355.91229248046875
0.2706076502799988	"w o"	55.15623474121094	130.0091552734375	495.48016357421875	355.9587097167969
