score	label	x0	y0	x1	y1
0.513552188873291	man	3.973602294921875	17.849609375	384.1595764160156	547.5645751953125
