"score"	"label"	"x0"	"y0"	"x1"	"y1"
0.29872360825538635	"woman"	4.3881988525390625	135.9518280029297	180.09805297851562	272.8482666015625
