score	label	x0	y0	x1	y1
0.3071421384811401	man	112.70376586914062	232.3365173339844	126.50169372558594	266.9337158203125
0.2794834077358246	woman	84.60244750976562	232.4299468994141	100.3690948486328	268.1988220214844
