"score"	"label"	"x0"	"y0"	"x1"	"y1"
0.2546824812889099	"man"	337.1965637207031	280.7159118652344	345.4754943847656	299.5704040527344
