"score"	"label"	"x0"	"y0"	"x1"	"y1"
0.2971089780330658	"woman"	78.80274963378906	118.3577117919922	96.38604736328124	149.7124481201172
