"score"	"label"	"x0"	"y0"	"x1"	"y1"
0.3486243784427643	"man"	307.91082763671875	206.4630126953125	349.65667724609375	289.8813171386719
0.3303248584270477	"man"	264.0504150390625	205.60623168945312	350.21746826171875	291.1728210449219
