"score"	"label"	"x0"	"y0"	"x1"	"y1"
0.3817178010940552	"woman"	42.552696228027344	337.436279296875	73.66461181640625	376.63812255859375
0.3295234143733978	"woman"	34.30717086791992	334.2829284667969	81.99552917480469	376.9372253417969
