"score"	"label"	"x0"	"y0"	"x1"	"y1"
0.3135561048984527	"woman"	201.7454833984375	382.271484375	213.83355712890625	406.6697387695313
