score	label	x0	y0	x1	y1
0.4545435607433319	woman	106.83958435058594	56.38636779785156	418.0582885742187	370.0648193359375
