"score"	"label"	"x0"	"y0"	"x1"	"y1"
0.47892582416534424	"woman"	326.6143493652344	134.6366424560547	462.1472473144531	422.77069091796875
0.36314329504966736	"man"	74.6640396118164	236.5841522216797	249.58218383789062	439.7489013671875
