score	label	x0	y0	x1	y1
0.5559093952178955	woman	80.91903686523438	157.72891235351562	150.28663635253906	339.1761779785156
0.2563343644142151	woman	144.64324951171875	154.67721557617188	204.47119140625	335.642822265625
