"score"	"label"	"x0"	"y0"	"x1"	"y1"
0.33784741163253784	"man"	2.810150146484375	149.81289672851562	374.990966796875	442.6908264160156
0.547993540763855	"woman"	3.0605621337890625	149.96054077148438	375.34014892578125	442.4488830566406
0.2700933516025543	"woman"	2.7165985107421875	149.77098083496094	375.59552001953125	442.8087158203125
0.2936133146286011	"man"	1.2495880126953125	149.33619689941406	375.060791015625	549.5118408203125
