"score"	"label"	"x0"	"y0"	"x1"	"y1"
0.8105412125587463	"man"	39.23390197753906	122.00144958496094	358.92291259765625	549.6665649414062
