"score"	"label"	"x0"	"y0"	"x1"	"y1"
0.2699717879295349	"w"	28.565460205078125	12.445709228515625	567.8265380859375	429.2629089355469
