"score"	"label"	"x0"	"y0"	"x1"	"y1"
0.2977387309074402	"woman"	450.13128662109375	355.83135986328125	465.9939575195313	391.0870361328125
