"score"	"label"	"x0"	"y0"	"x1"	"y1"
0.28623977303504944	"man"	164.81076049804688	275.1723327636719	175.59637451171875	302.7667541503906
0.31089821457862854	"woman"	165.2649383544922	275.4014587402344	175.2501983642578	302.5246276855469
