"score"	"label"	"x0"	"y0"	"x1"	"y1"
0.4952954947948456	"woman"	133.98040771484375	94.4757843017578	229.3709716796875	333.90447998046875
0.4642581045627594	"man"	203.62380981445312	166.4493408203125	312.0122375488281	357.159912109375
