"score"	"label"	"x0"	"y0"	"x1"	"y1"
0.5047817230224609	"woman"	313.0792541503906	254.66754150390625	332.8795471191406	280.60784912109375
0.417001336812973	"man"	313.72039794921875	254.9978485107422	332.26251220703125	280.3194580078125
