"score"	"label"	"x0"	"y0"	"x1"	"y1"
0.4884573221206665	"woman"	127.49087524414062	91.0546417236328	243.56149291992188	453.52392578125
