"score"	"label"	"x0"	"y0"	"x1"	"y1"
0.323449045419693	"man"	0.20550203323364258	181.7581787109375	13.963890075683594	273.71563720703125
0.2578277289867401	"woman"	0.22850370407104492	181.94451904296875	13.726957321166992	273.41937255859375
