"score"	"label"	"x0"	"y0"	"x1"	"y1"
0.6749785542488098	"man"	72.54590606689453	51.52314758300781	279.6747741699219	562.9508056640625
