"score"	"label"	"x0"	"y0"	"x1"	"y1"
0.2891367971897125	"man"	1.15191650390625	2.532562255859375	595.7506103515625	408.4336242675781
