score	label	x0	y0	x1	y1
0.3109819889068603	woman	563.932861328125	0.0270872116088867	591.078369140625	20.992347717285156
