"score"	"label"	"x0"	"y0"	"x1"	"y1"
0.3074310421943664	"woman"	425.2509460449219	198.8773651123047	466.3958435058594	297.2169494628906
0.3003641366958618	"woman"	265.71282958984375	222.0889434814453	317.52642822265625	285.35198974609375
0.2974648773670196	"man"	369.9103088378906	191.9435882568359	420.9828186035156	305.52337646484375
