"score"	"label"	"x0"	"y0"	"x1"	"y1"
0.2970794141292572	"woman"	2.7279052734375	2.3458251953125	593.1357421875	484.64398193359375
0.2723371088504791	"woman"	203.76026916503906	298.73150634765625	215.71839904785156	316.5875244140625
