score	label	x0	y0	x1	y1
0.3234378397464752	woman	232.2928924560547	242.66790771484375	243.5289764404297	260.2460632324219
0.2755888700485229	woman	229.3307952880859	239.81314086914065	246.5420684814453	262.1347961425781
