"score"	"label"	"x0"	"y0"	"x1"	"y1"
0.4645551443099975	"man"	391.4669799804687	272.30096435546875	415.63330078125	327.8480224609375
0.3949140310287475	"woman"	414.4842834472656	271.8539123535156	438.1300354003906	328.3099670410156
0.2845031917095184	"man"	390.5923767089844	270.2400817871094	438.9318542480469	329.1084899902344
