"score"	"label"	"x0"	"y0"	"x1"	"y1"
0.6021048426628113	"man"	400.0753173828125	231.20211791992188	463.6365966796875	380.4172058105469
0.4502395689487457	"woman"	93.81854248046876	225.3390655517578	143.54782104492188	373.3114013671875
