"score"	"label"	"x0"	"y0"	"x1"	"y1"
0.3560267388820648	"woman"	105.96366882324219	72.36631774902344	303.17999267578125	397.195556640625
0.4026426672935486	"woman"	105.76605224609375	72.71585083007812	347.83038330078125	399.1448669433594
