"score"	"label"	"x0"	"y0"	"x1"	"y1"
0.8730305433273315	"man"	45.04430389404297	89.1075439453125	237.61151123046875	461.06658935546875
