"score"	"label"	"x0"	"y0"	"x1"	"y1"
0.2602618336677551	"w"	109.72067260742188	49.6199951171875	595.69140625	598.8233032226562
