"score"	"label"	"x0"	"y0"	"x1"	"y1"
0.5956636071205139	"man"	255.35499572753903	147.45883178710938	376.4787292480469	538.7581787109375
