"score"	"label"	"x0"	"y0"	"x1"	"y1"
0.3258824050426483	"woman"	306.3141174316406	204.71075439453125	361.5752258300781	368.0777587890625
0.39738017320632935	"woman"	384.5345458984375	165.52423095703125	400.55517578125	217.12655639648438
0.39153990149497986	"woman"	411.2422790527344	169.6468048095703	427.6829528808594	219.63426208496094
0.2999996542930603	"woman"	79.56871795654297	194.021728515625	182.02157592773438	383.2943115234375
0.3011460602283478	"woman"	534.7276000976562	182.7366180419922	570.9478149414062	295.9735107421875
0.27902546525001526	"woman"	565.3662719726562	183.9365234375	599.9263305664062	296.8214416503906
0.2601104974746704	"woman"	217.41705322265625	214.07957458496094	284.5611572265625	382.91021728515625
0.2710364758968353	"woman"	0.022708892822265625	183.7069091796875	96.28150939941406	383.6275634765625
