"score"	"label"	"x0"	"y0"	"x1"	"y1"
0.417233407497406	"man"	113.66886901855469	218.16696166992188	203.0493621826172	396.5658874511719
0.32217541337013245	"man"	34.059295654296875	83.66279602050781	555.4024658203125	399.75225830078125
0.3088180720806122	"man"	33.27177810668945	216.49664306640625	121.860595703125	395.9100341796875
0.28733715415000916	"man"	415.7474060058594	92.31636047363281	474.6982727050781	202.38743591308594
0.304916650056839	"woman"	290.22613525390625	85.63894653320312	355.43212890625	211.09912109375
0.25828924775123596	"woman"	33.992645263671875	83.22259521484375	554.989013671875	399.3034973144531
0.27438122034072876	"woman"	295.4348449707031	209.97177124023438	376.0032043457031	395.7362976074219
