"score"	"label"	"x0"	"y0"	"x1"	"y1"
0.2843206524848938	"m"	536.6832275390625	0.21673202514648438	598.992919921875	20.865985870361328
