"score"	"label"	"x0"	"y0"	"x1"	"y1"
0.40647995471954346	"woman"	361.2903747558594	66.02099609375	475.3217468261719	437.34326171875
0.2655870318412781	"man"	151.7936553955078	79.40309143066406	272.9420166015625	437.0924072265625
0.3303152620792389	"man"	445.6536865234375	35.69715881347656	598.4041748046875	436.739990234375
0.27874940633773804	"man"	261.5442810058594	91.40896606445312	373.8335266113281	437.1109924316406
