"score"	"label"	"x0"	"y0"	"x1"	"y1"
0.3457674384117126	"man"	212.4248962402344	150.56289672851562	460.6224670410156	259.52593994140625
