"score"	"label"	"x0"	"y0"	"x1"	"y1"
0.4209730625152588	"woman"	195.01492309570312	179.37698364257812	222.93392944335938	220.94552612304688
0.3985117971897125	"man"	195.70681762695312	179.971435546875	221.68801879882812	220.54696655273438
