"score"	"label"	"x0"	"y0"	"x1"	"y1"
0.6844730377197266	"woman"	39.8021240234375	103.951171875	270.7618713378906	414.1439208984375
0.2634050250053406	"man"	40.075286865234375	104.03819274902344	270.4219970703125	414.15313720703125
0.3060288727283478	"woman"	39.984375	104.01704406738281	270.90838623046875	414.15594482421875
