"score"	"label"	"x0"	"y0"	"x1"	"y1"
0.35653814673423767	"woman"	330.6134948730469	249.03610229492188	448.2601623535156	477.2383117675781
0.35037970542907715	"woman"	270.3702697753906	259.5263671875	373.2407531738281	479.91485595703125
