"score"	"label"	"x0"	"y0"	"x1"	"y1"
0.5131612420082092	"man"	98.0235595703125	238.03518676757812	232.96585083007812	471.2450256347656
0.3050793409347534	"woman"	73.93287658691406	290.39111328125	112.35726928710938	428.58428955078125
0.37540045380592346	"woman"	96.97901153564453	237.3246612548828	233.615478515625	471.35650634765625
0.2583555281162262	"woman"	74.99005889892578	231.6514434814453	251.40975952148438	490.29443359375
