"score"	"label"	"x0"	"y0"	"x1"	"y1"
0.3852205872535705	"man"	179.9382781982422	249.17742919921875	211.6748809814453	322.76678466796875
0.3286754488945007	"woman"	80.09127807617188	255.991943359375	104.30093383789062	309.22613525390625
0.3217867910861969	"woman"	240.79443359375	262.6275634765625	262.5458068847656	313.836669921875
0.2598932087421417	"woman"	137.93280029296875	257.7948913574219	168.83676147460938	328.7043151855469
