score	label	x0	y0	x1	y1
0.3008047938346863	man	156.3865203857422	146.1311798095703	436.7611083984375	299.14739990234375
