"score"	"label"	"x0"	"y0"	"x1"	"y1"
0.3340144753456116	"woman"	166.90927124023438	91.39388275146484	432.3841857910156	278.5033874511719
0.26966169476509094	"man"	167.6912841796875	92.9156265258789	431.87725830078125	278.10357666015625
