"score"	"label"	"x0"	"y0"	"x1"	"y1"
0.4787232279777527	"woman"	102.38179016113281	202.1572265625	296.1051025390625	382.31707763671875
0.37208735942840576	"man"	102.68587493896484	202.85745239257812	295.0386047363281	381.6604309082031
0.2577854096889496	"woman"	102.87494659423828	202.628173828125	295.6673889160156	381.42633056640625
