"score"	"label"	"x0"	"y0"	"x1"	"y1"
0.5437195897102356	"woman"	353.6916198730469	128.30081176757812	429.4112243652344	309.0766906738281
0.3977767527103424	"woman"	57.13265609741211	145.83761596679688	110.8060302734375	308.9123229980469
0.42362868785858154	"woman"	10.205135345458984	140.52923583984375	57.172969818115234	292.8301696777344
0.39570295810699463	"woman"	100.05924224853516	155.75587463378906	145.81610107421875	302.3101806640625
0.30597493052482605	"woman"	178.22756958007812	157.034912109375	211.30313110351562	298.63043212890625
