"score"	"label"	"x0"	"y0"	"x1"	"y1"
0.36645591259002686	"m ; a ; n"	82.35594177246094	50.92091369628906	491.5538330078125	538.7928466796875
