"score"	"label"	"x0"	"y0"	"x1"	"y1"
0.27774617075920105	"w o"	19.867576599121094	14.962982177734375	192.0770263671875	593.857666015625
