"score"	"label"	"x0"	"y0"	"x1"	"y1"
0.3042135238647461	"m ; a ; n"	534.3032836914062	0.27265453338623047	586.1973266601562	24.23438262939453
