"score"	"label"	"x0"	"y0"	"x1"	"y1"
0.38456612825393677	"m ; a ; n"	13.830093383789062	49.3250732421875	471.88165283203125	599.1397094726562
