"score"	"label"	"x0"	"y0"	"x1"	"y1"
0.8855457305908203	"man"	193.46600341796875	43.845550537109375	340.76763916015625	559.4183349609375
