"score"	"label"	"x0"	"y0"	"x1"	"y1"
0.4998615086078644	"woman"	86.90780639648438	71.91372680664062	306.9871826171875	517.08349609375
0.2709748446941376	"man"	87.3949203491211	72.35749816894531	306.209716796875	517.114990234375
