"score"	"label"	"x0"	"y0"	"x1"	"y1"
0.45194143056869507	"man"	26.61539077758789	119.22105407714844	123.83206176757812	382.7122802734375
0.3419876992702484	"woman"	355.74481201171875	100.73811340332031	402.96075439453125	263.45806884765625
0.29339995980262756	"woman"	26.342342376708984	118.47401428222656	125.38887023925781	382.5477294921875
