"score"	"label"	"x0"	"y0"	"x1"	"y1"
0.260244220495224	"woman"	194.01502990722656	361.0588684082031	215.40284729003906	379.7549743652344
0.253754585981369	"woman"	190.67474365234375	354.3712158203125	217.13113403320312	381.04095458984375
