"score"	"label"	"x0"	"y0"	"x1"	"y1"
0.7066212892532349	"man"	182.77256774902344	377.3970642089844	207.4243927001953	418.9894714355469
