"score"	"label"	"x0"	"y0"	"x1"	"y1"
0.4211713671684265	"man"	347.7472839355469	242.3922576904297	367.4637756347656	302.72833251953125
0.3789578676223755	"man"	314.9344177246094	249.36593627929688	336.7790832519531	312.3086242675781
0.3495526611804962	"man"	293.2770690917969	249.6659393310547	316.7947082519531	308.5971374511719
0.3283374607563019	"man"	251.57948303222656	247.69723510742188	273.1050720214844	305.6443786621094
0.35773909091949463	"man"	1.9766387939453125	225.42660522460938	14.75021743774414	257.22076416015625
0.2904236316680908	"man"	233.86529541015625	242.2647247314453	251.90975952148438	300.4975891113281
0.2667157053947449	"man"	215.2478790283203	245.7572479248047	228.7268524169922	289.36444091796875
0.25350359082221985	"man"	225.04588317871094	244.13607788085938	238.89585876464844	294.9622497558594
0.2940208315849304	"man"	117.34292602539062	253.95726013183594	133.43214416503906	289.0716552734375
