"score"	"label"	"x0"	"y0"	"x1"	"y1"
0.30903324484825134	"m ; a ; n"	106.79985046386719	49.369720458984375	431.80267333984375	591.884765625
0.2744039297103882	"a"	5.9740142822265625	5.462921142578125	434.25775146484375	595.242431640625
