"score"	"label"	"x0"	"y0"	"x1"	"y1"
0.7738010287284851	"woman"	63.01789093017578	42.679962158203125	230.23257446289062	534.5736083984375
