score	label	x0	y0	x1	y1
0.4980160295963287	woman	375.25286865234375	91.75393676757812	474.9611206054687	406.5559692382813
