"score"	"label"	"x0"	"y0"	"x1"	"y1"
0.6319531202316284	"woman"	101.02667236328125	80.54464721679688	404.23126220703125	591.2073974609375
0.31516575813293457	"man"	101.70516967773438	80.93466186523438	404.3598327636719	591.4779052734375
