score	label	x0	y0	x1	y1
0.512885332107544	woman	198.19384765625	64.68118286132812	291.64837646484375	366.1270446777344
0.5118882060050964	man	151.90383911132812	70.7540283203125	222.4237365722656	365.0379638671875
0.2906394004821777	woman	259.08758544921875	72.67169189453125	321.60931396484375	366.9485168457031
0.2606781125068664	man	151.91224670410156	64.22792053222656	318.1285400390625	365.7664184570313
