"score"	"label"	"x0"	"y0"	"x1"	"y1"
0.39307788014411926	"woman"	185.71688842773438	243.56396484375	198.07568359375	274.5582275390625
0.3579017221927643	"woman"	99.97532653808594	245.74362182617188	114.27278137207031	281.0614318847656
0.2891633212566376	"woman"	284.22174072265625	242.8791961669922	296.65435791015625	276.94708251953125
0.2799224555492401	"woman"	293.2470397949219	240.5629425048828	306.7242126464844	276.74871826171875
0.2619038224220276	"woman"	271.2033386230469	247.87362670898438	281.1238708496094	269.8181457519531
0.27693116664886475	"woman"	225.7025146484375	244.74432373046875	235.4267578125	268.00262451171875
