"score"	"label"	"x0"	"y0"	"x1"	"y1"
0.33131614327430725	"m ; a ; n"	346.9803466796875	226.231201171875	520.5599975585938	598.1499633789062
