"score"	"label"	"x0"	"y0"	"x1"	"y1"
0.6482597589492798	"woman"	406.3880920410156	246.1632537841797	431.2981872558594	272.2976379394531
