"score"	"label"	"x0"	"y0"	"x1"	"y1"
0.4646771252155304	"man"	224.45782470703125	128.2366943359375	280.0651550292969	210.85150146484375
0.3124932646751404	"man"	221.05393981933594	128.00384521484375	280.6020202636719	239.43093872070312
0.25134503841400146	"woman"	225.37826538085938	128.17218017578125	280.0421447753906	209.89224243164062
