"score"	"label"	"x0"	"y0"	"x1"	"y1"
0.375559002161026	"man"	56.169891357421875	100.75660705566406	389.00042724609375	597.6741943359375
0.43460556864738464	"woman"	56.31626892089844	100.78225708007812	388.7255859375	598.0533447265625
