"score"	"label"	"x0"	"y0"	"x1"	"y1"
0.33313989639282227	"woman"	46.36521911621094	116.44831085205078	545.7568969726562	310.2121887207031
0.3391255736351013	"man"	46.3743896484375	116.61968231201172	545.576416015625	310.3999328613281
