score	label	x0	y0	x1	y1
0.3655260503292084	woman	377.5509643554687	187.3719787597656	420.6650390625	225.98654174804688
0.3430803418159485	man	270.41217041015625	163.17320251464844	315.84442138671875	226.3518218994141
