score	label	x0	y0	x1	y1
0.637824296951294	man	67.20936584472656	161.710693359375	127.43156433105467	239.71148681640625
0.2518248856067657	woman	336.02923583984375	19.578845977783203	360.34625244140625	82.93797302246094
