"score"	"label"	"x0"	"y0"	"x1"	"y1"
0.8490987420082092	"woman"	301.5901184082031	195.0323944091797	341.6322326660156	301.9875183105469
