"score"	"label"	"x0"	"y0"	"x1"	"y1"
0.5327657461166382	"man"	0.1243438720703125	-0.056640625	481.7537841796875	395.75738525390625
