"score"	"label"	"x0"	"y0"	"x1"	"y1"
0.7457374334335327	"woman"	144.143310546875	130.0437774658203	320.9616394042969	393.3641357421875
