"score"	"label"	"x0"	"y0"	"x1"	"y1"
0.26883965730667114	"man"	8.913345336914062	32.23225021362305	139.89285278320312	122.305419921875
