"score"	"label"	"x0"	"y0"	"x1"	"y1"
0.3705849051475525	"woman"	334.755126953125	279.3429870605469	347.14727783203125	300.4162292480469
0.27822551131248474	"man"	335.3567810058594	279.6534423828125	346.7627258300781	300.26861572265625
