"score"	"label"	"x0"	"y0"	"x1"	"y1"
0.3360225558280945	"woman"	0.2853240966796875	1.12933349609375	350.83740234375	312.73199462890625
0.29880377650260925	"woman"	229.03048706054688	272.2256774902344	517.174560546875	447.0626525878906
