"score"	"label"	"x0"	"y0"	"x1"	"y1"
0.26978516578674316	"man"	440.654541015625	228.63978576660156	450.8287353515625	245.4645538330078
