"score"	"label"	"x0"	"y0"	"x1"	"y1"
0.5927659273147583	"man"	144.00466918945312	129.61077880859375	321.2865295410156	392.88922119140625
0.26109856367111206	"woman"	144.02462768554688	129.61329650878906	321.7232666015625	392.71832275390625
