"score"	"label"	"x0"	"y0"	"x1"	"y1"
0.3095218241214752	"w"	177.64886474609375	33.1600341796875	345.47210693359375	548.8096923828125
0.2570057809352875	"w"	177.05499267578125	33.446014404296875	345.41876220703125	549.0338134765625
