"score"	"label"	"x0"	"y0"	"x1"	"y1"
0.29916393756866455	"man"	438.3404846191406	275.9837341308594	454.1697082519531	299.0160217285156
0.2663523852825165	"man"	435.9214172363281	273.3410949707031	456.1313171386719	303.1611633300781
0.2524006962776184	"woman"	439.62384033203125	277.5267639160156	453.10595703125	297.0928039550781
