"score"	"label"	"x0"	"y0"	"x1"	"y1"
0.4080978631973266	"man"	299.8055725097656	170.66534423828125	362.3569030761719	374.7633666992187
0.2535116970539093	"woman"	367.0215759277344	187.8553771972656	431.1953430175781	378.6069030761719
0.2515564858913421	"woman"	18.33243751525879	186.26319885253903	59.57093811035156	324.23284912109375
