"score"	"label"	"x0"	"y0"	"x1"	"y1"
0.7793710231781006	"man"	231.25677490234375	45.42063903808594	499.32305908203125	374.3760986328125
0.5922595858573914	"man"	1.8671875	71.81520080566406	266.1979675292969	374.427734375
