score	label	x0	y0	x1	y1
0.4231864809989929	man	218.75173950195312	243.76058959960935	338.4049987792969	428.0465393066406
0.3133213520050049	woman	343.51220703125	228.40451049804688	449.989990234375	368.8595275878906
