"score"	"label"	"x0"	"y0"	"x1"	"y1"
0.9168209433555603	"man"	301.51416015625	194.91746520996094	341.822265625	302.0997314453125
