"score"	"label"	"x0"	"y0"	"x1"	"y1"
0.27963876724243164	"man"	114.58860778808594	178.11502075195312	129.07421875	196.06243896484375
0.2542847692966461	"man"	213.19882202148438	276.5498962402344	233.36965942382812	309.6598205566406
