"score"	"label"	"x0"	"y0"	"x1"	"y1"
0.4918933808803558	"woman"	159.89764404296875	35.76341247558594	329.5574035644531	542.4742431640625
