"score"	"label"	"x0"	"y0"	"x1"	"y1"
0.819667637348175	"man"	162.14407348632812	110.02252960205078	331.3583068847656	365.8070373535156
0.3118945360183716	"man"	356.2135009765625	186.107421875	418.3382568359375	257.7124328613281
