"score"	"label"	"x0"	"y0"	"x1"	"y1"
0.26499179005622864	"man"	407.98272705078125	369.0626220703125	428.015380859375	400.21051025390625
