"score"	"label"	"x0"	"y0"	"x1"	"y1"
0.43938547372817993	"woman"	416.75909423828125	256.294677734375	440.1873779296875	310.32379150390625
0.28102773427963257	"woman"	399.3734436035156	254.87661743164062	446.6512145996094	312.1438293457031
0.3625573217868805	"man"	417.4697570800781	256.5416259765625	439.5702209472656	310.18475341796875
0.25660672783851624	"woman"	416.3164367675781	256.31866455078125	440.6492004394531	310.37298583984375
