"score"	"label"	"x0"	"y0"	"x1"	"y1"
0.4653297960758209	"woman"	230.6196746826172	79.40508270263672	257.2261657714844	131.58282470703125
0.43613535165786743	"woman"	146.2406005859375	76.65303802490234	168.52154541015625	141.98248291015625
0.44784045219421387	"woman"	205.3527374267578	89.19746398925781	226.41810607910156	134.3268280029297
0.2857840061187744	"woman"	164.07469177246094	97.5299072265625	186.18418884277344	134.3908233642578
0.2998383939266205	"woman"	180.5492706298828	133.34756469726562	205.6186981201172	167.526123046875
