score	label	x0	y0	x1	y1
0.4443518221378326	man	35.01744079589844	70.35089111328125	180.4313507080078	598.6241455078125
0.4149611890316009	woman	193.43212890625	71.39382934570312	355.35516357421875	598.091552734375
0.3060193657875061	woman	311.8793029785156	116.52516174316406	396.1806945800781	506.667724609375
