"score"	"label"	"x0"	"y0"	"x1"	"y1"
0.5386304259300232	"woman"	71.05355834960938	35.605224609375	315.14801025390625	597.9464111328125
