"score"	"label"	"x0"	"y0"	"x1"	"y1"
0.28809911012649536	"m a"	8.350616455078125	10.298294067382812	585.9072265625	383.70013427734375
