"score"	"label"	"x0"	"y0"	"x1"	"y1"
0.39624926447868347	"man"	54.523616790771484	251.22576904296875	68.74698638916016	276.2401123046875
0.32192274928092957	"woman"	54.898658752441406	251.55099487304688	68.32798767089844	275.8512878417969
