"score"	"label"	"x0"	"y0"	"x1"	"y1"
0.7593564391136169	"woman"	125.22799682617188	75.01249694824219	340.193603515625	536.484375
