"score"	"label"	"x0"	"y0"	"x1"	"y1"
0.4500281810760498	"woman"	274.3985290527344	173.5614471435547	377.2614440917969	340.36053466796875
0.36961883306503296	"man"	389.26727294921875	125.80345153808594	450.2919921875	235.2956085205078
0.3698257505893707	"man"	274.0699462890625	124.35313415527344	451.349853515625	342.12652587890625
