"score"	"label"	"x0"	"y0"	"x1"	"y1"
0.2980816662311554	"m a"	128.33438110351562	92.04613494873047	527.1590576171875	318.4634094238281
