"score"	"label"	"x0"	"y0"	"x1"	"y1"
0.5316685438156128	"man"	2.0351104736328125	82.68972778320312	409.2391357421875	598.7457275390625
