"score"	"label"	"x0"	"y0"	"x1"	"y1"
0.9384377598762512	"man"	64.48323822021484	83.45594787597656	262.6752014160156	359.98602294921875
