"score"	"label"	"x0"	"y0"	"x1"	"y1"
0.3207428455352783	"man"	178.52459716796875	299.59783935546875	266.8116760253906	418.67620849609375
0.2762833833694458	"man"	253.24546813964844	205.55368041992188	317.1879577636719	412.6435852050781
0.2588235139846802	"man"	29.157440185546875	303.864990234375	104.48182678222656	432.7205810546875
