score	label	x0	y0	x1	y1
0.3032356798648834	woman	572.4349365234375	295.5442810058594	584.0828857421875	319.7048645019531
