"score"	"label"	"x0"	"y0"	"x1"	"y1"
0.26427534222602844	"w"	257.91461181640625	123.864990234375	493.44708251953125	297.3608093261719
