"score"	"label"	"x0"	"y0"	"x1"	"y1"
0.32161206007003784	"w"	104.62720489501953	75.46809387207031	233.8834228515625	532.923828125
