"score"	"label"	"x0"	"y0"	"x1"	"y1"
0.2924221158027649	"woman"	131.53472900390625	280.0722961425781	272.4301452636719	339.2030334472656
