"score"	"label"	"x0"	"y0"	"x1"	"y1"
0.29393985867500305	"man"	211.46322631835938	312.35870361328125	221.59185791015625	325.45416259765625
0.2827705144882202	"man"	192.31004333496094	338.1002502441406	204.09657287597656	368.4560852050781
