"score"	"label"	"x0"	"y0"	"x1"	"y1"
0.7397849559783936	"man"	126.33345031738281	266.7801513671875	157.43626403808594	350.01025390625
