"score"	"label"	"x0"	"y0"	"x1"	"y1"
0.30364638566970825	"woman"	382.89697265625	376.3360290527344	407.70391845703125	404.8868713378906
0.25101444125175476	"man"	383.66937255859375	376.384521484375	407.361328125	405.17401123046875
