"score"	"label"	"x0"	"y0"	"x1"	"y1"
0.4205514192581177	"woman"	196.32696533203125	175.2505645751953	375.33734130859375	564.2954711914062
0.3360002636909485	"man"	197.36212158203125	176.13583374023438	373.857666015625	564.2164306640625
0.2663748562335968	"woman"	190.71783447265625	171.5181427001953	421.92950439453125	565.4385986328125
