"score"	"label"	"x0"	"y0"	"x1"	"y1"
0.29747411608695984	"man"	-0.005457878112792969	62.91197967529297	9.420026779174805	141.17510986328125
0.2573474049568176	"woman"	-0.0022106170654296875	63.06619644165039	9.553378105163574	141.619873046875
