score	label	x0	y0	x1	y1
0.3494600355625152	man	124.29208374023438	300.12933349609375	158.32916259765625	339.40753173828125
