"score"	"label"	"x0"	"y0"	"x1"	"y1"
0.3126539885997772	"m ; a ; n"	2.64410400390625	1.5574493408203125	598.3495483398438	434.390869140625
