"score"	"label"	"x0"	"y0"	"x1"	"y1"
0.28947192430496216	"w o ; a"	133.93063354492188	109.38896179199219	283.5551452636719	591.977294921875
