"score"	"label"	"x0"	"y0"	"x1"	"y1"
0.8418341875076294	"man"	162.2191925048828	65.5325927734375	263.79144287109375	279.7823791503906
0.6890336275100708	"man"	250.74237060546875	178.49264526367188	334.53424072265625	435.2584533691406
