"score"	"label"	"x0"	"y0"	"x1"	"y1"
0.268511950969696	"man"	49.71147155761719	84.81639862060547	92.90798950195312	215.64114379882812
