"score"	"label"	"x0"	"y0"	"x1"	"y1"
0.38205865025520325	"w o"	118.81564331054688	22.851470947265625	267.163818359375	534.9918212890625
0.2925136089324951	"w o"	118.80522918701172	22.821258544921875	267.191650390625	535.366943359375
0.25215762853622437	"w o"	118.8465805053711	23.003311157226562	267.1415100097656	534.9603881835938
