"score"	"label"	"x0"	"y0"	"x1"	"y1"
0.48689666390419006	"woman"	3.394195556640625	56.180450439453125	389.8017272949219	596.629638671875
0.3887097239494324	"man"	2.7994842529296875	56.994110107421875	389.08551025390625	597.3553466796875
