"score"	"label"	"x0"	"y0"	"x1"	"y1"
0.6084200143814087	"woman"	517.4530029296875	191.76101684570312	593.0169677734375	420.9700622558594
0.3018398880958557	"man"	518.5851440429688	192.91909790039062	592.6040649414062	420.2874450683594
