"score"	"label"	"x0"	"y0"	"x1"	"y1"
0.26274970173835754	"woman"	82.62974548339844	52.45375061035156	489.40081787109375	534.0774536132812
