"score"	"label"	"x0"	"y0"	"x1"	"y1"
0.32056188583374023	"man"	5.37937068939209	299.57147216796875	27.05532455444336	324.161376953125
