"score"	"label"	"x0"	"y0"	"x1"	"y1"
0.6314395666122437	"woman"	112.78095245361328	249.9933624267578	259.8087463378906	599.24267578125
0.2943126857280731	"woman"	305.1684265136719	275.680419921875	484.2774963378906	599.3515014648438
