"score"	"label"	"x0"	"y0"	"x1"	"y1"
0.5437278747558594	"man"	160.3591766357422	12.236251831054688	514.5235595703125	395.509765625
0.30279839038848877	"woman"	161.9717254638672	12.457077026367188	513.6448974609375	395.43133544921875
