"score"	"label"	"x0"	"y0"	"x1"	"y1"
0.3094584941864013	"man"	285.08416748046875	223.78228759765625	314.8988037109375	267.7128601074219
