"score"	"label"	"x0"	"y0"	"x1"	"y1"
0.2728789448738098	"woman"	537.2039184570312	-0.00708770751953125	583.7442016601562	17.494983673095703
