"score"	"label"	"x0"	"y0"	"x1"	"y1"
0.6267794370651245	"woman"	212.17433166503906	114.10617065429688	320.36236572265625	442.7168884277344
0.7524467706680298	"man"	113.60335540771484	59.75584411621094	218.73269653320312	427.92205810546875
0.3943634331226349	"woman"	211.95321655273438	114.12477111816406	320.3656921386719	442.6934814453125
0.4388211965560913	"woman"	132.41458129882812	159.798828125	250.50592041015625	457.76214599609375
0.30368727445602417	"woman"	131.65927124023438	159.89173889160156	250.54092407226562	457.77691650390625
