score	label	x0	y0	x1	y1
0.3963321149349212	man	206.7041015625	217.70787048339844	233.56964111328125	264.27398681640625
