"score"	"label"	"x0"	"y0"	"x1"	"y1"
0.36188367009162903	"man"	83.69253540039062	117.9789810180664	162.7703399658203	325.2071533203125
