"score"	"label"	"x0"	"y0"	"x1"	"y1"
0.29017379879951477	"man"	438.1737365722656	238.44847106933594	445.4140319824219	252.90122985839844
