"score"	"label"	"x0"	"y0"	"x1"	"y1"
0.8466281294822693	"man"	135.00146484375	46.58148193359375	288.81201171875	560.520263671875
