"score"	"label"	"x0"	"y0"	"x1"	"y1"
0.8677802681922913	"woman"	421.6077575683594	184.47726440429688	493.1645202636719	385.6572570800781
