"score"	"label"	"x0"	"y0"	"x1"	"y1"
0.5400887131690979	"man"	83.26083374023438	31.922683715820312	515.8597412109375	377.59130859375
0.3935127854347229	"woman"	0.9832878112792969	2.0287933349609375	72.7535400390625	430.94024658203125
0.30201956629753113	"woman"	83.05940246582031	30.918350219726562	516.3662109375	378.78546142578125
