"score"	"label"	"x0"	"y0"	"x1"	"y1"
0.2568432688713074	"man"	303.7755126953125	254.11907958984375	315.807373046875	293.93511962890625
