"score"	"label"	"x0"	"y0"	"x1"	"y1"
0.8719323873519897	"woman"	15.095596313476562	49.539947509765625	472.55615234375	599.5233154296875
