"score"	"label"	"x0"	"y0"	"x1"	"y1"
0.3027777671813965	"man"	29.729387283325195	207.09603881835938	35.601566314697266	218.96826171875
0.2544754147529602	"man"	29.690391540527344	223.4082794189453	33.22854232788086	230.16429138183594
