"score"	"label"	"x0"	"y0"	"x1"	"y1"
0.5025532245635986	"woman"	131.65834045410156	83.15811157226562	280.32525634765625	573.7362060546875
