score	label	x0	y0	x1	y1
0.5748534202575684	man	1.6707305908203125	66.477783203125	405.24017333984375	598.5062255859375
