score	label	x0	y0	x1	y1
0.3730452358722687	woman	0.4696388244628906	278.3322448730469	40.896751403808594	323.2582702636719
