"score"	"label"	"x0"	"y0"	"x1"	"y1"
0.5130472779273987	"man"	61.70362854003906	39.752288818359375	321.78076171875	598.066162109375
