"score"	"label"	"x0"	"y0"	"x1"	"y1"
0.4455692172050476	"man"	67.99808502197266	445.296630859375	128.6268310546875	563.656494140625
0.30299150943756104	"woman"	2.338653564453125	438.5922546386719	31.387676239013672	502.2127990722656
0.31473711133003235	"woman"	68.00093841552734	445.15167236328125	128.42276000976562	562.94921875
