score	label	x0	y0	x1	y1
0.3296444416046142	woman	122.07510375976562	218.05715942382812	151.19467163085938	291.9764404296875
0.3079744577407837	woman	256.1275634765625	230.62811279296875	289.279296875	288.02032470703125
0.3033029735088348	man	344.65447998046875	211.3697052001953	382.1968994140625	304.6043701171875
