"score"	"label"	"x0"	"y0"	"x1"	"y1"
0.8578318953514099	"man"	209.29425048828125	139.1594696044922	367.96173095703125	551.8180541992188
