"score"	"label"	"x0"	"y0"	"x1"	"y1"
0.3309454023838043	"man"	234.64035034179688	263.6682434082031	241.53662109375	279.1383361816406
