"score"	"label"	"x0"	"y0"	"x1"	"y1"
0.4135798513889313	"man"	280.2883605957031	230.2374267578125	301.2729797363281	275.31072998046875
