"score"	"label"	"x0"	"y0"	"x1"	"y1"
0.4653845727443695	"woman"	325.39959716796875	247.3722381591797	345.34576416015625	277.15057373046875
0.2767523527145386	"woman"	327.3931884765625	248.27288818359375	337.79779052734375	275.72772216796875
0.26130518317222595	"man"	327.13037109375	248.3690948486328	344.42431640625	276.6724853515625
0.29406502842903137	"man"	327.7248840332031	248.00405883789062	338.1252746582031	275.9954528808594
