score	label	x0	y0	x1	y1
0.2528250217437744	woman	226.5990447998047	237.99639892578125	235.1756134033203	247.93472290039065
