"score"	"label"	"x0"	"y0"	"x1"	"y1"
0.32592493295669556	"m ; a ; n"	144.38082885742188	223.9002685546875	283.08770751953125	445.1158447265625
