"score"	"label"	"x0"	"y0"	"x1"	"y1"
0.38987216353416443	"man woman"	298.99072265625	217.90359497070312	354.1905517578125	336.2389831542969
0.38592585921287537	"man"	451.14678955078125	215.16021728515625	510.52508544921875	356.5775146484375
0.26640450954437256	"woman"	299.24383544921875	218.1904296875	353.85888671875	336.19635009765625
