"score"	"label"	"x0"	"y0"	"x1"	"y1"
0.36797094345092773	"m ; a ; n"	41.934051513671875	35.97761535644531	91.98484802246094	182.5677947998047
