"score"	"label"	"x0"	"y0"	"x1"	"y1"
0.35158196091651917	"m ; a ; n"	208.8505096435547	90.12345886230469	348.61236572265625	567.2254638671875
