"score"	"label"	"x0"	"y0"	"x1"	"y1"
0.6979350447654724	"woman"	100.43412780761719	238.76486206054688	232.14295959472656	471.1478576660156
