"score"	"label"	"x0"	"y0"	"x1"	"y1"
0.3238127529621124	"woman"	102.4741439819336	386.0673522949219	314.6574401855469	543.2267456054688
0.3385133743286133	"woman"	67.4831314086914	-0.09231185913085938	274.1885986328125	100.30326843261719
