"score"	"label"	"x0"	"y0"	"x1"	"y1"
0.7397358417510986	"man"	130.667236328125	49.68571472167969	297.699951171875	546.8365478515625
