"score"	"label"	"x0"	"y0"	"x1"	"y1"
0.38244643807411194	"m ; a ; n"	97.16670227050781	143.52691650390625	376.07080078125	497.53948974609375
