"score"	"label"	"x0"	"y0"	"x1"	"y1"
0.2517048120498657	"woman"	404.5264587402344	268.9841003417969	422.5635070800781	291.3224182128906
0.30543211102485657	"woman"	13.362213134765625	192.68618774414062	442.3775329589844	379.1822814941406
