score	label	x0	y0	x1	y1
0.3888900876045227	man	6.372678756713867	272.19677734375	24.130887985229492	299.66595458984375
