"score"	"label"	"x0"	"y0"	"x1"	"y1"
0.46633872389793396	"man"	204.90347290039062	184.57586669921875	400.1650695800781	548.7937622070312
0.3667105436325073	"woman"	10.350471496582031	143.6753692626953	212.09603881835938	547.9578247070312
0.32157719135284424	"woman"	152.84979248046875	54.88746643066406	292.5008544921875	344.94268798828125
