"score"	"label"	"x0"	"y0"	"x1"	"y1"
0.49168792366981506	"man"	214.18331909179688	63.294769287109375	330.4887390136719	339.5101013183594
0.41801154613494873	"woman"	183.78079223632812	107.98623657226562	231.18710327148438	299.31097412109375
0.32545205950737	"woman"	212.98541259765625	62.943359375	330.797119140625	338.7045593261719
