"score"	"label"	"x0"	"y0"	"x1"	"y1"
0.26370781660079956	"m"	202.7750244140625	166.52088928222656	313.401611328125	359.26953125
