score	label	x0	y0	x1	y1
0.5756732225418091	woman	60.12434387207031	221.43080139160156	176.4680938720703	543.7581787109375
0.4688064157962799	man	166.12884521484375	212.55616760253903	291.30322265625	549.4555053710938
0.3453315794467926	man	274.0403137207031	220.49508666992188	368.8464660644531	531.666748046875
