"score"	"label"	"x0"	"y0"	"x1"	"y1"
0.27037328481674194	"w"	98.91238403320312	22.82073211669922	494.7242126464844	259.2062072753906
