"score"	"label"	"x0"	"y0"	"x1"	"y1"
0.6197055578231812	"man"	330.057861328125	385.2105407714844	354.538818359375	454.4949645996094
0.5372512936592102	"man"	270.64801025390625	385.3879089355469	289.6934814453125	450.9973449707031
0.2924045920372009	"man"	212.71864318847656	483.4922790527344	248.1474151611328	545.2139892578125
0.4322974681854248	"man"	284.2168884277344	386.273681640625	306.3479919433594	451.7757568359375
0.46946650743484497	"man"	296.2130126953125	382.2945556640625	315.68212890625	451.8345947265625
