"score"	"label"	"x0"	"y0"	"x1"	"y1"
0.5398039817810059	"woman"	290.1470642089844	181.08058166503906	360.6294250488281	310.98883056640625
0.3284222483634949	"woman"	151.97061157226562	224.77394104003906	191.05331420898438	358.04833984375
0.25402525067329407	"woman"	340.8365783691406	165.68988037109375	368.3450622558594	278.7040710449219
