"score"	"label"	"x0"	"y0"	"x1"	"y1"
0.44628259539604187	"woman"	92.46593475341797	192.8783416748047	221.1168212890625	514.6815795898438
0.28598564863204956	"woman"	45.459617614746094	299.2272644042969	89.37569427490234	458.1641540527344
