"score"	"label"	"x0"	"y0"	"x1"	"y1"
0.293599933385849	"; a ;"	72.19828796386719	79.94440460205078	574.5286254882812	279.1890563964844
