score	label	x0	y0	x1	y1
0.5629718899726868	woman	81.4317855834961	154.11343383789062	260.29754638671875	561.4669189453125
0.4711647033691406	man	209.54000854492188	90.08815002441406	348.1047668457031	567.5280151367188
