"score"	"label"	"x0"	"y0"	"x1"	"y1"
0.3757358491420746	"man"	297.87762451171875	233.4107666015625	340.8485107421875	340.4346923828125
0.38681432604789734	"man"	342.43408203125	233.3751220703125	380.40130615234375	336.47637939453125
0.2934184968471527	"man"	297.00457763671875	230.0921173095703	381.6611328125	339.55047607421875
0.40722009539604187	"woman"	298.07489013671875	233.94261169433594	340.66070556640625	340.3131103515625
0.2532196044921875	"woman"	342.5760192871094	233.65701293945312	379.9128723144531	336.2887878417969
