"score"	"label"	"x0"	"y0"	"x1"	"y1"
0.3167757987976074	"man"	18.58776092529297	0.4869346618652344	52.496726989746094	62.913108825683594
0.30809900164604187	"man"	0.574310302734375	0.10783767700195312	75.72650909423828	68.80436706542969
0.2557719349861145	"man"	42.146697998046875	0.18626022338867188	76.12388610839844	70.4970703125
