"score"	"label"	"x0"	"y0"	"x1"	"y1"
0.4990646541118622	"woman"	0.4860877990722656	182.84539794921875	79.89540100097656	361.5712890625
0.3541756570339203	"woman"	247.72183227539062	223.84298706054688	312.2291564941406	332.6808166503906
0.31011390686035156	"woman"	123.94093322753906	204.96499633789062	162.2970428466797	326.7456970214844
0.2877218723297119	"woman"	193.5860595703125	220.25021362304688	223.13092041015625	317.7381286621094
0.28938332200050354	"woman"	106.68096923828125	208.6890869140625	135.4183807373047	309.32275390625
0.2745696008205414	"woman"	161.86302185058594	210.39227294921875	192.32936096191406	313.0274658203125
0.2507985234260559	"woman"	363.2096862792969	203.0523681640625	394.5118713378906	321.1240234375
