"score"	"label"	"x0"	"y0"	"x1"	"y1"
0.25894439220428467	"m a"	120.87548828125	12.136825561523438	585.165771484375	359.2503662109375
