"score"	"label"	"x0"	"y0"	"x1"	"y1"
0.3234577476978302	"w"	153.28176879882812	14.38330078125	298.0455627441406	373.6279602050781
0.2799992561340332	"w"	153.37118530273438	14.322952270507812	297.8182678222656	373.72259521484375
