"score"	"label"	"x0"	"y0"	"x1"	"y1"
0.47057250142097473	"man"	240.65379333496094	29.412124633789062	309.8435363769531	90.51533508300781
0.477634996175766	"man"	173.17813110351562	17.408935546875	238.88552856445312	82.30945587158203
