"score"	"label"	"x0"	"y0"	"x1"	"y1"
0.3048247694969177	"m ; a ; n"	34.70513916015625	90.32662200927734	581.6655883789062	295.7750244140625
