score	label	x0	y0	x1	y1
0.2514912188053131	woman	411.2433166503906	264.26324462890625	423.7825012207031	294.65423583984375
