"score"	"label"	"x0"	"y0"	"x1"	"y1"
0.3532305955886841	"man"	191.61802673339844	73.74152374267578	293.7850341796875	241.8023681640625
0.268156498670578	"woman"	191.6297607421875	74.09559631347656	293.62811279296875	241.7496795654297
