"score"	"label"	"x0"	"y0"	"x1"	"y1"
0.8729366064071655	"woman"	0.5088653564453125	52.884246826171875	393.158203125	599.61083984375
