"score"	"label"	"x0"	"y0"	"x1"	"y1"
0.4891275465488434	"woman"	299.43548583984375	205.41522216796875	316.55999755859375	252.65798950195312
0.41830742359161377	"woman"	341.6090087890625	208.5944061279297	358.95306396484375	253.89927673339844
0.3400821089744568	"woman"	315.4595642089844	212.3105010986328	327.9618835449219	252.9441680908203
