"score"	"label"	"x0"	"y0"	"x1"	"y1"
0.3274397850036621	"woman"	188.32679748535156	234.1135711669922	248.5019073486328	352.4548034667969
