"score"	"label"	"x0"	"y0"	"x1"	"y1"
0.26402169466018677	"woman"	421.1143798828125	171.26510620117188	560.2672119140625	291.597412109375
