"score"	"label"	"x0"	"y0"	"x1"	"y1"
0.5106982588768005	"woman"	1.6552886962890625	76.56712341308594	381.845458984375	547.3345336914062
0.3894207775592804	"man"	1.3162994384765625	77.11997985839844	382.11822509765625	548.0999755859375
