"score"	"label"	"x0"	"y0"	"x1"	"y1"
0.2579074800014496	"w"	205.92132568359375	128.23118591308594	360.97186279296875	512.9655151367188
