"score"	"label"	"x0"	"y0"	"x1"	"y1"
0.5512949228286743	"man"	0.0344390869140625	0.1780853271484375	384.01031494140625	510.06268310546875
