"score"	"label"	"x0"	"y0"	"x1"	"y1"
0.8548299670219421	"woman"	81.00442504882812	79.79266357421875	419.3456726074219	598.2877807617188
