score	label	x0	y0	x1	y1
0.5608342885971069	man	53.73417663574219	14.5350341796875	371.1619873046875	549.4686889648438
