"score"	"label"	"x0"	"y0"	"x1"	"y1"
0.3663972020149231	"man"	203.1807861328125	140.140625	393.23077392578125	288.7308349609375
0.4398569166660309	"man"	3.141876220703125	0.67828369140625	598.1651611328125	410.93505859375
