"score"	"label"	"x0"	"y0"	"x1"	"y1"
0.2646946907043457	"a"	2.649627685546875	118.96394348144531	578.10009765625	365.030517578125
