"score"	"label"	"x0"	"y0"	"x1"	"y1"
0.34886434674263	"man"	574.54833984375	438.603515625	599.8575439453125	453.9019775390625
