"score"	"label"	"x0"	"y0"	"x1"	"y1"
0.45150670409202576	"man"	282.0174560546875	179.28924560546875	338.644775390625	290.7476501464844
0.4512959420681	"man"	423.0500793457031	184.0435028076172	488.0414733886719	307.6499328613281
