score	label	x0	y0	x1	y1
0.3770481944084167	man	142.7737274169922	248.5813140869141	160.1232147216797	272.6083679199219
0.2883527874946594	man	32.09819412231445	245.1427001953125	47.11652755737305	272.98748779296875
0.2807236313819885	woman	129.89492797851562	248.07518005371097	144.2933349609375	273.2325134277344
