"score"	"label"	"x0"	"y0"	"x1"	"y1"
0.36443713307380676	"woman"	536.2344970703125	295.4342041015625	545.4425048828125	313.6710205078125
0.2857736051082611	"man"	536.5099487304688	295.6777038574219	545.3682250976562	313.5820617675781
