score	label	x0	y0	x1	y1
0.449293702840805	man	284.03826904296875	36.29298400878906	425.940185546875	415.5436401367187
0.3225832879543304	woman man	145.17864990234375	28.371780395507812	276.1065979003906	410.871826171875
