"score"	"label"	"x0"	"y0"	"x1"	"y1"
0.4314188361167907	"man"	11.550643920898438	111.0003662109375	420.57513427734375	596.642822265625
