"score"	"label"	"x0"	"y0"	"x1"	"y1"
0.7966357469558716	"man"	202.7880859375	102.73040771484375	320.357666015625	465.9266357421875
