"score"	"label"	"x0"	"y0"	"x1"	"y1"
0.892450213432312	"man"	44.22528076171875	66.77236938476562	344.760986328125	548.918701171875
