"score"	"label"	"x0"	"y0"	"x1"	"y1"
0.4346055686473846	"woman"	56.31626892089844	100.78225708007812	388.7255859375	598.0533447265625
