"score"	"label"	"x0"	"y0"	"x1"	"y1"
0.29658809304237366	"m a"	152.31961059570312	180.46409606933594	270.52752685546875	507.6612548828125
0.2765452265739441	"m a"	152.28273010253906	180.3478546142578	302.19207763671875	517.595703125
