"score"	"label"	"x0"	"y0"	"x1"	"y1"
0.3786032497882843	"woman"	1.728759765625	15.707809448242188	377.4634094238281	511.06109619140625
0.29689860343933105	"man"	49.75199890136719	120.98617553710938	376.846923828125	511.2486877441406
0.35447564721107483	"woman"	1.2419891357421875	15.238525390625	371.00885009765625	423.2275085449219
