"score"	"label"	"x0"	"y0"	"x1"	"y1"
0.9204117655754089	"man"	187.7182159423828	125.26576232910156	281.5452575683594	458.00518798828125
