"score"	"label"	"x0"	"y0"	"x1"	"y1"
0.3133769631385803	"w o"	471.9486083984375	129.7034912109375	530.1473388671875	173.1669921875
0.2900919020175934	"w o m"	471.97100830078125	129.6887969970703	530.0503540039062	173.23121643066406
