"score"	"label"	"x0"	"y0"	"x1"	"y1"
0.5801088809967041	"man"	286.9612121582031	37.52037048339844	568.3734130859375	424.6944580078125
0.366617888212204	"woman"	3.904205322265625	71.37704467773438	422.9271240234375	422.83966064453125
0.31692034006118774	"woman"	4.251617431640625	72.36788940429688	368.0118103027344	422.8542785644531
0.3156772553920746	"woman"	4.0074920654296875	72.5096435546875	326.245849609375	422.5403137207031
