score	label	x0	y0	x1	y1
0.3697038292884826	man	449.54779052734375	212.909912109375	470.35736083984375	258.01312255859375
