"score"	"label"	"x0"	"y0"	"x1"	"y1"
0.35961493849754333	"woman"	300.131591796875	210.63551330566406	320.63958740234375	257.3522644042969
0.2526567578315735	"woman"	299.3642578125	209.56398010253906	339.65423583984375	258.0950012207031
0.27130362391471863	"man"	300.5914306640625	211.00946044921875	320.4061279296875	257.2547607421875
