"score"	"label"	"x0"	"y0"	"x1"	"y1"
0.30456703901290894	"man"	375.1488952636719	204.4806365966797	387.8302917480469	210.5056915283203
