"score"	"label"	"x0"	"y0"	"x1"	"y1"
0.48073121905326843	"man"	119.28612518310547	149.22933959960938	244.45480346679688	522.697509765625
0.5531325340270996	"woman"	119.32850646972656	149.38673400878906	244.3928680419922	523.1874389648438
0.344905823469162	"woman"	119.31022644042969	149.4317626953125	244.5781707763672	522.934814453125
