"score"	"label"	"x0"	"y0"	"x1"	"y1"
0.8725898861885071	"woman"	0.017852783203125	55.818115234375	351.509521484375	549.9456176757812
