"score"	"label"	"x0"	"y0"	"x1"	"y1"
0.43180128931999207	"man"	422.8130187988281	183.13917541503906	489.6443176269531	308.123046875
0.31153202056884766	"man"	281.3485412597656	178.46095275878906	339.0144958496094	291.2749938964844
0.30623534321784973	"woman"	423.04827880859375	183.84011840820312	488.7174072265625	307.81072998046875
