"score"	"label"	"x0"	"y0"	"x1"	"y1"
0.5618435740470886	"man"	207.18087768554688	62.82212829589844	310.2322082519531	380.3464965820313
0.3835862576961517	"woman"	149.86578369140625	168.33786010742188	248.235107421875	391.9891662597656
0.317472368478775	"woman"	309.55084228515625	134.88882446289062	443.3466796875	392.5972595214844
