"score"	"label"	"x0"	"y0"	"x1"	"y1"
0.3794812560081482	"woman man"	15.232864379882812	74.99779510498047	127.44979858398438	321.5269470214844
