"score"	"label"	"x0"	"y0"	"x1"	"y1"
0.27519214153289795	"w ; a ;"	13.319564819335938	48.94659423828125	472.1414794921875	599.2853393554688
