score	label	x0	y0	x1	y1
0.4760208129882812	man	7.89385986328125	121.6806640625	86.17706298828125	348.1750183105469
0.3518207967281341	man	194.11585998535156	119.57000732421876	255.1320953369141	363.1232299804687
0.3485170006752014	woman	551.0454711914062	151.0697784423828	588.8374633789062	261.3887023925781
0.2740907371044159	man	70.57524108886719	130.72256469726562	142.19813537597656	331.66741943359375
