"score"	"label"	"x0"	"y0"	"x1"	"y1"
0.424468070268631	"man"	363.54547119140625	235.7779083251953	421.27545166015625	368.9964599609375
0.28786367177963257	"man"	253.9340362548828	155.8590545654297	303.2276306152344	229.52198791503906
0.27822011709213257	"man"	132.23635864257812	231.28701782226562	201.0819091796875	374.7762145996094
0.38794153928756714	"woman"	86.17269897460938	199.52078247070312	152.4326171875	372.8244934082031
0.28283390402793884	"woman"	86.21119689941406	199.60992431640625	152.4818572998047	372.8387451171875
0.28269162774086	"man"	85.86624145507812	140.91397094726562	525.4227294921875	373.4188537597656
0.27020567655563354	"woman"	419.7440490722656	243.56680297851562	477.6995544433594	378.2984924316406
0.255285382270813	"woman"	472.287353515625	191.89166259765625	525.4532470703125	366.621826171875
0.2593430280685425	"woman"	85.80191040039062	140.3936004638672	525.4102783203125	373.72137451171875
