"score"	"label"	"x0"	"y0"	"x1"	"y1"
0.5135421752929688	"man"	354.34326171875	213.06582641601562	449.3697509765625	376.6712951660156
0.4382321834564209	"man"	174.85540771484375	226.82809448242188	272.75384521484375	381.4483337402344
0.42507198452949524	"man"	268.7050476074219	217.98731994628906	360.9983215332031	368.07879638671875
0.3445545434951782	"man"	186.35287475585938	101.09625244140625	275.2174377441406	279.80535888671875
0.29861244559288025	"man"	367.972900390625	88.3047103881836	439.9154052734375	251.83612060546875
0.3452054560184479	"woman"	268.653076171875	217.9999542236328	360.92840576171875	368.144775390625
0.2559325397014618	"woman"	174.7374267578125	226.89675903320312	272.6634826660156	381.4758605957031
0.37454596161842346	"woman"	318.93682861328125	91.05717468261719	385.4390869140625	285.98486328125
0.29352691769599915	"woman"	252.34017944335938	90.18905639648438	322.9884948730469	284.15289306640625
0.27489110827445984	"man"	175.41737365722656	86.97000122070312	449.52325439453125	379.43646240234375
