score	label	x0	y0	x1	y1
0.4212608933448791	woman	19.38936996459961	186.5847930908203	45.52981185913086	215.8053741455078
0.3585671484470367	man	271.89031982421875	186.9040679931641	287.22760009765625	204.1311187744141
