"score"	"label"	"x0"	"y0"	"x1"	"y1"
0.2706758975982666	"a"	121.15518188476562	147.7711181640625	341.312744140625	597.9567260742188
