"score"	"label"	"x0"	"y0"	"x1"	"y1"
0.259770929813385	"w"	53.628570556640625	53.880279541015625	584.003662109375	390.79425048828125
