"score"	"label"	"x0"	"y0"	"x1"	"y1"
0.42339327931404114	"man"	0.5694456100463867	198.6843719482422	21.42919921875	228.84767150878906
0.2774469554424286	"woman"	0.5545482635498047	199.21145629882812	20.280614852905273	228.61380004882812
