"score"	"label"	"x0"	"y0"	"x1"	"y1"
0.8856950402259827	"woman"	23.66229248046875	93.89453125	382.42779541015625	549.3854370117188
