score	label	x0	y0	x1	y1
0.4561943709850311	woman	26.148712158203125	73.38545227050781	338.0176086425781	549.903564453125
