"score"	"label"	"x0"	"y0"	"x1"	"y1"
0.9099907875061035	"woman"	86.05274963378906	97.35205078125	577.775146484375	599.638671875
