"score"	"label"	"x0"	"y0"	"x1"	"y1"
0.39984846115112305	"man"	420.4535827636719	104.61209106445312	526.7449951171875	268.7421875
0.34989529848098755	"man"	295.46112060546875	89.36351776123047	468.59527587890625	276.6459045410156
0.29750072956085205	"man"	62.651161193847656	88.5411376953125	313.4734191894531	279.97845458984375
0.29858678579330444	"man"	61.54408645629883	87.11642456054688	183.81402587890625	279.90521240234375
0.33012789487838745	"man"	505.18798828125	101.2713623046875	579.9356689453125	271.3423767089844
0.2785460352897644	"man"	13.335304260253906	110.639892578125	82.2778091430664	281.7965393066406
0.30399930477142334	"man"	111.1539306640625	90.2907485961914	311.9649963378906	278.243896484375
