"score"	"label"	"x0"	"y0"	"x1"	"y1"
0.5105010867118835	"woman"	1.010772705078125	88.50379943847656	340.6757507324219	547.2830810546875
0.460628867149353	"man"	0.82342529296875	88.96847534179688	340.8373107910156	547.47607421875
