"score"	"label"	"x0"	"y0"	"x1"	"y1"
0.5945609211921692	"woman"	210.4073028564453	113.90225982666016	277.1493835449219	307.4775085449219
0.5312476754188538	"man"	252.25390625	87.63068389892578	320.29046630859375	308.73333740234375
0.2720441520214081	"woman"	209.97158813476562	86.51224517822266	320.7568054199219	309.49017333984375
