score	label	x0	y0	x1	y1
0.4960976243019104	man	22.73352432250977	110.4132080078125	142.15878295898438	497.51861572265625
