"score"	"label"	"x0"	"y0"	"x1"	"y1"
0.7273678183555603	"woman"	211.34841918945312	114.63152313232422	277.5109558105469	306.9591979980469
0.5753986239433289	"woman"	252.7078399658203	87.82884979248047	319.8000183105469	308.3040771484375
