score	label	x0	y0	x1	y1
0.2921253442764282	woman	362.78900146484375	246.47853088378903	383.990234375	287.7268981933594
