"score"	"label"	"x0"	"y0"	"x1"	"y1"
0.45698675513267517	"woman"	147.95303344726562	70.11073303222656	242.117919921875	361.8521728515625
0.3641679286956787	"woman"	92.15226745605469	57.70674133300781	164.5142059326172	342.76513671875
0.36758145689964294	"woman"	231.62478637695312	55.49620056152344	376.7080383300781	399.72540283203125
0.2769566774368286	"woman"	520.5795288085938	102.81855773925781	593.6961059570312	325.54949951171875
0.26033157110214233	"woman"	402.28759765625	115.13984680175781	456.25018310546875	304.1279296875
0.2618057131767273	"woman"	480.34991455078125	122.1077880859375	540.096923828125	315.9178161621094
