score	label	x0	y0	x1	y1
0.2736494839191437	man	361.6085815429687	114.64772033691406	466.7806396484375	215.9915008544922
0.2508532404899597	man	522.456298828125	203.22122192382812	543.0897216796875	253.02001953125
