"score"	"label"	"x0"	"y0"	"x1"	"y1"
0.4176297187805176	"man"	146.88693237304688	97.97174072265624	472.6966247558594	427.0866088867187
