"score"	"label"	"x0"	"y0"	"x1"	"y1"
0.4843995273113251	"woman"	7.841850280761719	96.00596618652344	263.40496826171875	598.0054321289062
0.3632809221744537	"man"	53.0931396484375	60.757537841796875	405.8408203125	598.103271484375
