"score"	"label"	"x0"	"y0"	"x1"	"y1"
0.2804771065711975	"woman"	548.2503051757812	387.62152099609375	563.3423461914062	416.3790283203125
0.3862369954586029	"woman"	547.8966674804688	375.5041809082031	563.7335815429688	416.2785339355469
0.2503783702850342	"man"	547.589111328125	375.21551513671875	564.3385009765625	416.7686767578125
