"score"	"label"	"x0"	"y0"	"x1"	"y1"
0.6463189125061035	"woman"	85.86538696289062	234.84642028808594	100.3392333984375	263.58551025390625
