"score"	"label"	"x0"	"y0"	"x1"	"y1"
0.2759903073310852	"woman"	345.4317321777344	300.26629638671875	388.1988830566406	323.3953857421875
0.276090532541275	"woman"	376.566650390625	300.4494323730469	387.13372802734375	320.8736267089844
0.2603103220462799	"woman"	367.387939453125	301.7790832519531	378.7003173828125	320.7882995605469
