"score"	"label"	"x0"	"y0"	"x1"	"y1"
0.4699982702732086	"woman"	91.22587585449219	246.5129852294922	98.55502319335938	263.6730651855469
0.39820900559425354	"woman"	409.138916015625	265.70123291015625	416.29046630859375	276.0157470703125
0.3701969385147095	"woman"	438.9977722167969	265.0325012207031	448.0956726074219	277.7991027832031
0.27632492780685425	"woman"	190.01138305664062	247.64105224609375	197.61398315429688	262.23876953125
