"score"	"label"	"x0"	"y0"	"x1"	"y1"
0.9167585968971252	"woman"	0.9097442626953125	50.474853515625	359.84112548828125	548.875244140625
