"score"	"label"	"x0"	"y0"	"x1"	"y1"
0.3853973150253296	"woman"	0.8427925109863281	153.61672973632812	93.29776000976562	310.16522216796875
0.299433171749115	"man"	0.6559028625488281	154.4603271484375	92.4139404296875	309.7962646484375
0.2887270152568817	"woman"	0.4320030212402344	153.416015625	93.74638366699219	382.8134765625
