"score"	"label"	"x0"	"y0"	"x1"	"y1"
0.491687923669815	"man"	214.18331909179688	63.294769287109375	330.4887390136719	339.5101013183594
0.4180115461349487	"woman"	183.78079223632812	107.98623657226562	231.1871032714844	299.31097412109375
