"score"	"label"	"x0"	"y0"	"x1"	"y1"
0.2518703043460846	"man"	11.727294921875	304.9620361328125	220.00494384765625	507.95941162109375
