"score"	"label"	"x0"	"y0"	"x1"	"y1"
0.27885228395462036	"a"	186.97328186035156	183.06695556640625	435.161376953125	283.9625549316406
