score	label	x0	y0	x1	y1
0.5306657552719116	man	161.94610595703125	56.440582275390625	376.0238037109375	547.3621826171875
0.4559060633182525	woman	30.559768676757812	180.27276611328125	291.3607177734375	548.0128173828125
