"score"	"label"	"x0"	"y0"	"x1"	"y1"
0.5904228687286377	"man"	176.34738159179688	69.10516357421875	329.7293701171875	528.2763061523438
0.3320392966270447	"woman"	177.2263641357422	69.80230712890625	329.26220703125	527.9174194335938
