"score"	"label"	"x0"	"y0"	"x1"	"y1"
0.4511479139328003	"woman"	24.67803955078125	126.57412719726562	396.1060485839844	591.609375
