"score"	"label"	"x0"	"y0"	"x1"	"y1"
0.35569480061531067	"m ; a ; n"	1.36334228515625	1.0120697021484375	598.9107666015625	418.80780029296875
