"score"	"label"	"x0"	"y0"	"x1"	"y1"
0.7258948683738708	"man"	369.59906005859375	224.8516387939453	402.0030517578125	320.58197021484375
0.43683794140815735	"man"	180.8510284423828	230.83314514160156	200.0534210205078	276.201416015625
0.40058717131614685	"man"	126.35590362548828	235.52403259277344	143.65966796875	267.8605651855469
0.40324124693870544	"man"	229.60919189453125	233.8465118408203	248.59014892578125	268.15338134765625
0.3168007433414459	"man"	62.204078674316406	228.95375061035156	87.53459930419922	261.7217102050781
0.32594895362854004	"man"	484.4007568359375	242.09298706054688	501.36871337890625	257.844482421875
0.27578744292259216	"man"	72.14814758300781	229.29055786132812	87.82505798339844	246.74862670898438
