"score"	"label"	"x0"	"y0"	"x1"	"y1"
0.3779943585395813	"woman"	165.39862060546875	98.28710174560547	363.9930419921875	195.6741943359375
0.3556500971317291	"man"	165.54266357421875	98.48748779296875	363.83050537109375	195.553466796875
