"score"	"label"	"x0"	"y0"	"x1"	"y1"
0.48397618532180786	"man"	74.4765625	7.5110015869140625	552.7158813476562	370.0350341796875
