"score"	"label"	"x0"	"y0"	"x1"	"y1"
0.3442060947418213	"man"	501.17034912109375	219.878173828125	511.4091796875	232.74761962890625
0.27895647287368774	"woman"	501.4576721191406	220.27517700195312	511.2374572753906	232.40798950195312
