"score"	"label"	"x0"	"y0"	"x1"	"y1"
0.3354060649871826	"m ; a ; n"	93.27586364746094	16.516998291015625	215.20692443847656	390.61883544921875
