"score"	"label"	"x0"	"y0"	"x1"	"y1"
0.4822626709938049	"man"	381.3725280761719	138.12969970703125	490.5208435058594	332.96087646484375
0.4228622317314148	"woman"	209.06141662597656	132.22854614257812	296.277099609375	329.9290771484375
0.3535573780536651	"woman"	282.47998046875	206.0637969970703	378.2117919921875	331.4744873046875
0.2801395058631897	"man"	9.595993041992188	45.49000549316406	495.5137939453125	330.9453125
