"score"	"label"	"x0"	"y0"	"x1"	"y1"
0.2666115462779999	"man"	277.14691162109375	199.6120147705078	528.526611328125	269.24786376953125
