"score"	"label"	"x0"	"y0"	"x1"	"y1"
0.3750644624233246	"m ; a ; n"	236.2078094482422	221.51734924316406	404.519287109375	450.435791015625
