"score"	"label"	"x0"	"y0"	"x1"	"y1"
0.8042739629745483	"man"	142.22235107421875	179.05453491210938	162.60690307617188	222.36221313476562
