"score"	"label"	"x0"	"y0"	"x1"	"y1"
0.3046432137489319	"m a"	0.62432861328125	50.05072021484375	583.8428344726562	430.2318420410156
