"score"	"label"	"x0"	"y0"	"x1"	"y1"
0.30318573117256165	"m"	101.3604736328125	79.47747802734375	404.793701171875	591.2322998046875
