score	label	x0	y0	x1	y1
0.2612562775611877	woman	80.30074310302734	204.5503692626953	93.76959991455078	229.8366241455078
