"score"	"label"	"x0"	"y0"	"x1"	"y1"
0.812354564666748	"woman"	504.3012390136719	284.289794921875	518.9136352539062	323.438232421875
