"score"	"label"	"x0"	"y0"	"x1"	"y1"
0.4148892164230346	"woman"	33.26593017578125	129.21107482910156	317.4783020019531	596.9696655273438
