"score"	"label"	"x0"	"y0"	"x1"	"y1"
0.6190908551216125	"man"	124.99212646484376	265.48748779296875	158.56710815429688	350.48565673828125
0.2723160684108734	"woman"	192.1659393310547	266.71636962890625	207.93247985839844	309.13916015625
