"score"	"label"	"x0"	"y0"	"x1"	"y1"
0.4581210017204284	"woman"	1.8601226806640625	49.92530822753906	360.30657958984375	547.4074096679688
