"score"	"label"	"x0"	"y0"	"x1"	"y1"
0.40654078125953674	"woman"	225.3660430908203	318.3729248046875	258.7140197753906	355.75689697265625
0.25997084379196167	"woman"	225.3816375732422	318.40142822265625	281.4249267578125	355.55926513671875
0.27612408995628357	"woman"	225.48626708984375	318.3600769042969	316.2760009765625	355.7009582519531
