"score"	"label"	"x0"	"y0"	"x1"	"y1"
0.4875654280185699	"woman"	46.97178649902344	112.86219787597656	407.9314575195313	597.5038452148438
