"score"	"label"	"x0"	"y0"	"x1"	"y1"
0.4351765811443329	"woman"	380.71142578125	228.02413940429688	479.09326171875	367.1529846191406
0.4202954173088074	"man"	279.418701171875	186.1901397705078	397.14569091796875	349.0767822265625
0.31131184101104736	"woman"	98.53056335449219	200.55679321289062	244.49476623535156	386.9956970214844
