"score"	"label"	"x0"	"y0"	"x1"	"y1"
0.3069713711738586	"man"	510.5494384765625	167.50698852539062	527.2056884765625	183.79275512695312
