"score"	"label"	"x0"	"y0"	"x1"	"y1"
0.5840961337089539	"woman"	78.22024536132812	67.21481323242188	385.5882263183594	549.6151123046875
0.4810566306114197	"man"	78.34536743164062	67.49417114257812	385.48541259765625	549.4483642578125
0.31374794244766235	"woman"	78.15011596679688	67.50363159179688	385.6261901855469	549.6829833984375
