"score"	"label"	"x0"	"y0"	"x1"	"y1"
0.5183855891227722	"woman"	196.1251220703125	295.0074768066406	233.88494873046875	396.6011047363281
