"score"	"label"	"x0"	"y0"	"x1"	"y1"
0.347702145576477	"woman"	378.40777587890625	347.660888671875	386.863525390625	361.83245849609375
