"score"	"label"	"x0"	"y0"	"x1"	"y1"
0.25514841079711914	"woman"	180.44863891601562	116.1200180053711	266.42095947265625	252.17340087890625
