score	label	x0	y0	x1	y1
0.5844638347625732	woman	55.96803283691406	100.43734741210938	389.263671875	597.7890625
