"score"	"label"	"x0"	"y0"	"x1"	"y1"
0.4834515154361725	"woman"	97.14598083496094	184.19561767578125	309.8624267578125	532.6087646484375
