"score"	"label"	"x0"	"y0"	"x1"	"y1"
0.5719165802001953	"man"	218.0289306640625	117.23469543457031	396.625244140625	393.5885009765625
0.28989845514297485	"woman"	218.78294372558594	118.10125732421875	396.10858154296875	392.21954345703125
