"score"	"label"	"x0"	"y0"	"x1"	"y1"
0.3930057883262634	"man"	289.4635314941406	170.19015502929688	310.7274475097656	199.88015747070312
