"score"	"label"	"x0"	"y0"	"x1"	"y1"
0.40222451090812683	"woman"	66.12820434570312	220.98870849609375	132.392578125	380.06439208984375
0.4306154251098633	"man"	180.0200653076172	163.82431030273438	289.244140625	388.1694641113281
0.28703010082244873	"man"	272.8555603027344	174.53366088867188	351.4788513183594	369.8968200683594
