"score"	"label"	"x0"	"y0"	"x1"	"y1"
0.30235353112220764	"m ; a ; n"	227.50848388671875	17.31206512451172	390.139892578125	51.55658721923828
