"score"	"label"	"x0"	"y0"	"x1"	"y1"
0.25943467020988464	"m"	297.668212890625	271.0859375	336.22735595703125	367.4130859375
