"score"	"label"	"x0"	"y0"	"x1"	"y1"
0.5011802911758423	"woman"	28.383689880371097	201.512451171875	163.21502685546875	416.2091674804687
0.4769559502601623	"man"	468.680908203125	197.57568359375	599.674072265625	424.7017822265625
