"score"	"label"	"x0"	"y0"	"x1"	"y1"
0.3554738759994507	"woman"	524.5255737304688	0.12483978271484375	599.8256225585938	218.511962890625
