"score"	"label"	"x0"	"y0"	"x1"	"y1"
0.3235625624656677	"man"	355.736083984375	151.8633270263672	471.86083984375	415.81585693359375
0.2835447788238525	"woman"	455.3331298828125	13.622802734375	598.715576171875	386.5927734375
0.2635421454906463	"woman"	119.19548034667967	95.39738464355467	299.29754638671875	419.087158203125
0.2573580741882324	"man"	89.71940612792969	131.86614990234375	193.39259338378903	399.9482421875
