"score"	"label"	"x0"	"y0"	"x1"	"y1"
0.2665071487426758	"w"	20.970016479492188	137.210693359375	302.08551025390625	526.46728515625
