"score"	"label"	"x0"	"y0"	"x1"	"y1"
0.25566139817237854	"man"	60.923492431640625	69.52487182617188	513.150634765625	297.95416259765625
