"score"	"label"	"x0"	"y0"	"x1"	"y1"
0.29253649711608887	"man"	1.0425262451171875	0.64227294921875	448.9298095703125	596.4473876953125
