"score"	"label"	"x0"	"y0"	"x1"	"y1"
0.259701132774353	"w"	65.89036560058594	31.825164794921875	363.99761962890625	598.8779296875
0.25169363617897034	"o"	65.95399475097656	31.816558837890625	364.038330078125	599.0318603515625
