"score"	"label"	"x0"	"y0"	"x1"	"y1"
0.3582861125469208	"woman"	230.441650390625	274.3761901855469	322.910400390625	411.1293029785156
