"score"	"label"	"x0"	"y0"	"x1"	"y1"
0.6334719657897949	"man"	1.6863555908203125	34.13555908203125	371.8689575195313	542.377685546875
