"score"	"label"	"x0"	"y0"	"x1"	"y1"
0.3252013325691223	"woman"	522.24609375	215.50404357910156	580.4052734375	295.3401184082031
