"score"	"label"	"x0"	"y0"	"x1"	"y1"
0.5320916175842285	"man"	200.17611694335938	371.55755615234375	281.76214599609375	456.49859619140625
0.26086628437042236	"man"	159.42059326171875	371.1711120605469	282.2633361816406	490.8036193847656
