"score"	"label"	"x0"	"y0"	"x1"	"y1"
0.5862597823143005	"man"	83.10263061523438	31.406570434570312	516.0284423828125	378.0315551757813
0.3373641967773437	"woman"	0.991352081298828	1.60638427734375	71.99165344238281	431.45416259765625
