"score"	"label"	"x0"	"y0"	"x1"	"y1"
0.5966907739639282	"woman"	136.416015625	128.72003173828125	254.97589111328125	374.5209045410156
0.3051171898841858	"man"	137.6381378173828	129.53231811523438	253.86399841308594	374.4430847167969
