"score"	"label"	"x0"	"y0"	"x1"	"y1"
0.5589125156402588	"woman"	132.4107666015625	230.6214599609375	393.6324462890625	560.7100830078125
