"score"	"label"	"x0"	"y0"	"x1"	"y1"
0.8836824297904968	"man"	56.35157775878906	101.70564270019531	389.74029541015625	598.6964111328125
