score	label	x0	y0	x1	y1
0.2659283578395843	man	388.5340576171875	243.75634765625	400.3020629882813	264.66668701171875
