"score"	"label"	"x0"	"y0"	"x1"	"y1"
0.3306248188018799	"man"	407.6537780761719	242.49560546875	496.5048522949219	278.09619140625
0.3580358624458313	"woman"	407.48162841796875	243.1155242919922	496.14349365234375	277.4953308105469
0.259218692779541	"man"	424.9811096191406	243.52426147460938	495.4208679199219	276.9672546386719
