score	label	x0	y0	x1	y1
0.5186046361923218	woman	93.9835968017578	139.2899627685547	185.5163421630859	437.83306884765625
0.3922255635261535	man	149.37997436523438	131.70664978027344	263.1026916503906	449.78265380859375
