"score"	"label"	"x0"	"y0"	"x1"	"y1"
0.4126853942871094	"woman"	76.33615112304688	318.6578369140625	416.41180419921875	530.8715209960938
0.31508293747901917	"man"	78.87049865722656	319.7165832519531	416.323486328125	529.97412109375
0.3184555768966675	"woman"	54.21990966796875	314.8953857421875	420.1820373535156	562.2473754882812
