"score"	"label"	"x0"	"y0"	"x1"	"y1"
0.2555261552333832	"w"	90.09100341796875	77.31729125976562	415.55523681640625	597.9517822265625
