"score"	"label"	"x0"	"y0"	"x1"	"y1"
0.2543780505657196	"a"	236.16851806640625	230.91940307617188	372.81903076171875	391.0819396972656
