"score"	"label"	"x0"	"y0"	"x1"	"y1"
0.2669040262699127	"a"	207.90777587890625	97.09890747070312	361.79180908203125	205.222900390625
