"score"	"label"	"x0"	"y0"	"x1"	"y1"
0.2881832420825958	"woman"	232.27772521972656	276.16796875	315.73272705078125	411.140869140625
