"score"	"label"	"x0"	"y0"	"x1"	"y1"
0.5475251078605652	"man"	307.3478698730469	95.69219970703124	387.8383483886719	404.4075622558594
0.3152349591255188	"woman"	352.2752685546875	109.2393798828125	478.7800903320313	428.75390625
