score	label	x0	y0	x1	y1
0.2733126580715179	man	412.9746398925781	330.04412841796875	425.7471618652344	346.9044189453125
