"score"	"label"	"x0"	"y0"	"x1"	"y1"
0.44406387209892273	"woman"	298.6131286621094	270.66455078125	335.6372375488281	366.8138427734375
0.5134288668632507	"man"	299.0142822265625	270.9212646484375	335.353759765625	366.59869384765625
