"score"	"label"	"x0"	"y0"	"x1"	"y1"
0.8837147951126099	"woman"	64.56088256835938	83.51936340332031	262.69976806640625	359.87335205078125
