"score"	"label"	"x0"	"y0"	"x1"	"y1"
0.3036476075649261	"woman"	388.388671875	243.54443359375	400.5037231445313	264.7792663574219
0.2530155479907989	"woman"	40.47751235961914	217.2844696044922	60.17120742797851	250.5481414794922
