"score"	"label"	"x0"	"y0"	"x1"	"y1"
0.6812674403190613	"woman"	189.57106018066406	171.56658935546875	303.8159484863281	502.2996826171875
0.31614458560943604	"man"	190.0977325439453	171.6571502685547	303.0343933105469	502.19732666015625
0.2835836708545685	"woman"	189.7675323486328	171.56056213378906	303.33062744140625	502.2137451171875
