"score"	"label"	"x0"	"y0"	"x1"	"y1"
0.3358362913131714	"man"	449.4249572753906	228.8093719482422	557.1236572265625	380.94049072265625
0.255329430103302	"man"	307.5361328125	232.8761749267578	412.53314208984375	381.1348876953125
0.2743311822414398	"man"	206.6099395751953	223.17886352539062	297.3006591796875	367.3012390136719
0.2715259790420532	"man"	199.735107421875	27.061447143554688	253.35357666015625	96.6396484375
0.26762717962265015	"man"	286.0047607421875	222.9347381591797	355.91021728515625	380.1202392578125
0.2554313540458679	"man"	406.75262451171875	229.17953491210938	470.814453125	380.8400573730469
0.2703957259654999	"man"	67.59991455078125	228.6394805908203	204.71969604492188	381.20550537109375
0.2692258954048157	"man"	499.9711608886719	77.870849609375	598.61962890625	343.05963134765625
0.28132960200309753	"man"	67.4642562866211	228.82373046875	168.42730712890625	381.25726318359375
