"score"	"label"	"x0"	"y0"	"x1"	"y1"
0.25349104404449463	"woman"	126.42193603515625	281.91790771484375	142.18255615234375	328.8472900390625
0.2733215391635895	"woman"	476.0503845214844	241.95127868652344	484.3473815917969	267.33966064453125
