score	label	x0	y0	x1	y1
0.4000630378723144	woman	49.87375259399414	197.70790100097656	125.68450927734376	350.7193603515625
0.3729820549488067	man	252.497314453125	214.85763549804688	306.1490478515625	360.6155090332031
0.3621818721294403	man	373.850341796875	179.80194091796875	425.2672119140625	347.745361328125
0.3315198421478271	man	203.72210693359375	223.28221130371097	255.21170043945312	365.9298706054687
0.292726069688797	man	155.77044677734375	225.3931884765625	204.51248168945312	365.6306762695313
