score	label	x0	y0	x1	y1
0.2613472938537597	man	540.8334350585938	228.8667907714844	551.4063110351562	253.19573974609375
0.2515277564525604	man	371.1908264160156	236.06585693359375	391.9653625488281	261.6661682128906
