"score"	"label"	"x0"	"y0"	"x1"	"y1"
0.4229726195335388	"man"	271.4643859863281	186.61871337890625	287.5711364746094	204.49069213867188
0.3270883858203888	"woman"	20.30143165588379	188.0997772216797	44.606849670410156	214.6691436767578
