"score"	"label"	"x0"	"y0"	"x1"	"y1"
0.9306800961494446	"man"	23.515304565429688	93.83482360839844	382.4102783203125	549.415283203125
