"score"	"label"	"x0"	"y0"	"x1"	"y1"
0.5109968185424805	"man"	149.03790283203125	158.25100708007812	169.55889892578125	199.412109375
0.395427405834198	"woman"	149.1523895263672	158.33499145507812	169.4371795654297	199.28729248046875
0.25837117433547974	"woman"	149.31695556640625	158.68893432617188	169.06875610351562	199.0601806640625
