"score"	"label"	"x0"	"y0"	"x1"	"y1"
0.6910644769668579	"man"	412.55926513671875	55.446380615234375	574.751953125	425.0296936035156
0.6363721489906311	"man"	159.38681030273438	46.78532409667969	311.1497802734375	425.4150390625
0.4464266300201416	"man"	45.880157470703125	111.013671875	238.52783203125	426.06512451171875
