"score"	"label"	"x0"	"y0"	"x1"	"y1"
0.33500733971595764	"m"	-0.13818359375	1.507568359375	599.8053588867188	423.85028076171875
0.2669152319431305	"a"	-0.18560791015625	1.55792236328125	599.8106079101562	423.71722412109375
