"score"	"label"	"x0"	"y0"	"x1"	"y1"
0.4682988822460174	"man"	526.2039794921875	67.69721221923828	599.7322998046875	279.70501708984375
0.3764083683490753	"woman"	350.069580078125	44.40541076660156	427.3837890625	209.43125915527344
0.3394951224327087	"woman"	437.2584228515625	51.639892578125	534.2745361328125	343.1551208496094
