"score"	"label"	"x0"	"y0"	"x1"	"y1"
0.4892240166664123	"man woman"	141.08921813964844	178.0341339111328	163.9926300048828	223.1796417236328
