"score"	"label"	"x0"	"y0"	"x1"	"y1"
0.41155099868774414	"woman"	95.24783325195312	47.6781005859375	494.9972839355469	361.3012390136719
