"score"	"label"	"x0"	"y0"	"x1"	"y1"
0.6342359781265259	"woman"	531.970458984375	324.66778564453125	546.77001953125	342.13214111328125
