"score"	"label"	"x0"	"y0"	"x1"	"y1"
0.27515077590942383	"a"	366.3824768066406	82.31015014648438	521.2283325195312	397.55316162109375
0.28125	"m a ;"	118.2171859741211	61.60443115234375	271.3810729980469	401.5030212402344
