"score"	"label"	"x0"	"y0"	"x1"	"y1"
0.2825722396373749	"m"	197.6377716064453	41.52573013305664	256.30206298828125	110.63320922851562
0.25537967681884766	"m"	198.0775146484375	41.97028350830078	255.93624877929688	101.19347381591797
