"score"	"label"	"x0"	"y0"	"x1"	"y1"
0.4500924050807953	"man"	523.8294067382812	211.73793029785156	545.6528930664062	261.9933166503906
0.259438157081604	"woman"	521.3115234375	156.401611328125	539.020263671875	203.37445068359375
0.2908079922199249	"woman"	524.6487426757812	212.20054626464844	545.1338500976562	261.3824157714844
