"score"	"label"	"x0"	"y0"	"x1"	"y1"
0.4220746159553528	"woman"	153.30345153808594	92.23716735839844	243.49415588378906	412.1746826171875
0.32098349928855896	"man"	43.59123229980469	70.13360595703125	118.85617065429688	427.44207763671875
0.274179607629776	"woman"	230.70339965820312	120.45304870605469	317.3407897949219	250.2378387451172
