"score"	"label"	"x0"	"y0"	"x1"	"y1"
0.42625507712364197	"woman"	360.99993896484375	155.33213806152344	382.37921142578125	204.42015075683594
0.27563703060150146	"woman"	360.23614501953125	147.9870147705078	398.1925048828125	204.6095733642578
0.3144381642341614	"woman"	380.3598327636719	148.71653747558594	396.9981994628906	201.93675231933594
0.28808534145355225	"man"	380.65863037109375	148.81671142578125	396.73284912109375	201.80975341796875
0.26100143790245056	"man"	361.54278564453125	155.897216796875	382.10845947265625	204.10235595703125
