"score"	"label"	"x0"	"y0"	"x1"	"y1"
0.35729917883872986	"man"	208.95367431640625	165.1407470703125	223.78533935546875	190.694091796875
0.3729196786880493	"man"	190.92153930664062	168.46908569335938	210.80316162109375	196.95779418945312
