"score"	"label"	"x0"	"y0"	"x1"	"y1"
0.5519234538078308	"woman"	178.1798553466797	169.88909912109375	278.1646728515625	256.3526916503906
0.4067835807800293	"woman"	282.0216064453125	167.70457458496094	360.1258544921875	247.81675720214844
0.38022223114967346	"woman"	251.93865966796875	177.58233642578125	319.98291015625	250.81289672851562
0.33257755637168884	"woman"	213.3849334716797	177.56007385253906	297.3912658691406	251.2583770751953
