"score"	"label"	"x0"	"y0"	"x1"	"y1"
0.8616580367088318	"woman"	343.4456787109375	95.5869140625	471.23388671875	347.48553466796875
