"score"	"label"	"x0"	"y0"	"x1"	"y1"
0.452601820230484	"man"	44.52482604980469	88.26289367675781	238.8717803955078	461.56903076171875
0.3418714702129364	"woman"	44.82017517089844	88.91468811035156	237.6829376220703	461.48028564453125
