"score"	"label"	"x0"	"y0"	"x1"	"y1"
0.4213727116584778	"woman"	271.4196472167969	204.2896728515625	295.4767150878906	267.3477478027344
0.4352312982082367	"man"	271.8221130371094	203.91336059570312	295.3106994628906	267.280029296875
0.26653173565864563	"woman"	272.125244140625	203.30252075195312	295.278076171875	267.3565979003906
