"score"	"label"	"x0"	"y0"	"x1"	"y1"
0.26106444001197815	"man"	393.33782958984375	247.44796752929688	426.88079833984375	310.4027404785156
