"score"	"label"	"x0"	"y0"	"x1"	"y1"
0.4514051377773285	"man"	281.78680419921875	166.5817108154297	360.4719848632813	248.5336151123047
0.4509690105915069	"woman"	177.25936889648438	168.86380004882812	278.74774169921875	257.14776611328125
0.3288098573684692	"woman"	251.5868225097656	176.4911346435547	320.5730895996094	251.3609161376953
0.26185342669487	"woman"	176.5371551513672	165.61293029785156	360.7742309570313	257.1393737792969
