score	label	x0	y0	x1	y1
0.4823198914527893	man	51.04237747192383	408.3796997070313	83.51945495605469	475.1217041015625
0.2590833008289337	woman	150.57864379882812	385.5486755371094	198.635986328125	451.4872131347656
