score	label	x0	y0	x1	y1
0.5451629161834717	woman	2.70233154296875	149.6250457763672	375.3396911621094	442.7557373046875
