"score"	"label"	"x0"	"y0"	"x1"	"y1"
0.8565235137939453	"woman"	134.3459930419922	21.78692626953125	403.96075439453125	598.6752319335938
