"score"	"label"	"x0"	"y0"	"x1"	"y1"
0.5508509874343872	"man"	455.4188232421875	322.36029052734375	492.2127685546875	387.2193603515625
0.4823821485042572	"man"	367.8739318847656	238.3548583984375	398.0010070800781	292.9794921875
0.2702115476131439	"man"	550.281494140625	276.0000305175781	597.0498046875	388.0322570800781
0.3420948088169098	"man"	518.4049072265625	344.7640686035156	538.9501953125	386.2364196777344
0.277617871761322	"man"	537.42041015625	276.0055847167969	597.08837890625	388.1380310058594
0.3481135964393616	"man"	492.57037353515625	340.0683898925781	510.73846435546875	386.6819763183594
0.2919435203075409	"man"	567.536376953125	276.0482482910156	597.0206298828125	388.2955017089844
0.27709656953811646	"man"	549.925537109375	326.13543701171875	574.5843505859375	386.832763671875
