"score"	"label"	"x0"	"y0"	"x1"	"y1"
0.8478828072547913	"man"	23.460891723632812	61.88774108886719	389.859375	549.7532348632812
