"score"	"label"	"x0"	"y0"	"x1"	"y1"
0.5915275812149048	"man"	3.8890838623046875	102.18190002441406	387.5648193359375	595.963623046875
0.26083165407180786	"woman"	3.76934814453125	102.92228698730469	387.1371765136719	596.9267578125
