"score"	"label"	"x0"	"y0"	"x1"	"y1"
0.48315051198005676	"man"	320.2948303222656	188.40760803222656	344.8076477050781	241.52003479003906
0.2832827866077423	"woman"	322.3578796386719	215.06336975097656	343.0306701660156	241.7071075439453
0.2575768232345581	"woman"	321.41241455078125	189.49041748046875	344.1180419921875	241.20114135742188
