"score"	"label"	"x0"	"y0"	"x1"	"y1"
0.4854636490345001	"man"	207.35494995117188	63.017333984375	310.2865295410156	380.5458679199219
0.4652145802974701	"woman"	309.2320556640625	134.4568634033203	443.586181640625	392.75189208984375
0.3609063029289245	"woman"	149.52285766601562	168.13388061523438	248.3758850097656	392.1629943847656
