"score"	"label"	"x0"	"y0"	"x1"	"y1"
0.30236318707466125	"m ; a ; n"	3.50830078125	3.27587890625	595.931640625	376.8186340332031
