"score"	"label"	"x0"	"y0"	"x1"	"y1"
0.5008667707443237	"man"	206.72764587402344	86.92401885986328	312.9383850097656	331.33197021484375
0.378469854593277	"woman"	301.609375	121.79841613769533	349.9730224609375	290.407958984375
