"score"	"label"	"x0"	"y0"	"x1"	"y1"
0.4011880159378052	"man"	124.09486389160156	219.28709411621094	150.02992248535156	291.2650146484375
0.3719249367713928	"man"	257.08819580078125	232.13693237304688	287.95269775390625	286.8184509277344
0.3028346598148346	"man"	345.2886047363281	211.9835205078125	381.4340515136719	303.9229736328125
0.2525538206100464	"man"	291.892333984375	215.4757080078125	309.30120849609375	268.04034423828125
