"score"	"label"	"x0"	"y0"	"x1"	"y1"
0.39097416400909424	"woman"	84.22298431396484	233.4801788330078	100.93773651123047	262.7969055175781
0.3311822712421417	"man"	84.8304443359375	233.92294311523438	100.79087829589844	262.1963806152344
0.30323776602745056	"woman"	79.81227111816406	231.21945190429688	103.714111328125	267.4571838378906
