"score"	"label"	"x0"	"y0"	"x1"	"y1"
0.49963465332984924	"woman"	10.17094612121582	158.6863250732422	50.29883575439453	276.8558349609375
0.3559904098510742	"man"	10.614633560180664	159.06922912597656	49.487266540527344	276.7568664550781
0.28103020787239075	"woman"	208.42184448242188	22.635896682739258	243.7686767578125	68.75196075439453
0.31045612692832947	"woman"	10.59109115600586	158.91033935546875	49.369476318359375	276.698486328125
0.3819671869277954	"man"	208.69467163085938	22.67736053466797	243.34234619140625	68.53378295898438
