"score"	"label"	"x0"	"y0"	"x1"	"y1"
0.31836289167404175	"w"	7.828216552734375	87.89442443847656	586.7447509765625	358.4971923828125
0.3047177195549011	"w o m"	7.76495361328125	87.80319213867188	586.78466796875	358.48492431640625
0.2655433118343353	"o m"	7.834869384765625	88.04090881347656	586.6749267578125	358.10845947265625
