"score"	"label"	"x0"	"y0"	"x1"	"y1"
0.3349979519844055	"m"	177.5550537109375	33.45916748046875	344.99517822265625	548.3318481445312
0.27105724811553955	"a"	176.92385864257812	33.3277587890625	344.9960632324219	548.188720703125
