"score"	"label"	"x0"	"y0"	"x1"	"y1"
0.29462894797325134	"woman"	174.563720703125	184.0927276611328	227.1434326171875	218.45765686035156
