score	label	x0	y0	x1	y1
0.2637897431850433	woman	379.94097900390625	214.0402374267578	434.00152587890625	282.7196044921875
