score	label	x0	y0	x1	y1
0.3477606773376465	man	210.9650115966797	365.37060546875	263.2658386230469	437.27093505859375
0.2572535276412964	woman	231.45864868164065	136.77491760253906	318.6061706542969	403.8770751953125
