"score"	"label"	"x0"	"y0"	"x1"	"y1"
0.6027723550796509	"woman"	3.421844482421875	141.58287048339844	303.6902770996094	596.1453247070312
0.27531296014785767	"woman"	3.30712890625	142.92953491210938	271.7183837890625	595.9422607421875
0.563065767288208	"man"	197.083251953125	113.37654113769531	423.70721435546875	598.8060913085938
0.3063940703868866	"woman"	3.410675048828125	141.14407348632812	308.1789245605469	596.4908447265625
