"score"	"label"	"x0"	"y0"	"x1"	"y1"
0.28497785329818726	"woman"	486.1869201660156	150.6097869873047	599.7536010742188	333.51995849609375
