"score"	"label"	"x0"	"y0"	"x1"	"y1"
0.3004032373428345	"man"	138.8040008544922	8.684738159179688	557.326904296875	452.34381103515625
0.29738596081733704	"man"	165.21224975585938	21.033218383789062	448.0779113769531	451.85137939453125
