"score"	"label"	"x0"	"y0"	"x1"	"y1"
0.4248218238353729	"man"	232.89500427246097	264.6009521484375	243.6638336181641	283.9705810546875
0.2717393934726715	"woman"	230.07167053222656	262.39813232421875	246.06639099121097	285.40179443359375
