score	label	x0	y0	x1	y1
0.3312001526355743	man	223.8946533203125	316.7325134277344	259.4315490722656	356.4690246582031
0.298836886882782	man	223.12367248535156	316.2901306152344	282.744140625	356.8023986816406
