"score"	"label"	"x0"	"y0"	"x1"	"y1"
0.4869694709777832	"woman"	37.99199676513672	72.20416259765625	276.8085632324219	548.6373291015625
0.27676984667778015	"woman"	205.38748168945312	112.24618530273438	356.4684753417969	548.8753662109375
0.2876361608505249	"woman"	35.708709716796875	72.37950134277344	351.9749755859375	548.4047241210938
