"score"	"label"	"x0"	"y0"	"x1"	"y1"
0.5357863903045654	"man"	3.3277130126953125	56.555389404296875	389.15533447265625	596.7078857421875
