"score"	"label"	"x0"	"y0"	"x1"	"y1"
0.6879209280014038	"man"	2.163360595703125	98.40524291992188	529.3948974609375	405.8978576660156
