score	label	x0	y0	x1	y1
0.6675931215286255	man	65.57728576660156	200.1460876464844	319.73406982421875	597.987548828125
