"score"	"label"	"x0"	"y0"	"x1"	"y1"
0.9314884543418884	"woman"	149.277099609375	190.05836486816406	267.54412841796875	586.9381103515625
