"score"	"label"	"x0"	"y0"	"x1"	"y1"
0.5095655918121338	"man"	129.58457946777344	252.5426483154297	148.7375030517578	290.01910400390625
0.3869875967502594	"woman"	129.53562927246094	252.60699462890625	148.6731414794922	289.80560302734375
0.3896194398403168	"man"	93.38570404052734	248.7048797607422	111.23749542236328	296.14825439453125
0.33566752076148987	"woman"	93.43653869628906	248.98416137695312	111.21890258789062	296.1976013183594
0.2615310251712799	"woman"	93.35163116455078	248.9512939453125	111.25574493408203	296.297607421875
0.3015059530735016	"woman"	129.58688354492188	253.05921936035156	148.43878173828125	289.8304443359375
