"score"	"label"	"x0"	"y0"	"x1"	"y1"
0.6219178438186646	"woman"	124.51342010498047	17.214630126953125	349.80548095703125	374.7907409667969
