"score"	"label"	"x0"	"y0"	"x1"	"y1"
0.543693482875824	"woman"	73.36151885986328	94.61056518554688	325.67730712890625	504.6033630371094
0.44435417652130127	"man"	73.59920501708984	94.79916381835938	325.4988098144531	504.5467224121094
0.3116890788078308	"woman"	73.54492950439453	94.72944641113281	325.5102233886719	504.53070068359375
