"score"	"label"	"x0"	"y0"	"x1"	"y1"
0.43976905941963196	"man"	503.13421630859375	283.020751953125	519.9732666015625	323.764404296875
0.3779003620147705	"woman"	503.69891357421875	283.4408264160156	519.5338745117188	323.5981750488281
