"score"	"label"	"x0"	"y0"	"x1"	"y1"
0.2747349739074707	"man"	32.55999755859375	135.72299194335938	570.1615600585938	304.77972412109375
