"score"	"label"	"x0"	"y0"	"x1"	"y1"
0.27331268787384033	"woman"	122.6103515625	279.25762939453125	127.50445556640625	286.930419921875
