"score"	"label"	"x0"	"y0"	"x1"	"y1"
0.9191246628761292	"man"	119.49664306640625	149.5373992919922	244.26931762695312	522.7190551757812
