"score"	"label"	"x0"	"y0"	"x1"	"y1"
0.27394115924835205	"woman"	448.82379150390625	160.8199462890625	576.7952270507812	344.6981201171875
0.2637435495853424	"man"	12.860916137695312	168.2437744140625	161.7298583984375	335.2846374511719
0.3200523257255554	"woman"	13.047691345214844	167.0686798095703	194.58502197265625	335.00604248046875
