"score"	"label"	"x0"	"y0"	"x1"	"y1"
0.33217740058898926	"woman"	409.01959228515625	176.287109375	424.7611083984375	197.48492431640625
0.3094298541545868	"man"	409.06756591796875	176.5557403564453	424.76300048828125	197.29234313964844
