"score"	"label"	"x0"	"y0"	"x1"	"y1"
0.25675851106643677	"man"	328.24212646484375	177.2381591796875	449.89837646484375	318.1999816894531
0.28764912486076355	"man"	17.646942138671875	39.17108154296875	566.0616455078125	399.31146240234375
0.2760716676712036	"man"	237.2764129638672	39.34968566894531	562.664794921875	337.77728271484375
