score	label	x0	y0	x1	y1
0.2675923407077789	woman	445.5355224609375	59.86910629272461	491.9519653320313	136.70840454101562
