"score"	"label"	"x0"	"y0"	"x1"	"y1"
0.36519208550453186	"man"	53.36640930175781	61.48139953613281	406.31683349609375	451.48126220703125
0.31906571984291077	"man"	7.6648406982421875	95.73214721679688	264.43316650390625	598.72705078125
0.36477774381637573	"man"	53.339935302734375	61.486572265625	405.9812316894531	598.4260864257812
