"score"	"label"	"x0"	"y0"	"x1"	"y1"
0.31014761328697205	"w"	0.1229095458984375	172.6518096923828	371.00054931640625	511.45538330078125
0.2850206792354584	"w"	0.0966339111328125	172.9555206298828	371.06976318359375	511.26739501953125
0.2532522678375244	"w"	0.09356689453125	172.78721618652344	371.06365966796875	511.40631103515625
