"score"	"label"	"x0"	"y0"	"x1"	"y1"
0.25504499673843384	"w"	200.93592834472656	147.7115020751953	350.8902587890625	445.100341796875
