"score"	"label"	"x0"	"y0"	"x1"	"y1"
0.3387616276741028	"m ; a n"	122.27200317382812	107.24885559082031	335.5228576660156	597.5942993164062
