"score"	"label"	"x0"	"y0"	"x1"	"y1"
0.30179911851882935	"m"	5.844146728515625	6.55804443359375	502.9084777832031	596.0819091796875
0.2606941759586334	"a"	6.18890380859375	6.682373046875	502.7080383300781	595.8030395507812
