score	label	x0	y0	x1	y1
0.3853673636913299	woman	25.123611450195312	33.63330078125	507.7034301757813	481.1817626953125
