"score"	"label"	"x0"	"y0"	"x1"	"y1"
0.41966894268989563	"man"	29.267086029052734	228.7337646484375	103.60406494140625	445.8258056640625
0.28152331709861755	"woman"	29.340599060058594	228.46099853515625	104.07831573486328	444.71600341796875
0.32401689887046814	"woman"	92.46614074707031	233.83587646484375	163.077880859375	329.62054443359375
