"score"	"label"	"x0"	"y0"	"x1"	"y1"
0.5527940988540649	"woman"	35.720184326171875	70.13691711425781	378.4522399902344	458.93994140625
0.4014178216457367	"woman"	356.6932373046875	59.26048278808594	537.9180297851562	459.22064208984375
0.36816510558128357	"woman"	227.361328125	93.37786865234375	379.27557373046875	459.06109619140625
