"score"	"label"	"x0"	"y0"	"x1"	"y1"
0.2708260416984558	"man"	27.545318603515625	84.93989562988281	552.974853515625	394.51544189453125
