score	label	x0	y0	x1	y1
0.561787486076355	man	275.4239196777344	212.9755859375	298.3839416503906	249.25311279296875
