"score"	"label"	"x0"	"y0"	"x1"	"y1"
0.944693386554718	"woman"	119.47908020019531	149.34609985351562	244.1033477783203	522.78662109375
