"score"	"label"	"x0"	"y0"	"x1"	"y1"
0.42490875720977783	"woman"	167.67868041992188	0.8754653930664062	337.8843994140625	240.76007080078125
0.3481629192829132	"man"	168.19390869140625	1.1539459228515625	337.8955078125	240.23788452148438
