"score"	"label"	"x0"	"y0"	"x1"	"y1"
0.4996346533298492	"woman"	10.17094612121582	158.6863250732422	50.29883575439453	276.8558349609375
0.3819671869277954	"man"	208.69467163085935	22.67736053466797	243.34234619140625	68.53378295898438
