score	label	x0	y0	x1	y1
0.3716364502906799	woman	83.41187286376953	404.3183288574219	95.7925033569336	443.8442077636719
0.3198822736740112	woman	92.14276885986328	404.8652038574219	108.58809661865234	442.9290466308594
0.260664165019989	woman	83.4271469116211	402.9920043945313	114.47972869873048	443.8963012695313
