"score"	"label"	"x0"	"y0"	"x1"	"y1"
0.2990301847457886	"woman"	380.48626708984375	214.18841552734375	433.77288818359375	282.5694885253906
0.2558446526527405	"woman"	110.56096649169922	172.61825561523438	329.8290710449219	334.6802978515625
