"score"	"label"	"x0"	"y0"	"x1"	"y1"
0.25613436102867126	"woman"	11.952728271484375	106.88040161132812	594.06640625	394.847900390625
0.26300790905952454	"woman"	10.6484375	11.406936645507812	594.3475341796875	397.13641357421875
