"score"	"label"	"x0"	"y0"	"x1"	"y1"
0.2921394407749176	"m a ;"	63.74092102050781	82.9666748046875	264.19366455078125	360.5876159667969
