"score"	"label"	"x0"	"y0"	"x1"	"y1"
0.5573034882545471	"man"	3.38134765625	59.98876953125	373.8901672363281	596.3915405273438
