"score"	"label"	"x0"	"y0"	"x1"	"y1"
0.6958592534065247	"man"	282.370849609375	318.7262268066406	321.2515869140625	426.2223815917969
