"score"	"label"	"x0"	"y0"	"x1"	"y1"
0.504006028175354	"man"	166.4187469482422	229.9976806640625	311.34320068359375	413.005615234375
