"score"	"label"	"x0"	"y0"	"x1"	"y1"
0.8561758399009705	"man"	267.2931823730469	200.9031982421875	279.1850280761719	235.60525512695312
