"score"	"label"	"x0"	"y0"	"x1"	"y1"
0.2556486129760742	"m"	536.5040283203125	-0.038349151611328125	599.330078125	20.12717056274414
