"score"	"label"	"x0"	"y0"	"x1"	"y1"
0.25598829984664917	"woman"	549.2068481445312	141.28170776367188	556.2855834960938	154.24545288085938
