"score"	"label"	"x0"	"y0"	"x1"	"y1"
0.3022516071796417	"man"	147.09300231933594	79.56959533691406	549.62109375	339.03997802734375
