"score"	"label"	"x0"	"y0"	"x1"	"y1"
0.36015409231185913	"man"	304.5471496582031	0.41326332092285156	335.8808898925781	27.77499008178711
0.25884810090065	"man"	245.76382446289062	184.23828125	365.8930358886719	298.1674499511719
0.2598426640033722	"man"	317.2356262207031	0.5192203521728516	335.6631774902344	23.952993392944336
