"score"	"label"	"x0"	"y0"	"x1"	"y1"
0.5003214478492737	"woman"	319.8895568847656	91.53279876708984	384.7705993652344	287.24725341796875
0.494975209236145	"woman"	354.8414611816406	213.50074768066406	448.5710754394531	376.013671875
0.4780294597148895	"woman"	253.01638793945312	90.66091918945312	322.4131774902344	285.375244140625
0.4882325232028961	"woman"	368.7899475097656	88.86854553222656	439.2705993652344	253.2825164794922
0.5036290287971497	"woman"	187.16305541992188	101.39897155761719	274.3912658691406	281.36541748046875
0.4633454382419586	"woman"	268.8399963378906	218.63951110839844	360.7243957519531	367.27337646484375
0.4661194384098053	"woman"	175.78277587890625	226.930908203125	272.5240783691406	381.12646484375
