"score"	"label"	"x0"	"y0"	"x1"	"y1"
0.33019083738327026	"woman"	128.53709411621094	92.44664001464844	527.373046875	314.706298828125
0.33895424008369446	"man"	128.8529052734375	92.6086654663086	527.0260009765625	314.5926513671875
