"score"	"label"	"x0"	"y0"	"x1"	"y1"
0.7095808982849121	"man"	241.76840209960938	87.60734558105469	411.1863098144531	596.7695922851562
0.4420662224292755	"man"	149.73092651367188	81.19759368896484	286.8576354980469	313.0025329589844
0.34178709983825684	"man"	149.630859375	81.18704223632812	286.8006896972656	382.8294982910156
