"score"	"label"	"x0"	"y0"	"x1"	"y1"
0.4625911116600036	"woman"	50.42750549316406	69.4482421875	396.4109497070313	596.823974609375
