"score"	"label"	"x0"	"y0"	"x1"	"y1"
0.317715585231781	"man"	98.0333023071289	213.9589080810547	112.96839141845705	241.22804260253903
0.2591426968574524	"man"	382.244140625	176.17218017578125	399.7394409179687	200.48297119140625
