"score"	"label"	"x0"	"y0"	"x1"	"y1"
0.684195876121521	"man"	148.8224639892578	252.7967987060547	185.8052215576172	336.38995361328125
