"score"	"label"	"x0"	"y0"	"x1"	"y1"
0.37056201696395874	"woman"	294.8761901855469	90.008544921875	308.4936218261719	114.6983642578125
