"score"	"label"	"x0"	"y0"	"x1"	"y1"
0.3615875244140625	"m ; a ; n"	351.1827697753906	91.52999877929688	542.2069091796875	561.8756103515625
