"score"	"label"	"x0"	"y0"	"x1"	"y1"
0.365965723991394	"woman"	523.9981079101562	211.78810119628903	545.4506225585938	261.64434814453125
0.2803829312324524	"woman"	520.819091796875	155.8544921875	539.4007568359375	203.59158325195312
