"score"	"label"	"x0"	"y0"	"x1"	"y1"
0.2699389159679413	"woman"	441.9813232421875	214.5965576171875	452.23345947265625	239.1640625
0.25638261437416077	"man"	442.30059814453125	214.81468200683594	452.068603515625	239.09523010253906
0.25047117471694946	"woman"	86.71064758300781	170.76695251464844	180.9848175048828	262.2200622558594
