"score"	"label"	"x0"	"y0"	"x1"	"y1"
0.2950325012207031	"w"	38.45619201660156	54.34297180175781	381.9122314453125	549.6001586914062
0.27849987149238586	"w"	38.5367431640625	54.58204650878906	381.8506774902344	549.8295288085938
