"score"	"label"	"x0"	"y0"	"x1"	"y1"
0.4314722418785095	"woman"	433.2451171875	212.79083251953125	498.3240356445313	354.47021484375
0.3004513084888458	"woman"	35.15289306640625	204.0128173828125	180.10916137695312	396.2931518554687
0.2888889908790588	"man"	274.6022033691406	203.3381500244141	345.8016052246094	342.03179931640625
