"score"	"label"	"x0"	"y0"	"x1"	"y1"
0.31407150626182556	"m ; a ; n"	1.094635009765625	62.10105895996094	598.3353271484375	339.676025390625
