"score"	"label"	"x0"	"y0"	"x1"	"y1"
0.37556934356689453	"man woman"	277.25933837890625	292.11761474609375	426.06085205078125	472.749755859375
0.35229218006134033	"man"	196.163330078125	291.6934509277344	427.7957763671875	472.7381286621094
0.2855444550514221	"man"	195.08123779296875	302.6325988769531	318.39404296875	405.8357849121094
0.2889069616794586	"woman"	277.8800354003906	292.27325439453125	425.5508728027344	472.58477783203125
