score	label	x0	y0	x1	y1
0.4324794709682464	woman	26.703857421875	88.84672546386719	348.4893798828125	549.5297241210938
