"score"	"label"	"x0"	"y0"	"x1"	"y1"
0.2997123301029205	"woman"	4.1500091552734375	134.41043090820312	181.4723968505859	273.83197021484375
0.2637645304203033	"woman"	546.4517211914062	270.03216552734375	558.0939331054688	282.63494873046875
