"score"	"label"	"x0"	"y0"	"x1"	"y1"
0.3234378397464752	"woman"	232.2928924560547	242.66790771484375	243.5289764404297	260.2460632324219
0.29304492473602295	"man"	232.9263916015625	243.05868530273438	243.32257080078125	259.98291015625
0.27558887004852295	"woman"	229.33079528808594	239.81314086914062	246.5420684814453	262.1347961425781
