"score"	"label"	"x0"	"y0"	"x1"	"y1"
0.8833343982696533	"man"	178.86851501464844	162.02809143066406	305.17791748046875	546.8819580078125
