"score"	"label"	"x0"	"y0"	"x1"	"y1"
0.3580053746700287	"m ; a ; n"	161.56845092773438	56.624786376953125	376.6440734863281	547.90185546875
