"score"	"label"	"x0"	"y0"	"x1"	"y1"
0.4928048551082611	"woman"	80.79592895507812	20.802108764648438	183.46258544921875	349.81610107421875
0.31312769651412964	"woman"	319.40557861328125	129.364501953125	413.623779296875	308.67822265625
0.3498820960521698	"woman"	438.65185546875	14.815216064453125	533.8470458984375	345.1236572265625
0.2791639268398285	"woman"	368.4554443359375	16.13348388671875	446.29473876953125	228.4979248046875
0.2567668855190277	"woman"	407.841552734375	132.56405639648438	503.27044677734375	371.1007995605469
0.2629328966140747	"woman"	311.25079345703125	20.82367706298828	383.1690673828125	218.38742065429688
0.259175568819046	"woman"	246.13189697265625	13.657333374023438	323.71954345703125	295.3515625
0.25456786155700684	"woman"	299.03155517578125	129.3074951171875	413.64398193359375	345.65869140625
