"score"	"label"	"x0"	"y0"	"x1"	"y1"
0.6692425012588501	"woman"	444.5859069824219	407.3992614746094	457.0121154785156	439.7416687011719
