"score"	"label"	"x0"	"y0"	"x1"	"y1"
0.317715585231781	"man"	98.0333023071289	213.9589080810547	112.96839141845703	241.22804260253906
0.2591426968574524	"man"	382.244140625	176.17218017578125	399.73944091796875	200.48297119140625
0.2605260908603668	"woman"	98.5350341796875	214.24212646484375	112.77359008789062	241.0621337890625
