"score"	"label"	"x0"	"y0"	"x1"	"y1"
0.4153670370578766	"man"	408.0537414550781	132.16885375976562	503.6462707519531	371.58123779296875
0.34782522916793823	"woman"	300.4262390136719	127.61856842041016	414.3716125488281	343.7665710449219
0.27908581495285034	"woman"	309.9445495605469	128.45010375976562	413.7485046386719	309.291259765625
0.300968199968338	"woman"	320.41021728515625	128.380126953125	413.098388671875	308.0325927734375
