score	label	x0	y0	x1	y1
0.4419285953044891	woman	502.8611145019531	282.79998779296875	520.175048828125	323.8399658203125
0.3119472563266754	woman	497.432861328125	278.83837890625	526.1292724609375	326.50482177734375
