"score"	"label"	"x0"	"y0"	"x1"	"y1"
0.4047610461711883	"woman"	66.98383331298828	153.7409210205078	155.25469970703125	371.8860473632813
0.315594345331192	"man"	142.0055694580078	159.29583740234375	221.1213226318359	248.08657836914065
