"score"	"label"	"x0"	"y0"	"x1"	"y1"
0.32708117365837097	"w"	38.01679992675781	121.06085205078125	362.71734619140625	549.4973754882812
0.3090062737464905	"w"	37.85142517089844	121.26283264160156	362.25042724609375	549.7761840820312
0.26229357719421387	"w o"	37.95372009277344	121.31446838378906	362.28314208984375	549.5822143554688
