"score"	"label"	"x0"	"y0"	"x1"	"y1"
0.2570265829563141	"man"	285.8446350097656	185.79678344726562	395.9144592285156	355.6499938964844
0.27803513407707214	"man"	63.32391357421875	144.6058349609375	300.6649475097656	433.41082763671875
0.2999018728733063	"woman"	63.66815185546875	145.30474853515625	300.5076904296875	432.8369140625
0.2605670392513275	"woman"	281.5933837890625	181.05621337890625	404.25830078125	356.58819580078125
