score	label	x0	y0	x1	y1
0.2620503306388855	man	456.46820068359375	150.49642944335938	514.8006591796875	237.51242065429688
