score	label	x0	y0	x1	y1
0.5281789302825928	man	95.0072021484375	160.64353942871094	263.81463623046875	549.650390625
0.3099314272403717	woman	37.74886322021485	282.00042724609375	56.93731689453125	339.5064697265625
0.2534744441509247	woman	31.878021240234375	278.46575927734375	62.973365783691406	342.64453125
