"score"	"label"	"x0"	"y0"	"x1"	"y1"
0.4442543089389801	"man"	412.2655029296875	239.47244262695312	449.87109375	300.3539733886719
0.3530665934085846	"woman"	412.4203186035156	239.88809204101562	449.4729919433594	300.3309631347656
