"score"	"label"	"x0"	"y0"	"x1"	"y1"
0.7885679006576538	"woman"	103.70231628417969	265.0144958496094	151.4817657470703	331.1499938964844
