"score"	"label"	"x0"	"y0"	"x1"	"y1"
0.33351972699165344	"woman"	32.64906311035156	172.59274291992188	71.6644515991211	269.1001281738281
0.266802042722702	"man"	404.4698486328125	193.15927124023438	427.27667236328125	257.57745361328125
0.32396820187568665	"man"	68.55693817138672	200.36538696289062	107.72028350830078	294.629150390625
0.2575562596321106	"man"	32.213706970214844	170.72120666503906	108.81560516357422	294.3468933105469
0.2513510286808014	"man"	378.8802185058594	192.41848754882812	427.9000549316406	260.41094970703125
