"score"	"label"	"x0"	"y0"	"x1"	"y1"
0.2541893422603607	"man"	302.0155334472656	369.2736511230469	346.5150451660156	438.8165588378906
0.27768000960350037	"man"	564.0075073242188	315.8194580078125	600.0234985351562	438.83837890625
0.26020243763923645	"man"	122.05697631835938	371.5323486328125	185.1275634765625	438.86956787109375
0.2523011565208435	"man"	258.6038818359375	326.5484619140625	310.8477783203125	431.73193359375
0.2688089907169342	"man"	117.13011169433594	188.7603302001953	141.5205535888672	243.01316833496094
0.2518843114376068	"man"	471.2185974121094	291.3119812011719	526.3297119140625	387.7900085449219
0.2609962224960327	"man"	317.85076904296875	287.5410461425781	360.34912109375	388.8460388183594
0.259900838136673	"man"	523.4187622070312	233.50938415527344	564.9898071289062	335.69622802734375
0.2547646760940552	"man"	89.43946075439453	168.3721923828125	111.09607696533203	244.54168701171875
