"score"	"label"	"x0"	"y0"	"x1"	"y1"
0.2699549198150635	"a"	1.66168212890625	1.158294677734375	598.1607666015625	429.62518310546875
