score	label	x0	y0	x1	y1
0.4875065982341766	woman	174.88143920898438	103.57760620117188	211.601318359375	203.411865234375
0.3764886558055877	man	214.48196411132812	109.9752960205078	273.2861022949219	202.0842437744141
0.2819637060165405	man	304.28753662109375	103.75938415527344	363.1644287109375	196.43910217285156
