score	label	x0	y0	x1	y1
0.2766401767730713	man	288.23779296875	277.4667053222656	301.46453857421875	300.6152038574219
