"score"	"label"	"x0"	"y0"	"x1"	"y1"
0.48351263999938965	"man woman"	88.51969146728516	254.2405548095703	319.9815979003906	597.6297607421875
0.35488349199295044	"woman"	88.7149887084961	254.53909301757812	319.3374328613281	597.8837890625
