score	label	x0	y0	x1	y1
0.4962101280689239	woman	105.62515258789062	27.80517578125	235.37969970703125	549.5936889648438
