"score"	"label"	"x0"	"y0"	"x1"	"y1"
0.5344401001930237	"woman"	264.293212890625	200.9600524902344	319.06231689453125	356.7213439941406
0.5325720906257629	"man"	338.71038818359375	173.57632446289062	401.3448486328125	354.0060119628906
0.3327359557151794	"woman"	223.08445739746097	202.34860229492188	266.7937927246094	351.2834777832031
