"score"	"label"	"x0"	"y0"	"x1"	"y1"
0.7829534411430359	"man"	161.95718383789062	56.70782470703125	375.7119445800781	548.2234497070312
