score	label	x0	y0	x1	y1
0.4174959361553192	woman	269.2840270996094	180.46856689453125	410.6131896972656	327.33477783203125
0.3042009174823761	man	26.344886779785156	84.25629425048828	165.842529296875	319.07623291015625
0.2576801478862762	man	26.563308715820312	82.23178100585938	412.0377807617187	327.8164367675781
