"score"	"label"	"x0"	"y0"	"x1"	"y1"
0.3536944389343261	"man"	325.94049072265625	165.2400360107422	344.087646484375	184.0019073486328
