"score"	"label"	"x0"	"y0"	"x1"	"y1"
0.8683411478996277	"woman"	213.07144165039062	100.11178588867188	281.6246032714844	217.26434326171875
