"score"	"label"	"x0"	"y0"	"x1"	"y1"
0.8702425956726074	"man"	447.80804443359375	49.96278381347656	504.0633544921875	242.3785858154297
