"score"	"label"	"x0"	"y0"	"x1"	"y1"
0.4099026322364807	"woman"	326.3672790527344	64.36772155761719	420.1246032714844	311.39202880859375
0.29140883684158325	"man"	325.2798156738281	18.864593505859375	420.9836120605469	312.3361511230469
0.3305260241031647	"man"	168.53237915039062	249.3128662109375	342.74444580078125	402.93621826171875
