score	label	x0	y0	x1	y1
0.6092371940612793	woman	320.59027099609375	200.8028259277344	423.3953857421875	422.1404724121094
0.4318214356899261	man	97.9775161743164	205.91558837890625	279.52294921875	425.81195068359375
