"score"	"label"	"x0"	"y0"	"x1"	"y1"
0.2512374818325043	"w"	237.42868041992188	154.0931396484375	455.0736999511719	541.6207275390625
