"score"	"label"	"x0"	"y0"	"x1"	"y1"
0.31421610713005066	"man"	60.028892517089844	145.9727783203125	301.64605712890625	432.757568359375
