"score"	"label"	"x0"	"y0"	"x1"	"y1"
0.36905282735824585	"woman"	339.6268615722656	287.3127746582031	354.2272033691406	301.5344543457031
