"score"	"label"	"x0"	"y0"	"x1"	"y1"
0.719676673412323	"man"	171.41197204589844	97.261474609375	382.77264404296875	524.4551391601562
0.6140843629837036	"man"	20.288543701171875	138.0383758544922	301.2004089355469	525.9574584960938
