"score"	"label"	"x0"	"y0"	"x1"	"y1"
0.911831259727478	"woman"	109.35137176513672	68.17776489257812	267.94940185546875	514.81494140625
