score	label	x0	y0	x1	y1
0.3737966418266296	man	508.9830932617187	122.4166030883789	575.0457153320312	260.5865173339844
0.3258306384086609	woman	428.0123291015625	129.1055908203125	471.7237548828125	258.65673828125
