"score"	"label"	"x0"	"y0"	"x1"	"y1"
0.33845728635787964	"m"	168.61631774902344	363.94561767578125	227.50914001464844	435.03173828125
0.2802824378013611	"a"	168.58445739746094	363.8620910644531	227.5197296142578	435.0800476074219
