score	label	x0	y0	x1	y1
0.2525950670242309	man	109.365234375	19.686264038085938	521.6787109375	255.9480438232422
