"score"	"label"	"x0"	"y0"	"x1"	"y1"
0.3926277458667755	"man"	179.5145263671875	248.77740478515625	214.57345581054688	322.855224609375
0.32791709899902344	"woman"	241.22128295898438	263.0187683105469	262.0160827636719	313.7147521972656
0.32751768827438354	"man"	137.8572998046875	257.5283203125	168.95477294921875	328.58966064453125
0.30616626143455505	"woman"	80.64153289794922	256.74200439453125	103.79883575439453	309.12176513671875
