"score"	"label"	"x0"	"y0"	"x1"	"y1"
0.5046998262405396	"woman"	537.6861572265625	179.91506958007812	567.11669921875	243.39215087890625
0.3341967463493347	"man"	539.6119384765625	180.72091674804688	565.85693359375	242.90237426757812
