"score"	"label"	"x0"	"y0"	"x1"	"y1"
0.532438337802887	"man"	289.8665466308594	162.9716339111328	302.9960021972656	187.3875274658203
0.4080895185470581	"man"	313.7404479980469	156.10885620117188	328.9096374511719	189.38302612304688
