"score"	"label"	"x0"	"y0"	"x1"	"y1"
0.36903440952301025	"m ; a ; n"	68.29542541503906	51.22483825683594	545.601806640625	401.8919677734375
