"score"	"label"	"x0"	"y0"	"x1"	"y1"
0.8141661882400513	"woman"	257.7520751953125	261.1570739746094	357.4527587890625	578.564697265625
