"score"	"label"	"x0"	"y0"	"x1"	"y1"
0.2840157449245453	"woman"	72.75143432617188	308.4351501464844	107.9004364013672	341.2059020996094
