"score"	"label"	"x0"	"y0"	"x1"	"y1"
0.31615087389945984	"man"	240.7435760498047	270.6743469238281	373.881591796875	435.8428039550781
