"score"	"label"	"x0"	"y0"	"x1"	"y1"
0.3182867169380188	"man"	578.0538940429688	225.74302673339844	582.7135620117188	237.5594024658203
