"score"	"label"	"x0"	"y0"	"x1"	"y1"
0.4977976381778717	"woman"	121.93742370605469	106.2880859375	335.17437744140625	597.12744140625
0.3672693967819214	"man"	122.57391357421875	107.05264282226562	334.5473937988281	597.538818359375
