"score"	"label"	"x0"	"y0"	"x1"	"y1"
0.4466131627559662	"woman"	239.54656982421875	28.018821716308594	310.3232421875	91.09252166748048
0.3604147732257843	"man"	172.45913696289062	16.782405853271484	238.951171875	83.05178833007812
