"score"	"label"	"x0"	"y0"	"x1"	"y1"
0.5801088809967041	"man"	286.9612121582031	37.52037048339844	568.3734130859375	424.6944580078125
0.366617888212204	"woman"	3.904205322265625	71.37704467773438	422.9271240234375	422.8396606445313
