"score"	"label"	"x0"	"y0"	"x1"	"y1"
0.5649019479751587	"man"	178.84115600585938	161.569091796875	305.4107666015625	547.0538940429688
0.5031091570854187	"woman"	40.56829833984375	254.2533721923828	266.4518737792969	563.1505126953125
