"score"	"label"	"x0"	"y0"	"x1"	"y1"
0.36399662494659424	"m a n"	87.75550842285156	71.99383544921875	306.7525634765625	517.448974609375
0.2894137501716614	"m a"	87.7146987915039	72.130859375	306.7977294921875	517.3499755859375
