"score"	"label"	"x0"	"y0"	"x1"	"y1"
0.5018323063850403	"man"	3.6495361328125	64.69529724121094	355.52728271484375	548.6903076171875
0.49526071548461914	"woman"	3.98724365234375	65.07472229003906	354.787841796875	549.032958984375
0.2583213746547699	"woman"	3.195037841796875	64.94798278808594	355.2088928222656	548.8355712890625
