"score"	"label"	"x0"	"y0"	"x1"	"y1"
0.49488338828086853	"man"	190.03668212890625	149.11459350585938	468.65313720703125	599.627685546875
0.37760475277900696	"woman"	459.41748046875	371.0995178222656	544.1519775390625	599.8856201171875
0.27536264061927795	"man"	125.75221252441406	148.13916015625	470.855712890625	599.3426513671875
