"score"	"label"	"x0"	"y0"	"x1"	"y1"
0.3883502185344696	"woman"	183.32371520996097	323.80767822265625	214.0419464111328	384.112548828125
0.3346686661243438	"man"	76.31768035888672	364.1364135742187	96.7571029663086	449.5771484375
