"score"	"label"	"x0"	"y0"	"x1"	"y1"
0.3064887523651123	"m a"	3.1731719970703125	103.163330078125	378.52813720703125	580.4005126953125
0.27048444747924805	"m"	52.763214111328125	176.09317016601562	336.4903869628906	526.0655517578125
