"score"	"label"	"x0"	"y0"	"x1"	"y1"
0.402061402797699	"man"	6.207058906555176	272.0374755859375	24.16292953491211	299.7557373046875
0.36485132575035095	"woman"	6.195041656494141	272.0550842285156	24.215923309326172	299.8391418457031
0.28697991371154785	"woman"	6.2545013427734375	272.0475158691406	24.22847557067871	299.8210144042969
