"score"	"label"	"x0"	"y0"	"x1"	"y1"
0.527988076210022	"man"	19.702377319335938	15.234954833984377	190.73878479003903	592.4876708984375
