score	label	x0	y0	x1	y1
0.4455773830413818	woman	206.3366546630859	217.43246459960935	233.9142913818359	264.5252380371094
0.2643533647060394	woman	159.5313720703125	113.35262298583984	190.50921630859375	163.88308715820312
