"score"	"label"	"x0"	"y0"	"x1"	"y1"
0.4002099931240082	"man"	4.522430419921875	6.990447998046875	597.090576171875	427.8106994628906
