score	label	x0	y0	x1	y1
0.3502594828605652	woman	282.4178771972656	195.74530029296875	295.6242980957031	227.93829345703125
0.3354620337486267	woman	271.03265380859375	194.5117950439453	296.183837890625	228.83360290527344
0.2601629793643951	woman	271.9841003417969	195.707275390625	284.6889343261719	228.3086853027344
