"score"	"label"	"x0"	"y0"	"x1"	"y1"
0.8352102637290955	"man"	151.0695037841797	111.05622863769531	586.661376953125	597.8606567382812
