"score"	"label"	"x0"	"y0"	"x1"	"y1"
0.373464435338974	"woman"	129.15261840820312	93.47748565673828	525.715576171875	313.90740966796875
