"score"	"label"	"x0"	"y0"	"x1"	"y1"
0.483185350894928	"woman"	3.6814117431640625	101.85987854003906	388.17388916015625	595.9326171875
0.3944474756717682	"man"	3.510528564453125	102.54290771484375	387.3440246582031	596.6275634765625
