"score"	"label"	"x0"	"y0"	"x1"	"y1"
0.4023943841457367	"woman"	30.913742065429688	57.3564453125	327.21441650390625	556.348876953125
