"score"	"label"	"x0"	"y0"	"x1"	"y1"
0.8708465695381165	"man"	163.13275146484375	36.76966857910156	328.64453125	541.8054809570312
