score	label	x0	y0	x1	y1
0.2683700919151306	woman	205.7490997314453	394.8438720703125	223.1204071044922	414.1646728515625
