"score"	"label"	"x0"	"y0"	"x1"	"y1"
0.4455527663230896	"woman"	129.56979370117188	260.47991943359375	141.17465209960938	282.80657958984375
