"score"	"label"	"x0"	"y0"	"x1"	"y1"
0.5009007453918457	"woman"	131.5393829345703	261.789306640625	139.6691131591797	282.27392578125
0.3354419767856598	"woman"	108.30748748779297	266.75421142578125	114.27283477783203	280.923583984375
