"score"	"label"	"x0"	"y0"	"x1"	"y1"
0.265828013420105	"m a ;"	157.16529846191406	377.15283203125	232.66294860839844	409.01904296875
