"score"	"label"	"x0"	"y0"	"x1"	"y1"
0.41412824392318726	"man"	209.44717407226562	80.3272705078125	283.4639892578125	344.9198303222656
0.3492397964000702	"woman"	308.1061706542969	102.48759460449219	384.0602111816406	357.602294921875
0.2950022518634796	"woman"	272.32794189453125	88.51594543457031	332.18023681640625	348.83905029296875
