"score"	"label"	"x0"	"y0"	"x1"	"y1"
0.3537447154521942	"man"	291.12579345703125	178.1976776123047	313.7132568359375	207.9903106689453
