score	label	x0	y0	x1	y1
0.4505661427974701	man	151.1016845703125	255.6168975830078	164.03890991210938	289.588134765625
0.3646889925003052	man	136.8119659423828	263.7521057128906	150.0041961669922	298.4467468261719
0.3204561471939087	man	46.54305648803711	263.8788757324219	64.60055541992188	301.8726501464844
