"score"	"label"	"x0"	"y0"	"x1"	"y1"
0.7717292308807373	"man"	84.44955444335938	70.7174072265625	383.2212219238281	534.195556640625
