"score"	"label"	"x0"	"y0"	"x1"	"y1"
0.532438337802887	"man"	289.8665466308594	162.9716339111328	302.9960021972656	187.3875274658203
0.44930535554885864	"woman"	289.8719787597656	162.9137420654297	303.0689392089844	187.3352813720703
0.4080895185470581	"man"	313.7404479980469	156.10885620117188	328.9096374511719	189.38302612304688
0.3485043942928314	"woman"	289.92071533203125	163.05941772460938	303.151123046875	187.42755126953125
