"score"	"label"	"x0"	"y0"	"x1"	"y1"
0.34735679626464844	"m ; a ; n"	48.20530700683594	113.81898498535156	408.71685791015625	597.9532470703125
