"score"	"label"	"x0"	"y0"	"x1"	"y1"
0.710743248462677	"woman"	212.59652709960938	6.748039245605469	256.7305908203125	119.94298553466797
0.497406542301178	"woman"	70.09272766113281	167.24600219726562	156.91671752929688	297.8831481933594
0.40430861711502075	"woman"	305.2104797363281	103.5865478515625	359.2050476074219	304.93988037109375
