"score"	"label"	"x0"	"y0"	"x1"	"y1"
0.4990169107913971	"man"	19.944854736328125	92.24525451660156	425.2087707519531	596.2457885742188
0.36400651931762695	"woman"	20.432540893554688	92.98170471191406	425.46734619140625	596.9654541015625
