"score"	"label"	"x0"	"y0"	"x1"	"y1"
0.3558923602104187	"woman"	0.5664882659912109	198.65765380859375	20.86517333984375	228.63284301757812
0.32978442311286926	"man"	0.539546012878418	199.21682739257812	20.245391845703125	228.494873046875
0.28727757930755615	"woman"	0.5244913101196289	195.16688537597656	27.673561096191406	232.52586364746094
