"score"	"label"	"x0"	"y0"	"x1"	"y1"
0.3100387752056122	"woman"	476.7445983886719	243.92855834960935	504.4518127441406	260.6487121582031
