score	label	x0	y0	x1	y1
0.3907411694526672	woman	108.8463363647461	200.03387451171875	140.00013732910156	229.56643676757812
0.2636511921882629	woman	102.0901336669922	197.22943115234375	149.66403198242188	232.7979431152344
