"score"	"label"	"x0"	"y0"	"x1"	"y1"
0.451941430568695	"man"	26.61539077758789	119.22105407714844	123.83206176757812	382.7122802734375
0.3419876992702484	"woman"	355.74481201171875	100.73811340332033	402.9607543945313	263.45806884765625
