"score"	"label"	"x0"	"y0"	"x1"	"y1"
0.6603282690048218	"woman"	307.4852600097656	156.14305114746094	326.8509216308594	207.6797637939453
