"score"	"label"	"x0"	"y0"	"x1"	"y1"
0.31002986431121826	"man"	259.96466064453125	366.00823974609375	299.39324951171875	429.325439453125
0.30879783630371094	"man"	261.01788330078125	366.0843505859375	296.092529296875	411.9498291015625
0.28046002984046936	"man"	253.3929901123047	362.1579284667969	303.2890625	429.8033142089844
