score	label	x0	y0	x1	y1
0.6558883190155029	man	201.076904296875	147.3473358154297	349.59881591796875	441.35198974609375
