score	label	x0	y0	x1	y1
0.3208735883235931	man	499.1210632324219	159.29421997070312	532.9246215820312	240.92025756835935
0.2771177887916565	man	152.47274780273438	166.36819458007812	183.685791015625	236.4800720214844
