score	label	x0	y0	x1	y1
0.3420453071594238	man	440.7415771484375	214.8523406982422	472.38714599609375	294.3172607421875
0.3294351994991302	woman	418.035888671875	212.59542846679688	448.6472778320313	295.1860656738281
0.3139671981334686	man	417.681640625	211.52328491210935	472.5934448242187	295.6567077636719
0.2654992938041687	woman	257.1148376464844	246.5243682861328	287.6303405761719	278.3753967285156
