"score"	"label"	"x0"	"y0"	"x1"	"y1"
0.8939777612686157	"man"	23.328948974609375	77.69329833984375	432.0686340332031	598.972412109375
