score	label	x0	y0	x1	y1
0.2757632434368133	woman	412.9895935058594	329.92449951171875	425.6164245605469	346.80859375
