"score"	"label"	"x0"	"y0"	"x1"	"y1"
0.9090055823326111	"woman"	121.76560974121094	173.88877868652344	307.68255615234375	515.585205078125
0.2718639373779297	"woman"	393.67156982421875	102.23982238769531	430.7896728515625	180.1562957763672
