"score"	"label"	"x0"	"y0"	"x1"	"y1"
0.3256569504737854	"man"	0.2094898223876953	0.6481552124023438	19.511091232299805	144.60354614257812
0.2917591333389282	"man"	0.10553407669067383	0.363311767578125	14.545846939086914	126.02613830566406
