"score"	"label"	"x0"	"y0"	"x1"	"y1"
0.31763190031051636	"m ; a ;"	115.00093078613281	134.30224609375	537.931884765625	270.7563781738281
