"score"	"label"	"x0"	"y0"	"x1"	"y1"
0.29315775632858276	"w"	157.656982421875	35.66253662109375	331.1075744628906	544.5095825195312
0.2678989768028259	"w"	158.44573974609375	35.92298889160156	331.0638732910156	544.3629760742188
0.2534579038619995	"w"	158.28802490234375	35.95417785644531	331.19854736328125	544.2709350585938
