"score"	"label"	"x0"	"y0"	"x1"	"y1"
0.3305269777774811	"m ; a ; n"	2.78314208984375	1.792083740234375	597.6967163085938	392.64306640625
