"score"	"label"	"x0"	"y0"	"x1"	"y1"
0.4502491354942322	"woman"	213.3775177001953	240.20057678222656	241.0193328857422	273.91937255859375
0.40958577394485474	"man"	273.6711120605469	210.53648376464844	293.8309631347656	263.0409240722656
0.25945448875427246	"woman"	273.43157958984375	210.4352264404297	293.89190673828125	262.7821044921875
