"score"	"label"	"x0"	"y0"	"x1"	"y1"
0.47355520725250244	"woman"	414.2239074707031	70.25343322753906	564.3262939453125	385.52099609375
0.26176151633262634	"woman"	106.87962341308594	55.42802429199219	234.72434997558594	340.576904296875
