score	label	x0	y0	x1	y1
0.4638007283210754	man	182.34735107421875	225.69436645507812	390.434326171875	308.7424011230469
