"score"	"label"	"x0"	"y0"	"x1"	"y1"
0.5840052962303162	"woman"	278.73712158203125	94.31709289550781	331.6361083984375	258.42706298828125
0.3948306739330292	"woman"	262.3147277832031	92.8405532836914	299.3775329589844	250.55328369140625
