score	label	x0	y0	x1	y1
0.323449045419693	man	0.2055020332336425	181.7581787109375	13.963890075683594	273.71563720703125
