"score"	"label"	"x0"	"y0"	"x1"	"y1"
0.3652549088001251	"woman"	107.56183624267578	157.50511169433594	250.94293212890625	441.0242919921875
0.41319936513900757	"man"	245.97271728515625	56.514617919921875	350.814208984375	256.55712890625
0.25535446405410767	"woman"	81.98374938964844	77.48031616210938	190.87071228027344	350.2065734863281
0.25482040643692017	"woman"	182.79876708984375	88.41836547851562	264.316650390625	352.8812255859375
0.28611093759536743	"man"	246.46559143066406	174.4781494140625	363.62884521484375	391.03497314453125
0.3315753936767578	"woman"	107.88810729980469	157.40872192382812	250.7281951904297	392.7944030761719
0.3339520990848541	"woman"	364.54998779296875	161.35556030273438	489.08770751953125	393.5506286621094
0.3242715299129486	"woman"	364.7238464355469	161.33164978027344	489.1014099121094	439.94598388671875
