"score"	"label"	"x0"	"y0"	"x1"	"y1"
0.2540331482887268	"w"	159.74093627929688	65.30850982666016	265.6534118652344	281.4849548339844
