"score"	"label"	"x0"	"y0"	"x1"	"y1"
0.3116646111011505	"m a"	23.058059692382812	123.63157653808594	420.73931884765625	596.710205078125
