"score"	"label"	"x0"	"y0"	"x1"	"y1"
0.2696149945259094	"w"	1.9504547119140625	93.07257080078125	425.68963623046875	599.255126953125
