"score"	"label"	"x0"	"y0"	"x1"	"y1"
0.28702765703201294	"m"	45.5523681640625	4.132080078125	599.8202514648438	348.8702087402344
