"score"	"label"	"x0"	"y0"	"x1"	"y1"
0.46195340156555176	"woman"	256.6466979980469	122.82576751708984	493.9179382324219	295.8832702636719
0.37573185563087463	"man"	258.7425231933594	124.53971862792969	492.1551208496094	295.166748046875
