"score"	"label"	"x0"	"y0"	"x1"	"y1"
0.3953574001789093	"man"	155.46115112304688	372.1642150878906	171.049072265625	405.1780090332031
0.26430439949035645	"man"	101.97157287597656	341.1960754394531	114.87286376953125	364.2361145019531
