"score"	"label"	"x0"	"y0"	"x1"	"y1"
0.32405295968055725	"woman"	300.9554748535156	126.61668395996094	323.3279113769531	144.2053985595703
0.3005324602127075	"woman"	301.72711181640625	127.37549591064453	311.62884521484375	141.82000732421875
0.2563585937023163	"man"	301.9108581542969	127.54424285888672	311.7092590332031	141.7587127685547
