"score"	"label"	"x0"	"y0"	"x1"	"y1"
0.33996254205703735	"m ; a ; n"	258.2627258300781	124.30986022949219	492.7118835449219	296.05615234375
