score	label	x0	y0	x1	y1
0.4490551948547363	man	178.24830627441406	181.89486694335935	227.22462463378903	323.2935791015625
0.3337596952915191	woman	296.7213134765625	120.7505111694336	334.62060546875	212.56936645507812
