"score"	"label"	"x0"	"y0"	"x1"	"y1"
0.27072674036026	"w"	72.32967376708984	51.025115966796875	281.31317138671875	564.0596923828125
