"score"	"label"	"x0"	"y0"	"x1"	"y1"
0.367951363325119	"woman"	144.20777893066406	105.77082061767578	202.55198669433594	296.8863220214844
0.30728939175605774	"man"	272.40008544921875	127.20933532714844	320.3743896484375	283.24957275390625
