"score"	"label"	"x0"	"y0"	"x1"	"y1"
0.3460067212581634	"man"	409.0391540527344	176.5847930908203	424.7149353027344	197.50440979003903
