"score"	"label"	"x0"	"y0"	"x1"	"y1"
0.47339847683906555	"woman"	109.37517547607422	201.1044921875	137.69566345214844	229.12161254882812
0.29827681183815	"woman"	69.76227569580078	178.107421875	204.67510986328125	332.3433532714844
