"score"	"label"	"x0"	"y0"	"x1"	"y1"
0.2853129804134369	"man"	1.350494384765625	288.4516906738281	598.6766357421875	463.7414855957031
