score	label	x0	y0	x1	y1
0.3589191734790802	woman	90.5357666015625	69.26322937011719	140.48590087890625	159.92681884765625
0.3343842029571533	man	182.89874267578125	306.50994873046875	275.2853698730469	400.0977783203125
0.3010473549365997	woman	91.01538848876952	69.455810546875	127.40808868408205	128.25564575195312
0.2758229672908783	man	62.64867401123047	109.81761932373048	122.46764373779295	173.16319274902344
