score	label	x0	y0	x1	y1
0.4268789291381836	man	297.7541809082031	204.06983947753903	317.6937561035156	252.9891815185547
0.3262421786785126	woman	314.76287841796875	211.2296600341797	329.314208984375	253.0290985107422
0.3119480311870575	man	339.998779296875	207.90087890625	359.72821044921875	253.8858642578125
