"score"	"label"	"x0"	"y0"	"x1"	"y1"
0.5441361665725708	"woman"	0.8079833984375	57.1258544921875	530.613525390625	599.5277099609375
0.3077838122844696	"man"	0.646514892578125	57.673980712890625	528.2705078125	599.8873291015625
