"score"	"label"	"x0"	"y0"	"x1"	"y1"
0.3904975354671478	"man"	167.2962188720703	91.89104461669922	432.1671142578125	278.4713439941406
