"score"	"label"	"x0"	"y0"	"x1"	"y1"
0.3544377088546753	"man"	2.1736984252929688	280.2320861816406	176.73583984375	579.175048828125
