"score"	"label"	"x0"	"y0"	"x1"	"y1"
0.252295583486557	"woman"	194.2537078857422	131.4984893798828	213.6521453857422	157.19752502441406
