"score"	"label"	"x0"	"y0"	"x1"	"y1"
0.2539716064929962	"man"	322.8081970214844	4.4290771484375	583.3739013671875	415.8275146484375
0.26475808024406433	"woman"	322.6125183105469	3.8154449462890625	583.1795654296875	415.99945068359375
