"score"	"label"	"x0"	"y0"	"x1"	"y1"
0.3025306463241577	"w o"	142.77601623535156	206.31375122070312	355.46405029296875	554.2666015625
0.3173969089984894	"w o"	142.75106811523438	206.41815185546875	355.439697265625	554.2260131835938
0.289948046207428	"o"	142.79005432128906	206.40554809570312	355.31793212890625	554.083740234375
