"score"	"label"	"x0"	"y0"	"x1"	"y1"
0.7238091826438904	"man"	162.90975952148438	53.98970031738281	359.0224304199219	507.36859130859375
0.5670731067657471	"woman"	58.81767272949219	105.71409606933594	229.18348693847656	545.5262451171875
