"score"	"label"	"x0"	"y0"	"x1"	"y1"
0.3905917704105377	"m"	2.94232177734375	67.21025085449219	324.3546142578125	549.511962890625
0.26292291283607483	"a"	3.2166900634765625	67.38099670410156	324.26153564453125	549.444580078125
