"score"	"label"	"x0"	"y0"	"x1"	"y1"
0.46316614747047424	"man"	112.38240814208984	289.2073059082031	151.6434783935547	343.2409362792969
0.30721038579940796	"woman"	121.27588653564453	296.78729248046875	150.86573791503906	342.64971923828125
0.3016596734523773	"woman"	111.87969970703125	289.2588806152344	151.49063110351562	343.0361022949219
