"score"	"label"	"x0"	"y0"	"x1"	"y1"
0.35223492980003357	"woman"	18.678955078125	113.57743835449219	546.9312744140625	404.53570556640625
0.2719900608062744	"woman"	323.7088623046875	143.02516174316406	356.833251953125	197.69898986816406
