"score"	"label"	"x0"	"y0"	"x1"	"y1"
0.5337916612625122	"woman"	127.41930389404297	234.7100372314453	175.1826171875	352.72698974609375
0.3689442276954651	"woman"	0.14004802703857422	229.16883850097656	32.039485931396484	397.9166259765625
