"score"	"label"	"x0"	"y0"	"x1"	"y1"
0.8234257698059082	"man"	52.13861083984375	44.49104309082031	391.5846252441406	549.5610961914062
