"score"	"label"	"x0"	"y0"	"x1"	"y1"
0.603329598903656	"man"	449.6660461425781	262.4864196777344	474.8185119628906	300.4585266113281
0.2879929840564728	"woman"	450.9838562011719	267.29351806640625	474.0215148925781	299.96087646484375
