"score"	"label"	"x0"	"y0"	"x1"	"y1"
0.2614187002182007	"man"	313.30023193359375	251.69834899902344	332.44842529296875	285.1733093261719
