"score"	"label"	"x0"	"y0"	"x1"	"y1"
0.6694238185882568	"man"	374.36444091796875	95.63250732421875	597.9160766601562	409.43743896484375
