"score"	"label"	"x0"	"y0"	"x1"	"y1"
0.4482567012310028	"man"	6.429729461669922	184.9510498046875	74.17057800292969	373.4129028320313
0.3606674671173095	"woman"	152.48760986328125	184.60894775390625	214.50872802734375	373.7223510742187
0.3493897616863251	"woman"	107.81809997558594	185.63153076171875	165.06983947753906	373.6158447265625
0.3378779590129852	"woman"	5.711151123046875	104.05319213867188	490.0458984375	372.8313598632813
0.3334778845310211	"man"	427.2514343261719	189.5640563964844	490.2792663574219	373.4936218261719
0.3160861134529114	"woman"	259.9588928222656	162.95306396484375	311.7627258300781	370.5817260742187
0.3111694157123565	"man"	209.0648498535156	165.38735961914062	266.9945373535156	368.9853820800781
0.2583742141723633	"woman"	387.7478332519531	194.04788208007812	437.2766418457031	373.4626159667969
0.2521596848964691	"woman"	301.53485107421875	176.4815673828125	347.385986328125	370.0352783203125
