"score"	"label"	"x0"	"y0"	"x1"	"y1"
0.25073325634002686	"woman"	509.2588195800781	231.11846923828125	517.513671875	246.746826171875
