"score"	"label"	"x0"	"y0"	"x1"	"y1"
0.4449115991592407	"man"	273.4710693359375	188.17747497558594	285.7259521484375	203.19688415527344
0.2531863749027252	"man"	21.68430519104004	189.2773895263672	31.550580978393555	206.12452697753906
