score	label	x0	y0	x1	y1
0.5676021575927734	man	138.89515686035156	65.92620086669922	182.1856231689453	161.71258544921875
0.2862286865711212	woman	72.51512908935547	79.60720825195312	136.82632446289062	126.00302124023438
