score	label	x0	y0	x1	y1
0.6846999526023865	man	188.11795043945312	125.0803680419922	281.89971923828125	458.422607421875
0.5710964202880859	woman	84.83291625976562	141.5597686767578	196.964111328125	453.82806396484375
