"score"	"label"	"x0"	"y0"	"x1"	"y1"
0.31707867980003357	"w"	32.2552490234375	78.38246154785156	358.3040771484375	549.7100830078125
0.28424617648124695	"w o"	31.529388427734375	78.72261047363281	358.4563903808594	549.788330078125
