score	label	x0	y0	x1	y1
0.4300906360149383	woman	149.9292755126953	257.5019836425781	172.9829559326172	321.5434875488281
0.3145685195922851	woman	142.82366943359375	253.6127166748047	181.9237365722656	324.1053161621094
