"score"	"label"	"x0"	"y0"	"x1"	"y1"
0.6514689922332764	"man"	154.3581085205078	150.42071533203125	591.3163452148438	598.113037109375
