"score"	"label"	"x0"	"y0"	"x1"	"y1"
0.26742762327194214	"w"	203.09915161132812	154.44699096679688	345.2027893066406	408.5298767089844
