"score"	"label"	"x0"	"y0"	"x1"	"y1"
0.32757988572120667	"man"	589.6109619140625	344.0625915527344	599.667236328125	379.9169006347656
