"score"	"label"	"x0"	"y0"	"x1"	"y1"
0.25528061389923096	"man"	1.1990509033203125	85.87214660644531	254.4971923828125	565.67919921875
