"score"	"label"	"x0"	"y0"	"x1"	"y1"
0.6316443085670471	"man"	197.89678955078125	24.16131591796875	364.0504760742187	575.9161376953125
0.4794420599937439	"woman"	55.262359619140625	23.99517822265625	236.9517822265625	568.2031860351562
