"score"	"label"	"x0"	"y0"	"x1"	"y1"
0.5095807313919067	"man"	159.10179138183594	221.97036743164062	324.05230712890625	530.0208740234375
0.27368244528770447	"man"	161.1900634765625	223.83616638183594	249.34912109375	516.7227783203125
0.25253647565841675	"woman"	216.12974548339844	298.0777893066406	317.2723388671875	518.2167358398438
0.26372265815734863	"woman"	160.78659057617188	223.64886474609375	322.9740905761719	528.7942504882812
