score	label	x0	y0	x1	y1
0.27126345038414	woman	102.90941619873048	245.84927368164065	117.25959014892578	269.9654846191406
