"score"	"label"	"x0"	"y0"	"x1"	"y1"
0.49131742119789124	"man"	303.4046325683594	179.42752075195312	373.1675720214844	264.6416320800781
0.2851611375808716	"woman"	303.5780029296875	179.47779846191406	373.0042724609375	264.3222351074219
0.2934274971485138	"woman"	240.1236572265625	245.473876953125	307.20172119140625	345.70867919921875
0.35270172357559204	"woman"	266.94970703125	187.06829833984375	315.06707763671875	267.4645080566406
