"score"	"label"	"x0"	"y0"	"x1"	"y1"
0.34641122817993164	"m ; a ; n"	153.3391876220703	225.5250701904297	277.6575012207031	586.404052734375
