"score"	"label"	"x0"	"y0"	"x1"	"y1"
0.2561866044998169	"a"	22.30059814453125	22.330963134765625	546.3040771484375	577.1890869140625
0.26129472255706787	"a"	197.8524169921875	176.08836364746094	374.25396728515625	564.1861572265625
