"score"	"label"	"x0"	"y0"	"x1"	"y1"
0.45265164971351624	"woman"	501.078125	225.59144592285156	518.522705078125	257.09271240234375
0.47619250416755676	"woman"	484.66796875	224.35169982910156	503.810791015625	257.23065185546875
0.2715793550014496	"man"	484.71563720703125	224.3752899169922	503.8233642578125	257.0680236816406
0.2699345350265503	"man"	501.1457214355469	225.5979461669922	518.4786987304688	256.80352783203125
0.2656201422214508	"woman"	501.0290222167969	225.58544921875	518.55224609375	256.8628234863281
0.3369394540786743	"man"	512.258544921875	217.02877807617188	529.5709228515625	237.93588256835938
0.2877732813358307	"woman"	484.7191467285156	224.42076110839844	503.8392639160156	257.0631103515625
