"score"	"label"	"x0"	"y0"	"x1"	"y1"
0.6105679869651794	"man"	531.9498901367188	324.5325927734375	546.8242797851562	342.14764404296875
