score	label	x0	y0	x1	y1
0.3061483204364776	man	228.7442169189453	146.21694946289062	255.1700897216797	170.30291748046875
0.2893332242965698	man	69.94285583496094	51.447662353515625	544.9039306640625	400.5585632324219
