score	label	x0	y0	x1	y1
0.3957667946815491	woman	363.1869201660156	262.85693359375	392.3061218261719	304.81024169921875
