"score"	"label"	"x0"	"y0"	"x1"	"y1"
0.2815868556499481	"a"	319.9975891113281	212.1609649658203	516.2774658203125	370.3707275390625
