"score"	"label"	"x0"	"y0"	"x1"	"y1"
0.30655473470687866	"man"	424.8265380859375	244.39256286621094	494.504150390625	276.8250427246094
0.35827362537384033	"man"	407.99822998046875	244.20033264160156	495.0643310546875	276.7967834472656
