"score"	"label"	"x0"	"y0"	"x1"	"y1"
0.5867908596992493	"man"	198.229248046875	41.35107421875	569.378662109375	424.8189697265625
