score	label	x0	y0	x1	y1
0.4190738499164581	woman	450.5798034667969	308.47540283203125	473.7178649902344	359.8160400390625
0.3335339426994324	man	131.60772705078125	263.40960693359375	163.686767578125	331.865966796875
0.300794780254364	woman	428.6181945800781	308.268798828125	449.4027404785156	357.686279296875
