"score"	"label"	"x0"	"y0"	"x1"	"y1"
0.33166518807411194	"m a n"	193.3218994140625	97.12467956542969	368.82733154296875	487.39154052734375
