"score"	"label"	"x0"	"y0"	"x1"	"y1"
0.33712390065193176	"man"	82.26612854003906	53.25596618652344	489.17620849609375	535.6942138671875
