"score"	"label"	"x0"	"y0"	"x1"	"y1"
0.4808990061283111	"woman"	290.6105651855469	236.6003875732422	329.8140563964844	347.8180236816406
0.2534318268299103	"woman"	279.16644287109375	231.0809631347656	342.7672119140625	352.8315734863281
