"score"	"label"	"x0"	"y0"	"x1"	"y1"
0.9070252776145935	"man"	11.646076202392578	140.70974731445312	93.52490234375	374.7452087402344
