"score"	"label"	"x0"	"y0"	"x1"	"y1"
0.31428205966949463	"woman"	86.21484375	161.7628631591797	194.46914672851562	498.83917236328125
0.35190778970718384	"woman"	126.5625228881836	148.78903198242188	313.28765869140625	489.2638854980469
0.3289174437522888	"woman"	85.64908599853516	147.84178161621094	313.92657470703125	497.85302734375
0.2767505943775177	"man"	126.64763641357422	149.33004760742188	312.9910583496094	488.9424743652344
