"score"	"label"	"x0"	"y0"	"x1"	"y1"
0.25613653659820557	"a"	316.1999816894531	271.577880859375	514.82177734375	598.1932373046875
0.2797869145870209	"m ; a ;"	192.5169219970703	259.53564453125	331.14013671875	598.0720825195312
