"score"	"label"	"x0"	"y0"	"x1"	"y1"
0.607157289981842	"man"	89.89718627929688	77.32867431640625	422.1081237792969	596.7758178710938
