"score"	"label"	"x0"	"y0"	"x1"	"y1"
0.9186210036277771	"woman"	375.114013671875	92.26982116699219	474.4276123046875	406.758544921875
