score	label	x0	y0	x1	y1
0.4736489951610565	man	280.67352294921875	200.61038208007812	375.8463134765625	306.8033447265625
