"score"	"label"	"x0"	"y0"	"x1"	"y1"
0.2599538564682007	"w ; ;"	99.97850036621094	189.18173217773438	540.4073486328125	351.2585144042969
