"score"	"label"	"x0"	"y0"	"x1"	"y1"
0.2993807792663574	"man"	166.26466369628906	156.54449462890625	262.807373046875	322.7933044433594
0.2722731530666351	"man"	167.53199768066406	155.82815551757812	262.471923828125	243.15298461914065
