"score"	"label"	"x0"	"y0"	"x1"	"y1"
0.28490132093429565	"man"	424.7843322753906	220.7867431640625	438.6345520019531	247.17721557617188
0.27201583981513977	"woman"	424.9467468261719	220.8870849609375	438.7400207519531	247.10281372070312
