"score"	"label"	"x0"	"y0"	"x1"	"y1"
0.5310198664665222	"man"	120.8416976928711	95.91839599609376	304.0152893066406	495.742431640625
