"score"	"label"	"x0"	"y0"	"x1"	"y1"
0.7299801707267761	"man"	16.49414825439453	26.195159912109375	219.93460083007812	267.11798095703125
0.6034451127052307	"man"	500.39813232421875	164.1326141357422	585.3318481445312	361.994873046875
0.5629258751869202	"man"	153.59805297851562	149.812744140625	250.8538818359375	261.3238525390625
0.4083312749862671	"man"	490.0795593261719	142.61280822753906	571.5054931640625	261.4967956542969
