"score"	"label"	"x0"	"y0"	"x1"	"y1"
0.25331753492355347	"m"	20.1343994140625	54.37770080566406	516.455322265625	389.491943359375
