"score"	"label"	"x0"	"y0"	"x1"	"y1"
0.4225650429725647	"man"	70.92472839355469	83.33393859863281	327.21295166015625	472.30999755859375
0.30759620666503906	"man"	68.92535400390625	17.0711669921875	328.3529357910156	474.7689208984375
