"score"	"label"	"x0"	"y0"	"x1"	"y1"
0.2790171802043915	"woman"	51.64793395996094	238.93016052246094	61.43492889404297	253.4729766845703
