"score"	"label"	"x0"	"y0"	"x1"	"y1"
0.37298205494880676	"man"	252.497314453125	214.85763549804688	306.1490478515625	360.6155090332031
0.3621818721294403	"man"	373.850341796875	179.80194091796875	425.2672119140625	347.745361328125
0.33151984214782715	"man"	203.72210693359375	223.28221130371094	255.21170043945312	365.92987060546875
0.292726069688797	"man"	155.77044677734375	225.3931884765625	204.51248168945312	365.63067626953125
0.40006303787231445	"woman"	49.87375259399414	197.70790100097656	125.68450927734375	350.7193603515625
0.3176018297672272	"woman"	75.71512603759766	197.8898468017578	125.35782623291016	349.81976318359375
0.25446557998657227	"woman"	49.486114501953125	197.77212524414062	125.85775756835938	350.8251037597656
