"score"	"label"	"x0"	"y0"	"x1"	"y1"
0.3306739032268524	"man"	102.325439453125	385.6877136230469	315.0011291503906	543.4132690429688
