"score"	"label"	"x0"	"y0"	"x1"	"y1"
0.4235376417636871	"man"	42.53207778930664	337.5266418457031	73.56058502197266	376.7840881347656
0.2674185037612915	"man"	34.980228424072266	335.6925354003906	94.91831970214844	377.2301940917969
