"score"	"label"	"x0"	"y0"	"x1"	"y1"
0.2578856945037842	"a"	3.436737060546875	3.974700927734375	596.5106201171875	380.9042053222656
