score	label	x0	y0	x1	y1
0.2705761790275574	man	201.9480438232422	382.4132080078125	213.6627960205078	406.606201171875
