"score"	"label"	"x0"	"y0"	"x1"	"y1"
0.2644476294517517	"woman"	211.29434204101562	157.85604858398438	401.5780334472656	317.6210021972656
