"score"	"label"	"x0"	"y0"	"x1"	"y1"
0.2595375180244446	"a"	171.0860595703125	200.02932739257812	283.13983154296875	374.1575622558594
