"score"	"label"	"x0"	"y0"	"x1"	"y1"
0.6847122311592102	"woman"	184.4269561767578	266.47772216796875	216.5652313232422	386.6845703125
