"score"	"label"	"x0"	"y0"	"x1"	"y1"
0.2774401903152466	"a ;"	130.30859375	228.97056579589844	598.8336791992188	486.68072509765625
