"score"	"label"	"x0"	"y0"	"x1"	"y1"
0.2674901485443115	"man"	23.773834228515625	12.997207641601562	575.476318359375	429.56695556640625
