score	label	x0	y0	x1	y1
0.5632304549217224	man	418.8738098144531	49.798919677734375	524.8565063476562	374.3234252929687
0.4385679364204407	woman	101.13337707519533	80.14933776855469	199.1345367431641	362.1394653320313
0.3545373678207397	woman	208.1293487548828	78.33729553222656	294.9800109863281	345.46295166015625
