"score"	"label"	"x0"	"y0"	"x1"	"y1"
0.3115004599094391	"woman"	151.6236572265625	295.05499267578125	161.10086059570312	309.49432373046875
0.2972604036331177	"woman"	186.91197204589844	286.83770751953125	196.36607360839844	301.637451171875
0.2541525959968567	"woman"	148.77481079101562	292.72210693359375	163.60986328125	311.2064208984375
0.26465272903442383	"woman"	184.3597869873047	283.9023742675781	198.2624053955078	302.9133605957031
