"score"	"label"	"x0"	"y0"	"x1"	"y1"
0.5751914978027344	"man"	403.2486267089844	244.92819213867188	487.7662048339844	438.6419982910156
