"score"	"label"	"x0"	"y0"	"x1"	"y1"
0.542945146560669	"man"	9.678024291992188	46.95367431640625	377.19659423828125	548.8365478515625
0.28788477182388306	"woman"	9.81695556640625	47.507598876953125	377.49664306640625	549.370361328125
