score	label	x0	y0	x1	y1
0.3275438249111175	man	2.57080078125	2.095672607421875	596.0970458984375	399.67529296875
0.2879288494586944	man	0.784637451171875	0.4659347534179687	98.70404815673828	125.09269714355467
0.2808282077312469	man	552.95556640625	0.4443473815917969	598.8408203125	111.085693359375
