"score"	"label"	"x0"	"y0"	"x1"	"y1"
0.31453195214271545	"woman"	540.3692016601562	228.5575714111328	551.5809936523438	253.2984161376953
0.26204660534858704	"woman"	370.54229736328125	234.90716552734375	392.5511474609375	261.82818603515625
