"score"	"label"	"x0"	"y0"	"x1"	"y1"
0.34900134801864624	"woman"	166.15232849121094	276.0894775390625	174.65489196777344	302.8939208984375
0.2796708345413208	"woman"	146.06723022460938	45.94219970703125	380.2236022949219	324.796630859375
