"score"	"label"	"x0"	"y0"	"x1"	"y1"
0.26651623845100403	"a"	144.90249633789062	45.17333984375	381.3710021972656	325.98675537109375
