"score"	"label"	"x0"	"y0"	"x1"	"y1"
0.3924719989299774	"man"	302.6036376953125	128.39288330078125	310.80340576171875	141.47015380859375
0.3029124438762665	"man"	310.6537780761719	132.23753356933594	319.2877502441406	142.2280731201172
