"score"	"label"	"x0"	"y0"	"x1"	"y1"
0.273449182510376	"w"	34.05523681640625	50.09521484375	598.5037231445312	358.4544982910156
0.27494803071022034	"w o"	33.92364501953125	50.62287902832031	598.4127807617188	358.69573974609375
