"score"	"label"	"x0"	"y0"	"x1"	"y1"
0.4421692192554474	"woman"	33.78459167480469	173.53884887695312	71.03179168701172	268.4079895019531
0.337613046169281	"woman"	380.65924072265625	199.36251831054688	400.4244384765625	260.0331726074219
0.3206736445426941	"woman"	405.7247009277344	194.3177490234375	426.4068908691406	257.1892395019531
0.31855708360671997	"woman"	69.19871520996094	201.5485076904297	106.70460510253906	294.6877746582031
