score	label	x0	y0	x1	y1
0.4131993651390075	man	245.97271728515625	56.514617919921875	350.814208984375	256.55712890625
0.3652549088001251	woman	107.56183624267578	157.50511169433594	250.94293212890625	441.0242919921875
0.3339520990848541	woman	364.5499877929687	161.35556030273438	489.0877075195313	393.5506286621094
0.2861109375953674	man	246.4655914306641	174.4781494140625	363.62884521484375	391.0349731445313
0.2553544640541076	woman	81.98374938964844	77.48031616210938	190.87071228027344	350.2065734863281
0.2548204064369201	woman	182.79876708984375	88.41836547851562	264.316650390625	352.8812255859375
