score	label	x0	y0	x1	y1
0.5888115167617798	woman	312.72674560546875	112.87351989746094	472.9417114257813	446.97662353515625
0.4243625104427337	man	414.422119140625	91.2834014892578	599.6105346679688	446.78857421875
