score	label	x0	y0	x1	y1
0.5072999000549316	man	197.8826904296875	40.90495300292969	570.9942016601562	424.6472778320313
0.3078751266002655	woman	74.44884490966797	48.2176513671875	270.95074462890625	424.1779174804687
0.2552231550216675	man	199.34852600097656	41.03861999511719	418.885986328125	424.0423583984375
