"score"	"label"	"x0"	"y0"	"x1"	"y1"
0.7460163235664368	"man"	20.897811889648438	107.73942565917969	378.3382568359375	549.7801513671875
