"score"	"label"	"x0"	"y0"	"x1"	"y1"
0.3921014070510864	"woman"	236.66505432128906	177.36509704589844	336.52471923828125	363.3475341796875
0.5142775774002075	"woman"	192.2439422607422	183.24072265625	257.64385986328125	342.712890625
0.6149427890777588	"man"	236.84474182128906	177.5063018798828	336.44219970703125	363.3104248046875
0.2941319942474365	"woman"	236.5769500732422	177.53912353515625	336.47100830078125	363.3544921875
