"score"	"label"	"x0"	"y0"	"x1"	"y1"
0.4508667290210724	"woman"	124.6754150390625	191.99159240722656	203.605224609375	349.4073486328125
0.3806805908679962	"man"	247.26025390625	185.5155334472656	305.86956787109375	341.9817810058594
0.2650372982025146	"woman"	415.1764221191406	197.9208068847656	482.8988952636719	344.4256896972656
