"score"	"label"	"x0"	"y0"	"x1"	"y1"
0.4774403572082519	"woman"	94.1446304321289	139.4962921142578	185.3833923339844	437.93017578125
0.4083433449268341	"man"	149.13980102539062	131.5170135498047	263.251708984375	449.8967895507813
0.2723919153213501	"man"	244.35633850097656	119.5272979736328	352.15283203125	443.556640625
