"score"	"label"	"x0"	"y0"	"x1"	"y1"
0.3767941892147064	"man"	146.10646057128906	116.54723358154297	468.83563232421875	305.84722900390625
0.3096603453159332	"woman"	146.91278076171875	117.50746154785156	468.13470458984375	305.57965087890625
