"score"	"label"	"x0"	"y0"	"x1"	"y1"
0.5400035381317139	"man"	73.52433013916016	94.5858154296875	325.5614318847656	504.313720703125
0.4520135819911957	"woman"	73.66361236572266	94.73927307128906	325.47967529296875	504.61865234375
0.27245137095451355	"woman"	73.7030258178711	94.68988037109375	325.5052185058594	504.850830078125
