"score"	"label"	"x0"	"y0"	"x1"	"y1"
0.2563231587409973	"a"	220.05792236328125	46.739418029785156	405.23638916015625	239.25222778320312
