score	label	x0	y0	x1	y1
0.4502917826175689	man	49.739044189453125	174.3296356201172	430.6553649902344	565.932373046875
