score	label	x0	y0	x1	y1
0.543693482875824	woman	73.36151885986328	94.61056518554688	325.67730712890625	504.6033630371094
