"score"	"label"	"x0"	"y0"	"x1"	"y1"
0.30633100867271423	"woman"	0.1279144287109375	0.512969970703125	449.7589111328125	597.2176513671875
