"score"	"label"	"x0"	"y0"	"x1"	"y1"
0.26092293858528137	"man"	424.5347900390625	119.96016693115234	460.6905517578125	183.4723663330078
0.26171332597732544	"man"	15.8887939453125	6.757080078125	591.3411254882812	383.65509033203125
