"score"	"label"	"x0"	"y0"	"x1"	"y1"
0.2793371379375458	"man"	261.4549255371094	367.2752380371094	298.4006042480469	432.0921325683594
0.2992893159389496	"man"	263.6726989746094	372.4384765625	288.9142150878906	405.4306640625
0.3056900203227997	"man"	262.02288818359375	366.5596618652344	295.46087646484375	409.8290100097656
