"score"	"label"	"x0"	"y0"	"x1"	"y1"
0.682729184627533	"man"	259.35980224609375	124.90731811523438	491.30859375	294.5441589355469
