score	label	x0	y0	x1	y1
0.3448379039764404	man	103.2070770263672	500.301513671875	128.3653106689453	559.39599609375
