score	label	x0	y0	x1	y1
0.3705849051475525	woman	334.755126953125	279.3429870605469	347.14727783203125	300.4162292480469
