"score"	"label"	"x0"	"y0"	"x1"	"y1"
0.8776165246963501	"woman"	51.67243957519531	87.2222900390625	349.603759765625	500.86798095703125
