"score"	"label"	"x0"	"y0"	"x1"	"y1"
0.33057379722595215	"man"	148.17251586914062	159.3065643310547	466.6146545410156	425.10186767578125
0.3978847861289978	"man"	147.94866943359375	100.75540161132812	468.95068359375	425.8132019042969
0.2512451410293579	"man"	175.5523681640625	100.71222686767578	466.0079345703125	146.83621215820312
