"score"	"label"	"x0"	"y0"	"x1"	"y1"
0.7883815169334412	"man"	354.6445617675781	189.0074462890625	507.4245910644531	333.419677734375
