score	label	x0	y0	x1	y1
0.4613709449768066	man	232.6867828369141	264.5125427246094	243.7541351318359	284.0865173339844
