"score"	"label"	"x0"	"y0"	"x1"	"y1"
0.43234479427337646	"woman"	250.91006469726562	74.31744384765625	378.5737609863281	338.7195129394531
0.25544071197509766	"man"	254.24945068359375	75.4691162109375	376.32421875	299.8327941894531
0.2527938783168793	"man"	255.3778076171875	75.50078582763672	375.24078369140625	299.03961181640625
0.2870860993862152	"man"	252.02197265625	75.02516174316406	377.34271240234375	338.56414794921875
