"score"	"label"	"x0"	"y0"	"x1"	"y1"
0.8925646543502808	"man"	226.22825622558594	95.75161743164062	372.0128173828125	403.3513488769531
