"score"	"label"	"x0"	"y0"	"x1"	"y1"
0.443461537361145	"woman"	278.0171813964844	218.49078369140625	299.8699035644531	269.5164794921875
0.2914713323116302	"woman"	272.8891296386719	214.81443786621097	306.4195861816406	272.4694519042969
