"score"	"label"	"x0"	"y0"	"x1"	"y1"
0.2652861177921295	"w ; o ;"	151.5382080078125	52.03544616699219	495.80670166015625	374.23223876953125
