"score"	"label"	"x0"	"y0"	"x1"	"y1"
0.31746748089790344	"man"	130.39669799804688	205.3031768798828	149.753662109375	252.90638732910156
0.3549583852291107	"man"	128.42022705078125	195.1922607421875	150.7545166015625	253.67086791992188
