score	label	x0	y0	x1	y1
0.2782671749591827	woman	135.00123596191406	56.545074462890625	523.3570556640625	290.26312255859375
