"score"	"label"	"x0"	"y0"	"x1"	"y1"
0.28532448410987854	"man"	0.18200111389160156	99.04359436035156	17.68366050720215	365.054931640625
