score	label	x0	y0	x1	y1
0.4072200953960418	woman	298.07489013671875	233.9426116943359	340.66070556640625	340.3131103515625
0.3868143260478973	man	342.43408203125	233.3751220703125	380.40130615234375	336.47637939453125
0.2934184968471527	man	297.00457763671875	230.0921173095703	381.6611328125	339.55047607421875
