"score"	"label"	"x0"	"y0"	"x1"	"y1"
0.39600634574890137	"woman"	186.8086395263672	188.85072326660156	221.6777801513672	298.4454650878906
0.4060320258140564	"woman"	60.75665283203125	212.3096923828125	122.60226440429688	384.21435546875
0.38691970705986023	"man"	61.83494567871094	213.59786987304688	121.64024353027344	383.7937927246094
