"score"	"label"	"x0"	"y0"	"x1"	"y1"
0.3198736011981964	"woman"	325.8255310058594	165.11830139160156	344.0866394042969	183.8517303466797
0.2677189707756042	"woman"	454.8314208984375	186.34661865234375	469.6497192382813	239.7681579589844
