"score"	"label"	"x0"	"y0"	"x1"	"y1"
0.4622057378292084	"man"	197.9305877685547	80.94647216796875	213.20460510253906	123.52653503417969
0.28741753101348877	"man"	182.66465759277344	89.9997329711914	197.73524475097656	115.74059295654297
