"score"	"label"	"x0"	"y0"	"x1"	"y1"
0.3784699440002441	"woman"	288.75726318359375	162.8302459716797	318.54986572265625	223.26402282714844
0.3022991120815277	"woman"	542.4500732421875	224.28695678710935	568.634033203125	273.7425842285156
