"score"	"label"	"x0"	"y0"	"x1"	"y1"
0.34257054328918457	"man"	224.56948852539062	108.553955078125	241.01260375976562	142.54879760742188
0.2596091330051422	"man"	158.570068359375	91.363525390625	175.121826171875	137.28346252441406
