"score"	"label"	"x0"	"y0"	"x1"	"y1"
0.2583608627319336	"w o"	68.23934173583984	176.7552490234375	206.86004638671875	333.7664794921875
