"score"	"label"	"x0"	"y0"	"x1"	"y1"
0.2823353111743927	"woman"	416.01385498046875	229.43223571777344	452.43487548828125	333.36114501953125
0.3061549663543701	"woman"	384.65478515625	224.90744018554688	426.400390625	332.2914123535156
0.2655665874481201	"woman"	268.3564453125	210.99473571777344	301.5626220703125	309.45477294921875
0.2523878812789917	"woman"	298.537353515625	211.01495361328125	331.5294189453125	310.19921875
