"score"	"label"	"x0"	"y0"	"x1"	"y1"
0.5840489268302917	"woman"	262.6961975097656	142.2362518310547	593.55078125	599.2064819335938
0.4792444705963135	"man"	0.4410858154296875	87.85359191894531	319.9979248046875	599.2667846679688
