score	label	x0	y0	x1	y1
0.4772008061408996	woman	76.76602172851562	97.56570434570312	342.4227600097656	490.0586853027344
