"score"	"label"	"x0"	"y0"	"x1"	"y1"
0.48922401666641235	"man woman"	141.08921813964844	178.0341339111328	163.9926300048828	223.1796417236328
0.35395580530166626	"woman"	141.75283813476562	178.68309020996094	163.35848999023438	222.71665954589844
