score	label	x0	y0	x1	y1
0.3939337730407715	man	257.2493896484375	271.7868347167969	359.54693603515625	402.5536193847656
0.2625479400157928	man	387.1532287597656	246.9944000244141	467.2289123535156	402.5926513671875
