"score"	"label"	"x0"	"y0"	"x1"	"y1"
0.366918683052063	"man"	317.5555725097656	297.4447326660156	384.4563903808594	353.4273376464844
0.2903163433074951	"man"	429.7462463378906	311.52978515625	468.7792663574219	350.89788818359375
0.28956469893455505	"man"	459.79034423828125	305.5436706542969	494.775146484375	350.2726135253906
0.2795250415802002	"man"	388.9656066894531	306.6339416503906	425.3728332519531	344.5813293457031
0.26283904910087585	"man"	378.9402770996094	294.180908203125	404.9700012207031	342.14306640625
