"score"	"label"	"x0"	"y0"	"x1"	"y1"
0.2935599684715271	"man"	314.0213623046875	263.40289306640625	454.03192138671875	400.740478515625
