"score"	"label"	"x0"	"y0"	"x1"	"y1"
0.39128756523132324	"man"	415.6527404785156	254.0686798095703	428.0467834472656	277.6636047363281
0.2681468725204468	"woman"	416.16925048828125	254.28819274902344	427.82196044921875	277.48370361328125
