"score"	"label"	"x0"	"y0"	"x1"	"y1"
0.3503530025482178	"man"	153.4017333984375	23.259368896484375	165.42666625976562	48.02483367919922
