"score"	"label"	"x0"	"y0"	"x1"	"y1"
0.260400652885437	"w"	202.42636108398438	102.70223999023438	321.7238464355469	467.7233581542969
