score	label	x0	y0	x1	y1
0.3520024716854095	man	0.0578079223632812	164.14828491210938	76.13745880126953	292.8208923339844
