"score"	"label"	"x0"	"y0"	"x1"	"y1"
0.48244795203208923	"man"	6.5658111572265625	185.0054168701172	74.29953002929688	373.3211669921875
0.40238913893699646	"woman"	152.41981506347656	184.72268676757812	214.5380096435547	373.6872863769531
0.34586718678474426	"man"	427.29119873046875	189.6600341796875	490.322021484375	373.5498046875
0.2650424540042877	"man"	5.732879638671875	104.3746337890625	490.08038330078125	372.80645751953125
0.3797810673713684	"woman"	107.93013763427734	185.88265991210938	165.26109313964844	373.5987243652344
0.3307305574417114	"man"	208.94749450683594	165.44580078125	266.90478515625	369.09210205078125
0.3265126347541809	"woman"	260.2803649902344	162.99249267578125	311.6239318847656	370.86419677734375
