"score"	"label"	"x0"	"y0"	"x1"	"y1"
0.34104081988334656	"man"	329.6642150878906	118.17848205566406	416.6318054199219	367.97808837890625
0.3276956081390381	"man"	12.778785705566406	76.19230651855469	102.73782348632812	367.38555908203125
0.35067740082740784	"man"	400.2159729003906	138.83326721191406	503.7724304199219	376.97528076171875
0.307346910238266	"man"	95.96466064453125	79.39573669433594	203.20394897460938	372.55255126953125
0.288376122713089	"man"	187.51324462890625	112.41575622558594	284.5391845703125	372.67242431640625
0.2518537938594818	"man"	270.4783630371094	132.34213256835938	336.8287048339844	327.6863708496094
