"score"	"label"	"x0"	"y0"	"x1"	"y1"
0.31641876697540283	"woman"	382.98162841796875	188.2215118408203	401.22967529296875	241.4070587158203
0.36047178506851196	"woman"	302.55853271484375	185.14622497558594	318.65594482421875	236.28880310058594
0.2581566274166107	"woman"	329.88641357421875	192.4322052001953	347.86614990234375	237.75376892089844
