"score"	"label"	"x0"	"y0"	"x1"	"y1"
0.3764057755470276	"woman"	112.0213394165039	83.84225463867188	174.56944274902344	162.16571044921875
