"score"	"label"	"x0"	"y0"	"x1"	"y1"
0.3965151607990265	"woman"	14.568504333496094	143.69602966308594	166.68341064453125	594.7672119140625
0.3666054308414459	"woman"	90.7454833984375	206.3896484375	303.9086608886719	595.41845703125
0.45003801584243774	"man"	241.99343872070312	86.89578247070312	411.4125671386719	596.199951171875
0.2698279023170471	"man"	149.4755859375	80.87737274169922	286.6996765136719	310.96783447265625
0.2678559124469757	"man"	149.33856201171875	80.45797729492188	411.354736328125	593.977783203125
