"score"	"label"	"x0"	"y0"	"x1"	"y1"
0.37082934379577637	"woman"	568.713134765625	325.47027587890625	598.7769775390625	357.47723388671875
0.2837877571582794	"man"	569.4764404296875	326.1465148925781	598.870849609375	357.1558532714844
