"score"	"label"	"x0"	"y0"	"x1"	"y1"
0.29157695174217224	"man"	20.3798828125	54.70167541503906	518.5347900390625	387.98284912109375
