"score"	"label"	"x0"	"y0"	"x1"	"y1"
0.6418288350105286	"man"	41.696922302246094	110.7185516357422	239.94796752929688	536.9099731445312
0.5568121075630188	"woman"	151.12002563476562	48.852874755859375	337.2394714355469	545.2896728515625
