"score"	"label"	"x0"	"y0"	"x1"	"y1"
0.6467351913452148	"man"	487.8314208984375	268.34637451171875	511.676025390625	341.36322021484375
