"score"	"label"	"x0"	"y0"	"x1"	"y1"
0.2836235761642456	"woman"	589.4851684570312	193.5635223388672	594.0254516601562	204.6549530029297
