"score"	"label"	"x0"	"y0"	"x1"	"y1"
0.33051520586013794	"m ; a ; n"	56.00868225097656	130.19847106933594	494.71746826171875	354.96832275390625
