"score"	"label"	"x0"	"y0"	"x1"	"y1"
0.8841610550880432	"man"	154.2533416748047	14.714096069335938	295.91082763671875	374.033447265625
0.4366585314273834	"man"	221.86170959472656	103.81547546386719	381.31951904296875	374.18511962890625
