"score"	"label"	"x0"	"y0"	"x1"	"y1"
0.26564162969589233	"man"	232.33413696289062	176.20761108398438	305.0679626464844	220.36114501953125
0.28141459822654724	"man"	531.2982788085938	-0.03714275360107422	599.9174194335938	20.940032958984375
