"score"	"label"	"x0"	"y0"	"x1"	"y1"
0.3671113848686218	"m ; a ; n"	109.05534362792969	68.135986328125	268.1495361328125	515.159423828125
