"score"	"label"	"x0"	"y0"	"x1"	"y1"
0.2600556015968323	"man"	93.3915786743164	20.45720100402832	103.0771255493164	34.946327209472656
0.3152751922607422	"man"	32.37596893310547	11.233304023742676	49.8123779296875	31.098247528076172
0.2604723870754242	"woman"	32.30748748779297	11.251559257507324	49.867919921875	31.088565826416016
