"score"	"label"	"x0"	"y0"	"x1"	"y1"
0.2612667381763458	"woman"	398.22564697265625	253.34213256835938	404.49005126953125	269.5218811035156
