"score"	"label"	"x0"	"y0"	"x1"	"y1"
0.672101616859436	"man"	213.61618041992188	183.36068725585938	242.6412353515625	239.00823974609375
0.5311082601547241	"man"	282.5028381347656	175.44369506835938	302.6249084472656	218.83917236328125
0.5308067798614502	"man"	367.0400695800781	181.58987426757812	388.8763122558594	237.86007690429688
0.49131879210472107	"man"	306.0708923339844	190.27337646484375	340.0364685058594	262.6148376464844
0.4884706437587738	"man"	346.9955139160156	163.2161407470703	366.9323425292969	211.7351531982422
0.44923633337020874	"man"	299.78887939453125	168.25917053222656	316.1104736328125	210.67906188964844
0.2542625069618225	"man"	300.1748352050781	168.2845916748047	315.9362487792969	195.17576599121094
0.283908873796463	"man"	344.9790344238281	159.8001708984375	355.7915344238281	193.25302124023438
