"score"	"label"	"x0"	"y0"	"x1"	"y1"
0.8609081506729126	"man"	107.35639953613281	33.63519287109375	285.50433349609375	539.1694946289062
