"score"	"label"	"x0"	"y0"	"x1"	"y1"
0.2546887993812561	"m a"	203.17172241210938	170.4081268310547	235.14129638671875	210.0172882080078
