"score"	"label"	"x0"	"y0"	"x1"	"y1"
0.772365391254425	"woman"	78.44886779785156	98.89064025878906	341.81451416015625	489.5137939453125
