"score"	"label"	"x0"	"y0"	"x1"	"y1"
0.3022991120815277	"woman"	542.4500732421875	224.28695678710938	568.634033203125	273.7425842285156
0.37846994400024414	"woman"	288.75726318359375	162.8302459716797	318.54986572265625	223.26402282714844
0.3187803626060486	"man"	289.4436340332031	163.1326904296875	318.0925598144531	223.00338745117188
