"score"	"label"	"x0"	"y0"	"x1"	"y1"
0.4714485704898834	"man"	2.8687591552734375	127.00916290283203	86.255859375	295.7111511230469
0.38421404361724854	"man"	421.4353942871094	143.16546630859375	460.5390930175781	261.6565856933594
0.3556506037712097	"man"	63.889896392822266	133.58224487304688	109.75453186035156	288.11749267578125
0.27258914709091187	"man"	302.7454528808594	148.73757934570312	332.5079040527344	249.82171630859375
0.31104937195777893	"man"	105.91677856445312	137.6859588623047	160.30154418945312	280.44970703125
0.26534655690193176	"woman"	421.2506103515625	143.11834716796875	460.642333984375	261.7781066894531
0.2742500603199005	"woman"	2.759204864501953	127.06696319580078	86.50837707519531	295.7274169921875
