score	label	x0	y0	x1	y1
0.420596718788147	woman	111.07308959960938	208.81024169921875	173.04257202148438	377.63470458984375
0.3573181331157684	man	282.9742431640625	268.46734619140625	368.67242431640625	379.5438232421875
0.3361527919769287	man	210.8324279785156	270.6506652832031	296.213623046875	386.9687194824219
0.3137391805648803	man	111.68276977539062	138.79879760742188	515.9036865234375	388.7456970214844
0.2514515817165375	man	365.2096862792969	274.7540283203125	452.3652648925781	388.2152099609375
