"score"	"label"	"x0"	"y0"	"x1"	"y1"
0.3423379361629486	"woman"	216.95140075683594	229.71475219726562	332.09564208984375	338.2850646972656
0.2844705581665039	"woman"	5.189330101013184	124.24468231201172	21.893844604492188	157.46685791015625
