"score"	"label"	"x0"	"y0"	"x1"	"y1"
0.5775466561317444	"man"	430.72735595703125	162.27932739257812	466.75048828125	270.17645263671875
0.3954789936542511	"man"	274.07318115234375	192.32577514648438	307.7757568359375	277.3489074707031
0.32627108693122864	"man"	339.56756591796875	183.11781311035156	385.1824951171875	276.70159912109375
0.26070788502693176	"man"	379.2395935058594	204.25527954101562	405.3453674316406	272.2827453613281
