"score"	"label"	"x0"	"y0"	"x1"	"y1"
0.5991960167884827	"man"	16.71940040588379	255.64645385742188	52.30249786376953	341.6751403808594
0.3051795959472656	"woman"	103.8136978149414	243.82493591308594	116.94774627685547	269.6067810058594
0.3070729076862335	"woman"	17.269763946533203	256.5808410644531	51.54733657836914	341.3728942871094
