"score"	"label"	"x0"	"y0"	"x1"	"y1"
0.610847532749176	"woman"	145.20318603515625	218.74111938476562	282.19146728515625	443.8402404785156
0.3376765847206116	"woman"	145.9088592529297	134.381103515625	224.28773498535156	285.3572998046875
0.25494253635406494	"woman"	145.65736389160156	134.0224151611328	227.1914825439453	328.12030029296875
