"score"	"label"	"x0"	"y0"	"x1"	"y1"
0.8488731980323792	"man"	4.8260345458984375	78.13787841796875	401.26641845703125	596.0814819335938
