"score"	"label"	"x0"	"y0"	"x1"	"y1"
0.4959365427494049	"man"	180.15121459960938	164.761962890625	288.0811767578125	387.91204833984375
0.39821958541870117	"man"	269.42822265625	175.5806884765625	349.97412109375	369.7694091796875
0.3025287687778473	"man"	363.77178955078125	191.92820739746094	419.46923828125	335.7105712890625
0.2552834749221802	"man"	399.88037109375	191.85365295410156	443.1634521484375	319.3827819824219
0.2821413278579712	"man"	66.84791564941406	222.22964477539062	130.1956329345703	379.5776672363281
0.25960928201675415	"man"	19.637535095214844	223.4720916748047	66.62296295166016	389.97943115234375
