"score"	"label"	"x0"	"y0"	"x1"	"y1"
0.2507648766040802	"woman"	505.5102233886719	270.6394348144531	509.8670349121094	277.7056579589844
