"score"	"label"	"x0"	"y0"	"x1"	"y1"
0.41092047095298767	"woman"	1.0164108276367188	155.36630249023438	91.3564682006836	308.97113037109375
