"score"	"label"	"x0"	"y0"	"x1"	"y1"
0.2832520604133606	"woman"	0.12912940979003906	98.69200134277344	17.992774963378906	364.864501953125
