"score"	"label"	"x0"	"y0"	"x1"	"y1"
0.36274686455726624	"m ; a ; n"	20.099082946777344	15.0523681640625	191.25149536132812	593.0784301757812
