"score"	"label"	"x0"	"y0"	"x1"	"y1"
0.28481507301330566	"woman"	536.9029541015625	-0.037522315979003906	599.5982666015625	19.698081970214844
