"score"	"label"	"x0"	"y0"	"x1"	"y1"
0.8257390856742859	"woman"	196.80123901367188	275.917724609375	382.6155090332031	595.6007690429688
0.28190088272094727	"woman"	149.92666625976562	314.8095703125	259.2082214355469	560.6738891601562
