"score"	"label"	"x0"	"y0"	"x1"	"y1"
0.3181222975254059	"woman"	-0.010833740234375	-0.1218109130859375	599.94140625	440.79974365234375
0.31318026781082153	"woman"	104.14306640625	126.3703842163086	402.7372741699219	323.0863952636719
0.3424699306488037	"woman"	103.44671630859375	126.14897155761719	487.0914306640625	324.4268798828125
