score	label	x0	y0	x1	y1
0.3899750411510467	man	486.8704223632813	206.00796508789065	599.8032836914062	436.6692199707031
0.3708909451961517	woman	393.1878967285156	214.9744873046875	506.7757263183594	436.67236328125
0.2673591375350952	woman	168.71202087402344	227.01419067382812	265.6881103515625	436.6255798339844
