"score"	"label"	"x0"	"y0"	"x1"	"y1"
0.36343997716903687	"m ; a ; n"	287.6644287109375	14.776412963867188	598.2568969726562	400.31121826171875
