"score"	"label"	"x0"	"y0"	"x1"	"y1"
0.3241545259952545	"m ; a ; n"	107.87411499023438	28.380706787109375	234.36370849609375	549.373291015625
