"score"	"label"	"x0"	"y0"	"x1"	"y1"
0.2770363688468933	"man"	163.78439331054688	80.4248046875	459.9657897949219	250.16314697265625
