"score"	"label"	"x0"	"y0"	"x1"	"y1"
0.375081330537796	"m ; a ; n"	40.074981689453125	44.36088562011719	390.9134216308594	549.2559204101562
