"score"	"label"	"x0"	"y0"	"x1"	"y1"
0.4973447918891907	"woman"	7.7873382568359375	67.68618774414062	378.91839599609375	595.45947265625
0.33043810725212097	"man"	7.5264129638671875	68.2520751953125	378.13177490234375	595.9434814453125
