score	label	x0	y0	x1	y1
0.2834782302379608	man	82.77883911132812	52.253570556640625	489.3324279785156	534.9371337890625
