"score"	"label"	"x0"	"y0"	"x1"	"y1"
0.6382138729095459	"woman"	367.23956298828125	223.21803283691406	403.3519287109375	321.52801513671875
0.2704640328884125	"man"	367.49853515625	223.44305419921875	403.1778564453125	321.4854736328125
0.33671459555625916	"woman"	367.43670654296875	223.39036560058594	403.17803955078125	321.5623779296875
