score	label	x0	y0	x1	y1
0.4346396625041961	woman	65.16801452636719	182.42034912109375	228.6437225341797	395.6676025390625
0.3331842124462127	man	420.3276672363281	201.52554321289065	573.1311645507812	387.8767395019531
