"score"	"label"	"x0"	"y0"	"x1"	"y1"
0.3229834139347076	"woman"	337.16473388671875	200.1620635986328	358.0302734375	233.9258575439453
0.2968325912952423	"woman"	324.36053466796875	198.90524291992188	359.42938232421875	234.54840087890625
