"score"	"label"	"x0"	"y0"	"x1"	"y1"
0.4492257535457611	"man"	108.88184356689453	200.18838500976562	140.0811767578125	229.38311767578125
0.29486092925071716	"woman"	110.1845703125	200.85154724121094	138.0381317138672	229.2035369873047
