"score"	"label"	"x0"	"y0"	"x1"	"y1"
0.3030144274234772	"m ; a ;"	198.5869598388672	41.0836181640625	571.2744750976562	425.21282958984375
