"score"	"label"	"x0"	"y0"	"x1"	"y1"
0.5190017819404602	"man"	128.8205108642578	138.81304931640625	319.1793212890625	559.3251342773438
0.4553065598011017	"man"	196.74990844726562	276.88482666015625	382.5351867675781	595.6700439453125
0.28093793988227844	"man"	128.993896484375	138.66127014160156	317.9693603515625	449.3096923828125
