"score"	"label"	"x0"	"y0"	"x1"	"y1"
0.2658456265926361	"man"	2.169647216796875	6.18621826171875	595.7032470703125	452.2388916015625
