"score"	"label"	"x0"	"y0"	"x1"	"y1"
0.5779035091400146	"man"	255.0525360107422	199.13861083984375	311.6490783691406	366.07672119140625
0.6069873571395874	"man"	105.03660583496094	198.31283569335938	170.34803771972656	365.8478088378906
0.5285314917564392	"man"	210.15878295898438	202.48902893066406	265.0170593261719	363.11614990234375
0.5199544429779053	"man"	158.1905059814453	198.75711059570312	216.8018035888672	366.0382995605469
