"score"	"label"	"x0"	"y0"	"x1"	"y1"
0.26632630825042725	"a"	57.60954284667969	227.56216430664062	91.8179931640625	261.48876953125
