"score"	"label"	"x0"	"y0"	"x1"	"y1"
0.3918406367301941	"man"	179.85595703125	236.1787109375	188.6217041015625	262.21295166015625
0.2916891872882843	"man"	271.1430969238281	249.0963592529297	284.2223205566406	263.15252685546875
