"score"	"label"	"x0"	"y0"	"x1"	"y1"
0.6263530254364014	"woman"	210.80648803710938	117.44155883789062	386.8349914550781	517.744873046875
