score	label	x0	y0	x1	y1
0.4378134906291961	woman	584.730224609375	317.4082946777344	599.464599609375	368.7857360839844
0.3635306060314178	woman	577.4912719726562	298.5219421386719	599.3034057617188	366.3772888183594
