"score"	"label"	"x0"	"y0"	"x1"	"y1"
0.8390980958938599	"woman"	163.76597595214844	85.6009521484375	299.26025390625	516.6611938476562
