"score"	"label"	"x0"	"y0"	"x1"	"y1"
0.3930224478244781	"woman"	140.98980712890625	385.6289367675781	165.225830078125	435.5663146972656
0.292957067489624	"woman"	140.48512268066406	374.7996520996094	179.75254821777344	435.4619445800781
0.276197075843811	"man"	157.89105224609375	377.5815124511719	179.39395141601562	435.5612487792969
