"score"	"label"	"x0"	"y0"	"x1"	"y1"
0.8787320256233215	"man"	307.772216796875	251.8344268798828	332.70819091796875	309.03985595703125
