"score"	"label"	"x0"	"y0"	"x1"	"y1"
0.49634960293769836	"man"	129.5545196533203	322.18084716796875	155.2919158935547	386.0457763671875
0.31894156336784363	"man"	356.8929748535156	330.112060546875	374.3496398925781	382.121337890625
0.27907079458236694	"man"	303.3946228027344	367.250732421875	324.2111511230469	395.2017822265625
