"score"	"label"	"x0"	"y0"	"x1"	"y1"
0.3671114444732666	"m ; a ; n"	148.69969177246094	110.79324340820312	585.21044921875	598.2037353515625
