"score"	"label"	"x0"	"y0"	"x1"	"y1"
0.6663422584533691	"man"	97.31035614013672	154.0957794189453	275.13311767578125	475.93670654296875
0.5731328725814819	"woman"	97.37155151367188	154.04730224609375	275.09625244140625	476.00677490234375
0.44300350546836853	"woman"	97.38198852539062	154.092529296875	275.0834655761719	476.21807861328125
