"score"	"label"	"x0"	"y0"	"x1"	"y1"
0.36468419432640076	"man"	201.04330444335938	209.3550567626953	217.48428344726562	250.00257873535156
0.2801703214645386	"woman"	4.318775177001953	219.5736846923828	22.961191177368164	262.8522033691406
0.26934921741485596	"woman"	198.54371643066406	207.3062286376953	220.60508728027344	251.7812957763672
