"score"	"label"	"x0"	"y0"	"x1"	"y1"
0.7525809407234192	"man"	33.35810852050781	31.396102905273438	244.1781768798828	512.8345947265625
0.6307172775268555	"woman"	159.88735961914062	159.2196502685547	343.79522705078125	533.7122802734375
0.3393050730228424	"woman"	159.9636993408203	159.3412628173828	343.86273193359375	533.4143676757812
