score	label	x0	y0	x1	y1
0.427419513463974	woman	225.88482666015625	181.12173461914065	310.75	444.7861633300781
0.3100766837596893	woman man	293.5457763671875	158.07476806640625	384.2825317382813	427.8140869140625
0.2663718461990356	woman	224.8731384277344	155.8380126953125	386.2976989746094	443.0875854492187
