"score"	"label"	"x0"	"y0"	"x1"	"y1"
0.2630051076412201	"w"	522.215087890625	3.545363426208496	571.33251953125	28.57626724243164
0.2773294150829315	"o"	522.3152465820312	3.549496650695801	571.1954956054688	28.610641479492188
