"score"	"label"	"x0"	"y0"	"x1"	"y1"
0.8725660443305969	"man"	318.8213195800781	45.51365661621094	453.7461242675781	358.64642333984375
0.8189764022827148	"man"	134.57058715820312	48.3743896484375	276.1760559082031	356.3912658691406
