"score"	"label"	"x0"	"y0"	"x1"	"y1"
0.3926277458667755	"man"	179.5145263671875	248.77740478515625	214.57345581054688	322.855224609375
0.3279170989990234	"woman"	241.2212829589844	263.0187683105469	262.0160827636719	313.7147521972656
0.3275176882743835	"man"	137.8572998046875	257.5283203125	168.95477294921875	328.58966064453125
0.306166261434555	"woman"	80.64153289794922	256.74200439453125	103.79883575439452	309.12176513671875
