"score"	"label"	"x0"	"y0"	"x1"	"y1"
0.751380443572998	"woman"	211.64169311523438	118.88711547851562	385.5970764160156	516.3458251953125
