"score"	"label"	"x0"	"y0"	"x1"	"y1"
0.2535519599914551	"w"	4.1980133056640625	54.39488220214844	385.86895751953125	549.3463134765625
