"score"	"label"	"x0"	"y0"	"x1"	"y1"
0.5447819232940674	"woman"	416.6191711425781	224.52293395996094	515.770751953125	403.59869384765625
0.3093344271183014	"woman"	234.12399291992188	208.65338134765625	297.8045349121094	367.92877197265625
0.25700050592422485	"woman"	119.71151733398438	260.4797058105469	218.18585205078125	403.5987243652344
0.25405511260032654	"woman"	31.935007095336914	214.66282653808594	74.78093719482422	316.0078125
