"score"	"label"	"x0"	"y0"	"x1"	"y1"
0.2626110315322876	"a"	17.08856964111328	124.44811248779297	214.11825561523438	316.33319091796875
0.25376462936401367	"m a"	481.72686767578125	50.95075225830078	517.9493408203125	86.1404037475586
