"score"	"label"	"x0"	"y0"	"x1"	"y1"
0.9047337174415588	"man"	201.55136108398438	147.90011596679688	349.2998352050781	441.8060607910156
