"score"	"label"	"x0"	"y0"	"x1"	"y1"
0.9019936919212341	"man"	120.68513488769531	315.161865234375	193.38023376464844	501.53277587890625
