"score"	"label"	"x0"	"y0"	"x1"	"y1"
0.6794598698616028	"man"	254.7667236328125	299.69287109375	308.17333984375	375.4759521484375
0.30093052983283997	"woman"	255.69374084472656	300.44635009765625	307.7932434082031	374.15386962890625
