"score"	"label"	"x0"	"y0"	"x1"	"y1"
0.4700444042682647	"man"	11.10467529296875	180.88037109375	597.2741088867188	343.8076171875
0.2867463827133178	"man"	10.264135360717772	222.3426971435547	53.644752502441406	334.22113037109375
0.2636198699474334	"man"	205.25128173828125	235.95477294921875	240.89456176757812	335.418212890625
