score	label	x0	y0	x1	y1
0.7941840291023254	man	5.512519836425781	109.34074401855467	260.05084228515625	542.485595703125
0.5930202007293701	woman	240.21725463867188	229.7193603515625	422.6288146972656	556.9171752929688
0.2885879874229431	woman	160.3843231201172	134.26226806640625	298.8955078125	473.0914306640625
