"score"	"label"	"x0"	"y0"	"x1"	"y1"
0.2766006290912628	"w"	43.555084228515625	65.68061828613281	351.53729248046875	548.8010864257812
