"score"	"label"	"x0"	"y0"	"x1"	"y1"
0.3028065264225006	"; a ;"	1.544464111328125	58.272216796875	369.8687744140625	348.53350830078125
