"score"	"label"	"x0"	"y0"	"x1"	"y1"
0.9188035130500793	"man"	177.39085388183594	70.13603210449219	329.0947265625	527.6162109375
