"score"	"label"	"x0"	"y0"	"x1"	"y1"
0.49946585297584534	"man"	184.48471069335938	154.95782470703125	293.90325927734375	355.2391052246094
0.41960200667381287	"woman"	355.1330871582031	159.3979034423828	488.7662048339844	385.42608642578125
0.26037949323654175	"man"	183.9165802001953	147.11447143554688	489.36944580078125	385.1007385253906
