"score"	"label"	"x0"	"y0"	"x1"	"y1"
0.843819260597229	"woman"	97.19562530517578	64.109130859375	283.63800048828125	410.3725891113281
