"score"	"label"	"x0"	"y0"	"x1"	"y1"
0.33042749762535095	"woman"	316.8138732910156	165.0782012939453	408.5115661621094	396.657470703125
0.32355251908302307	"woman"	94.91233825683594	182.75753784179688	172.17176818847656	396.6896667480469
0.30379414558410645	"woman"	511.60601806640625	137.32025146484375	600.0864868164062	396.50390625
0.2600691020488739	"woman"	149.896484375	195.80093383789062	237.3175048828125	396.6723937988281
0.29190823435783386	"man"	526.5900268554688	137.08865356445312	600.1325073242188	396.6364440917969
0.28127142786979675	"man"	260.8516540527344	156.11526489257812	345.0696105957031	396.5552062988281
