"score"	"label"	"x0"	"y0"	"x1"	"y1"
0.3145219087600708	"man"	512.5513305664062	231.57113647460938	526.9645385742188	264.02191162109375
0.3347645401954651	"man"	430.8812561035156	231.69969177246094	443.3480529785156	260.2391052246094
0.2982187271118164	"man"	488.02362060546875	232.82171630859375	502.579833984375	262.61956787109375
0.25637245178222656	"man"	241.28549194335938	230.93617248535156	248.20513916015625	251.4816436767578
0.27440568804740906	"man"	375.8890380859375	233.01922607421875	384.90802001953125	259.9960632324219
