"score"	"label"	"x0"	"y0"	"x1"	"y1"
0.251526802778244	"m"	0.3174896240234375	0.11383056640625	446.541259765625	598.0989379882812
