"score"	"label"	"x0"	"y0"	"x1"	"y1"
0.39963480830192566	"woman"	93.29165649414062	45.940643310546875	497.0004577636719	361.4623718261719
