"score"	"label"	"x0"	"y0"	"x1"	"y1"
0.36626601219177246	"w o"	188.79168701171875	171.61231994628906	304.6792907714844	503.62127685546875
0.30103346705436707	"w o"	188.71031188964844	171.69383239746094	304.5567626953125	503.51904296875
0.25402769446372986	"w"	188.73690795898438	171.75927734375	304.5218200683594	503.43707275390625
