"score"	"label"	"x0"	"y0"	"x1"	"y1"
0.35383543372154236	"woman"	416.026123046875	352.173095703125	433.94207763671875	376.6312255859375
0.31442391872406006	"woman"	376.7452697753906	354.71441650390625	390.4158020019531	374.75830078125
0.27772393822669983	"woman"	392.49932861328125	360.7828674316406	408.3603515625	377.1100769042969
0.29651349782943726	"woman"	222.10130310058594	47.33079528808594	488.87322998046875	393.4852294921875
0.2626117169857025	"woman"	322.50927734375	350.3095703125	337.9105224609375	371.6580810546875
