"score"	"label"	"x0"	"y0"	"x1"	"y1"
0.3159473240375519	"m ; a ; n"	29.525054931640625	141.8824920654297	564.4283447265625	329.7723388671875
