score	label	x0	y0	x1	y1
0.4687071740627289	man	272.2429504394531	228.49807739257812	418.0830993652344	326.3949279785156
0.4083291888236999	man	1.606903076171875	109.38543701171876	586.50341796875	331.9633483886719
0.3921233117580414	man	496.5947265625	196.1575164794922	585.836181640625	322.2574462890625
0.3303064405918121	man	4.234992980957031	224.60958862304688	101.63372802734376	334.5613708496094
0.2979926168918609	woman	189.941162109375	114.89582824707033	255.11264038085935	222.62342834472656
0.2507569193840027	man	416.09417724609375	196.4056396484375	482.3074951171875	310.3124084472656
