"score"	"label"	"x0"	"y0"	"x1"	"y1"
0.36844944953918457	"man"	0.1969127655029297	211.04119873046875	22.827314376831055	346.611328125
0.2717624604701996	"man"	571.638671875	131.33367919921875	599.5340576171875	168.3076171875
