"score"	"label"	"x0"	"y0"	"x1"	"y1"
0.7428901791572571	"man"	540.9791870117188	117.96685791015625	599.1939086914062	301.88848876953125
0.3077145516872406	"woman"	541.141357421875	118.37602233886719	599.1280517578125	301.7420654296875
