"score"	"label"	"x0"	"y0"	"x1"	"y1"
0.3103484809398651	"man"	313.561767578125	262.54266357421875	454.82373046875	400.54937744140625
