"score"	"label"	"x0"	"y0"	"x1"	"y1"
0.43118271231651306	"woman"	112.97721862792969	290.03369140625	149.1550750732422	342.24664306640625
0.2727224826812744	"woman"	122.4571762084961	302.3380126953125	148.51910400390625	342.0257568359375
