"score"	"label"	"x0"	"y0"	"x1"	"y1"
0.34526997804641724	"man"	526.0504150390625	345.57330322265625	545.6943359375	372.2421875
0.2599458396434784	"woman"	526.6959838867188	345.8812561035156	545.2714233398438	371.7599182128906
