"score"	"label"	"x0"	"y0"	"x1"	"y1"
0.29549384117126465	"man"	467.1280822753906	343.4075622558594	492.4039611816406	369.1698913574219
