"score"	"label"	"x0"	"y0"	"x1"	"y1"
0.4010180830955505	"woman"	240.66372680664065	177.8553466796875	333.8944396972656	393.38958740234375
0.3389217555522918	"man"	497.26806640625	129.15896606445312	561.648193359375	380.7227783203125
