"score"	"label"	"x0"	"y0"	"x1"	"y1"
0.3862307369709015	"woman"	143.85682678222656	250.004638671875	159.27577209472656	271.181640625
0.35229572653770447	"woman"	131.25189208984375	248.9844970703125	143.28973388671875	272.0816650390625
0.42957961559295654	"woman"	33.37701416015625	246.39654541015625	45.90354919433594	272.720947265625
0.25824469327926636	"woman"	203.2808074951172	261.59576416015625	211.4246063232422	280.36773681640625
