"score"	"label"	"x0"	"y0"	"x1"	"y1"
0.5425993204116821	"woman"	493.3243103027344	106.11260986328125	542.9830932617188	225.48776245117188
0.2696990370750427	"woman"	479.1852111816406	122.08290100097656	503.8671569824219	220.16932678222656
0.2572419047355652	"woman"	456.09088134765625	125.30540466308594	486.8299560546875	215.96372985839844
0.2504427433013916	"woman"	440.45684814453125	132.6543426513672	460.211181640625	206.0103302001953
