"score"	"label"	"x0"	"y0"	"x1"	"y1"
0.2877349555492401	"man"	12.215030670166016	219.2937469482422	22.117355346679688	235.6369476318359
