"score"	"label"	"x0"	"y0"	"x1"	"y1"
0.251989483833313	"w"	1.1871795654296875	0.622894287109375	448.81219482421875	596.1800537109375
