score	label	x0	y0	x1	y1
0.5506733655929565	man	180.76271057128903	376.35162353515625	209.5316925048828	420.2692260742187
