"score"	"label"	"x0"	"y0"	"x1"	"y1"
0.5070198774337769	"man"	2.1594085693359375	92.87673950195312	425.1302490234375	598.5372314453125
0.3117450773715973	"woman"	2.0749969482421875	93.37211608886719	425.35693359375	599.27587890625
