"score"	"label"	"x0"	"y0"	"x1"	"y1"
0.2524987459182739	"w"	0.973388671875	100.2928466796875	523.6657104492188	599.5577392578125
