"score"	"label"	"x0"	"y0"	"x1"	"y1"
0.2736767828464508	"m"	66.27782440185547	0.15943527221679688	275.9185791015625	103.00103759765625
