"score"	"label"	"x0"	"y0"	"x1"	"y1"
0.37678858637809753	"woman"	223.84866333007812	127.74638366699219	280.28643798828125	210.60316467285156
0.39739733934402466	"man"	225.05535888671875	128.17372131347656	279.89971923828125	210.1286163330078
0.30563345551490784	"woman"	221.23239135742188	127.71151733398438	280.7939147949219	238.25784301757812
0.26370441913604736	"man"	223.67713928222656	128.19577026367188	280.2633972167969	239.35150146484375
