"score"	"label"	"x0"	"y0"	"x1"	"y1"
0.45894646644592285	"man"	328.5929260253906	201.20217895507812	347.4049377441406	218.88162231445312
0.25866469740867615	"woman"	330.0515441894531	201.8155517578125	346.6607971191406	217.75732421875
