"score"	"label"	"x0"	"y0"	"x1"	"y1"
0.3411893844604492	"woman"	8.929046630859375	93.30207824707031	597.2515869140625	239.6980743408203
