"score"	"label"	"x0"	"y0"	"x1"	"y1"
0.483002245426178	"man"	442.49627685546875	405.887451171875	459.14794921875	440.57781982421875
0.33075058460235596	"woman"	443.19744873046875	406.294189453125	458.56341552734375	440.41485595703125
