score	label	x0	y0	x1	y1
0.5786005258560181	woman	133.74310302734375	44.989715576171875	290.9969482421875	561.2335205078125
