"score"	"label"	"x0"	"y0"	"x1"	"y1"
0.5771757960319519	"woman"	107.33193969726562	50.470794677734375	431.0332336425781	591.8970947265625
0.3237459361553192	"man"	108.22018432617188	50.949615478515625	430.9802551269531	592.5267333984375
