"score"	"label"	"x0"	"y0"	"x1"	"y1"
0.2675403654575348	"man"	173.06324768066406	408.291259765625	382.9578857421875	597.4088134765625
