"score"	"label"	"x0"	"y0"	"x1"	"y1"
0.567263126373291	"woman"	22.335983276367188	60.53729248046875	389.52154541015625	549.2057495117188
0.32561448216438293	"man"	22.674453735351562	61.1363525390625	389.57183837890625	549.7139282226562
