"score"	"label"	"x0"	"y0"	"x1"	"y1"
0.25112974643707275	"m"	127.70667266845703	138.3607940673828	322.5926208496094	560.2423095703125
