"score"	"label"	"x0"	"y0"	"x1"	"y1"
0.46452388167381287	"woman"	282.3062744140625	276.28521728515625	416.40997314453125	393.99365234375
0.3329751193523407	"man"	97.93003845214844	295.40655517578125	214.1253204345703	393.9830322265625
0.2589070796966553	"man"	442.97882080078125	258.7814636230469	518.8583984375	393.5598449707031
0.27294856309890747	"man"	282.52001953125	276.79248046875	416.294677734375	394.04852294921875
