score	label	x0	y0	x1	y1
0.3140679895877838	man	328.00506591796875	176.72096252441406	450.23638916015625	317.20263671875
0.2565345466136932	man	315.663818359375	176.16519165039062	450.5582275390625	394.8857727050781
