score	label	x0	y0	x1	y1
0.340096116065979	woman	242.71156311035156	183.80438232421875	367.41070556640625	299.693603515625
