"score"	"label"	"x0"	"y0"	"x1"	"y1"
0.7212149500846863	"woman"	147.12025451660156	63.00971984863281	423.70062255859375	572.3751831054688
