"score"	"label"	"x0"	"y0"	"x1"	"y1"
0.7103512287139893	"woman"	38.622314453125	121.50486755371094	358.03375244140625	549.7263793945312
