"score"	"label"	"x0"	"y0"	"x1"	"y1"
0.9309061765670776	"woman"	0.021942138671875	-0.036773681640625	387.0102233886719	549.962646484375
