"score"	"label"	"x0"	"y0"	"x1"	"y1"
0.48361936211586	"man"	513.1177978515625	218.0945281982422	528.9244384765625	236.64247131347656
0.548859715461731	"man"	485.6490478515625	225.23040771484375	503.1787109375	256.2353210449219
0.5462974905967712	"man"	501.6771240234375	226.33956909179688	517.5308837890625	256.1278381347656
0.4122636020183563	"man"	46.69050216674805	214.6793975830078	59.01250076293945	232.0133819580078
0.3963828682899475	"man"	529.1117553710938	218.40013122558594	542.5283813476562	237.7263946533203
