"score"	"label"	"x0"	"y0"	"x1"	"y1"
0.342868834733963	"woman"	1.425048828125	15.718536376953125	377.003662109375	510.6432189941406
0.36678746342658997	"man"	219.40286254882812	0.3895416259765625	419.4711608886719	419.65447998046875
0.2808397710323334	"man"	49.829833984375	120.72921752929688	376.6040344238281	510.8493957519531
0.3371449112892151	"woman"	1.0350799560546875	15.850143432617188	369.5382080078125	423.07989501953125
