"score"	"label"	"x0"	"y0"	"x1"	"y1"
0.9137513041496277	"woman"	0.97943115234375	34.759429931640625	372.8514709472656	543.693115234375
