"score"	"label"	"x0"	"y0"	"x1"	"y1"
0.6528685688972473	"woman"	84.79452514648438	141.4391326904297	196.9696350097656	453.8299560546875
0.5420582890510559	"man"	188.2289123535156	125.30067443847656	281.8062438964844	458.389404296875
