score	label	x0	y0	x1	y1
0.3026858866214752	woman	231.69921875	531.8741455078125	255.13088989257812	560.2166748046875
0.2892476320266723	woman	230.67340087890625	529.9539794921875	256.7030334472656	581.658203125
