"score"	"label"	"x0"	"y0"	"x1"	"y1"
0.6653424501419067	"woman"	126.42115783691406	267.05517578125	157.13047790527344	349.8277587890625
0.30124619603157043	"woman"	319.9999084472656	266.9618225097656	333.9858093261719	309.4507751464844
0.33866170048713684	"woman"	193.41725158691406	267.8259582519531	206.45726013183594	306.9938659667969
0.29446423053741455	"woman"	505.49835205078125	280.9515380859375	517.1473999023438	316.594970703125
