"score"	"label"	"x0"	"y0"	"x1"	"y1"
0.28405219316482544	"w"	95.73406982421875	128.83668518066406	328.7206115722656	543.0748901367188
0.25853466987609863	"w"	95.60591125488281	129.17091369628906	329.739501953125	543.2069091796875
