"score"	"label"	"x0"	"y0"	"x1"	"y1"
0.4388802647590637	"woman"	63.887420654296875	144.12454223632812	301.645751953125	432.3509216308594
0.29221469163894653	"woman"	278.9654846191406	169.47251892089844	413.3946228027344	356.97003173828125
