"score"	"label"	"x0"	"y0"	"x1"	"y1"
0.3434610664844513	"man"	292.18487548828125	142.32357788085938	347.0272216796875	187.4412841796875
0.27563342452049255	"man"	44.06257247924805	225.08401489257812	87.08644104003906	347.6510925292969
0.26923906803131104	"man"	292.5660705566406	142.69886779785156	328.1809997558594	187.53599548339844
