"score"	"label"	"x0"	"y0"	"x1"	"y1"
0.5338243842124939	"man"	224.2503662109375	20.047088623046875	318.07830810546875	226.13954162597656
