"score"	"label"	"x0"	"y0"	"x1"	"y1"
0.4225844442844391	"woman"	34.0366096496582	169.43630981445312	57.327205657958984	203.40863037109375
0.26263442635536194	"woman"	95.73928833007812	185.9263153076172	107.48170471191406	206.9098663330078
0.35777023434638977	"man"	34.67405700683594	170.65078735351562	56.8916015625	202.81600952148438
