"score"	"label"	"x0"	"y0"	"x1"	"y1"
0.2673799395561218	"a"	540.40234375	0.002330780029296875	599.945556640625	18.667102813720703
