"score"	"label"	"x0"	"y0"	"x1"	"y1"
0.2502286732196808	"woman"	589.2500610351562	329.41876220703125	600.0444946289062	405.8861083984375
