"score"	"label"	"x0"	"y0"	"x1"	"y1"
0.294646680355072	"m"	139.17855834960938	43.35160827636719	277.1480712890625	534.1358032226562
