score	label	x0	y0	x1	y1
0.4375641047954559	man	57.42259216308594	143.57861328125	407.06353759765625	545.0092163085938
