"score"	"label"	"x0"	"y0"	"x1"	"y1"
0.3411566913127899	"m"	57.16607666015625	2.3055419921875	343.18853759765625	516.2608642578125
0.27049773931503296	"m"	8.338470458984375	1.56878662109375	346.240234375	518.3057861328125
