"score"	"label"	"x0"	"y0"	"x1"	"y1"
0.29545795917510986	"man"	82.38661193847656	174.1410675048828	88.61526489257812	187.9463653564453
