score	label	x0	y0	x1	y1
0.3532170057296753	woman	217.05433654785156	289.9482727050781	256.0914001464844	401.1047058105469
0.3061175048351288	woman	185.5512237548828	293.2413635253906	218.51768493652344	400.3128356933594
0.2881442904472351	man	237.55262756347656	12.289535522460938	264.14862060546875	94.79507446289062
0.2599465250968933	woman	184.54037475585935	287.6874084472656	257.03851318359375	401.4800109863281
