"score"	"label"	"x0"	"y0"	"x1"	"y1"
0.7050872445106506	"woman"	0.0307159423828125	278.00030517578125	29.14032554626465	420.88690185546875
