"score"	"label"	"x0"	"y0"	"x1"	"y1"
0.4031819999217987	"woman"	111.7721176147461	52.85087585449219	275.29095458984375	316.971923828125
0.3642650842666626	"man"	286.23406982421875	110.53060913085938	411.7073364257813	312.0690612792969
