"score"	"label"	"x0"	"y0"	"x1"	"y1"
0.30337607860565186	"man"	175.35113525390625	459.4324035644531	296.16241455078125	528.671142578125
0.29167789220809937	"man"	192.77975463867188	324.59375	221.45175170898438	371.86968994140625
