"score"	"label"	"x0"	"y0"	"x1"	"y1"
0.3741218149662018	"woman"	119.93855285644531	245.81968688964844	135.8165283203125	306.9786376953125
