"score"	"label"	"x0"	"y0"	"x1"	"y1"
0.3832700848579407	"man"	73.65032958984375	125.24530792236328	112.24497985839844	188.83612060546875
0.3455457389354706	"man"	73.07843780517578	121.79682922363281	133.79714965820312	188.78050231933594
0.27031636238098145	"man woman"	111.73902130126953	122.82637023925781	133.39791870117188	182.5432586669922
