"score"	"label"	"x0"	"y0"	"x1"	"y1"
0.33200234174728394	"w"	22.43255615234375	146.35012817382812	348.71142578125	548.81494140625
0.2836749851703644	"w"	22.440841674804688	146.54132080078125	348.5576171875	548.83984375
