"score"	"label"	"x0"	"y0"	"x1"	"y1"
0.4770730435848236	"woman"	1.5732879638671875	64.43841552734375	344.062255859375	547.1077880859375
0.41395944356918335	"man"	1.3213958740234375	65.14785766601562	344.36737060546875	547.6756591796875
