"score"	"label"	"x0"	"y0"	"x1"	"y1"
0.5350679755210876	"man"	67.25314331054688	32.899261474609375	362.20709228515625	599.0772705078125
