"score"	"label"	"x0"	"y0"	"x1"	"y1"
0.313848465681076	"man"	3.06524658203125	2.185638427734375	592.34521484375	484.3598937988281
0.2755841314792633	"man"	203.9691925048828	298.9002685546875	215.6019744873047	316.48809814453125
