"score"	"label"	"x0"	"y0"	"x1"	"y1"
0.2734223008155823	"man"	231.75660705566406	531.9008178710938	255.1552276611328	560.2948608398438
0.27454832196235657	"woman"	232.30697631835938	532.7579956054688	254.86404418945312	559.8380737304688
