"score"	"label"	"x0"	"y0"	"x1"	"y1"
0.4439932703971863	"man"	299.36004638671875	205.23760986328125	316.66827392578125	252.67868041992188
0.39677944779396057	"man"	342.44671630859375	208.5289306640625	358.99951171875	253.927978515625
