score	label	x0	y0	x1	y1
0.2917837500572204	woman	377.2577209472656	357.99444580078125	401.0510559082031	390.6267700195313
