"score"	"label"	"x0"	"y0"	"x1"	"y1"
0.44180983304977417	"woman"	5.0536041259765625	77.15890502929688	402.5316162109375	595.7337646484375
0.44559115171432495	"man"	4.990753173828125	77.60446166992188	401.88482666015625	596.1907958984375
