"score"	"label"	"x0"	"y0"	"x1"	"y1"
0.414882630109787	"woman"	0.4460601806640625	35.113006591796875	403.22222900390625	506.7558288574219
0.2654474377632141	"man"	0.4810638427734375	36.04243469238281	401.3544921875	506.6224365234375
