score	label	x0	y0	x1	y1
0.6193928122520447	man	95.583984375	145.17050170898438	171.90777587890625	361.96923828125
0.2848823070526123	man	275.6171569824219	165.00759887695312	327.6882019042969	298.0873718261719
0.261749267578125	woman	315.68719482421875	268.2652893066406	429.66741943359375	361.5372619628906
