"score"	"label"	"x0"	"y0"	"x1"	"y1"
0.5612623691558838	"woman"	269.79388427734375	181.17526245117188	409.98504638671875	326.7094421386719
0.3110032081604004	"woman"	26.835983276367188	85.54531860351562	164.1868438720703	268.1024475097656
0.30909600853919983	"woman"	26.765716552734375	85.27405548095703	164.34263610839844	319.740478515625
