score	label	x0	y0	x1	y1
0.3644371330738067	woman	536.2344970703125	295.4342041015625	545.4425048828125	313.6710205078125
