"score"	"label"	"x0"	"y0"	"x1"	"y1"
0.6353555917739868	"woman"	53.963951110839844	351.5315246582031	179.46148681640625	593.8192138671875
0.2699691355228424	"man"	237.6704559326172	345.95172119140625	457.02587890625	541.3961791992188
0.2545957565307617	"man"	237.422119140625	346.1988830566406	362.49224853515625	539.5615234375
0.2846456468105316	"man"	140.52194213867188	331.45794677734375	282.7967224121094	576.6943359375
