"score"	"label"	"x0"	"y0"	"x1"	"y1"
0.6787073612213135	"man"	0.86785888671875	61.54273986816406	323.855712890625	499.61383056640625
