"score"	"label"	"x0"	"y0"	"x1"	"y1"
0.5396580100059509	"man"	211.3113250732422	34.41435241699219	302.2215270996094	339.34478759765625
0.5868388414382935	"woman"	211.25648498535156	34.482757568359375	302.240966796875	339.6160888671875
0.3816833794116974	"woman"	211.6349334716797	34.55455017089844	302.1968688964844	339.9381103515625
