"score"	"label"	"x0"	"y0"	"x1"	"y1"
0.2991639375686645	"man"	438.3404846191406	275.9837341308594	454.1697082519531	299.0160217285156
