"score"	"label"	"x0"	"y0"	"x1"	"y1"
0.2525562345981598	"woman"	-0.013847827911376953	19.364273071289062	9.516275405883789	405.5029296875
