"score"	"label"	"x0"	"y0"	"x1"	"y1"
0.47554510831832886	"woman"	235.7171173095703	192.91818237304688	361.7216796875	335.7936096191406
0.39129626750946045	"man"	236.48895263671875	193.750732421875	359.99383544921875	335.5421142578125
