"score"	"label"	"x0"	"y0"	"x1"	"y1"
0.8274973034858704	"man"	28.429489135742188	49.52117919921875	376.5745849609375	598.2399291992188
