score	label	x0	y0	x1	y1
0.3324968516826629	man	264.8116149902344	266.789306640625	328.8073425292969	362.2310791015625
0.3224692642688751	woman	9.554786682128906	375.1763916015625	77.00785827636719	477.0748291015625
