"score"	"label"	"x0"	"y0"	"x1"	"y1"
0.25583693385124207	"woman"	10.902252197265625	13.052139282226562	589.2764892578125	378.6915283203125
