"score"	"label"	"x0"	"y0"	"x1"	"y1"
0.5124121904373169	"woman"	1.66363525390625	67.32020568847656	323.0504150390625	549.5772705078125
