"score"	"label"	"x0"	"y0"	"x1"	"y1"
0.31948229670524597	"woman"	272.0166015625	196.99575805664062	398.57916259765625	393.1679382324219
0.32606568932533264	"man"	294.0157775878906	197.37132263183594	538.4403076171875	394.6536865234375
