"score"	"label"	"x0"	"y0"	"x1"	"y1"
0.333941787481308	"woman"	240.0035095214844	188.4809112548828	382.0122985839844	386.01812744140625
0.310907244682312	"man"	91.78564453125	192.83871459960935	283.4675598144531	378.5338439941406
