score	label	x0	y0	x1	y1
0.2574391961097717	woman	391.6889343261719	246.66189575195312	426.9264221191406	310.6687316894531
