score	label	x0	y0	x1	y1
0.4649751782417297	woman	446.6487426757813	49.028289794921875	505.2999267578125	242.63748168945312
