"score"	"label"	"x0"	"y0"	"x1"	"y1"
0.2633349597454071	"man"	563.791748046875	-0.01919078826904297	591.173095703125	20.894554138183594
0.31098198890686035	"woman"	563.932861328125	0.02708721160888672	591.078369140625	20.992347717285156
