"score"	"label"	"x0"	"y0"	"x1"	"y1"
0.40881964564323425	"woman"	198.0842742919922	247.91659545898438	234.02549743652344	325.1801452636719
0.26210394501686096	"man"	198.77392578125	248.4680938720703	233.45709228515625	324.94219970703125
