"score"	"label"	"x0"	"y0"	"x1"	"y1"
0.5216802954673767	"woman"	131.44561767578125	20.849822998046875	403.8531494140625	597.5810546875
