"score"	"label"	"x0"	"y0"	"x1"	"y1"
0.492706835269928	"woman"	15.587326049804688	60.56803894042969	374.8677978515625	549.840576171875
