"score"	"label"	"x0"	"y0"	"x1"	"y1"
0.6289154887199402	"woman"	277.0482482910156	214.43687438964844	296.9926452636719	248.2837371826172
0.27451080083847046	"woman"	218.73370361328125	201.77099609375	226.5872802734375	222.1156005859375
