score	label	x0	y0	x1	y1
0.3289122283458709	woman	441.588623046875	242.627197265625	482.8463134765625	285.4898681640625
