"score"	"label"	"x0"	"y0"	"x1"	"y1"
0.6061500906944275	"woman"	207.52452087402344	190.176513671875	220.12843322753906	219.70941162109375
