"score"	"label"	"x0"	"y0"	"x1"	"y1"
0.4840068817138672	"man"	241.4772186279297	242.50714111328125	251.4895782470703	263.42596435546875
0.3562884032726288	"man"	200.13853454589844	243.51382446289062	209.14122009277344	259.9363708496094
