"score"	"label"	"x0"	"y0"	"x1"	"y1"
0.2979758083820343	"man"	20.6058349609375	17.24432373046875	581.1596069335938	366.5811462402344
