"score"	"label"	"x0"	"y0"	"x1"	"y1"
0.5697084069252014	"woman"	47.11634826660156	93.77456665039062	237.3488616943359	535.86669921875
0.489315390586853	"man"	214.50912475585935	77.83059692382812	329.7280578613281	522.8116455078125
