"score"	"label"	"x0"	"y0"	"x1"	"y1"
0.9109064936637878	"woman"	23.685531616210938	125.65689086914062	424.19012451171875	597.04248046875
