"score"	"label"	"x0"	"y0"	"x1"	"y1"
0.6114354133605957	"man"	92.5455322265625	192.60025024414062	221.338623046875	514.1795654296875
0.2898455858230591	"man"	352.3480224609375	153.8885955810547	429.6500244140625	522.5849609375
0.2804098129272461	"man"	395.0319519042969	154.33229064941406	496.8291320800781	567.940185546875
0.272799015045166	"man"	486.5645751953125	81.83306884765625	599.54541015625	594.336669921875
