"score"	"label"	"x0"	"y0"	"x1"	"y1"
0.3277086913585663	"man"	529.9352416992188	195.96827697753906	566.1724243164062	284.388916015625
0.34580111503601074	"woman"	529.6961669921875	195.67153930664062	566.5235595703125	284.4698181152344
