"score"	"label"	"x0"	"y0"	"x1"	"y1"
0.25560781359672546	"woman"	424.80377197265625	120.2139892578125	460.877685546875	183.22305297851562
0.28743261098861694	"woman"	15.338897705078125	7.608062744140625	591.4647216796875	384.7882385253906
