"score"	"label"	"x0"	"y0"	"x1"	"y1"
0.2821158170700073	"m"	2.591278076171875	5.672607421875	590.502197265625	337.8191833496094
0.2756139636039734	"m"	271.56103515625	228.5721435546875	419.06573486328125	327.60601806640625
