"score"	"label"	"x0"	"y0"	"x1"	"y1"
0.8769418001174927	"woman"	16.9368896484375	59.47526550292969	381.2089538574219	549.6411743164062
