"score"	"label"	"x0"	"y0"	"x1"	"y1"
0.36134061217308044	"m"	24.082168579101562	73.02760314941406	339.5916748046875	549.5148315429688
