"score"	"label"	"x0"	"y0"	"x1"	"y1"
0.8065898418426514	"man"	1.5629425048828125	93.89219665527344	425.73876953125	599.132568359375
