"score"	"label"	"x0"	"y0"	"x1"	"y1"
0.4768653512001037	"woman"	100.83865356445312	79.84759521484375	199.3746337890625	362.049560546875
0.3970748484134674	"man"	418.9759826660156	49.88566589355469	523.138671875	374.47064208984375
0.3871878683567047	"woman"	207.85519409179688	78.06053161621094	295.6120300292969	345.6204833984375
