"score"	"label"	"x0"	"y0"	"x1"	"y1"
0.5606968998908997	"woman"	133.50160217285156	473.6816711425781	145.4314422607422	499.6091003417969
