"score"	"label"	"x0"	"y0"	"x1"	"y1"
0.5694153308868408	"woman"	429.6939697265625	243.30419921875	444.78369140625	272.67120361328125
