"score"	"label"	"x0"	"y0"	"x1"	"y1"
0.8930841088294983	"woman"	23.436065673828125	61.96568298339844	389.9394226074219	549.8722534179688
