"score"	"label"	"x0"	"y0"	"x1"	"y1"
0.2732165455818176	"man"	210.89068603515625	115.9786605834961	395.56964111328125	264.295654296875
