"score"	"label"	"x0"	"y0"	"x1"	"y1"
0.3550628125667572	"woman"	309.2997741699219	234.295654296875	338.2830505371094	335.2740478515625
0.27424123883247375	"man"	5.174018859863281	224.48419189453125	188.25811767578125	408.08843994140625
0.25397205352783203	"man"	67.15069580078125	249.22727966308594	110.72221374511719	347.0451965332031
