"score"	"label"	"x0"	"y0"	"x1"	"y1"
0.2682862281799316	"man"	33.849517822265625	141.10597229003906	566.5386962890625	331.3243408203125
