"score"	"label"	"x0"	"y0"	"x1"	"y1"
0.42999789118766785	"man"	46.25798034667969	117.02367401123047	545.0098266601562	310.3399353027344
