"score"	"label"	"x0"	"y0"	"x1"	"y1"
0.37383201718330383	"woman"	117.96612548828125	243.89427185058594	137.75387573242188	307.70220947265625
0.3389461636543274	"man"	118.50833892822266	244.37643432617188	137.19845581054688	307.5846862792969
0.31341856718063354	"woman"	113.1923599243164	240.20083618164062	143.71664428710938	310.5864562988281
