"score"	"label"	"x0"	"y0"	"x1"	"y1"
0.4359382390975952	"man"	70.30215454101562	227.27200317382812	103.68342590332031	296.1207580566406
0.39503544569015503	"man"	161.41758728027344	217.22972106933594	183.6356658935547	279.4217529296875
0.31855836510658264	"man"	181.96131896972656	221.98558044433594	202.73094177246094	281.4268798828125
