"score"	"label"	"x0"	"y0"	"x1"	"y1"
0.2735743820667267	"man"	73.33321380615234	25.411945343017578	89.96846771240234	49.86886215209961
