"score"	"label"	"x0"	"y0"	"x1"	"y1"
0.31796643137931824	"man"	317.14813232421875	42.83140563964844	486.757568359375	382.06756591796875
