"score"	"label"	"x0"	"y0"	"x1"	"y1"
0.5509400367736816	"man"	102.35719299316406	86.64956665039062	216.61952209472656	387.9450378417969
0.4173063039779663	"man"	12.767986297607422	91.0660400390625	107.55281066894531	376.99530029296875
0.311915785074234	"man"	510.7905578613281	140.28671264648438	562.47021484375	297.1799621582031
0.25263386964797974	"man"	413.1554260253906	154.8417510986328	439.5337829589844	246.09791564941406
