"score"	"label"	"x0"	"y0"	"x1"	"y1"
0.3564790487289428	"woman"	203.94015502929688	212.51559448242188	220.0057678222656	241.55447387695312
0.2536758482456207	"woman"	200.60301208496097	209.6194305419922	230.6550750732422	244.6470184326172
