"score"	"label"	"x0"	"y0"	"x1"	"y1"
0.8924242854118347	"woman"	202.0330810546875	227.68580627441406	355.0872802734375	532.6697998046875
