"score"	"label"	"x0"	"y0"	"x1"	"y1"
0.5412626266479492	"woman"	231.3037872314453	191.50921630859375	248.4593963623047	223.11605834960935
