"score"	"label"	"x0"	"y0"	"x1"	"y1"
0.2509806156158447	"woman"	0.03300285339355469	59.50523376464844	12.145267486572266	143.99725341796875
0.3021000325679779	"woman"	-0.02025747299194336	62.58363342285156	9.450963973999023	141.272705078125
0.2555643916130066	"man"	0.01557016372680664	63.0980224609375	9.441978454589844	141.49391174316406
