"score"	"label"	"x0"	"y0"	"x1"	"y1"
0.8504388332366943	"woman"	88.57058715820312	78.19009399414062	421.9570617675781	597.8399658203125
