"score"	"label"	"x0"	"y0"	"x1"	"y1"
0.2634257972240448	"a"	7.0203857421875	120.07577514648438	580.1469116210938	404.4774475097656
