"score"	"label"	"x0"	"y0"	"x1"	"y1"
0.6863522529602051	"man"	81.20990753173828	313.4743347167969	92.78040313720703	335.1344909667969
