"score"	"label"	"x0"	"y0"	"x1"	"y1"
0.5504777431488037	"woman"	105.9830322265625	55.45722961425781	419.281494140625	370.76068115234375
