"score"	"label"	"x0"	"y0"	"x1"	"y1"
0.28417912125587463	"a ;"	341.3077392578125	160.3866729736328	450.92071533203125	440.62567138671875
