"score"	"label"	"x0"	"y0"	"x1"	"y1"
0.3764297664165497	"woman"	122.62712860107422	137.70281982421875	182.00624084472656	364.7982482910156
0.32792505621910095	"woman"	312.31878662109375	110.74413299560547	382.30633544921875	360.8394775390625
0.28956139087677	"woman"	449.1684875488281	127.3805160522461	527.9512329101562	358.4124450683594
