"score"	"label"	"x0"	"y0"	"x1"	"y1"
0.874745786190033	"woman"	161.49752807617188	12.096603393554688	513.4765625	395.36236572265625
