"score"	"label"	"x0"	"y0"	"x1"	"y1"
0.44875502586364746	"woman"	328.4053649902344	383.81488037109375	355.4300231933594	455.9617919921875
0.38082510232925415	"woman"	268.8087158203125	383.83599853515625	290.31817626953125	451.98388671875
0.38724932074546814	"woman"	293.4048156738281	381.1738586425781	316.3575134277344	453.6502380371094
0.30065780878067017	"man"	268.95928955078125	383.93017578125	290.3546142578125	451.84185791015625
0.34363076090812683	"man"	328.468994140625	383.8270263671875	355.393798828125	455.86285400390625
0.3041985332965851	"woman"	328.3605041503906	383.8173828125	355.4388122558594	455.79998779296875
0.25215840339660645	"woman"	268.8536376953125	383.89996337890625	290.3839111328125	451.7283935546875
