"score"	"label"	"x0"	"y0"	"x1"	"y1"
0.7300572991371155	"man"	62.66943359375	215.72171020507812	120.34201049804688	383.8077697753906
0.4553687274456024	"man"	188.36346435546875	192.61288452148438	219.36221313476562	297.25384521484375
0.3567836880683899	"man"	265.88543701171875	191.55201721191406	298.39288330078125	248.77366638183594
0.28251123428344727	"man"	231.7653045654297	181.4396209716797	262.1319885253906	231.1842803955078
0.2823660671710968	"man"	266.20416259765625	191.61181640625	289.2132568359375	248.10653686523438
