"score"	"label"	"x0"	"y0"	"x1"	"y1"
0.47604161500930786	"woman"	3.125518798828125	21.816070556640625	571.0518798828125	597.5386962890625
0.4160226285457611	"man"	2.722320556640625	22.601043701171875	571.348876953125	598.1044921875
