"score"	"label"	"x0"	"y0"	"x1"	"y1"
0.74373859167099	"woman"	144.73141479492188	159.96473693847656	241.4525146484375	444.12841796875
