"score"	"label"	"x0"	"y0"	"x1"	"y1"
0.4410695433616638	"man"	482.1727600097656	251.13076782226562	492.7262268066406	269.2985534667969
0.2991388738155365	"man"	508.6656494140625	251.4011688232422	516.7578125	267.96331787109375
