"score"	"label"	"x0"	"y0"	"x1"	"y1"
0.6141971945762634	"man"	235.92327880859375	178.69032287597656	317.29583740234375	443.70404052734375
0.6033289432525635	"man"	94.73280334472656	181.81263732910156	176.9515838623047	434.99749755859375
0.5238082408905029	"man"	162.66619873046875	186.95396423339844	248.3179931640625	436.28515625
