"score"	"label"	"x0"	"y0"	"x1"	"y1"
0.39963576197624207	"man"	493.1829833984375	0.261383056640625	566.3818359375	599.1971435546875
0.3190767765045166	"man"	0.3484001159667969	13.981063842773438	125.03799438476562	253.52818298339844
0.34424716234207153	"man"	0.4114036560058594	13.837738037109375	126.33480834960938	598.2445068359375
0.27474021911621094	"man"	0.4854736328125	14.261848449707031	124.43170928955078	167.13565063476562
