"score"	"label"	"x0"	"y0"	"x1"	"y1"
0.9304160475730896	"woman"	109.6883316040039	18.6539306640625	284.4015808105469	541.9193725585938
