"score"	"label"	"x0"	"y0"	"x1"	"y1"
0.26115280389785767	"w"	32.7789306640625	141.78561401367188	567.2553100585938	332.68585205078125
