"score"	"label"	"x0"	"y0"	"x1"	"y1"
0.9492377042770386	"woman"	138.08721923828125	203.32275390625	228.56002807617188	483.9310302734375
