"score"	"label"	"x0"	"y0"	"x1"	"y1"
0.35651037096977234	"woman"	420.3951416015625	190.06021118164062	440.99432373046875	215.80621337890625
0.3588196933269501	"man"	421.0140686035156	190.67759704589844	440.5594177246094	215.43186950683594
