"score"	"label"	"x0"	"y0"	"x1"	"y1"
0.3005826473236084	"man"	484.26959228515625	268.95550537109375	562.8534545898438	367.235107421875
0.2527279853820801	"man"	184.24929809570312	269.4131164550781	267.53436279296875	367.4239196777344
