score	label	x0	y0	x1	y1
0.4970004260540008	woman	461.6597900390625	95.37777709960938	532.6680908203125	175.93756103515625
0.3005307614803314	woman man	261.0076599121094	89.05461120605469	343.6009216308594	175.3158416748047
