"score"	"label"	"x0"	"y0"	"x1"	"y1"
0.5881916284561157	"man"	504.30047607421875	138.79519653320312	546.4216918945312	264.6461181640625
0.5788885354995728	"man"	551.6038818359375	153.201416015625	591.6220703125	255.9696044921875
0.45975396037101746	"man"	246.54690551757812	147.49615478515625	283.0381164550781	246.27835083007812
0.4610358476638794	"man"	338.71539306640625	151.5372314453125	381.002197265625	270.0363464355469
0.2929573357105255	"man"	441.07489013671875	139.15567016601562	472.80755615234375	198.86859130859375
0.44145628809928894	"man"	100.45199584960938	143.85671997070312	132.40289306640625	211.15579223632812
0.4156848192214966	"man"	62.72284698486328	150.3131103515625	91.33358001708984	198.67767333984375
0.2766941487789154	"man"	283.26513671875	149.88584899902344	313.1226806640625	193.12168884277344
0.401059091091156	"man"	194.22293090820312	146.12918090820312	227.12869262695312	254.96389770507812
0.4842424690723419	"man"	397.80047607421875	138.85861206054688	431.08795166015625	259.62701416015625
0.4124890863895416	"man"	149.09262084960938	143.39920043945312	182.53326416015625	223.58706665039062
0.29431211948394775	"man"	225.52145385742188	148.43960571289062	248.54095458984375	185.67660522460938
0.32366418838500977	"man"	35.108802795410156	152.5388946533203	60.14250946044922	194.03477478027344
0.3781556189060211	"man"	282.9830017089844	149.82052612304688	313.3833312988281	229.5400390625
0.25092801451683044	"man"	2.034952163696289	147.61749267578125	22.942262649536133	218.70413208007812
0.33344611525535583	"man"	225.03631591796875	148.52902221679688	248.81298828125	234.01742553710938
0.41425806283950806	"man"	441.1112060546875	139.23721313476562	475.20904541015625	252.62252807617188
0.2960246205329895	"man"	477.45330810546875	153.2943878173828	514.196044921875	247.8016815185547
0.26247575879096985	"man"	322.1563415527344	156.57974243164062	346.8707580566406	239.9586181640625
