"score"	"label"	"x0"	"y0"	"x1"	"y1"
0.5125464200973511	"woman"	190.6797332763672	179.27267456054688	199.62083435058594	200.087890625
