"score"	"label"	"x0"	"y0"	"x1"	"y1"
0.3003067672252655	"; a ;"	295.48236083984375	174.43846130371094	364.92083740234375	192.05589294433594
