"score"	"label"	"x0"	"y0"	"x1"	"y1"
0.38034895062446594	"man"	255.49697875976562	136.320068359375	374.6748962402344	389.09259033203125
0.37568172812461853	"man"	377.4615173339844	134.05804443359375	469.2328186035156	384.9815673828125
0.3567558825016022	"man"	478.60394287109375	129.0001220703125	585.0833129882812	367.1372985839844
0.340884268283844	"man"	44.69575500488281	146.34169006347656	133.84963989257812	379.53497314453125
0.3066782057285309	"man"	186.17787170410156	148.36056518554688	254.2812957763672	363.30084228515625
0.30058738589286804	"man"	250.35755920410156	146.4667510986328	313.13623046875	361.721923828125
0.30354592204093933	"man"	125.13275146484375	132.36752319335938	199.34152221679688	374.0917053222656
