"score"	"label"	"x0"	"y0"	"x1"	"y1"
0.42380061745643616	"man"	267.2082824707031	259.23626708984375	341.3020935058594	403.3736572265625
0.43408942222595215	"man"	104.94790649414062	249.3688201904297	175.23678588867188	413.677734375
0.3731566071510315	"man"	188.4543914794922	299.26251220703125	282.63360595703125	387.41534423828125
0.2606777250766754	"man"	209.67022705078125	274.3719482421875	236.09475708007812	352.4945068359375
