"score"	"label"	"x0"	"y0"	"x1"	"y1"
0.38674673438072205	"woman"	285.410400390625	155.51873779296875	320.22125244140625	197.77587890625
0.2856288552284241	"woman"	327.0223693847656	137.798095703125	360.4291076660156	195.31338500976562
0.3694322407245636	"man"	260.07672119140625	113.69500732421875	294.2427978515625	207.08544921875
0.25379320979118347	"woman"	257.451171875	111.6282958984375	320.385498046875	207.39157104492188
