"score"	"label"	"x0"	"y0"	"x1"	"y1"
0.48522159457206726	"woman"	105.19650268554688	249.4840545654297	174.97152709960938	413.67950439453125
0.30486828088760376	"woman"	267.08154296875	259.4801330566406	341.09332275390625	402.7561340332031
0.2832862436771393	"woman"	188.51763916015625	299.2439270019531	282.0488586425781	387.2673645019531
0.2508961856365204	"woman"	209.8581085205078	274.48529052734375	235.6087188720703	352.402587890625
