"score"	"label"	"x0"	"y0"	"x1"	"y1"
0.28974732756614685	"w o"	128.2644500732422	91.92887878417969	244.7411651611328	455.399658203125
