"score"	"label"	"x0"	"y0"	"x1"	"y1"
0.41776883602142334	"woman"	239.29550170898438	244.84324645996094	255.73992919921875	296.891845703125
0.3599072992801666	"man"	239.94500732421875	245.1321563720703	255.56497192382812	296.8688659667969
0.31741681694984436	"woman"	233.65838623046875	241.34617614746094	262.1091613769531	299.2601623535156
