"score"	"label"	"x0"	"y0"	"x1"	"y1"
0.30582138895988464	"m ; a ; n"	168.86875915527344	159.22921752929688	484.14306640625	361.5446472167969
