score	label	x0	y0	x1	y1
0.3022985756397247	man	333.9654235839844	334.2521057128906	377.0523376464844	413.0727844238281
