"score"	"label"	"x0"	"y0"	"x1"	"y1"
0.4006890058517456	"woman"	203.7847900390625	121.5385284423828	421.11956787109375	596.6578369140625
0.3506331443786621	"woman"	7.10003662109375	150.6175994873047	311.2185974121094	595.83984375
