"score"	"label"	"x0"	"y0"	"x1"	"y1"
0.8155652284622192	"woman"	403.61669921875	245.0531768798828	487.46270751953125	438.75726318359375
