"score"	"label"	"x0"	"y0"	"x1"	"y1"
0.5020560026168823	"woman"	133.21295166015625	108.21980285644533	283.4878234863281	591.6297607421875
