"score"	"label"	"x0"	"y0"	"x1"	"y1"
0.280097097158432	"a"	258.75811767578125	124.75794982910156	351.08612060546875	403.22119140625
