"score"	"label"	"x0"	"y0"	"x1"	"y1"
0.471596747636795	"man"	35.55220031738281	71.76176452636719	276.52801513671875	547.6077880859375
