score	label	x0	y0	x1	y1
0.486240416765213	woman	66.07098388671875	220.48605346679688	132.8297882080078	380.0365295410156
0.385479062795639	man	180.3108062744141	164.03125	289.0223693847656	388.1080932617187
