"score"	"label"	"x0"	"y0"	"x1"	"y1"
0.3721897602081299	"man"	312.3619079589844	110.88957977294922	382.2737731933594	361.0111083984375
0.34671521186828613	"man"	449.2292175292969	127.13764190673828	528.9130859375	358.40899658203125
0.34694889187812805	"man"	122.5824966430664	137.5335693359375	182.18832397460938	365.0758056640625
0.3043549954891205	"man"	249.30877685546875	121.86714935302734	290.52789306640625	290.52392578125
0.27660536766052246	"man"	283.1385803222656	116.5106430053711	326.5272521972656	304.59112548828125
0.27299582958221436	"man"	508.5053405761719	124.6691665649414	550.3847045898438	338.6979064941406
0.28429028391838074	"man"	391.5302734375	117.0682373046875	436.99090576171875	302.0030212402344
0.25047746300697327	"man"	427.20916748046875	123.53046417236328	465.98773193359375	285.61199951171875
