"score"	"label"	"x0"	"y0"	"x1"	"y1"
0.4659876823425293	"woman"	300.2118835449219	193.6153564453125	342.8370056152344	302.59124755859375
0.41473379731178284	"man"	301.4671325683594	194.39443969726562	341.9678649902344	301.9888610839844
0.2657583951950073	"woman"	287.8872985839844	187.09371948242188	355.8756408691406	308.3897705078125
