"score"	"label"	"x0"	"y0"	"x1"	"y1"
0.8773723840713501	"woman"	321.5357971191406	202.46112060546875	421.3775939941406	421.80908203125
