"score"	"label"	"x0"	"y0"	"x1"	"y1"
0.44179773330688477	"man"	22.427398681640625	60.76853942871094	389.4947509765625	549.5323486328125
0.42081141471862793	"woman"	23.099868774414062	61.28254699707031	389.75457763671875	549.870361328125
