"score"	"label"	"x0"	"y0"	"x1"	"y1"
0.8690062761306763	"man"	0.9017791748046875	77.83392333984375	382.864013671875	548.575439453125
