"score"	"label"	"x0"	"y0"	"x1"	"y1"
0.9197571277618408	"woman"	66.2770004272461	201.58932495117188	319.6762390136719	599.1082763671875
