"score"	"label"	"x0"	"y0"	"x1"	"y1"
0.27166035771369934	"woman"	458.0234375	42.15522766113281	470.88763427734375	70.89681243896484
