score	label	x0	y0	x1	y1
0.3230912089347839	woman	161.83914184570312	170.60736083984375	244.2510986328125	274.4340515136719
0.2743261456489563	woman	180.66879272460935	93.27203369140624	225.14862060546875	147.61587524414062
