score	label	x0	y0	x1	y1
0.2625958323478699	man	163.06985473632812	79.52506256103516	460.6489562988281	266.7834777832031
