"score"	"label"	"x0"	"y0"	"x1"	"y1"
0.8909973502159119	"woman"	130.58645629882812	49.692962646484375	297.83636474609375	547.597900390625
