"score"	"label"	"x0"	"y0"	"x1"	"y1"
0.649394690990448	"man"	263.7581787109375	197.1085968017578	393.9007568359375	566.7900390625
