"score"	"label"	"x0"	"y0"	"x1"	"y1"
0.48698320984840393	"man"	137.61520385742188	126.57179260253906	298.9716491699219	591.0005493164062
0.4344025254249573	"woman"	288.6536865234375	124.70587158203125	472.58074951171875	597.5149536132812
