score	label	x0	y0	x1	y1
0.4137512445449829	man	249.24012756347656	122.6678695678711	296.5545654296875	279.813232421875
0.3945102989673614	man	115.70326232910156	122.43611145019533	160.04615783691406	275.74114990234375
0.3907709419727325	woman	468.4632568359375	133.82763671875	515.616943359375	276.76361083984375
0.2564273476600647	man	247.35255432128903	121.1916046142578	356.4185791015625	279.5582275390625
