"score"	"label"	"x0"	"y0"	"x1"	"y1"
0.3573002517223358	"woman"	311.912353515625	248.93634033203125	333.990478515625	285.951416015625
0.2586401700973511	"man"	312.88006591796875	251.7165985107422	332.871337890625	285.427734375
