"score"	"label"	"x0"	"y0"	"x1"	"y1"
0.29601195454597473	"man"	57.20185852050781	331.18878173828125	99.58265686035156	403.6441650390625
0.2574746310710907	"man"	43.01341247558594	1.93798828125	414.4296875	597.2759399414062
