"score"	"label"	"x0"	"y0"	"x1"	"y1"
0.31536492705345154	"woman"	277.0500183105469	292.66119384765625	288.1233215332031	309.59515380859375
0.2870631814002991	"man"	277.595458984375	293.19384765625	287.43402099609375	309.34527587890625
