"score"	"label"	"x0"	"y0"	"x1"	"y1"
0.4262478649616241	"woman"	-0.0603351593017578	316.799560546875	23.3726863861084	374.41900634765625
0.4209557473659515	"woman"	106.1905746459961	316.5090026855469	136.7613525390625	365.3546447753906
