"score"	"label"	"x0"	"y0"	"x1"	"y1"
0.4969618022441864	"woman"	23.050750732421875	146.62388610839844	346.536865234375	548.6679077148438
0.5317671298980713	"man"	23.055648803710938	146.75286865234375	346.45843505859375	548.6078491210938
0.2760065197944641	"woman"	23.091461181640625	146.91378784179688	346.6734924316406	548.8251953125
