"score"	"label"	"x0"	"y0"	"x1"	"y1"
0.4706092476844787	"woman"	119.51498413085938	313.66058349609375	194.65786743164065	502.45941162109375
0.2580137550830841	"woman"	101.96534729003906	303.5732727050781	219.87513732910156	512.8057861328125
