"score"	"label"	"x0"	"y0"	"x1"	"y1"
0.4852123260498047	"woman"	148.20309448242188	269.823974609375	213.46466064453125	468.7127685546875
0.36557328701019287	"man"	469.8952941894531	271.95654296875	529.0556640625	458.52801513671875
