"score"	"label"	"x0"	"y0"	"x1"	"y1"
0.42009222507476807	"man"	152.87924194335938	179.82284545898438	268.4417419433594	510.7010803222656
0.32052749395370483	"woman"	344.2616882324219	230.33114624023438	392.2393493652344	372.4063415527344
0.29556575417518616	"man"	153.3919219970703	180.0698699951172	267.804443359375	449.66265869140625
0.2833528518676758	"woman"	152.59744262695312	179.43191528320312	302.5527648925781	517.3245849609375
