"score"	"label"	"x0"	"y0"	"x1"	"y1"
0.3850167691707611	"woman"	116.10618591308594	314.68487548828125	376.03857421875	515.0750122070312
0.30915459990501404	"woman"	42.371002197265625	334.7395935058594	313.3818359375	452.7856750488281
0.29857128858566284	"woman"	194.10372924804688	214.2956085205078	207.32382202148438	254.06968688964844
0.29192405939102173	"woman"	175.94712829589844	215.25851440429688	192.01173400878906	267.1636047363281
0.2858985960483551	"woman"	209.99671936035156	214.9217071533203	220.5033721923828	253.42466735839844
0.2518485486507416	"woman"	379.0245361328125	204.6341094970703	390.1300048828125	237.9014434814453
0.3141617774963379	"woman"	26.23702049255371	224.70799255371094	36.57107925415039	272.0958557128906
