score	label	x0	y0	x1	y1
0.3947043716907501	man	35.21897888183594	151.47396850585938	171.33023071289062	375.5692443847656
0.2714756429195404	man	34.82650375366211	78.97834777832031	109.56211853027344	257.41387939453125
0.2595669031143188	woman	96.66500854492188	94.08750915527344	176.35751342773438	237.98008728027344
