"score"	"label"	"x0"	"y0"	"x1"	"y1"
0.9085016250610352	"man"	0.1709747314453125	29.529510498046875	360.981689453125	549.90673828125
