score	label	x0	y0	x1	y1
0.2808848321437835	man	284.102783203125	192.25843811035156	328.08209228515625	270.90771484375
0.25245201587677	woman	493.5535278320313	191.7553253173828	522.4931640625	270.1055908203125
