"score"	"label"	"x0"	"y0"	"x1"	"y1"
0.3219510018825531	"m a"	70.88385009765625	81.56265258789062	328.47882080078125	474.8083190917969
0.2614402174949646	"a"	70.98719787597656	81.82090759277344	328.34246826171875	474.78924560546875
