"score"	"label"	"x0"	"y0"	"x1"	"y1"
0.2524148225784302	"man"	357.7158508300781	237.41494750976562	380.5245056152344	290.7588806152344
0.2694670557975769	"woman"	358.0750732421875	237.57093811035156	380.294189453125	290.6918029785156
