"score"	"label"	"x0"	"y0"	"x1"	"y1"
0.8463695645332336	"man"	25.779647827148438	127.720947265625	395.076171875	592.052978515625
