"score"	"label"	"x0"	"y0"	"x1"	"y1"
0.2825273871421814	"w o m a"	124.56230163574219	74.89297485351562	341.7205810546875	538.3470458984375
