"score"	"label"	"x0"	"y0"	"x1"	"y1"
0.3937841057777405	"man"	92.59441375732422	406.1366271972656	107.4629135131836	443.1333312988281
0.38307318091392517	"man"	84.73230743408203	405.7213134765625	94.9632797241211	443.757568359375
0.3805234432220459	"man"	54.89147186279297	406.8891906738281	69.82215118408203	442.3663635253906
0.31563401222229004	"man"	103.74958038330078	406.8870544433594	114.71402740478516	438.4010925292969
