"score"	"label"	"x0"	"y0"	"x1"	"y1"
0.3309520483016968	"m ; a ; n"	2.72064208984375	1.983489990234375	592.1119384765625	485.1838073730469
