"score"	"label"	"x0"	"y0"	"x1"	"y1"
0.4727843999862671	"man"	0.239593505859375	70.33238220214844	346.0500183105469	549.7092895507812
0.3243786096572876	"woman"	-0.023712158203125	71.05337524414062	345.10699462890625	550.2635498046875
