"score"	"label"	"x0"	"y0"	"x1"	"y1"
0.7518175840377808	"woman"	4.360687255859375	148.64418029785156	286.4717712402344	595.1598510742188
0.3059999346733093	"woman"	173.29574584960938	91.67912292480469	426.8073425292969	597.4277954101562
