"score"	"label"	"x0"	"y0"	"x1"	"y1"
0.3297945559024811	"woman"	31.48866844177246	284.8342590332031	54.64251708984375	317.7746887207031
