"score"	"label"	"x0"	"y0"	"x1"	"y1"
0.3483899235725403	"woman"	33.847869873046875	82.49540710449219	555.865966796875	399.719970703125
0.3415804803371429	"woman"	290.2058410644531	85.33518981933594	355.3987731933594	210.83949279785156
0.3232797980308532	"man"	113.5858154296875	218.0003967285156	203.1356201171875	396.6907043457031
0.3179728984832763	"man"	415.6982116699219	92.15302276611328	474.7245178222656	202.3750915527344
0.3148335218429565	"woman"	295.6044921875	209.9739227294922	375.87396240234375	395.6779174804687
0.2873923778533935	"woman"	224.85365295410156	81.86158752441406	293.66241455078125	200.3215484619141
0.2812882363796234	"woman"	33.323448181152344	216.3878173828125	121.79662322998048	395.88818359375
0.2784992456436157	"man"	151.19654846191406	88.28291320800781	222.8102264404297	202.2385711669922
