score	label	x0	y0	x1	y1
0.420029729604721	man woman	107.20783996582033	28.262908935546875	233.73817443847656	549.6357421875
