"score"	"label"	"x0"	"y0"	"x1"	"y1"
0.28875553607940674	"man"	0.20725154876708984	63.75828552246094	14.74804973602295	374.720458984375
