"score"	"label"	"x0"	"y0"	"x1"	"y1"
0.3895311951637268	"man"	132.8135223388672	21.083343505859375	403.4659423828125	598.040283203125
0.3693569004535675	"woman"	133.4911651611328	21.448760986328125	403.6278076171875	598.3140869140625
