"score"	"label"	"x0"	"y0"	"x1"	"y1"
0.7987921833992004	"man"	2.46722412109375	22.907623291015625	572.1936645507812	597.951171875
