"score"	"label"	"x0"	"y0"	"x1"	"y1"
0.9180119633674622	"man"	66.88703155517578	141.23031616210938	247.86016845703125	528.693115234375
