"score"	"label"	"x0"	"y0"	"x1"	"y1"
0.28087809681892395	"; a ;"	35.65486145019531	53.70672607421875	438.52508544921875	518.2798461914062
0.2644447386264801	"a"	83.48114013671875	142.08775329589844	385.3544006347656	488.77581787109375
