"score"	"label"	"x0"	"y0"	"x1"	"y1"
0.6183453798294067	"man"	190.6837615966797	179.14544677734375	199.76893615722656	200.142822265625
