"score"	"label"	"x0"	"y0"	"x1"	"y1"
0.4814403653144836	"woman"	289.8447265625	162.84715270996094	303.14984130859375	187.3556976318359
0.3372679948806762	"man"	313.7861633300781	155.95452880859375	328.8563537597656	189.17840576171875
