score	label	x0	y0	x1	y1
0.2644051611423492	man	589.7125244140625	355.5484619140625	600.041748046875	406.0031127929687
