"score"	"label"	"x0"	"y0"	"x1"	"y1"
0.9180501699447632	"man"	85.86824035644531	97.32814025878906	577.9366455078125	599.6903686523438
