"score"	"label"	"x0"	"y0"	"x1"	"y1"
0.9426614046096802	"woman"	40.334877014160156	104.64701843261719	270.08819580078125	413.95147705078125
