"score"	"label"	"x0"	"y0"	"x1"	"y1"
0.27273863554000854	"w"	350.62603759765625	91.77757263183594	542.8043823242188	562.8515014648438
