"score"	"label"	"x0"	"y0"	"x1"	"y1"
0.4643588960170746	"woman"	128.41854858398438	195.51004028320312	151.22134399414062	253.85342407226562
0.3225622773170471	"man"	128.7369842529297	195.3226776123047	150.5386199951172	253.5233612060547
