"score"	"label"	"x0"	"y0"	"x1"	"y1"
0.25771820545196533	"man"	227.51190185546875	239.22471618652344	234.22604370117188	247.2285919189453
0.2792763411998749	"man"	214.01150512695312	325.5922546386719	218.64453125	334.7663879394531
