"score"	"label"	"x0"	"y0"	"x1"	"y1"
0.5795335173606873	"man"	42.74742126464844	63.47711181640625	366.486328125	597.5216064453125
0.28561699390411377	"woman"	42.62306213378906	64.2076416015625	365.83074951171875	598.2244873046875
