"score"	"label"	"x0"	"y0"	"x1"	"y1"
0.2822434306144714	"woman"	67.1484375	1.8801422119140625	462.02545166015625	272.8497314453125
0.2564986944198608	"woman"	195.8659820556641	217.7556304931641	212.2566070556641	237.3506317138672
