"score"	"label"	"x0"	"y0"	"x1"	"y1"
0.319740891456604	"man"	58.43304443359375	99.11400604248047	570.8519287109375	329.4434814453125
