"score"	"label"	"x0"	"y0"	"x1"	"y1"
0.5628867745399475	"woman"	174.46279907226562	102.9809799194336	212.1744384765625	203.56100463867188
0.3558803498744964	"man"	214.67990112304688	110.19416809082033	272.58514404296875	201.9390411376953
