"score"	"label"	"x0"	"y0"	"x1"	"y1"
0.34471240639686584	"w"	73.03631591796875	94.39949035644531	326.7219543457031	506.5902099609375
0.27613556385040283	"w"	73.08111572265625	94.59393310546875	326.67279052734375	506.5260009765625
