"score"	"label"	"x0"	"y0"	"x1"	"y1"
0.735280454158783	"man"	109.56880950927734	307.7676086425781	177.72079467773438	443.9571838378906
