score	label	x0	y0	x1	y1
0.4993348717689514	woman	169.87806701660156	88.04312133789062	264.4166259765625	350.0495910644531
0.4864522814750671	man	88.43595123291016	81.26235961914062	177.53762817382812	364.6774291992187
0.3206903338432312	man	87.95820617675781	79.04156494140625	264.704345703125	364.0240173339844
