"score"	"label"	"x0"	"y0"	"x1"	"y1"
0.576836109161377	"woman"	426.5785827636719	124.78450775146484	510.6741027832031	374.86541748046875
0.5343934297561646	"man"	263.1128845214844	133.3378143310547	341.0886535644531	367.77960205078125
