"score"	"label"	"x0"	"y0"	"x1"	"y1"
0.483185350894928	"woman"	3.6814117431640625	101.85987854003906	388.17388916015625	595.9326171875
