"score"	"label"	"x0"	"y0"	"x1"	"y1"
0.3055015802383423	"m"	23.900970458984375	70.65011596679688	574.3079833984375	418.0791931152344
