score	label	x0	y0	x1	y1
0.4933705627918243	woman	44.95361328125	57.232391357421875	360.1317443847656	545.7598876953125
