"score"	"label"	"x0"	"y0"	"x1"	"y1"
0.8815693855285645	"woman"	84.98361206054688	142.33218383789062	196.71878051757812	453.1708068847656
0.3742517828941345	"woman"	187.98892211914062	125.37716674804688	281.4470520019531	457.9700622558594
