"score"	"label"	"x0"	"y0"	"x1"	"y1"
0.2586469054222107	"woman"	167.51417541503906	142.08473205566406	261.81964111328125	254.65245056152344
