"score"	"label"	"x0"	"y0"	"x1"	"y1"
0.2631860077381134	"man"	17.8031005859375	16.177505493164062	580.753662109375	369.42694091796875
