"score"	"label"	"x0"	"y0"	"x1"	"y1"
0.6558223366737366	"woman"	85.72288513183594	110.59945678710938	425.00872802734375	597.2890625
0.4385325610637665	"man"	85.90605163574219	111.03929138183594	425.1480712890625	597.4701538085938
0.3263936936855316	"woman"	85.76763916015625	110.85282897949219	425.2424621582031	597.3903198242188
