"score"	"label"	"x0"	"y0"	"x1"	"y1"
0.5276445746421814	"woman"	110.48477172851562	234.12857055664065	225.64822387695312	591.129638671875
0.4224479496479034	"man"	360.3192138671875	176.4434356689453	501.7520751953125	591.277099609375
