score	label	x0	y0	x1	y1
0.2531080842018127	man	374.94976806640625	165.13116455078125	477.09173583984375	261.5749816894531
