"score"	"label"	"x0"	"y0"	"x1"	"y1"
0.4304400086402893	"woman"	383.8893127441406	175.98849487304688	444.0603942871094	352.5969543457031
0.32161861658096313	"man"	502.34185791015625	179.2395782470703	570.0206909179688	362.0660400390625
