"score"	"label"	"x0"	"y0"	"x1"	"y1"
0.5770214200019836	"woman"	75.80916595458984	324.50714111328125	98.29283905029297	397.21551513671875
0.4946720004081726	"woman"	125.71890258789062	325.001953125	144.76422119140625	395.85638427734375
