"score"	"label"	"x0"	"y0"	"x1"	"y1"
0.579749584197998	"woman"	88.37876892089844	253.9869842529297	320.11346435546875	597.5339965820312
