"score"	"label"	"x0"	"y0"	"x1"	"y1"
0.4013579785823822	"woman man"	232.88046264648438	51.327545166015625	364.2784729003906	354.6867980957031
0.28785184025764465	"woman"	183.5067138671875	55.20765686035156	257.53192138671875	351.65777587890625
0.2735787034034729	"woman"	330.76043701171875	75.3741455078125	393.99725341796875	369.7306823730469
0.316313236951828	"woman"	232.80210876464844	51.62864685058594	364.1666259765625	354.48919677734375
