score	label	x0	y0	x1	y1
0.5413994193077087	man	0.24908447265625	276.7990417480469	31.14349937438965	421.5956726074219
