"score"	"label"	"x0"	"y0"	"x1"	"y1"
0.5784329175949097	"man"	60.876373291015625	211.79486083984375	122.26838684082031	384.23187255859375
0.3411645293235779	"woman"	187.26376342773438	189.83615112304688	221.03060913085938	298.3556213378906
0.2844702899456024	"woman"	61.49824523925781	213.81158447265625	121.71694946289062	383.74102783203125
