"score"	"label"	"x0"	"y0"	"x1"	"y1"
0.35004928708076477	"woman man"	257.7566833496094	135.8890380859375	375.2331848144531	389.32843017578125
0.2716889977455139	"woman"	249.88282775878906	145.56777954101562	312.8439025878906	362.12628173828125
0.27600163221359253	"woman"	124.24131774902344	131.78701782226562	202.9580841064453	374.69476318359375
