"score"	"label"	"x0"	"y0"	"x1"	"y1"
0.8169904351234436	"man"	0.0038299560546875	77.18240356445312	373.98687744140625	549.8829345703125
