"score"	"label"	"x0"	"y0"	"x1"	"y1"
0.3375912606716156	"m ; a ; n"	89.96054077148438	77.632080078125	408.72711181640625	597.727294921875
