"score"	"label"	"x0"	"y0"	"x1"	"y1"
0.265480637550354	"w a"	1.2972869873046875	147.87791442871094	346.0242919921875	549.2373046875
