"score"	"label"	"x0"	"y0"	"x1"	"y1"
0.44555357098579407	"woman"	362.8656921386719	132.95404052734375	449.0026550292969	326.9561767578125
0.3022230565547943	"woman"	232.7283477783203	121.50408935546875	346.5091552734375	365.494140625
0.28114402294158936	"woman"	253.09304809570312	122.35099029541016	346.5094909667969	365.1313171386719
