"score"	"label"	"x0"	"y0"	"x1"	"y1"
0.28602609038352966	"; a ;"	137.97288513183594	141.15457153320312	465.73388671875	432.1076965332031
