"score"	"label"	"x0"	"y0"	"x1"	"y1"
0.26125627756118774	"a"	8.84130859375	12.385528564453125	591.6738891601562	373.75518798828125
