"score"	"label"	"x0"	"y0"	"x1"	"y1"
0.30972835421562195	"man"	38.90052032470703	198.66162109375	55.53936767578125	227.05673217773438
0.25904786586761475	"man"	37.694183349609375	198.62155151367188	56.447105407714844	237.83285522460938
