"score"	"label"	"x0"	"y0"	"x1"	"y1"
0.4716103672981262	"man"	417.0741882324219	256.494384765625	440.0005798339844	310.26165771484375
0.3064331114292145	"man"	399.33917236328125	255.24903869628906	446.074951171875	311.90216064453125
0.34009936451911926	"woman"	417.09735107421875	256.4946594238281	439.85968017578125	310.2635192871094
