"score"	"label"	"x0"	"y0"	"x1"	"y1"
0.2627120614051819	"a"	3.941741943359375	3.6264190673828125	596.8302001953125	375.884033203125
