"score"	"label"	"x0"	"y0"	"x1"	"y1"
0.2953873574733734	"w"	208.45428466796875	90.10374450683594	349.22161865234375	568.4782104492188
0.27231690287590027	"w"	208.403076171875	90.11714172363281	349.24749755859375	568.3697509765625
