"score"	"label"	"x0"	"y0"	"x1"	"y1"
0.9423999190330505	"woman"	98.0513916015625	154.26336669921875	274.4619140625	475.17950439453125
