"score"	"label"	"x0"	"y0"	"x1"	"y1"
0.5381675958633423	"woman"	0.20208740234375	55.33331298828125	354.037353515625	549.894287109375
0.2920936942100525	"man"	0.1373443603515625	56.51988220214844	351.859375	550.1451416015625
