"score"	"label"	"x0"	"y0"	"x1"	"y1"
0.30102092027664185	"woman"	0.647247314453125	123.3825454711914	138.24514770507812	324.18328857421875
0.261942982673645	"woman"	250.51641845703125	107.25093078613281	304.88128662109375	195.49717712402344
