"score"	"label"	"x0"	"y0"	"x1"	"y1"
0.2936375141143799	"man"	442.4344787597656	244.52603149414062	481.1648254394531	284.0801086425781
0.26340124011039734	"man"	294.049072265625	303.81317138671875	357.09356689453125	347.9720458984375
