"score"	"label"	"x0"	"y0"	"x1"	"y1"
0.8985224962234497	"woman"	19.957168579101562	52.33152770996094	291.6422119140625	549.8623046875
