"score"	"label"	"x0"	"y0"	"x1"	"y1"
0.3551701605319977	"woman"	154.93624877929688	279.9334716796875	187.69927978515625	329.00921630859375
0.2819756269454956	"man"	255.76300048828125	207.3513641357422	274.27728271484375	241.0239715576172
