score	label	x0	y0	x1	y1
0.3582628965377807	man	272.59173583984375	124.21993255615234	323.287841796875	250.73062133789065
