"score"	"label"	"x0"	"y0"	"x1"	"y1"
0.43754521012306213	"man"	18.98724365234375	80.6689224243164	85.00376892089844	223.95425415039062
0.2890673577785492	"man"	259.24896240234375	95.79621887207031	298.28228759765625	192.69300842285156
0.29547423124313354	"woman"	19.175559997558594	81.33663940429688	84.651123046875	223.69546508789062
