score	label	x0	y0	x1	y1
0.3242874145507812	woman	318.05523681640625	73.13300323486328	385.3430786132813	126.77921295166016
0.3101136684417724	woman	424.410400390625	117.6737823486328	480.1896362304687	190.9172821044922
0.2614908516407013	man	358.8000793457031	250.1843719482422	389.9418029785156	327.1011657714844
