"score"	"label"	"x0"	"y0"	"x1"	"y1"
0.6562082767486572	"woman"	95.03207397460938	226.587646484375	141.7595977783203	372.23095703125
0.44668734073638916	"woman"	503.5716552734375	263.463134765625	542.4371337890625	359.1722412109375
0.3719414174556732	"woman"	15.060458183288574	249.4269256591797	42.71820831298828	342.04693603515625
0.3557170033454895	"woman"	538.824462890625	283.62799072265625	558.9945068359375	337.28192138671875
0.36943402886390686	"woman"	401.4181823730469	232.51473999023438	461.7295227050781	379.5934753417969
0.3682558238506317	"woman"	250.85560607910156	143.23345947265625	277.7564697265625	217.79391479492188
0.2536013722419739	"woman"	374.24432373046875	263.3676452636719	408.68975830078125	343.2038269042969
