"score"	"label"	"x0"	"y0"	"x1"	"y1"
0.43379050493240356	"woman"	109.11919403076172	67.63568115234375	268.5347595214844	515.1936645507812
0.31393760442733765	"man"	109.05654907226562	67.65927124023438	268.4030456542969	514.77734375
