"score"	"label"	"x0"	"y0"	"x1"	"y1"
0.26304298639297485	"a"	5.611328125	4.3188323974609375	594.6713256835938	378.4739990234375
