"score"	"label"	"x0"	"y0"	"x1"	"y1"
0.45782387256622314	"woman"	113.12230682373047	124.0450439453125	132.3107147216797	182.55532836914062
0.49563533067703247	"woman"	73.62210083007812	126.63522338867188	110.33341979980469	188.12789916992188
