score	label	x0	y0	x1	y1
0.2636881172657013	man	11.11419677734375	12.801986694335938	589.3182983398438	378.4010009765625
