"score"	"label"	"x0"	"y0"	"x1"	"y1"
0.4986361563205719	"woman"	210.95321655273438	117.93711853027344	386.6014709472656	517.784912109375
0.2948126196861267	"man"	211.34649658203125	117.91410827636719	386.0859375	516.5846557617188
