"score"	"label"	"x0"	"y0"	"x1"	"y1"
0.3499568700790405	"woman"	66.25252532958984	29.763595581054688	274.2706298828125	402.55010986328125
0.27887651324272156	"man"	67.26752471923828	29.33819580078125	274.153076171875	402.8285827636719
0.31131961941719055	"woman"	5.6938629150390625	28.487396240234375	277.7685546875	402.5336608886719
