"score"	"label"	"x0"	"y0"	"x1"	"y1"
0.3645452558994293	"man"	152.6323699951172	180.01023864746094	301.39532470703125	516.450439453125
0.30422526597976685	"man"	153.23370361328125	180.7285614013672	267.619140625	447.18157958984375
0.3338458836078644	"man"	153.2981719970703	180.1223907470703	267.53839111328125	506.90850830078125
