"score"	"label"	"x0"	"y0"	"x1"	"y1"
0.4611097276210785	"man"	114.22734069824219	276.05157470703125	128.1800537109375	316.12908935546875
0.45497021079063416	"man"	125.94525146484375	277.48504638671875	140.61077880859375	320.35150146484375
0.5156463980674744	"man"	169.00692749023438	296.8547668457031	184.0694580078125	340.5955505371094
