"score"	"label"	"x0"	"y0"	"x1"	"y1"
0.9290428161621094	"man"	214.2024688720703	140.96673583984375	399.3668212890625	378.311279296875
