"score"	"label"	"x0"	"y0"	"x1"	"y1"
0.3532487750053406	"woman"	531.9664306640625	-0.09966182708740234	599.9781494140625	19.734474182128906
