"score"	"label"	"x0"	"y0"	"x1"	"y1"
0.9325934052467346	"man"	109.47560119628906	18.608734130859375	284.52581787109375	542.06884765625
