"score"	"label"	"x0"	"y0"	"x1"	"y1"
0.3241053819656372	"m ; a ; n"	105.75382995605469	98.39289855957031	449.52484130859375	332.55474853515625
