"score"	"label"	"x0"	"y0"	"x1"	"y1"
0.2658597528934479	"man"	320.970458984375	231.31732177734375	347.578857421875	251.85943603515625
