"score"	"label"	"x0"	"y0"	"x1"	"y1"
0.2968018651008606	"woman"	153.58255004882812	23.56003189086914	165.39016723632812	47.96921157836914
