"score"	"label"	"x0"	"y0"	"x1"	"y1"
0.6081566214561462	"man"	196.7728271484375	135.25942993164062	217.22412109375	212.83126831054688
0.3010130226612091	"man"	276.5549621582031	139.68287658691406	303.8736877441406	204.89158630371094
