score	label	x0	y0	x1	y1
0.5689613223075867	woman	134.021240234375	47.15850830078125	278.0771789550781	364.0673522949219
0.5217635035514832	man	318.35711669921875	45.103851318359375	453.8146362304687	358.92193603515625
