"score"	"label"	"x0"	"y0"	"x1"	"y1"
0.6113561391830444	"woman"	83.10182189941406	144.0079803466797	384.3558349609375	489.322265625
