score	label	x0	y0	x1	y1
0.4695044159889221	woman	57.74378967285156	25.951080322265625	466.640869140625	549.755859375
