score	label	x0	y0	x1	y1
0.6402878165245056	woman	400.3832702636719	242.61691284179688	490.5542907714844	438.6202087402344
