"score"	"label"	"x0"	"y0"	"x1"	"y1"
0.29712143540382385	"woman"	3.1721343994140625	111.22511291503906	499.13043212890625	255.2944793701172
