score	label	x0	y0	x1	y1
0.2662107348442077	man	352.8719787597656	341.9722900390625	394.0614929199219	378.8638916015625
