"score"	"label"	"x0"	"y0"	"x1"	"y1"
0.4643552303314209	"woman"	52.177757263183594	84.87068176269531	252.61367797851562	301.4493408203125
0.31987500190734863	"woman"	186.97532653808594	34.80769348144531	324.75628662109375	310.63787841796875
0.34755995869636536	"man"	186.8652801513672	34.976165771484375	324.8115234375	310.5821228027344
