"score"	"label"	"x0"	"y0"	"x1"	"y1"
0.8382835388183594	"woman"	233.58128356933594	193.06320190429688	247.1492156982422	222.08670043945312
