"score"	"label"	"x0"	"y0"	"x1"	"y1"
0.3822045922279358	"woman"	117.64369201660156	58.78279113769531	477.560546875	397.60650634765625
0.2658114731311798	"woman"	10.415740966796877	5.01959228515625	598.43701171875	442.7142639160156
