"score"	"label"	"x0"	"y0"	"x1"	"y1"
0.5501038432121277	"woman"	156.2600860595703	262.652099609375	313.72705078125	598.6127319335938
0.3064688444137573	"woman"	347.24139404296875	226.68324279785156	518.9736328125	598.7723388671875
0.28749504685401917	"woman"	0.3731575012207031	229.21389770507812	112.2869873046875	598.7828369140625
