"score"	"label"	"x0"	"y0"	"x1"	"y1"
0.2924747169017792	"man"	193.21319580078125	130.57456970214844	197.55441284179688	138.8101348876953
