score	label	x0	y0	x1	y1
0.2648580074310303	man	97.95026397705078	68.38101959228516	287.3879699707031	269.6129150390625
