"score"	"label"	"x0"	"y0"	"x1"	"y1"
0.2765048146247864	"woman"	443.17041015625	221.2317352294922	500.1594848632813	333.4485168457031
