"score"	"label"	"x0"	"y0"	"x1"	"y1"
0.3755826354026794	"man"	470.7784118652344	20.556610107421875	565.997314453125	554.6270751953125
