"score"	"label"	"x0"	"y0"	"x1"	"y1"
0.5665170550346375	"man"	67.23530578613281	165.15789794921875	126.21455383300781	239.96917724609375
0.29842323064804077	"man"	444.8151550292969	46.25312805175781	492.4591369628906	112.01298522949219
0.28231918811798096	"man"	338.0566711425781	20.772220611572266	359.7371520996094	82.09100341796875
0.27557504177093506	"man"	305.8169860839844	24.180944442749023	322.9829406738281	79.58393096923828
0.2620714604854584	"man"	285.5962219238281	28.696054458618164	303.1495056152344	81.47246551513672
