score	label	x0	y0	x1	y1
0.417408138513565	woman	438.84429931640625	231.78321838378903	462.0154418945313	281.59552001953125
0.2733601331710815	man	343.6269226074219	236.06753540039065	369.4293518066406	287.3394470214844
0.2611748874187469	man	391.6965637207031	236.1241149902344	413.1533508300781	285.1838073730469
