"score"	"label"	"x0"	"y0"	"x1"	"y1"
0.287882536649704	"woman"	270.1357116699219	210.47120666503906	308.5472717285156	262.44757080078125
0.2873327434062958	"woman"	270.4301452636719	210.9845428466797	293.0726013183594	251.60682678222656
0.2844597101211548	"man"	270.7914123535156	211.0453338623047	292.7951354980469	251.56761169433594
