"score"	"label"	"x0"	"y0"	"x1"	"y1"
0.48260799050331116	"woman"	159.48782348632812	12.039169311523438	515.0479736328125	395.81011962890625
0.371764600276947	"man"	161.4591827392578	12.436630249023438	513.8375854492188	395.47113037109375
