"score"	"label"	"x0"	"y0"	"x1"	"y1"
0.9128260016441345	"woman"	71.62090301513672	35.859588623046875	314.91937255859375	598.612060546875
