"score"	"label"	"x0"	"y0"	"x1"	"y1"
0.4808436632156372	"man"	0.7507476806640625	61.77729797363281	323.953369140625	499.7184448242187
