"score"	"label"	"x0"	"y0"	"x1"	"y1"
0.2733365595340729	"m"	314.7215576171875	421.0326843261719	416.39306640625	468.9994201660156
