"score"	"label"	"x0"	"y0"	"x1"	"y1"
0.31490612030029297	"w"	1.12060546875	97.11537170410156	531.6741943359375	408.39166259765625
0.3212112784385681	"w o"	0.840118408203125	97.07710266113281	531.783447265625	408.44970703125
0.3513393700122833	"o m"	0.783172607421875	97.18519592285156	531.48828125	408.46807861328125
0.26980406045913696	"o m"	0.874237060546875	97.40005493164062	531.4375	408.3912048339844
