score	label	x0	y0	x1	y1
0.5222746729850769	man	120.02730560302734	23.09901428222656	265.302490234375	533.7129516601562
