"score"	"label"	"x0"	"y0"	"x1"	"y1"
0.45824384689331055	"woman"	282.5050048828125	120.0997543334961	352.873046875	297.3549499511719
0.38895514607429504	"man"	283.2506408691406	121.356201171875	351.8556823730469	296.8360290527344
0.27262645959854126	"woman"	268.42864990234375	107.17015838623047	370.00018310546875	305.1734924316406
