"score"	"label"	"x0"	"y0"	"x1"	"y1"
0.4985894560813904	"man"	471.90228271484375	271.0943298339844	478.73687744140625	292.5429382324219
