"score"	"label"	"x0"	"y0"	"x1"	"y1"
0.3022029995918274	"; a"	232.53570556640625	145.64666748046875	374.826904296875	321.2353820800781
