"score"	"label"	"x0"	"y0"	"x1"	"y1"
0.2914276421070099	"woman"	302.568359375	126.73927307128906	563.8305053710938	383.2536010742187
0.2578442692756653	"woman"	9.649421691894531	126.83552551269533	257.40447998046875	383.91455078125
