"score"	"label"	"x0"	"y0"	"x1"	"y1"
0.8320960998535156	"man"	52.85188293457031	70.75653076171875	395.3370361328125	598.0440063476562
