"score"	"label"	"x0"	"y0"	"x1"	"y1"
0.5101934671401978	"woman"	109.14042663574219	17.853424072265625	285.0906982421875	542.20458984375
0.4534759223461151	"man"	109.48409271240234	18.193267822265625	284.7640075683594	542.3399658203125
0.25063833594322205	"woman"	109.25667572021484	18.185150146484375	285.1175537109375	541.931640625
