"score"	"label"	"x0"	"y0"	"x1"	"y1"
0.9103367328643799	"woman"	0.180908203125	29.238128662109375	360.843017578125	549.899658203125
