"score"	"label"	"x0"	"y0"	"x1"	"y1"
0.338836669921875	"woman"	129.86500549316406	2.008819580078125	558.83740234375	451.47894287109375
