"score"	"label"	"x0"	"y0"	"x1"	"y1"
0.5208646655082703	"woman"	374.06268310546875	95.24516296386719	598.6432495117188	409.57379150390625
0.40037983655929565	"man"	375.040283203125	96.10581970214844	593.71484375	409.73443603515625
