"score"	"label"	"x0"	"y0"	"x1"	"y1"
0.2981955409049988	"woman"	364.4059143066406	209.0325164794922	511.7129211425781	389.8140869140625
