"score"	"label"	"x0"	"y0"	"x1"	"y1"
0.3128550946712494	"woman"	292.86309814453125	358.9716491699219	317.883056640625	405.8614807128906
0.2889254689216614	"woman"	531.6744384765625	284.00665283203125	557.2666015625	327.91162109375
