"score"	"label"	"x0"	"y0"	"x1"	"y1"
0.8207359313964844	"man"	311.8919677734375	27.464797973632812	565.38916015625	419.70001220703125
