"score"	"label"	"x0"	"y0"	"x1"	"y1"
0.5055294632911682	"man"	282.11767578125	201.07806396484375	376.4765625	306.6203308105469
