"score"	"label"	"x0"	"y0"	"x1"	"y1"
0.303291380405426	"man"	110.03963470458984	172.40487670898438	330.1330871582031	334.99285888671875
0.28207507729530334	"man"	77.20854187011719	101.7327880859375	548.0084838867188	335.34088134765625
