"score"	"label"	"x0"	"y0"	"x1"	"y1"
0.2854169011116028	"w"	118.18101501464844	148.8944854736328	245.7252960205078	524.3556518554688
0.2552441954612732	"w"	118.15111541748047	148.96644592285156	245.7635498046875	524.2941284179688
