score	label	x0	y0	x1	y1
0.3632618486881256	man	337.679931640625	285.602783203125	355.763916015625	302.6719970703125
0.2504349052906036	man	377.0701599121094	270.62493896484375	391.2141418457031	292.27508544921875
