score	label	x0	y0	x1	y1
0.3432006537914276	man	138.0801544189453	0.1336250305175781	211.81871032714844	92.72988891601562
