"score"	"label"	"x0"	"y0"	"x1"	"y1"
0.3811473846435547	"m ; a ; n"	128.5287628173828	91.96739196777344	243.46632385253906	454.42462158203125
