"score"	"label"	"x0"	"y0"	"x1"	"y1"
0.5095807313919067	"man"	159.10179138183594	221.97036743164065	324.05230712890625	530.0208740234375
0.2736824452877044	"man"	161.1900634765625	223.8361663818359	249.34912109375	516.7227783203125
0.2525364756584167	"woman"	216.12974548339844	298.0777893066406	317.2723388671875	518.2167358398438
