"score"	"label"	"x0"	"y0"	"x1"	"y1"
0.44621196389198303	"woman"	344.53521728515625	143.2638702392578	389.8992919921875	192.8291473388672
0.38748160004615784	"man"	345.3881530761719	143.629638671875	389.7059631347656	192.77340698242188
