"score"	"label"	"x0"	"y0"	"x1"	"y1"
0.4107241630554199	"man"	1.09210205078125	182.14205932617188	80.34577941894531	362.9385070800781
0.4090957343578338	"woman"	246.40939331054688	222.2171630859375	314.1984558105469	333.2652587890625
