score	label	x0	y0	x1	y1
0.3905613422393799	man	269.2607727050781	191.94674682617188	280.1814880371094	210.3104248046875
