"score"	"label"	"x0"	"y0"	"x1"	"y1"
0.38903212547302246	"man"	121.73722839355469	297.7300720214844	149.3720245361328	342.2060241699219
0.35941290855407715	"man"	112.74130249023438	289.9455261230469	149.69293212890625	342.4380798339844
