score	label	x0	y0	x1	y1
0.2796697914600372	man	27.348876953125	140.5154266357422	565.0587158203125	343.0460205078125
