"score"	"label"	"x0"	"y0"	"x1"	"y1"
0.8634218573570251	"woman"	53.24310302734375	47.254974365234375	421.28350830078125	595.5013427734375
