"score"	"label"	"x0"	"y0"	"x1"	"y1"
0.40757784247398376	"m"	8.15008544921875	58.601409912109375	373.6812744140625	549.35888671875
0.251962274312973	"a n"	8.535415649414062	58.63697814941406	373.68133544921875	549.7715454101562
