"score"	"label"	"x0"	"y0"	"x1"	"y1"
0.7931669354438782	"man"	107.80000305175781	56.5423583984375	418.2430419921875	369.51690673828125
