"score"	"label"	"x0"	"y0"	"x1"	"y1"
0.4959568381309509	"woman"	211.486328125	409.71502685546875	235.41900634765625	433.24066162109375
0.38061994314193726	"man"	212.3542938232422	410.3995666503906	234.7826690673828	432.6412048339844
