"score"	"label"	"x0"	"y0"	"x1"	"y1"
0.5413994193077087	"man"	0.24908447265625	276.7990417480469	31.14349937438965	421.5956726074219
0.29888924956321716	"woman"	0.32564258575439453	277.33721923828125	29.98186492919922	421.377685546875
