"score"	"label"	"x0"	"y0"	"x1"	"y1"
0.6505703926086426	"man"	193.6405334472656	43.375091552734375	341.1397399902344	559.5015869140625
0.4960772097110748	"woman"	91.45687866210938	92.10720825195312	234.68951416015625	561.9652099609375
