"score"	"label"	"x0"	"y0"	"x1"	"y1"
0.40437012910842896	"woman"	159.99765014648438	244.56979370117188	199.92373657226562	267.4623718261719
0.2714517414569855	"man"	160.31692504882812	244.6239776611328	199.839599609375	267.4134826660156
