"score"	"label"	"x0"	"y0"	"x1"	"y1"
0.38040590286254883	"woman"	67.04415893554688	222.3267364501953	130.77157592773438	379.43603515625
0.3012295067310333	"woman"	180.4143829345703	164.98831176757812	287.96539306640625	387.9444274902344
