"score"	"label"	"x0"	"y0"	"x1"	"y1"
0.9307031631469727	"woman"	39.80531311035156	55.27388000488281	378.77569580078125	549.7571411132812
