"score"	"label"	"x0"	"y0"	"x1"	"y1"
0.4027402698993683	"woman"	201.77996826171875	209.96002197265625	217.04180908203125	250.1312255859375
0.3277265727519989	"woman"	32.34204864501953	207.15512084960938	51.834861755371094	237.1103515625
0.3277539312839508	"woman"	59.18071365356445	179.6761474609375	76.8499526977539	206.01168823242188
0.3176604211330414	"woman"	4.58192253112793	220.68331909179688	21.832561492919922	262.9959716796875
0.2576450705528259	"woman"	83.78388214111328	178.44610595703125	98.07157135009766	193.7813720703125
