"score"	"label"	"x0"	"y0"	"x1"	"y1"
0.2608358561992645	"w"	0.3543853759765625	34.52195739746094	407.20343017578125	511.56182861328125
