"score"	"label"	"x0"	"y0"	"x1"	"y1"
0.5086475014686584	"woman"	61.31644058227539	272.255126953125	72.33065795898438	302.8446044921875
0.44281086325645447	"woman"	118.12931060791016	266.57763671875	127.39229583740234	292.00457763671875
