score	label	x0	y0	x1	y1
0.3978549540042877	woman	128.590087890625	329.46466064453125	230.20333862304688	432.8126220703125
