"score"	"label"	"x0"	"y0"	"x1"	"y1"
0.2775260806083679	"m a"	564.8075561523438	1.2407140731811523	599.7992553710938	20.492748260498047
