"score"	"label"	"x0"	"y0"	"x1"	"y1"
0.4022393226623535	"man"	158.89642333984375	101.62052917480469	266.5294494628906	466.970458984375
0.3544083833694458	"man"	230.12783813476562	431.060546875	432.2151184082031	599.129638671875
0.3566616177558899	"man"	43.25883865356445	131.67724609375	158.76016235351562	444.65667724609375
0.3467344641685486	"man"	261.321533203125	126.95222473144531	371.6639404296875	459.68634033203125
0.28049376606941223	"man"	191.3216094970703	392.89837646484375	285.59368896484375	539.0736083984375
