"score"	"label"	"x0"	"y0"	"x1"	"y1"
0.3691759407520294	"man"	38.658287048339844	271.6072692871094	88.33690643310547	371.9192199707031
0.26715874671936035	"man"	221.74221801757812	113.8485107421875	257.0985412597656	217.63983154296875
0.27974048256874084	"woman"	222.21142578125	114.53616333007812	256.7101135253906	217.50082397460938
