"score"	"label"	"x0"	"y0"	"x1"	"y1"
0.29374009370803833	"man"	86.43449401855469	378.0901184082031	93.86407470703125	387.8443298339844
