"score"	"label"	"x0"	"y0"	"x1"	"y1"
0.4239419996738434	"woman"	6.555084228515625	80.03268432617188	355.7938232421875	594.1971435546875
0.4196404814720154	"man"	6.3477325439453125	80.25494384765625	355.12725830078125	594.7153930664062
