"score"	"label"	"x0"	"y0"	"x1"	"y1"
0.3261133134365082	"woman"	4.1595611572265625	5.9820556640625	249.91891479492188	595.032470703125
