score	label	x0	y0	x1	y1
0.5677730441093445	woman	42.447174072265625	63.333099365234375	367.1703186035156	597.4736328125
