"score"	"label"	"x0"	"y0"	"x1"	"y1"
0.2613961398601532	"m"	150.60321044921875	244.65399169921875	235.35760498046875	315.3551025390625
