"score"	"label"	"x0"	"y0"	"x1"	"y1"
0.30885007977485657	"w"	82.62777709960938	46.561614990234375	599.967041015625	409.8404541015625
0.26914650201797485	"w o"	82.54495239257812	47.11576843261719	600.0474853515625	409.62164306640625
