"score"	"label"	"x0"	"y0"	"x1"	"y1"
0.38304418325424194	"woman"	389.9175720214844	268.8101806640625	398.8587951660156	293.40447998046875
0.3931657075881958	"woman"	412.46282958984375	265.5565185546875	422.407958984375	294.09771728515625
0.3540568947792053	"woman"	273.1488342285156	268.5553283691406	281.2134704589844	294.0706481933594
0.3413112461566925	"woman"	302.1863708496094	266.4161071777344	311.0751647949219	293.7067565917969
0.3475004732608795	"woman"	237.61595153808594	266.2223815917969	248.96888732910156	293.2912292480469
0.31416088342666626	"woman"	313.74017333984375	269.48468017578125	323.22747802734375	293.16302490234375
