"score"	"label"	"x0"	"y0"	"x1"	"y1"
0.6770778894424438	"woman"	83.39448547363281	32.371246337890625	515.249755859375	377.4081726074219
