score	label	x0	y0	x1	y1
0.2698733806610107	man	3.3195343017578125	67.69730377197266	330.30377197265625	320.9266662597656
