"score"	"label"	"x0"	"y0"	"x1"	"y1"
0.38225415349006653	"woman"	290.78521728515625	141.68768310546875	347.08905029296875	188.3287353515625
0.25471946597099304	"woman"	42.87777328491211	224.02210998535156	88.8106689453125	349.2992858886719
0.3216857314109802	"man"	42.97365951538086	223.947021484375	88.85935974121094	349.81103515625
0.30996525287628174	"man"	290.83294677734375	141.82200622558594	347.0526123046875	188.36854553222656
