"score"	"label"	"x0"	"y0"	"x1"	"y1"
0.3376780152320862	"m a"	157.80908203125	35.95344543457031	330.1328430175781	542.8929443359375
0.2617108225822449	"a"	158.39512634277344	36.2236328125	330.41729736328125	542.5950927734375
