"score"	"label"	"x0"	"y0"	"x1"	"y1"
0.35743841528892517	"woman"	261.65875244140625	90.35946655273438	332.63214111328125	257.64154052734375
0.401641309261322	"woman"	278.80902099609375	93.26041412353516	332.1182861328125	258.03033447265625
0.2913825213909149	"woman"	261.90240478515625	92.04191589355469	299.84765625	250.9086456298828
