"score"	"label"	"x0"	"y0"	"x1"	"y1"
0.27276602387428284	"m a n"	203.5762481689453	375.9698181152344	251.6027374267578	435.6914978027344
0.28358301520347595	"m ; a ; n"	65.55167388916016	201.48863220214844	319.6087341308594	598.027099609375
