"score"	"label"	"x0"	"y0"	"x1"	"y1"
0.48226267099380493	"man"	381.3725280761719	138.12969970703125	490.5208435058594	332.96087646484375
0.29878345131874084	"man"	209.05276489257812	132.20823669433594	298.28857421875	329.795166015625
0.35355737805366516	"woman"	282.47998046875	206.0637969970703	378.2117919921875	331.4744873046875
0.4228622317314148	"woman"	209.06141662597656	132.22854614257812	296.277099609375	329.9290771484375
0.2961982488632202	"woman"	209.035888671875	132.13290405273438	296.1056213378906	330.0802001953125
0.2801395058631897	"man"	9.595993041992188	45.49000549316406	495.5137939453125	330.9453125
