score	label	x0	y0	x1	y1
0.2903657257556915	man	115.99758911132812	187.36619567871097	130.21995544433594	213.91600036621097
