"score"	"label"	"x0"	"y0"	"x1"	"y1"
0.28651735186576843	"m a"	312.07598876953125	261.21881103515625	455.97821044921875	402.39532470703125
