"score"	"label"	"x0"	"y0"	"x1"	"y1"
0.30923324823379517	"woman"	256.7292785644531	152.96292114257812	474.0069274902344	275.9821472167969
0.26742660999298096	"woman"	422.005126953125	191.88433837890625	439.52105712890625	214.70779418945312
