"score"	"label"	"x0"	"y0"	"x1"	"y1"
0.2588781416416168	"w"	47.88166809082031	113.50753784179688	409.58001708984375	598.2291259765625
