"score"	"label"	"x0"	"y0"	"x1"	"y1"
0.45999395847320557	"woman"	120.22114562988281	136.31826782226562	184.54078674316406	365.2798767089844
0.368610143661499	"man"	312.0309143066406	110.2192611694336	383.4903259277344	361.4795227050781
0.2547476589679718	"woman"	312.1369323730469	109.91513061523438	383.7942199707031	361.07098388671875
