score	label	x0	y0	x1	y1
0.3356444835662842	man	334.45306396484375	147.93495178222656	444.281494140625	404.464599609375
0.3279567360877991	man	252.04718017578125	152.07412719726562	326.72125244140625	404.8614196777344
0.2733648717403412	woman	47.42821502685547	148.359619140625	144.36843872070312	372.0133056640625
