"score"	"label"	"x0"	"y0"	"x1"	"y1"
0.3800887167453766	"woman"	39.884124755859375	211.75302124023438	580.231201171875	320.4831237792969
