"score"	"label"	"x0"	"y0"	"x1"	"y1"
0.3773417472839355	"woman"	382.9594421386719	87.51077270507812	402.4403381347656	118.14263916015624
0.2504670917987823	"woman"	379.1851501464844	84.54006958007812	408.4039611816406	121.73292541503906
