score	label	x0	y0	x1	y1
0.2823703289031982	man	163.61790466308594	272.18768310546875	184.1736297607422	296.45263671875
