"score"	"label"	"x0"	"y0"	"x1"	"y1"
0.39568182826042175	"woman"	98.33812713623047	103.23771667480469	191.34909057617188	368.304443359375
0.4415294826030731	"man"	223.12477111816406	108.00730895996094	351.799072265625	437.50823974609375
0.26227250695228577	"woman"	182.46786499023438	106.05474090576172	251.20712280273438	326.733154296875
0.30743208527565	"woman"	223.06275939941406	107.61080932617188	351.73193359375	437.0888977050781
