"score"	"label"	"x0"	"y0"	"x1"	"y1"
0.7458396553993225	"man"	85.28294372558594	96.654052734375	578.4500732421875	599.748046875
