score	label	x0	y0	x1	y1
0.2807075679302215	man	141.0437469482422	2.011627197265625	595.6881713867188	322.38275146484375
