"score"	"label"	"x0"	"y0"	"x1"	"y1"
0.26829925179481506	"w o"	33.092437744140625	27.39710235595703	580.7978515625	192.91326904296875
