"score"	"label"	"x0"	"y0"	"x1"	"y1"
0.6016294360160828	"man"	34.417694091796875	28.60234832763672	578.060546875	191.03948974609375
