"score"	"label"	"x0"	"y0"	"x1"	"y1"
0.30179405212402344	"man"	505.9207458496094	243.125	558.07275390625	334.14544677734375
