"score"	"label"	"x0"	"y0"	"x1"	"y1"
0.3739922940731048	"woman"	83.45614624023438	69.990234375	400.49420166015625	535.2107543945312
