"score"	"label"	"x0"	"y0"	"x1"	"y1"
0.30925557017326355	"man"	78.24775695800781	161.5347442626953	83.94195556640625	170.0427703857422
0.27820885181427	"man"	65.57369232177734	142.12478637695312	71.31412506103516	151.16171264648438
