"score"	"label"	"x0"	"y0"	"x1"	"y1"
0.4307446777820587	"woman"	98.52974700927734	201.35018920898438	243.16476440429688	386.9198913574219
0.28990277647972107	"woman"	233.08676147460938	77.49104309082031	365.0209655761719	171.66079711914062
0.29048842191696167	"woman"	379.47979736328125	229.20895385742188	478.04437255859375	365.8802185058594
