"score"	"label"	"x0"	"y0"	"x1"	"y1"
0.38865312933921814	"man"	300.85498046875	211.7078094482422	319.85205078125	256.9638671875
0.3485491871833801	"man"	318.55975341796875	212.97572326660156	338.76654052734375	256.3907470703125
0.30712729692459106	"man"	255.6020050048828	212.86734008789062	268.669921875	250.455078125
0.29384809732437134	"man"	268.2600402832031	212.7579345703125	280.2142028808594	250.14981079101562
0.2517862021923065	"man"	359.422607421875	211.33151245117188	374.35546875	248.087646484375
