score	label	x0	y0	x1	y1
0.2983138859272003	man	359.29412841796875	300.6578674316406	371.58001708984375	313.7485656738281
