"score"	"label"	"x0"	"y0"	"x1"	"y1"
0.3713091015815735	"m ; a ; n"	9.873504638671875	46.88726806640625	377.6048583984375	548.9976806640625
