"score"	"label"	"x0"	"y0"	"x1"	"y1"
0.35313937067985535	"man"	253.13836669921875	105.8577880859375	279.20318603515625	178.11651611328125
0.25071462988853455	"man"	252.6482696533203	105.43257904052734	280.12432861328125	198.26400756835938
0.26682040095329285	"woman"	253.46304321289062	106.2459487915039	278.6468200683594	177.869873046875
