score	label	x0	y0	x1	y1
0.2868684232234955	man	443.9338989257813	224.4314117431641	495.92523193359375	300.53509521484375
