"score"	"label"	"x0"	"y0"	"x1"	"y1"
0.4205514192581177	"woman"	196.32696533203125	175.2505645751953	375.33734130859375	564.2954711914062
