"score"	"label"	"x0"	"y0"	"x1"	"y1"
0.4765668511390686	"woman"	330.3553466796875	176.3311004638672	361.33099365234375	264.6756591796875
0.29777249693870544	"man"	331.5400085449219	177.26937866210938	360.2400817871094	264.1053161621094
