"score"	"label"	"x0"	"y0"	"x1"	"y1"
0.4244433641433716	"woman"	529.7191162109375	68.86759948730469	599.7706298828125	280.78924560546875
0.361439973115921	"woman"	438.314453125	52.06159210205078	527.533935546875	303.95953369140625
0.33956214785575867	"woman"	437.35504150390625	51.93119812011719	534.5150756835938	345.48504638671875
0.28055262565612793	"woman"	81.27545928955078	203.46258544921875	180.92916870117188	393.3651123046875
0.4283861517906189	"woman"	349.80224609375	45.04492950439453	426.61444091796875	209.50445556640625
0.28857898712158203	"woman"	186.94741821289062	118.3451156616211	246.49734497070312	281.0349426269531
0.2527906000614166	"woman"	316.5107727050781	26.582168579101562	379.8706970214844	210.33157348632812
0.25482529401779175	"woman"	414.67730712890625	51.908409118652344	536.7229614257812	302.46673583984375
