"score"	"label"	"x0"	"y0"	"x1"	"y1"
0.8710235953330994	"woman"	324.3383483886719	339.5943908691406	352.7551574707031	439.0751647949219
