score	label	x0	y0	x1	y1
0.6093168258666992	man	344.67181396484375	143.38052368164062	389.86956787109375	192.92916870117188
