"score"	"label"	"x0"	"y0"	"x1"	"y1"
0.32839688658714294	"woman"	348.99176025390625	78.32479095458984	369.1375732421875	114.23833465576172
0.29208633303642273	"woman"	385.0106201171875	89.78880310058594	393.05560302734375	116.4661865234375
0.2795011103153229	"woman"	390.3431091308594	91.19012451171875	400.3288269042969	116.94181823730469
0.25615614652633667	"woman"	328.74676513671875	102.65437316894531	339.5362548828125	126.30221557617188
0.25787341594696045	"woman"	302.76165771484375	104.52511596679688	310.87359619140625	126.97933959960938
0.25714924931526184	"woman"	318.9734191894531	103.65283203125	329.7239074707031	126.06576538085938
0.2640921175479889	"woman"	385.16412353515625	89.66139221191406	400.51629638671875	117.64747619628906
