"score"	"label"	"x0"	"y0"	"x1"	"y1"
0.3263320028781891	"m a"	44.356475830078125	115.88518524169922	545.88818359375	311.3234558105469
0.26286786794662476	"a"	44.3203125	115.75139617919922	546.018310546875	311.524658203125
