"score"	"label"	"x0"	"y0"	"x1"	"y1"
0.3343976140022278	"woman"	382.49493408203125	365.04632568359375	427.67462158203125	515.8799438476562
0.2529805898666382	"woman"	382.20587158203125	341.5955505371094	430.876708984375	515.8494262695312
