"score"	"label"	"x0"	"y0"	"x1"	"y1"
0.48806172609329224	"woman"	412.99566650390625	94.6990966796875	501.3094482421875	355.0884094238281
0.32899585366249084	"woman"	500.66827392578125	101.09857177734375	588.3934936523438	376.2052001953125
0.3024698495864868	"woman"	86.6825180053711	102.18728637695312	179.412841796875	252.97378540039062
