"score"	"label"	"x0"	"y0"	"x1"	"y1"
0.4806777834892273	"woman"	87.71879577636719	64.9830322265625	292.54937744140625	536.16357421875
0.3413764536380768	"man"	83.3786849975586	64.39007568359375	291.83331298828125	535.8576049804688
