"score"	"label"	"x0"	"y0"	"x1"	"y1"
0.2987593710422516	"; a ;"	259.0163879394531	172.79840087890625	490.0742492675781	359.147705078125
