"score"	"label"	"x0"	"y0"	"x1"	"y1"
0.4107591509819031	"man"	25.05127716064453	163.71633911132812	110.07593536376953	361.5661315917969
0.3084341287612915	"man"	25.56982421875	100.34112548828125	586.8938598632812	394.4591979980469
0.26704493165016174	"man"	362.83221435546875	255.66275024414062	482.72186279296875	393.7644348144531
0.26055869460105896	"man"	52.86927795410156	263.7723388671875	187.56463623046875	395.91943359375
0.3087167739868164	"woman"	284.8595886230469	246.58380126953125	391.0780334472656	389.14208984375
