"score"	"label"	"x0"	"y0"	"x1"	"y1"
0.39090102910995483	"man"	272.8728332519531	128.44287109375	320.1094055175781	282.7099304199219
0.4167417883872986	"man"	145.53245544433594	107.08983612060547	201.35484313964844	296.1269836425781
0.3486747443675995	"man"	212.60540771484375	134.35902404785156	264.50457763671875	288.36376953125
0.2511724829673767	"man"	37.169517517089844	130.74449157714844	65.66231536865234	222.34397888183594
