"score"	"label"	"x0"	"y0"	"x1"	"y1"
0.6824070811271667	"man"	344.0721740722656	229.8705596923828	356.4836120605469	263.44952392578125
