"score"	"label"	"x0"	"y0"	"x1"	"y1"
0.3030638098716736	"man"	131.59918212890625	280.3646240234375	272.30487060546875	339.09796142578125
0.2569899559020996	"woman"	131.5719757080078	280.4742431640625	272.27386474609375	339.13458251953125
