"score"	"label"	"x0"	"y0"	"x1"	"y1"
0.7967607378959656	"man"	83.25630187988281	32.123504638671875	515.650390625	377.82305908203125
