score	label	x0	y0	x1	y1
0.3968192338943481	woman	145.74232482910156	116.0749969482422	469.0242309570313	306.197265625
