"score"	"label"	"x0"	"y0"	"x1"	"y1"
0.2737669050693512	"man"	101.32244110107422	37.62672424316406	258.35064697265625	538.4113159179688
