"score"	"label"	"x0"	"y0"	"x1"	"y1"
0.6044115424156189	"man"	30.492019653320312	79.10716247558594	357.35296630859375	549.7694091796875
0.4357042610645294	"woman"	32.65583801269531	78.98609924316406	357.3720703125	549.7965087890625
0.3758028447628021	"woman"	31.654037475585938	79.19566345214844	357.1663818359375	549.7681884765625
0.3205896019935608	"woman"	1.1546173095703125	78.79827880859375	358.130615234375	549.55908203125
