"score"	"label"	"x0"	"y0"	"x1"	"y1"
0.25613588094711304	"woman"	0.05606365203857422	255.29916381835938	16.94928741455078	341.6484069824219
