score	label	x0	y0	x1	y1
0.4932770431041717	woman	0.1020498275756836	65.79718780517578	28.642276763916016	212.29592895507812
