"score"	"label"	"x0"	"y0"	"x1"	"y1"
0.4447782337665558	"man"	309.37322998046875	221.07681274414062	405.14703369140625	431.4062194824219
0.38426458835601807	"woman"	309.4789123535156	221.35833740234375	404.5882263183594	431.4990234375
