"score"	"label"	"x0"	"y0"	"x1"	"y1"
0.4002099931240082	"man"	4.522430419921875	6.990447998046875	597.090576171875	427.8106994628906
0.3183765411376953	"woman"	4.19464111328125	6.971954345703125	597.4019775390625	427.9790954589844
