"score"	"label"	"x0"	"y0"	"x1"	"y1"
0.26861849427223206	"a"	44.71482849121094	16.554039001464844	525.6904907226562	170.70916748046875
