"score"	"label"	"x0"	"y0"	"x1"	"y1"
0.3973117470741272	"man"	443.0345458984375	232.58251953125	498.3382568359375	382.6259765625
0.3700784146785736	"man"	354.8102722167969	225.20932006835938	412.0578308105469	379.8734436035156
0.3541911542415619	"man"	271.2193298339844	218.54373168945312	323.0119323730469	375.4752502441406
0.27639615535736084	"man"	182.5596923828125	220.24392700195312	235.2713623046875	374.5621032714844
