"score"	"label"	"x0"	"y0"	"x1"	"y1"
0.2745881974697113	"man"	71.5910873413086	239.87515258789062	86.0558853149414	266.20703125
