"score"	"label"	"x0"	"y0"	"x1"	"y1"
0.8082231879234314	"woman"	84.52931213378906	70.81649780273438	382.560302734375	534.013671875
