"score"	"label"	"x0"	"y0"	"x1"	"y1"
0.5888115167617798	"woman"	312.72674560546875	112.87351989746094	472.94171142578125	446.97662353515625
0.42436251044273376	"man"	414.422119140625	91.28340148925781	599.6105346679688	446.78857421875
0.31048744916915894	"man"	449.23858642578125	91.35731506347656	599.6492309570312	446.5350341796875
0.2768062949180603	"woman"	313.0550537109375	112.74537658691406	472.90771484375	447.154296875
0.27474746108055115	"woman"	313.4073486328125	90.02476501464844	599.5807495117188	446.3583984375
