"score"	"label"	"x0"	"y0"	"x1"	"y1"
0.3799079060554504	"man"	93.84039306640624	46.03706359863281	496.71826171875	361.28619384765625
