"score"	"label"	"x0"	"y0"	"x1"	"y1"
0.6329429745674133	"woman"	98.31615447998048	128.26515197753906	330.3786315917969	542.073486328125
0.5895143747329712	"man"	172.6070556640625	19.604705810546875	374.2472534179687	482.5085144042969
