"score"	"label"	"x0"	"y0"	"x1"	"y1"
0.28074967861175537	"man"	11.962751388549805	303.5326232910156	21.13399314880371	323.1609191894531
