"score"	"label"	"x0"	"y0"	"x1"	"y1"
0.45686599612236023	"woman"	77.16093444824219	78.29864501953125	418.46484375	597.1590576171875
0.4296902120113373	"man"	79.69439697265625	79.07415771484375	417.91693115234375	597.8318481445312
