"score"	"label"	"x0"	"y0"	"x1"	"y1"
0.4632522165775299	"woman"	277.287353515625	291.9818420410156	425.9041748046875	472.6816101074219
0.29913148283958435	"man"	278.3023376464844	292.3382568359375	425.3945007324219	472.6060791015625
