"score"	"label"	"x0"	"y0"	"x1"	"y1"
0.2617695927619934	"woman"	15.967357635498047	230.89395141601562	29.01587677001953	267.71124267578125
0.28957682847976685	"woman"	15.491167068481445	226.1384735107422	40.51103210449219	269.0440368652344
