"score"	"label"	"x0"	"y0"	"x1"	"y1"
0.2625972330570221	"woman"	211.62376403808594	275.7442321777344	234.9165496826172	311.0244445800781
