"score"	"label"	"x0"	"y0"	"x1"	"y1"
0.26893946528434753	"man woman"	122.99616241455078	238.0836639404297	331.50653076171875	420.06884765625
0.3310551345348358	"man woman"	88.7734375	236.9486083984375	335.7611389160156	422.911376953125
0.26126211881637573	"woman"	123.73617553710938	238.22756958007812	333.68975830078125	420.3373107910156
