score	label	x0	y0	x1	y1
0.2707974910736084	woman	68.14617919921875	62.00648498535156	593.692626953125	330.10736083984375
