"score"	"label"	"x0"	"y0"	"x1"	"y1"
0.7322825789451599	"man"	103.79153442382812	264.8723449707031	151.72317504882812	331.0124816894531
