"score"	"label"	"x0"	"y0"	"x1"	"y1"
0.388292133808136	"man"	68.93878173828125	121.56700897216797	159.67173767089844	364.239501953125
0.3556288182735443	"woman"	166.08444213867188	127.72899627685547	251.19918823242188	362.55682373046875
0.28208741545677185	"man"	360.3271179199219	115.9346923828125	444.4238586425781	375.7684631347656
0.2591392397880554	"woman"	142.1527862548828	127.017822265625	253.3391571044922	362.87481689453125
