"score"	"label"	"x0"	"y0"	"x1"	"y1"
0.41030922532081604	"woman"	148.2030792236328	101.15548706054688	468.7391357421875	425.5174255371094
0.2950423061847687	"woman"	148.32281494140625	159.01222229003906	466.5087890625	425.06005859375
0.25098538398742676	"woman"	175.4656219482422	100.92012786865234	465.971435546875	146.6796417236328
