"score"	"label"	"x0"	"y0"	"x1"	"y1"
0.49104902148246765	"woman"	13.900787353515625	76.26437377929688	431.55706787109375	598.0228271484375
0.3540191352367401	"man"	16.105209350585938	76.9766845703125	431.92205810546875	598.541748046875
0.2874163091182709	"man"	43.37669372558594	77.06344604492188	430.87164306640625	597.2724609375
