"score"	"label"	"x0"	"y0"	"x1"	"y1"
0.5421193838119507	"man"	66.83306884765625	140.36534118652344	248.71609497070312	528.83154296875
