"score"	"label"	"x0"	"y0"	"x1"	"y1"
0.8377541303634644	"man"	134.79835510253906	109.68218994140625	282.02978515625	591.105712890625
