"score"	"label"	"x0"	"y0"	"x1"	"y1"
0.6510602235794067	"man"	2.0391998291015625	67.31748962402344	322.960205078125	549.5247192382812
0.45788565278053284	"woman"	1.8816680908203125	67.54241943359375	322.8729248046875	549.8685913085938
