"score"	"label"	"x0"	"y0"	"x1"	"y1"
0.2836449146270752	"woman"	339.0407409667969	42.09910583496094	522.1469116210938	431.22100830078125
0.27694088220596313	"woman"	63.19013977050781	20.99853515625	523.1900024414062	436.1221923828125
