"score"	"label"	"x0"	"y0"	"x1"	"y1"
0.3104095458984375	"man"	28.02877426147461	235.32199096679688	39.22300338745117	266.5636901855469
0.333159863948822	"man"	17.041854858398438	233.1999053955078	28.136817932128906	267.267333984375
