"score"	"label"	"x0"	"y0"	"x1"	"y1"
0.49629849195480347	"man"	22.865840911865234	111.03605651855469	142.96910095214844	496.98468017578125
0.3528846800327301	"man"	259.08795166015625	155.97906494140625	392.2593994140625	399.504150390625
0.26712554693222046	"man"	8.6785888671875	143.51864624023438	74.06536102294922	399.5805969238281
