"score"	"label"	"x0"	"y0"	"x1"	"y1"
0.5525791645050049	"woman"	59.39432144165039	326.0806884765625	78.47676086425781	370.78076171875
0.4177490770816803	"man"	59.49699401855469	326.08837890625	78.39231872558594	370.74212646484375
0.34157735109329224	"woman"	59.35661697387695	326.1761474609375	78.43119812011719	370.79498291015625
0.2662188410758972	"woman"	42.96809387207031	327.2445068359375	62.15088653564453	370.3914794921875
0.30608728528022766	"man"	42.962196350097656	327.3760070800781	62.05223083496094	370.3370666503906
