score	label	x0	y0	x1	y1
0.390591025352478	woman	307.9767150878906	102.30196380615234	384.3041687011719	357.7819519042969
0.3859798908233642	man	209.65675354003903	80.49180603027344	283.4841613769531	344.909423828125
0.3476715981960296	woman	271.9890441894531	88.30696105957031	333.0283508300781	348.95440673828125
