"score"	"label"	"x0"	"y0"	"x1"	"y1"
0.29840555787086487	"w"	6.5834197998046875	79.85385131835938	357.671875	595.318603515625
0.28377875685691833	"w"	6.67852783203125	80.076416015625	357.7428283691406	595.5700073242188
