"score"	"label"	"x0"	"y0"	"x1"	"y1"
0.2582906186580658	"man"	293.0031433105469	179.89796447753906	311.7375183105469	207.17640686035156
