score	label	x0	y0	x1	y1
0.4184113144874573	woman	72.23046875	83.48912048339844	328.7486877441406	471.6416015625
