score	label	x0	y0	x1	y1
0.4792427718639374	man	295.4093933105469	285.1181640625	375.8006896972656	424.7756958007813
0.3988513946533203	woman	136.17141723632812	297.67230224609375	190.8037109375	421.5486450195313
