"score"	"label"	"x0"	"y0"	"x1"	"y1"
0.4000840187072754	"woman"	204.55018615722656	187.8850860595703	224.62110900878903	220.75587463378903
