"score"	"label"	"x0"	"y0"	"x1"	"y1"
0.4468916654586792	"man"	13.422922134399414	220.6903076171875	21.15384864807129	235.00241088867188
0.25745704770088196	"man"	38.049049377441406	218.58409118652344	44.153594970703125	230.86036682128906
0.2591567039489746	"man"	33.835357666015625	218.08944702148438	38.85380554199219	230.9129638671875
