"score"	"label"	"x0"	"y0"	"x1"	"y1"
0.3258216977119446	"m a n"	2.559356689453125	1.373077392578125	597.5408935546875	381.6555480957031
