"score"	"label"	"x0"	"y0"	"x1"	"y1"
0.3005838096141815	"man"	20.74462890625	283.96319580078125	387.3636779785156	553.3320922851562
0.27084875106811523	"man"	119.91878509521484	355.45733642578125	255.17474365234375	553.2968139648438
0.27899402379989624	"man"	250.88821411132812	350.894775390625	279.5084533691406	403.1304931640625
0.268228143453598	"man"	20.1728515625	26.434349060058594	387.92950439453125	213.03524780273438
