"score"	"label"	"x0"	"y0"	"x1"	"y1"
0.41818979382514954	"man"	537.6170043945312	296.8430480957031	544.3327026367188	312.9558410644531
0.2780718207359314	"man"	516.47705078125	297.1864013671875	523.254150390625	312.18829345703125
0.25444361567497253	"man"	569.6414794921875	296.2796630859375	576.202880859375	313.521484375
