score	label	x0	y0	x1	y1
0.2846098244190216	woman	123.66048431396484	379.1339416503906	307.7415466308594	554.6436157226562
0.2564791142940521	woman	109.974365234375	54.8115234375	329.60467529296875	265.1698303222656
