"score"	"label"	"x0"	"y0"	"x1"	"y1"
0.27682849764823914	"man"	40.741859436035156	179.84446716308594	73.81043243408203	205.7966766357422
