"score"	"label"	"x0"	"y0"	"x1"	"y1"
0.29077452421188354	"m"	29.7041015625	111.13236236572266	446.3497009277344	313.9326171875
