"score"	"label"	"x0"	"y0"	"x1"	"y1"
0.33816495537757874	"woman"	62.34804916381836	162.57887268066406	184.75112915039062	415.79205322265625
0.30642256140708923	"woman"	376.8511047363281	155.62777709960938	430.4833068847656	357.8086242675781
0.29868435859680176	"woman"	514.8621826171875	148.05650329589844	555.0601806640625	304.73577880859375
0.3111215829849243	"woman"	458.4724426269531	135.372802734375	522.9486083984375	303.1622619628906
0.26749277114868164	"woman"	177.82769775390625	184.02593994140625	256.3203125	415.94866943359375
0.2829029858112335	"woman"	274.7918701171875	187.84683227539062	354.73687744140625	415.7051696777344
0.2722148001194	"woman"	411.91412353515625	132.93202209472656	451.0948486328125	303.575439453125
0.25550925731658936	"woman"	338.5763244628906	185.72662353515625	379.7497863769531	379.547119140625
