"score"	"label"	"x0"	"y0"	"x1"	"y1"
0.335399329662323	"man"	165.70266723632812	176.91354370117188	382.7398986816406	306.5858154296875
