"score"	"label"	"x0"	"y0"	"x1"	"y1"
0.2780758440494537	"woman"	374.1592102050781	231.1918487548828	392.8472595214844	261.1651916503906
