"score"	"label"	"x0"	"y0"	"x1"	"y1"
0.25280410051345825	"a"	6.6368255615234375	5.1008148193359375	280.79034423828125	309.18475341796875
