"score"	"label"	"x0"	"y0"	"x1"	"y1"
0.41003456711769104	"man"	203.39344787597656	266.9740905761719	241.10670471191406	310.7936096191406
