"score"	"label"	"x0"	"y0"	"x1"	"y1"
0.4949937164783478	"woman"	106.26432800292967	49.4642333984375	595.509765625	597.9037475585938
