"score"	"label"	"x0"	"y0"	"x1"	"y1"
0.6619670391082764	"woman"	38.73028564453125	121.48747253417967	358.08612060546875	549.6810913085938
