"score"	"label"	"x0"	"y0"	"x1"	"y1"
0.45880645513534546	"man"	8.800949096679688	10.61669921875	397.57379150390625	474.795654296875
0.28042906522750854	"woman"	8.570098876953125	10.60723876953125	397.37353515625	474.7417297363281
