"score"	"label"	"x0"	"y0"	"x1"	"y1"
0.42053741216659546	"man woman"	109.78022766113281	308.11553955078125	176.39903259277344	444.016845703125
0.40386155247688293	"man"	107.03447723388672	285.42962646484375	183.76190185546875	445.18280029296875
