"score"	"label"	"x0"	"y0"	"x1"	"y1"
0.4143637716770172	"man"	310.5822448730469	235.17820739746094	337.2620544433594	335.2330627441406
0.3127403259277344	"man"	67.68504333496094	249.97164916992188	109.58546447753906	347.5018005371094
0.3504963517189026	"man"	274.6473693847656	223.89991760253906	296.9212341308594	280.58062744140625
0.2951604723930359	"man"	137.5350341796875	230.89031982421875	174.4022216796875	318.99505615234375
0.33053743839263916	"man"	4.010343551635742	275.49835205078125	49.75597381591797	409.237060546875
0.2708398401737213	"man"	32.80262756347656	268.78533935546875	74.54205322265625	371.400634765625
0.2652500569820404	"man"	110.11002349853516	238.55029296875	151.51242065429688	320.22235107421875
0.2509542405605316	"man"	156.471435546875	227.99510192871094	188.542236328125	303.98291015625
