"score"	"label"	"x0"	"y0"	"x1"	"y1"
0.2904809415340423	"woman"	407.15228271484375	368.76654052734375	428.5431518554687	400.7151489257813
