"score"	"label"	"x0"	"y0"	"x1"	"y1"
0.28412193059921265	"w"	411.14300537109375	48.991943359375	516.7582397460938	380.7116394042969
