"score"	"label"	"x0"	"y0"	"x1"	"y1"
0.2615211606025696	"w"	51.88529968261719	69.91677856445312	396.992431640625	597.9420166015625
