"score"	"label"	"x0"	"y0"	"x1"	"y1"
0.471453458070755	"man"	209.18795776367188	138.17962646484375	369.3188171386719	551.9220581054688
0.416403204202652	"woman"	209.55413818359375	138.57643127441406	368.75921630859375	551.6455078125
