"score"	"label"	"x0"	"y0"	"x1"	"y1"
0.2925072908401489	"; a ;"	76.23489379882812	62.45361328125	374.236328125	497.131103515625
0.28358781337738037	"m a ;"	121.24122619628906	95.62884521484375	304.83355712890625	495.927001953125
