"score"	"label"	"x0"	"y0"	"x1"	"y1"
0.284023642539978	"man"	156.41888427734375	146.8858642578125	436.23187255859375	298.5705871582031
0.2574596107006073	"man"	109.62051391601562	146.66268920898438	436.5574645996094	298.6788024902344
