"score"	"label"	"x0"	"y0"	"x1"	"y1"
0.29445478320121765	"m ; a ;"	114.62847900390625	46.54438781738281	530.0220336914062	325.92724609375
