"score"	"label"	"x0"	"y0"	"x1"	"y1"
0.25099146366119385	"woman"	407.258544921875	264.0499267578125	417.72259521484375	277.50250244140625
0.32125088572502136	"woman"	89.10999298095703	244.70989990234375	100.19446563720703	264.5726013183594
0.27176108956336975	"man"	89.30715942382812	244.85777282714844	100.10699462890625	264.5321350097656
