"score"	"label"	"x0"	"y0"	"x1"	"y1"
0.5060908794403076	"man"	270.1490173339844	82.1766357421875	384.1418151855469	350.27203369140625
0.36425477266311646	"woman"	367.5156555175781	90.53475952148438	481.0480041503906	357.4009094238281
