"score"	"label"	"x0"	"y0"	"x1"	"y1"
0.29629892110824585	"w"	212.3446807861328	78.01458740234375	331.11602783203125	524.4436645507812
0.26244670152664185	"w"	212.28546142578125	77.92007446289062	331.1246337890625	524.48095703125
