"score"	"label"	"x0"	"y0"	"x1"	"y1"
0.3499831259250641	"woman"	529.9575805664062	195.671875	566.6974487304688	284.6659851074219
0.3171714246273041	"man"	530.48095703125	195.90760803222656	566.16552734375	284.4678955078125
