"score"	"label"	"x0"	"y0"	"x1"	"y1"
0.725671112537384	"woman"	44.64982604980469	11.230613708496094	317.31146240234375	245.895263671875
