"score"	"label"	"x0"	"y0"	"x1"	"y1"
0.26899564266204834	"woman"	170.3972930908203	205.96148681640625	364.01483154296875	315.83807373046875
