score	label	x0	y0	x1	y1
0.3398048877716064	woman	169.78756713867188	242.6989593505859	194.77227783203125	289.32623291015625
