"score"	"label"	"x0"	"y0"	"x1"	"y1"
0.9243757128715515	"man"	137.9256134033203	203.3852081298828	228.88352966308594	483.9232177734375
