score	label	x0	y0	x1	y1
0.4206902980804443	man	344.2627258300781	211.17088317871097	382.4628601074219	304.5504150390625
0.2923619151115417	woman	256.386474609375	231.1560516357422	288.94482421875	287.884765625
0.2661885917186737	woman	122.35149383544922	218.50570678710935	150.79222106933594	291.9089050292969
