"score"	"label"	"x0"	"y0"	"x1"	"y1"
0.2547832727432251	"woman"	104.20899963378906	46.493560791015625	539.3010864257812	359.4508361816406
