"score"	"label"	"x0"	"y0"	"x1"	"y1"
0.3507228195667267	"man"	70.6964111328125	95.82347106933594	331.40106201171875	558.671630859375
0.5969672799110413	"woman"	70.71272277832031	96.1658935546875	331.20880126953125	558.8609619140625
0.2512439787387848	"woman"	70.69926452636719	95.95927429199219	331.264404296875	558.77880859375
