"score"	"label"	"x0"	"y0"	"x1"	"y1"
0.8305656313896179	"man"	17.568988800048828	256.7940368652344	51.41616439819336	341.2416076660156
