"score"	"label"	"x0"	"y0"	"x1"	"y1"
0.3019933104515075	"woman"	555.7153930664062	159.37049865722656	577.1425170898438	195.5446929931641
0.2625753879547119	"woman"	584.07763671875	158.18067932128906	600.0233154296875	196.3855438232422
0.2574848532676697	"woman"	501.4745788574219	165.82606506347656	523.6140747070312	202.2868499755859
