"score"	"label"	"x0"	"y0"	"x1"	"y1"
0.442897230386734	"woman"	213.62811279296875	411.3328857421875	233.843994140625	432.37396240234375
