"score"	"label"	"x0"	"y0"	"x1"	"y1"
0.38719451427459717	"man"	58.22957229614258	83.498046875	148.3443603515625	339.9794616699219
0.32521313428878784	"man"	383.49554443359375	79.15628051757812	480.757568359375	406.8045349121094
0.30768612027168274	"man"	449.91156005859375	91.71949768066406	557.8259887695312	416.07720947265625
0.3329090476036072	"man"	281.0079650878906	69.62107849121094	352.2331848144531	369.30523681640625
0.3315609097480774	"man"	337.8019714355469	61.3741455078125	421.9404602050781	384.0774841308594
0.31062859296798706	"man"	194.5090789794922	102.35665130615234	273.0997619628906	351.9196472167969
0.3214476704597473	"man"	144.16162109375	95.506103515625	211.73458862304688	341.5050048828125
0.2658720016479492	"man"	260.30706787109375	78.80891418457031	314.931640625	357.4168701171875
0.259357213973999	"man"	458.1594543457031	92.101318359375	536.673583984375	416.2346496582031
