"score"	"label"	"x0"	"y0"	"x1"	"y1"
0.7597699165344238	"woman"	213.38168334960935	118.63615417480467	284.17578125	258.01751708984375
