score	label	x0	y0	x1	y1
0.4879481792449951	woman	2.6862335205078125	95.2550811767578	332.29754638671875	547.5433349609375
