"score"	"label"	"x0"	"y0"	"x1"	"y1"
0.46379005908966064	"man"	539.5586547851562	286.9399719238281	550.6253051757812	315.8879699707031
0.3851098120212555	"man"	522.2830200195312	282.54156494140625	531.6791381835938	311.27099609375
