"score"	"label"	"x0"	"y0"	"x1"	"y1"
0.3853973150253296	"woman"	0.8427925109863281	153.61672973632812	93.29776000976562	310.16522216796875
