"score"	"label"	"x0"	"y0"	"x1"	"y1"
0.7486637234687805	"woman"	309.41461181640625	195.84544372558594	329.8973388671875	282.6977844238281
