"score"	"label"	"x0"	"y0"	"x1"	"y1"
0.46259111166000366	"woman"	50.42750549316406	69.4482421875	396.41094970703125	596.823974609375
0.4081512987613678	"man"	52.2408447265625	70.3482666015625	395.7191162109375	597.5177612304688
