"score"	"label"	"x0"	"y0"	"x1"	"y1"
0.2970971465110779	"man"	369.5514221191406	57.82966613769531	380.1706237792969	82.27334594726562
