"score"	"label"	"x0"	"y0"	"x1"	"y1"
0.4422522485256195	"woman"	387.3719177246094	261.2151184082031	455.4847717285156	292.0184631347656
0.29359525442123413	"woman"	386.9032897949219	261.4444885253906	503.9283752441406	292.3983459472656
0.25609421730041504	"woman"	419.36895751953125	236.461669921875	464.94073486328125	261.61175537109375
