"score"	"label"	"x0"	"y0"	"x1"	"y1"
0.42002972960472107	"man woman"	107.20783996582031	28.262908935546875	233.73817443847656	549.6357421875
0.2562766373157501	"man"	93.16905975341797	22.877838134765625	265.4935302734375	549.5576171875
0.3454277813434601	"man"	106.58341979980469	28.364776611328125	234.22828674316406	549.232666015625
