score	label	x0	y0	x1	y1
0.4545722901821136	man	53.8077392578125	14.711273193359377	371.6160278320313	549.89111328125
