"score"	"label"	"x0"	"y0"	"x1"	"y1"
0.3191446363925934	"woman"	464.362548828125	289.5101318359375	584.9669189453125	430.99200439453125
0.2569991946220398	"woman"	589.7415161132812	344.21234130859375	599.7356567382812	379.85308837890625
