"score"	"label"	"x0"	"y0"	"x1"	"y1"
0.6261119842529297	"man"	419.17010498046875	257.5038757324219	437.99322509765625	309.9970397949219
0.4607800245285034	"man"	134.6647186279297	256.2408142089844	143.70228576660156	281.2696838378906
0.4247190058231354	"man"	179.56602478027344	256.13128662109375	188.51234436035156	282.50823974609375
0.38071948289871216	"man"	327.2868347167969	254.85882568359375	338.0563049316406	284.84698486328125
0.42639824748039246	"man"	165.947265625	259.31268310546875	174.16390991210938	281.71539306640625
0.4155214726924896	"man"	116.85774230957031	256.3111572265625	126.62559509277344	281.415771484375
0.2984215021133423	"man"	210.34365844726562	256.8856506347656	219.31204223632812	280.5854797363281
0.29281869530677795	"man"	73.72845458984375	258.8568420410156	82.64247131347656	277.7955017089844
0.25036075711250305	"man"	352.796142578125	244.9840087890625	363.02935791015625	273.04730224609375
