"score"	"label"	"x0"	"y0"	"x1"	"y1"
0.5939643383026123	"man"	188.7818603515625	39.195556640625	317.6634826660156	512.3082275390625
0.43865254521369934	"woman"	63.78495788574219	77.72409057617188	216.37318420410156	509.5280456542969
