"score"	"label"	"x0"	"y0"	"x1"	"y1"
0.2971089780330658	"woman"	78.80274963378906	118.35771179199219	96.38604736328125	149.7124481201172
0.2743734121322632	"man"	79.15913391113281	118.61929321289062	96.17997741699219	149.58685302734375
