"score"	"label"	"x0"	"y0"	"x1"	"y1"
0.8070202469825745	"woman"	3.1926345825195312	128.6470947265625	163.37008666992188	588.5916137695312
