"score"	"label"	"x0"	"y0"	"x1"	"y1"
0.37171709537506104	"m ; a ;"	0.00494384765625	35.08982849121094	406.0890197753906	511.06109619140625
