"score"	"label"	"x0"	"y0"	"x1"	"y1"
0.2532017827033996	"man"	330.47259521484375	179.10458374023438	418.3318481445313	391.1047058105469
