score	label	x0	y0	x1	y1
0.4095895886421203	woman	0.2683038711547851	339.7912292480469	20.31507873535156	401.1362609863281
