score	label	x0	y0	x1	y1
0.4705654382705688	woman	101.6328582763672	80.74351501464844	404.4109497070313	591.367919921875
