"score"	"label"	"x0"	"y0"	"x1"	"y1"
0.3116700351238251	"m ; a ; n"	1.8026123046875	2.4805145263671875	599.1437377929688	331.7095947265625
