"score"	"label"	"x0"	"y0"	"x1"	"y1"
0.2701510190963745	"woman"	534.5647583007812	220.9946746826172	544.9735717773438	239.8618927001953
