"score"	"label"	"x0"	"y0"	"x1"	"y1"
0.4455842673778534	"man"	189.12875366210938	39.325927734375	317.59539794921875	512.5308227539062
0.44753339886665344	"woman"	63.406517028808594	77.61758422851562	217.001708984375	509.5376892089844
0.2780466377735138	"woman"	6.439888000488281	77.12033081054688	220.2353515625	532.2313232421875
