"score"	"label"	"x0"	"y0"	"x1"	"y1"
0.3000485301017761	"man"	312.2645568847656	250.14480590820312	333.6841125488281	285.6603088378906
0.2696612477302551	"woman"	312.8072204589844	252.35879516601562	332.6285705566406	285.3002014160156
