"score"	"label"	"x0"	"y0"	"x1"	"y1"
0.3167112171649933	"m ; a ; n"	111.76954650878906	78.63439178466797	515.6925048828125	328.2315673828125
