"score"	"label"	"x0"	"y0"	"x1"	"y1"
0.8126451969146729	"man"	48.76417541503906	85.83755493164062	362.47137451171875	598.3760986328125
