"score"	"label"	"x0"	"y0"	"x1"	"y1"
0.3543475866317749	"woman"	239.84573364257812	188.0977020263672	381.9187316894531	386.0323486328125
