"score"	"label"	"x0"	"y0"	"x1"	"y1"
0.30368950963020325	"m ; a ; n"	202.80453491210938	154.74354553222656	344.6851501464844	407.93768310546875
