"score"	"label"	"x0"	"y0"	"x1"	"y1"
0.26698705554008484	"woman"	205.57830810546875	379.9950256347656	222.5579833984375	407.7443542480469
