"score"	"label"	"x0"	"y0"	"x1"	"y1"
0.3523002862930298	"man"	125.88776397705078	205.68869018554688	147.11715698242188	251.14663696289062
0.3031595051288605	"man"	2.7377395629882812	202.97988891601562	148.01593017578125	256.6018371582031
0.3054889142513275	"woman"	125.88807678222656	205.62876892089844	147.08717346191406	251.21522521972656
0.2776716649532318	"man"	108.62808990478516	206.61375427246094	129.32798767089844	250.09458923339844
