"score"	"label"	"x0"	"y0"	"x1"	"y1"
0.25501349568367004	"man"	352.92962646484375	340.8128967285156	438.26318359375	455.6952209472656
