"score"	"label"	"x0"	"y0"	"x1"	"y1"
0.30646494030952454	"woman"	277.2881774902344	200.235595703125	528.8052978515625	268.78228759765625
