"score"	"label"	"x0"	"y0"	"x1"	"y1"
0.3261910676956177	"m"	84.68585205078125	108.05677795410156	424.9278259277344	597.4990844726562
0.25208356976509094	"m"	84.79922485351562	108.216796875	424.9349670410156	597.5387573242188
