"score"	"label"	"x0"	"y0"	"x1"	"y1"
0.3342427909374237	"man"	441.82293701171875	229.56759643554688	449.3272705078125	243.69192504882812
