"score"	"label"	"x0"	"y0"	"x1"	"y1"
0.2911810874938965	"man"	475.3279113769531	184.74847412109375	515.34619140625	251.24026489257812
