"score"	"label"	"x0"	"y0"	"x1"	"y1"
0.3342817723751068	"m ; a ; n"	364.552734375	65.70167541503906	545.4127197265625	246.4435577392578
