"score"	"label"	"x0"	"y0"	"x1"	"y1"
0.5522497892379761	"man"	138.29440307617188	127.44058227539062	299.1536865234375	590.31884765625
0.29836395382881165	"man"	440.94976806640625	80.89974975585938	566.401611328125	585.5643310546875
