"score"	"label"	"x0"	"y0"	"x1"	"y1"
0.6458959579467773	"woman"	108.67622375488281	67.11923217773438	268.85321044921875	515.28173828125
0.2623090445995331	"man"	109.2388687133789	67.89529418945312	268.2669372558594	515.1475830078125
