score	label	x0	y0	x1	y1
0.2661754786968231	woman	317.2162780761719	279.52227783203125	342.2652282714844	332.0262451171875
