"score"	"label"	"x0"	"y0"	"x1"	"y1"
0.472259521484375	"woman"	153.9739532470703	92.91943359375	242.3079376220703	412.13330078125
0.32700014114379883	"woman"	228.08885192871094	120.82670593261719	321.56024169921875	389.97857666015625
0.3455575406551361	"woman"	291.6009521484375	128.77621459960938	331.8778076171875	239.73733520507812
0.2638193964958191	"woman"	121.9482650756836	116.55772399902344	181.81614685058594	372.69305419921875
0.3328068256378174	"woman"	229.42733764648438	121.2806167602539	317.0700988769531	250.07373046875
