"score"	"label"	"x0"	"y0"	"x1"	"y1"
0.8717565536499023	"man"	421.47088623046875	184.22608947753906	493.434814453125	385.89190673828125
