"score"	"label"	"x0"	"y0"	"x1"	"y1"
0.2627262473106384	"m"	14.14849853515625	68.89924621582031	584.4442138671875	286.98541259765625
