"score"	"label"	"x0"	"y0"	"x1"	"y1"
0.8304196000099182	"woman"	25.494171142578125	127.98085021972656	394.9191589355469	591.96337890625
