"score"	"label"	"x0"	"y0"	"x1"	"y1"
0.5229538679122925	"woman"	50.277252197265625	105.46847534179688	381.4118347167969	596.4354248046875
