"score"	"label"	"x0"	"y0"	"x1"	"y1"
0.47720080614089966	"woman"	76.76602172851562	97.56570434570312	342.4227600097656	490.0586853027344
0.2777872383594513	"man"	77.78089904785156	98.66641235351562	341.9818115234375	489.6122741699219
