"score"	"label"	"x0"	"y0"	"x1"	"y1"
0.5357863903045654	"man"	3.3277130126953125	56.555389404296875	389.15533447265625	596.7078857421875
0.26821544766426086	"woman"	2.97552490234375	57.18206787109375	388.9365234375	597.684326171875
