"score"	"label"	"x0"	"y0"	"x1"	"y1"
0.6456810235977173	"woman"	196.43002319335935	275.54095458984375	383.6444396972656	596.1055297851562
0.5152487754821777	"man"	128.5580291748047	138.6573028564453	316.89044189453125	560.0227661132812
