"score"	"label"	"x0"	"y0"	"x1"	"y1"
0.8255466222763062	"man"	346.4576110839844	144.5230255126953	389.2165222167969	192.3794403076172
