"score"	"label"	"x0"	"y0"	"x1"	"y1"
0.3696934878826141	"man"	280.6098327636719	231.30120849609375	300.2742004394531	274.8685607910156
