"score"	"label"	"x0"	"y0"	"x1"	"y1"
0.2535860538482666	"w"	25.255691528320312	127.27810668945312	396.55023193359375	592.1336669921875
