"score"	"label"	"x0"	"y0"	"x1"	"y1"
0.34745287895202637	"m"	0.081298828125	-0.122528076171875	387.0210876464844	549.8724365234375
0.2661021947860718	"a"	0.072418212890625	-0.099822998046875	387.05963134765625	549.892578125
