"score"	"label"	"x0"	"y0"	"x1"	"y1"
0.41761019825935364	"woman"	265.0835876464844	267.74847412109375	278.7830505371094	301.070068359375
0.3587421774864197	"man"	265.705322265625	268.03057861328125	278.4901123046875	300.89849853515625
0.3149041533470154	"woman"	261.2345886230469	264.8712463378906	283.2658386230469	303.0683898925781
