"score"	"label"	"x0"	"y0"	"x1"	"y1"
0.28098514676094055	"woman"	504.2695617675781	138.0610809326172	548.3670654296875	265.46759033203125
0.3197256624698639	"woman"	191.3118896484375	144.81924438476562	229.77130126953125	255.84567260742188
0.3100789785385132	"woman"	245.41067504882812	146.67625427246094	284.4861145019531	247.18873596191406
0.4256497919559479	"man"	505.6461486816406	138.03564453125	547.7930908203125	265.43878173828125
0.2500576078891754	"woman"	336.83819580078125	146.8003387451172	382.56463623046875	271.04754638671875
0.2827758491039276	"woman"	190.7227783203125	145.0094757080078	238.96273803710938	255.8651580810547
0.25090086460113525	"man"	550.6705322265625	152.21986389160156	592.0447998046875	256.7444763183594
0.27631840109825134	"man"	396.97247314453125	137.8526611328125	432.85223388671875	259.9916687011719
0.2554786205291748	"woman"	505.93218994140625	138.14019775390625	547.8280639648438	265.2784729003906
