"score"	"label"	"x0"	"y0"	"x1"	"y1"
0.42949703335762024	"woman"	130.46380615234375	49.18373107910156	297.877197265625	546.78955078125
0.35291415452957153	"man"	130.4139404296875	49.258026123046875	297.9087219238281	546.749755859375
