"score"	"label"	"x0"	"y0"	"x1"	"y1"
0.3490063548088074	"man"	453.39404296875	197.6443023681641	522.1166381835938	451.58941650390625
0.3331207931041717	"woman"	337.71099853515625	230.76116943359375	401.7708740234375	439.4217529296875
0.3169220983982086	"woman"	392.6780090332031	222.63958740234375	463.3545227050781	443.45025634765625
0.2550073564052582	"man"	393.5711364746094	195.22048950195312	522.9754638671875	451.5025939941406
