"score"	"label"	"x0"	"y0"	"x1"	"y1"
0.3008677363395691	"man"	399.5415344238281	251.9874267578125	418.7744445800781	288.980712890625
0.28030821681022644	"woman"	399.8414611816406	252.30215454101562	418.4087829589844	288.9928894042969
