"score"	"label"	"x0"	"y0"	"x1"	"y1"
0.5059199929237366	"woman"	253.95602416992188	299.2397155761719	308.8596496582031	375.7674255371094
0.3712434470653534	"man"	255.65713500976562	300.3370361328125	307.7622985839844	374.46539306640625
