score	label	x0	y0	x1	y1
0.3273383378982544	woman	572.0331420898438	437.2179565429687	600.0088500976562	453.9215087890625
