"score"	"label"	"x0"	"y0"	"x1"	"y1"
0.2662169337272644	"woman"	574.0511474609375	-0.07463932037353516	584.8787841796875	16.02459716796875
