"score"	"label"	"x0"	"y0"	"x1"	"y1"
0.49821895360946655	"woman"	339.05474853515625	183.22911071777344	385.10296630859375	276.804443359375
0.3584708571434021	"woman"	274.11004638671875	192.38912963867188	307.73681640625	277.2853698730469
0.3405480980873108	"woman"	430.823486328125	162.3328094482422	466.58465576171875	270.02581787109375
0.32890450954437256	"woman"	317.8787536621094	212.0228729248047	344.9362487792969	271.85528564453125
0.3073413372039795	"woman"	379.6328430175781	204.34390258789062	405.2602233886719	272.145751953125
