"score"	"label"	"x0"	"y0"	"x1"	"y1"
0.258578360080719	"man"	371.007080078125	102.4193878173828	415.3103637695313	169.07972717285156
