score	label	x0	y0	x1	y1
0.3040604293346405	woman	459.7344970703125	150.7139892578125	470.2852783203125	165.16592407226562
0.2882167398929596	woman	457.0339660644531	147.82461547851562	473.1482238769531	168.4521484375
