"score"	"label"	"x0"	"y0"	"x1"	"y1"
0.3212319314479828	"man"	79.30972290039062	36.14982604980469	537.4761962890625	421.6364135742187
