"score"	"label"	"x0"	"y0"	"x1"	"y1"
0.4321444034576416	"woman"	268.95367431640625	191.73715209960935	280.2783203125	210.39666748046875
