"score"	"label"	"x0"	"y0"	"x1"	"y1"
0.2916838824748993	"m a n"	7.346527099609375	8.643234252929688	593.3626708984375	379.329345703125
