"score"	"label"	"x0"	"y0"	"x1"	"y1"
0.2598447799682617	"woman"	494.7576599121094	186.532958984375	507.7301940917969	221.8603515625
