score	label	x0	y0	x1	y1
0.4289037585258484	man	0.5238800048828125	35.33207702636719	403.08740234375	506.8942260742187
