"score"	"label"	"x0"	"y0"	"x1"	"y1"
0.3843425512313843	"man"	515.0131225585938	167.44268798828125	553.5907592773438	252.59481811523438
0.27040401101112366	"man"	560.395751953125	167.447509765625	598.7091064453125	266.05438232421875
0.28114134073257446	"woman"	489.6891174316406	182.7714080810547	511.1615295410156	241.3480682373047
