"score"	"label"	"x0"	"y0"	"x1"	"y1"
0.7754298448562622	"man"	184.91354370117188	168.0233154296875	255.81259155273438	358.13909912109375
