"score"	"label"	"x0"	"y0"	"x1"	"y1"
0.25453370809555054	"woman"	531.5662841796875	-0.07125377655029297	599.970947265625	19.86574935913086
