score	label	x0	y0	x1	y1
0.3550748527050018	man	136.8058319091797	293.92431640625	162.9683380126953	365.0623168945313
0.2857349514961242	woman	36.932003021240234	298.64007568359375	82.90647888183594	369.7595825195313
0.2839905321598053	woman	55.332637786865234	300.2425842285156	79.41246795654297	367.7308654785156
