"score"	"label"	"x0"	"y0"	"x1"	"y1"
0.5263047218322754	"woman"	229.54006958007812	277.0973815917969	243.3262939453125	306.1710510253906
0.505979061126709	"woman"	130.86500549316406	273.5951232910156	143.54981994628906	303.0423278808594
0.2771890461444855	"woman"	120.84638977050781	102.70419311523438	162.9861602783203	143.7577667236328
0.3266327381134033	"woman"	120.63713073730469	211.68368530273438	134.4401092529297	242.13815307617188
0.3065608739852905	"woman"	181.3557891845703	378.99041748046875	190.58595275878906	402.6961669921875
0.27057093381881714	"woman"	182.70994567871094	276.4040222167969	196.8697967529297	299.8957214355469
