"score"	"label"	"x0"	"y0"	"x1"	"y1"
0.5753408074378967	"man"	46.86262512207031	51.25482177734375	80.82435607910156	139.04420471191406
0.2825279831886291	"woman"	75.79109191894531	56.75067138671875	103.3755340576172	85.80615234375
