"score"	"label"	"x0"	"y0"	"x1"	"y1"
0.7278441190719604	"woman"	139.42572021484375	43.059814453125	276.268310546875	534.0869140625
