"score"	"label"	"x0"	"y0"	"x1"	"y1"
0.2751044034957886	"m"	533.28759765625	0.04012870788574219	584.129638671875	19.80453872680664
