"score"	"label"	"x0"	"y0"	"x1"	"y1"
0.33354976773262024	"man"	301.0746765136719	126.83289337158203	323.1589050292969	144.00799560546875
0.28072643280029297	"man"	301.87493896484375	127.5819091796875	311.6343994140625	141.83285522460938
