"score"	"label"	"x0"	"y0"	"x1"	"y1"
0.47159674763679504	"man"	35.55220031738281	71.76176452636719	276.52801513671875	547.6077880859375
0.28178995847702026	"man"	35.00787353515625	70.73577880859375	355.2398986816406	547.3248901367188
