"score"	"label"	"x0"	"y0"	"x1"	"y1"
0.38427841663360596	"man"	578.3688354492188	142.82571411132812	599.1227416992188	178.8447265625
0.3047344982624054	"woman"	578.7137451171875	143.49868774414062	599.1463623046875	178.28192138671875
0.2680853307247162	"man"	576.3849487304688	131.0486297607422	599.1382446289062	194.02064514160156
