"score"	"label"	"x0"	"y0"	"x1"	"y1"
0.9384980201721191	"woman"	107.27113342285156	33.34696960449219	285.53448486328125	539.2384643554688
