"score"	"label"	"x0"	"y0"	"x1"	"y1"
0.491527110338211	"woman"	2.3114013671875	92.46112060546876	425.0116271972656	598.462646484375
