"score"	"label"	"x0"	"y0"	"x1"	"y1"
0.4603140652179718	"woman"	56.01792907714844	173.7456512451172	75.95973205566406	224.8235015869141
0.3529287576675415	"man"	127.98428344726562	167.8960418701172	142.79696655273438	194.38539123535156
