"score"	"label"	"x0"	"y0"	"x1"	"y1"
0.25641530752182007	"a"	374.4896545410156	61.04309844970703	500.3649597167969	203.36618041992188
