"score"	"label"	"x0"	"y0"	"x1"	"y1"
0.26937007904052734	"a ;"	34.623382568359375	70.11701965332031	376.0316162109375	458.790283203125
