"score"	"label"	"x0"	"y0"	"x1"	"y1"
0.32308652997016907	"woman"	352.4572448730469	245.63046264648438	374.4929504394531	284.1439514160156
0.30139920115470886	"man"	352.9082336425781	246.08853149414062	374.0329284667969	283.9213562011719
