"score"	"label"	"x0"	"y0"	"x1"	"y1"
0.30657994747161865	"woman"	342.318359375	61.966121673583984	400.65008544921875	187.55409240722656
0.3060234785079956	"woman"	272.0816345214844	112.74708557128906	322.6085510253906	254.54942321777344
0.2784164547920227	"woman"	103.65726470947266	204.72738647460938	159.17453002929688	337.6501159667969
0.26324698328971863	"woman"	34.45153045654297	200.49758911132812	116.50542449951172	387.2394104003906
0.26803794503211975	"woman"	156.92263793945312	156.66390991210938	224.52606201171875	364.8564758300781
0.27132758498191833	"woman"	140.5277862548828	153.21807861328125	183.05519104003906	354.44610595703125
0.2761951982975006	"woman"	218.33261108398438	109.48212432861328	273.1668701171875	267.2643127441406
