"score"	"label"	"x0"	"y0"	"x1"	"y1"
0.4503293037414551	"man"	502.6601867675781	114.37686157226562	540.5059814453125	180.31381225585938
0.2616119682788849	"man"	439.85784912109375	113.8916015625	541.82958984375	256.746337890625
