"score"	"label"	"x0"	"y0"	"x1"	"y1"
0.27869656682014465	"m a"	168.58824157714844	81.57369995117188	426.45648193359375	596.2462158203125
