"score"	"label"	"x0"	"y0"	"x1"	"y1"
0.3151353895664215	"man"	50.59817886352539	422.789794921875	57.26504135131836	428.81011962890625
0.2646438777446747	"man"	332.8118591308594	334.4168701171875	340.3728332519531	343.9901123046875
