"score"	"label"	"x0"	"y0"	"x1"	"y1"
0.5655762553215027	"woman"	361.6356506347656	156.6798858642578	381.4166564941406	203.5955047607422
0.46751460433006287	"woman"	381.13604736328125	149.87359619140625	395.4586181640625	201.55328369140625
