"score"	"label"	"x0"	"y0"	"x1"	"y1"
0.27886560559272766	"man"	160.90037536621094	154.66065979003906	265.5377197265625	348.515869140625
0.27227315306663513	"man"	167.53199768066406	155.82815551757812	262.471923828125	243.15298461914062
0.2625683844089508	"man"	167.25567626953125	156.19927978515625	262.7704162597656	286.12139892578125
0.2993807792663574	"man"	166.26466369628906	156.54449462890625	262.807373046875	322.7933044433594
