score	label	x0	y0	x1	y1
0.6766871213912964	man	124.2743148803711	74.19854736328125	341.1495056152344	534.8681030273438
