"score"	"label"	"x0"	"y0"	"x1"	"y1"
0.5485697388648987	"woman"	1.949859619140625	150.30978393554688	375.4436340332031	441.8774719238281
0.25658750534057617	"woman"	0.9701995849609375	150.21351623535156	375.427978515625	549.4743041992188
