score	label	x0	y0	x1	y1
0.3573068976402282	woman	333.11700439453125	139.10235595703125	422.71820068359375	376.4938354492187
0.2513356506824493	man	307.1872863769531	48.12847900390625	396.0002746582031	180.83692932128903
