"score"	"label"	"x0"	"y0"	"x1"	"y1"
0.3209545612335205	"m ; a ; n"	26.749176025390625	84.15519714355469	555.3128662109375	391.355712890625
