score	label	x0	y0	x1	y1
0.3150552809238434	woman	59.83464431762695	271.02410888671875	73.76852416992188	303.25494384765625
0.2789325416088104	woman	116.11116790771484	265.14471435546875	128.73001098632812	292.85552978515625
0.2575844228267669	woman	56.55533599853515	268.51324462890625	77.69194793701172	306.6156005859375
