score	label	x0	y0	x1	y1
0.2537027597427368	woman	170.54531860351562	158.2010498046875	458.0849304199219	599.5413818359375
