"score"	"label"	"x0"	"y0"	"x1"	"y1"
0.2588280737400055	"woman"	93.56631469726562	20.506454467773438	103.12789916992188	34.856781005859375
0.27466094493865967	"man"	93.55595397949219	20.51357650756836	103.1910400390625	34.93912887573242
0.29877570271492004	"woman"	32.3843879699707	11.155466079711914	49.8066291809082	30.951589584350586
0.28141602873802185	"man"	32.415061950683594	11.272200584411621	49.77606201171875	30.9666748046875
