"score"	"label"	"x0"	"y0"	"x1"	"y1"
0.6763058304786682	"man"	400.4071350097656	224.228759765625	450.3642883300781	380.4459228515625
0.6283844113349915	"man"	330.1563415527344	217.30406188964844	397.1465759277344	376.0096435546875
0.5464370250701904	"man"	230.5753936767578	209.98751831054688	279.1571960449219	361.8258972167969
0.6378816366195679	"man"	278.0210266113281	204.33236694335938	332.3752746582031	345.6900939941406
0.4407634735107422	"man"	241.8133544921875	305.1951599121094	294.51361083984375	383.5716857910156
0.38823774456977844	"man"	290.1751403808594	315.4015197753906	347.0201110839844	389.5909729003906
0.34236928820610046	"man"	199.6084442138672	258.13714599609375	237.57313537597656	370.04351806640625
