"score"	"label"	"x0"	"y0"	"x1"	"y1"
0.3267630338668823	"man"	536.3689575195312	295.53900146484375	545.4268188476562	313.65399169921875
0.2945561110973358	"woman"	536.6810302734375	295.862060546875	545.3023681640625	313.5179443359375
