"score"	"label"	"x0"	"y0"	"x1"	"y1"
0.793572723865509	"man"	236.79685974121094	177.47308349609375	336.49652099609375	363.3311767578125
0.5020787119865417	"woman"	192.38235473632812	183.4752655029297	257.2447814941406	342.45068359375
0.2699294984340668	"woman"	236.7733917236328	177.50230407714844	336.4928894042969	363.43524169921875
0.3553382456302643	"woman"	192.49459838867188	183.33250427246094	257.4979553222656	341.835693359375
