"score"	"label"	"x0"	"y0"	"x1"	"y1"
0.26374608278274536	"w o ;"	61.766448974609375	110.62093353271484	501.3053894042969	305.7893981933594
