score	label	x0	y0	x1	y1
0.3583186566829681	man	119.14192962646484	355.036865234375	255.55029296875	553.2491455078125
0.251044362783432	man	20.57798767089844	283.9302978515625	387.49371337890625	553.03466796875
