"score"	"label"	"x0"	"y0"	"x1"	"y1"
0.43014416098594666	"man"	146.15931701660156	76.45098114013672	168.61671447753906	142.01895141601562
0.3704375922679901	"man"	230.561279296875	79.29531860351562	257.42913818359375	131.5205078125
0.3670349419116974	"man"	205.31573486328125	89.03922271728516	226.54220581054688	134.40048217773438
