"score"	"label"	"x0"	"y0"	"x1"	"y1"
0.42418572306632996	"woman"	342.0978088378906	175.84634399414062	558.0982055664062	457.8345642089844
0.33208000659942627	"woman"	29.25220489501953	171.32276916503906	236.3529052734375	457.85980224609375
0.25846871733665466	"woman"	233.85549926757812	87.25984191894531	383.3293762207031	457.72174072265625
0.2507748603820801	"woman"	363.7650451660156	60.33540344238281	503.5093688964844	398.07366943359375
