"score"	"label"	"x0"	"y0"	"x1"	"y1"
0.6046106219291687	"woman"	268.4749450683594	175.9322509765625	381.0426940917969	572.9368286132812
0.2896685302257538	"woman"	1.6014328002929688	72.26683044433594	238.33514404296875	565.3954467773438
