"score"	"label"	"x0"	"y0"	"x1"	"y1"
0.5278205871582031	"woman"	229.65232849121094	217.13800048828125	278.35540771484375	374.50970458984375
0.4883909523487091	"woman"	182.57464599609375	220.448486328125	235.36239624023438	374.44671630859375
0.4535712003707886	"woman"	315.6643371582031	220.261474609375	365.3190002441406	376.22369384765625
0.37662601470947266	"woman"	104.3893814086914	245.91116333007812	130.46664428710938	317.8701477050781
0.37673404812812805	"woman"	395.72186279296875	237.74169921875	448.63018798828125	379.6168212890625
0.2892868220806122	"woman"	44.949195861816406	245.2615509033203	61.848480224609375	310.3638916015625
0.3224330544471741	"woman"	25.64904022216797	241.59848022460938	50.01969909667969	318.4454040527344
