"score"	"label"	"x0"	"y0"	"x1"	"y1"
0.3073708713054657	"man"	364.89434814453125	264.5123291015625	392.04327392578125	303.879638671875
0.2676188051700592	"man"	339.0499572753906	278.00897216796875	353.8224182128906	305.456787109375
0.2701888084411621	"man"	365.41815185546875	265.0435791015625	382.5804443359375	303.700927734375
