score	label	x0	y0	x1	y1
0.2660848796367645	woman	33.83707046508789	247.05796813964844	56.53493118286133	288.9898681640625
