"score"	"label"	"x0"	"y0"	"x1"	"y1"
0.4423770308494568	"woman"	129.6934356689453	196.45884704589844	148.97630310058594	252.90553283691406
