"score"	"label"	"x0"	"y0"	"x1"	"y1"
0.4680040776729584	"man"	583.72021484375	333.2682800292969	599.135986328125	367.5007629394531
