score	label	x0	y0	x1	y1
0.320277988910675	man	155.80055236816406	162.44058227539062	506.21673583984375	287.1855163574219
0.3078893721103668	man woman	205.1506195068359	170.39352416992188	244.4154815673828	288.0928039550781
