"score"	"label"	"x0"	"y0"	"x1"	"y1"
0.41353628039360046	"man"	411.96337890625	70.82019805908203	476.50677490234375	198.91287231445312
0.38585853576660156	"woman"	412.61590576171875	71.46224975585938	475.80389404296875	198.62924194335938
