"score"	"label"	"x0"	"y0"	"x1"	"y1"
0.4722883403301239	"man"	420.7619018554687	190.4528045654297	440.7393798828125	215.57960510253903
