"score"	"label"	"x0"	"y0"	"x1"	"y1"
0.8028372526168823	"woman"	219.4603729248047	105.03802490234375	310.0796203613281	377.4038391113281
