"score"	"label"	"x0"	"y0"	"x1"	"y1"
0.6699166893959045	"woman"	469.64947509765625	134.80172729492188	515.0787353515625	276.1392517089844
0.2763548195362091	"woman"	233.9489288330078	136.15548706054688	258.35394287109375	236.95260620117188
0.26018768548965454	"woman"	116.41520690917969	123.5048599243164	158.42662048339844	275.06787109375
0.31726595759391785	"woman"	92.56538391113281	156.92747497558594	103.00238037109375	182.11036682128906
