"score"	"label"	"x0"	"y0"	"x1"	"y1"
0.31408220529556274	"m"	236.34938049316406	171.39353942871094	291.5086669921875	259.0130615234375
0.25904977321624756	"a"	236.29466247558594	171.34817504882812	291.58612060546875	259.0535583496094
