score	label	x0	y0	x1	y1
0.3565381467342376	woman	330.6134948730469	249.03610229492188	448.2601623535156	477.2383117675781
0.3503797054290771	woman	270.3702697753906	259.5263671875	373.2407531738281	479.9148559570313
