"score"	"label"	"x0"	"y0"	"x1"	"y1"
0.5014387965202332	"man"	154.64126586914062	150.84388732910156	591.6416015625	598.8427124023438
0.44893163442611694	"woman"	154.33506774902344	150.06842041015625	592.0325927734375	598.7200317382812
