score	label	x0	y0	x1	y1
0.6239795088768005	man	25.28228759765625	126.8931121826172	395.7901306152344	591.0150756835938
