"score"	"label"	"x0"	"y0"	"x1"	"y1"
0.3765307366847992	"woman"	20.303176879882812	2.631336212158203	51.85252380371094	64.67073059082031
0.2700752019882202	"woman"	42.81676483154297	0.7362861633300781	72.41337585449219	72.446044921875
