"score"	"label"	"x0"	"y0"	"x1"	"y1"
0.3721387088298797	"woman"	280.82073974609375	178.1474609375	339.57586669921875	291.5086975097656
0.3225164115428924	"woman man"	422.7933044433594	183.17349243164065	489.4800720214844	308.09454345703125
