"score"	"label"	"x0"	"y0"	"x1"	"y1"
0.30697762966156006	"woman"	424.3903503417969	324.8521728515625	431.6835021972656	336.659423828125
0.25763970613479614	"woman"	421.8544616699219	322.85467529296875	434.1914367675781	338.5921630859375
