"score"	"label"	"x0"	"y0"	"x1"	"y1"
0.26726916432380676	"woman"	56.901832580566406	344.8252868652344	78.33496856689453	373.4842834472656
0.32573530077934265	"woman"	57.299217224121094	352.1466064453125	76.9842758178711	373.44818115234375
