"score"	"label"	"x0"	"y0"	"x1"	"y1"
0.844386875629425	"man"	259.78143310546875	254.97433471679688	307.96319580078125	351.6224670410156
