"score"	"label"	"x0"	"y0"	"x1"	"y1"
0.2752630412578583	"woman"	0.003078460693359375	146.6522674560547	17.870559692382812	178.0336456298828
