"score"	"label"	"x0"	"y0"	"x1"	"y1"
0.3043422400951385	"man"	142.9100341796875	248.616455078125	160.01629638671875	272.59930419921875
0.2853047251701355	"woman"	129.4976348876953	247.8574981689453	144.4759979248047	273.3409423828125
0.2701937854290008	"woman"	31.880929946899418	244.9451446533203	47.30271530151367	273.09686279296875
