"score"	"label"	"x0"	"y0"	"x1"	"y1"
0.28665661811828613	"w"	0.8037567138671875	60.88673400878906	324.22222900390625	499.5784912109375
0.2929648458957672	"w o"	0.712677001953125	61.06599426269531	324.1736145019531	499.67352294921875
0.2558444142341614	"w"	0.7119903564453125	61.42924499511719	324.209716796875	499.41534423828125
