"score"	"label"	"x0"	"y0"	"x1"	"y1"
0.26812276244163513	"a"	1.606689453125	0.3173065185546875	598.548828125	409.4222412109375
