"score"	"label"	"x0"	"y0"	"x1"	"y1"
0.44531911611557007	"woman"	198.24569702148438	241.34095764160156	217.47235107421875	285.8367919921875
0.2706233263015747	"woman"	197.22178649902344	238.4414825439453	240.20103454589844	286.5289611816406
0.29439863562583923	"woman"	221.59527587890625	239.0486602783203	239.62152099609375	285.30609130859375
0.2788403034210205	"man"	198.9012451171875	241.85986328125	217.176513671875	285.63726806640625
0.2640937864780426	"man"	222.2876434326172	239.4928436279297	239.24046325683594	285.17266845703125
