"score"	"label"	"x0"	"y0"	"x1"	"y1"
0.9088596105575562	"woman"	49.05253601074219	44.413330078125	391.68560791015625	549.621826171875
