"score"	"label"	"x0"	"y0"	"x1"	"y1"
0.8637570142745972	"man"	70.93049621582031	96.69432067871094	330.82818603515625	558.4869995117188
