"score"	"label"	"x0"	"y0"	"x1"	"y1"
0.33305200934410095	"m ; a ; n"	75.90855407714844	34.834503173828125	538.3602905273438	425.97686767578125
