score	label	x0	y0	x1	y1
0.5719357132911682	woman	91.02408599853516	92.01792907714844	235.26852416992188	561.7454833984375
0.4768026173114776	man	193.64797973632812	43.680267333984375	341.0697937011719	559.587646484375
0.2669132053852081	woman	89.64693450927734	42.4515380859375	341.3048400878906	563.4148559570312
