"score"	"label"	"x0"	"y0"	"x1"	"y1"
0.5292270183563232	"man"	483.8146362304687	202.268798828125	570.6162719726562	411.29583740234375
0.480569064617157	"man"	30.35315704345703	210.36326599121097	112.57205963134766	424.51116943359375
0.3710523545742035	"woman"	358.8583068847656	214.00802612304688	436.1944274902344	405.2308654785156
0.3015888035297394	"woman"	296.9369812011719	204.6309509277344	360.2036437988281	413.8812561035156
0.2957074344158172	"woman"	229.93606567382812	216.2598876953125	303.6230773925781	418.42877197265625
0.2603738307952881	"woman"	425.9584045410156	213.78707885742188	493.4502258300781	410.4048156738281
0.2563835084438324	"woman"	106.10850524902344	211.76321411132812	186.30824279785156	413.0128479003906
