"score"	"label"	"x0"	"y0"	"x1"	"y1"
0.5967022180557251	"woman"	16.47342300415039	203.23965454101562	63.97384262084961	276.1531066894531
0.3302498757839203	"woman"	175.35069274902344	229.48690795898438	223.3439178466797	337.2076721191406
0.31668365001678467	"woman"	531.2242431640625	296.9559020996094	545.4261474609375	316.0031433105469
0.2507164776325226	"woman"	520.8678588867188	203.44912719726562	554.3208618164062	247.55633544921875
0.27603983879089355	"woman"	175.08456420898438	210.63616943359375	223.53216552734375	337.25836181640625
