"score"	"label"	"x0"	"y0"	"x1"	"y1"
0.820777177810669	"man"	55.363800048828125	179.39141845703125	335.70489501953125	524.9898071289062
