"score"	"label"	"x0"	"y0"	"x1"	"y1"
0.2640141546726227	"w"	346.3888244628906	226.04832458496094	521.228271484375	598.2958984375
