"score"	"label"	"x0"	"y0"	"x1"	"y1"
0.45077693462371826	"woman"	143.75904846191406	239.0452117919922	168.42942810058594	289.2384033203125
0.48700305819511414	"man"	143.78460693359375	239.06687927246094	168.36734008789062	289.1739807128906
0.32876402139663696	"woman"	143.73825073242188	239.09628295898438	168.51242065429688	288.9894104003906
