"score"	"label"	"x0"	"y0"	"x1"	"y1"
0.4908649325370788	"woman"	1.65618896484375	34.103485107421875	371.8546447753906	542.3673095703125
