"score"	"label"	"x0"	"y0"	"x1"	"y1"
0.5076701045036316	"man"	299.6280212402344	218.85165405273438	352.9289245605469	335.4311218261719
0.3306247591972351	"man"	448.8395690917969	216.01876831054688	508.8088684082031	356.5578918457031
0.30448487401008606	"man"	421.3920593261719	227.9715118408203	458.5283508300781	328.38055419921875
0.2739337980747223	"man"	60.653221130371094	217.97354125976562	89.58061981201172	288.2777099609375
0.27702292799949646	"man"	9.826730728149414	214.21487426757812	36.565330505371094	292.74053955078125
0.28023767471313477	"man"	466.37701416015625	216.17330932617188	508.15692138671875	353.8345642089844
