"score"	"label"	"x0"	"y0"	"x1"	"y1"
0.3208986222743988	"woman"	285.55828857421875	22.284648895263672	318.129638671875	74.95210266113281
0.3053487241268158	"woman"	284.7134094238281	10.172245025634766	320.2650451660156	75.97821044921875
0.3047388792037964	"man"	285.5707092285156	21.921438217163086	318.0306701660156	74.81244659423828
