"score"	"label"	"x0"	"y0"	"x1"	"y1"
0.8809850215911865	"man"	3.5739593505859375	55.098602294921875	386.17529296875	549.486083984375
