"score"	"label"	"x0"	"y0"	"x1"	"y1"
0.29036572575569153	"man"	115.99758911132812	187.36619567871094	130.21995544433594	213.91600036621094
