"score"	"label"	"x0"	"y0"	"x1"	"y1"
0.7735446691513062	"woman"	49.545753479003906	85.72529602050781	254.32064819335938	302.11773681640625
0.7149600982666016	"woman"	186.98739624023438	35.36180114746094	324.8450927734375	310.6173095703125
