"score"	"label"	"x0"	"y0"	"x1"	"y1"
0.560767412185669	"woman"	106.7023696899414	137.72781372070312	191.4044189453125	338.4346618652344
0.3280915319919586	"man"	451.6046142578125	99.06246185302734	545.290771484375	306.9556884765625
