"score"	"label"	"x0"	"y0"	"x1"	"y1"
0.3342006802558899	"man"	489.6646728515625	266.4414367675781	504.6419677734375	307.0292053222656
0.3172510862350464	"woman"	489.9900817871094	266.6480407714844	504.4961242675781	307.0275573730469
