score	label	x0	y0	x1	y1
0.4114777743816376	man	265.99005126953125	258.5237121582031	343.11181640625	404.3766174316406
0.4020736813545227	woman	103.7985382080078	248.22146606445312	177.00880432128906	416.1730651855469
0.2592434287071228	man	188.00245666503903	298.467529296875	282.75677490234375	389.13812255859375
