"score"	"label"	"x0"	"y0"	"x1"	"y1"
0.5950644016265869	"woman"	126.45417785644531	149.79994201660156	312.8297119140625	488.3197021484375
0.3779084384441376	"woman"	87.1922378540039	163.06466674804688	193.90057373046875	498.2865905761719
