"score"	"label"	"x0"	"y0"	"x1"	"y1"
0.49598345160484314	"woman"	258.2231140136719	196.0009765625	329.9620666503906	405.6929931640625
0.36813920736312866	"man"	462.5435485839844	195.96502685546875	561.5408935546875	413.06500244140625
0.2969982624053955	"man"	36.06770706176758	194.06321716308594	121.73268127441406	414.93212890625
0.26045671105384827	"man"	398.5017395019531	193.13800048828125	478.3837585449219	409.47296142578125
