"score"	"label"	"x0"	"y0"	"x1"	"y1"
0.8177064061164856	"man"	103.5160903930664	257.90625	220.8782958984375	540.7823486328125
