"score"	"label"	"x0"	"y0"	"x1"	"y1"
0.6425222158432007	"man"	218.2875518798828	14.683074951171877	322.3294677734375	484.9573059082031
0.4227575063705444	"woman"	118.5840072631836	33.90496826171875	246.99899291992188	476.6167907714844
