"score"	"label"	"x0"	"y0"	"x1"	"y1"
0.30522119998931885	"man"	550.0572509765625	376.7676696777344	561.9117431640625	414.2796325683594
0.25264477729797363	"man"	549.85791015625	388.21246337890625	562.0264892578125	415.4249267578125
