"score"	"label"	"x0"	"y0"	"x1"	"y1"
0.3683565855026245	"m"	2.143890380859375	48.4896240234375	362.14288330078125	548.2466430664062
