"score"	"label"	"x0"	"y0"	"x1"	"y1"
0.29619863629341125	"woman"	463.40692138671875	324.9720153808594	500.5595703125	377.7273254394531
0.3172977566719055	"woman"	434.0582580566406	323.43792724609375	501.3281555175781	378.24407958984375
0.2738869786262512	"woman"	443.3375549316406	325.4312744140625	467.4341125488281	376.64288330078125
0.323146253824234	"man"	463.604736328125	325.28192138671875	500.5167236328125	377.53375244140625
