"score"	"label"	"x0"	"y0"	"x1"	"y1"
0.3971489667892456	"woman"	404.5213623046875	222.4490509033203	421.3525390625	271.6192932128906
0.35161587595939636	"woman"	374.5061950683594	223.1395263671875	389.7519226074219	270.66717529296875
0.3396610617637634	"woman"	354.1860656738281	225.99765014648438	367.8716125488281	271.3258361816406
0.2645263373851776	"woman"	432.1357116699219	226.03216552734375	439.6830749511719	247.26077270507812
0.34787124395370483	"woman"	393.87249755859375	221.83897399902344	407.98931884765625	270.6175231933594
