"score"	"label"	"x0"	"y0"	"x1"	"y1"
0.36322730779647827	"man"	201.4768829345703	260.4985656738281	225.9578094482422	297.5627136230469
