"score"	"label"	"x0"	"y0"	"x1"	"y1"
0.7960143089294434	"man"	0.432342529296875	104.47610473632812	378.9952392578125	549.93310546875
