"score"	"label"	"x0"	"y0"	"x1"	"y1"
0.3876888453960418	"woman"	388.3038024902344	185.069091796875	403.0702209472656	221.09698486328125
0.3577867448329925	"woman"	374.6996765136719	181.73048400878903	389.6690368652344	219.9955596923828
