"score"	"label"	"x0"	"y0"	"x1"	"y1"
0.38788774609565735	"woman"	116.8508529663086	164.27175903320312	201.91281127929688	414.2539978027344
0.531528890132904	"woman"	206.2412109375	86.40202331542969	384.96441650390625	463.97161865234375
0.30070236325263977	"woman"	394.9261169433594	128.4998016357422	515.5623168945312	410.29302978515625
0.31009021401405334	"woman"	533.8058471679688	81.81617736816406	599.3916625976562	433.597412109375
0.2853832244873047	"woman"	328.4889831542969	144.1234588623047	412.4112243652344	399.89300537109375
