"score"	"label"	"x0"	"y0"	"x1"	"y1"
0.2707480490207672	"a"	111.79928588867188	155.7152099609375	256.0926818847656	188.37380981445312
