score	label	x0	y0	x1	y1
0.4320854544639587	woman	51.17879486083984	108.75872802734376	70.1765365600586	177.47988891601562
