"score"	"label"	"x0"	"y0"	"x1"	"y1"
0.7144154906272888	"woman"	237.02493286132812	177.86767578125	335.8009948730469	362.7874755859375
0.5601888298988342	"woman"	193.54660034179688	184.05751037597656	257.56048583984375	340.967041015625
