score	label	x0	y0	x1	y1
0.3423019647598266	man	129.08383178710938	329.75616455078125	229.8294982910156	432.76568603515625
