"score"	"label"	"x0"	"y0"	"x1"	"y1"
0.34925705194473267	"man"	500.33367919921875	159.4666748046875	531.4719848632812	239.59133911132812
0.2625744640827179	"man"	500.6756896972656	169.81459045410156	530.0181884765625	229.7152862548828
0.2925226092338562	"man"	153.82537841796875	166.6925811767578	182.41558837890625	235.3803253173828
