score	label	x0	y0	x1	y1
0.481358915567398	man	184.6510772705078	164.00604248046875	363.1629028320313	596.9158935546875
0.3389172554016113	woman	356.93304443359375	137.20159912109375	446.071044921875	299.7910461425781
