"score"	"label"	"x0"	"y0"	"x1"	"y1"
0.39875131845474243	"woman"	356.1612854003906	244.9993438720703	388.5165100097656	278.8057861328125
0.29356148838996887	"man"	357.1985778808594	245.87933349609375	387.7494812011719	278.28790283203125
