"score"	"label"	"x0"	"y0"	"x1"	"y1"
0.39599472284317017	"man woman"	48.203033447265625	85.29779052734375	363.23907470703125	598.031494140625
0.3042604625225067	"man"	47.663116455078125	85.32073974609375	363.8572082519531	597.9295654296875
