"score"	"label"	"x0"	"y0"	"x1"	"y1"
0.7534087896347046	"woman"	88.67837524414062	72.51507568359375	304.9152526855469	516.4880981445312
