score	label	x0	y0	x1	y1
0.3836096823215484	woman	177.76535034179688	234.30221557617188	190.901123046875	262.7333984375
0.2710331678390503	woman	172.91024780273438	229.41549682617188	195.4661865234375	264.76116943359375
0.2696288228034973	woman	270.0299072265625	247.31251525878903	285.9786376953125	264.0156555175781
