score	label	x0	y0	x1	y1
0.5525422692298889	woman	35.85484313964844	122.67767333984376	302.25189208984375	540.131591796875
