"score"	"label"	"x0"	"y0"	"x1"	"y1"
0.2519923150539398	"man"	525.4962158203125	156.79209899902344	533.6114501953125	170.47862243652344
0.2873522639274597	"man"	468.471435546875	344.7281188964844	491.12689208984375	368.9121398925781
0.25910499691963196	"man"	248.9679412841797	354.10479736328125	264.85064697265625	367.7392578125
