"score"	"label"	"x0"	"y0"	"x1"	"y1"
0.46829888224601746	"man"	526.2039794921875	67.69721221923828	599.7322998046875	279.70501708984375
0.2877782881259918	"man"	437.2369689941406	51.65899658203125	534.6575317382812	342.93255615234375
0.33949512243270874	"woman"	437.2584228515625	51.639892578125	534.2745361328125	343.1551208496094
0.3764083683490753	"woman"	350.069580078125	44.40541076660156	427.3837890625	209.43125915527344
0.289849191904068	"man"	438.0993957519531	51.84910583496094	528.4114379882812	301.23809814453125
0.3184509873390198	"woman"	437.7574768066406	51.80108642578125	530.0507202148438	302.3812255859375
0.2857280373573303	"woman"	350.32147216796875	44.43235778808594	427.13720703125	209.58424377441406
