"score"	"label"	"x0"	"y0"	"x1"	"y1"
0.4381371438503265	"man woman"	50.160614013671875	43.82695007324219	391.3224487304687	549.4122314453125
