"score"	"label"	"x0"	"y0"	"x1"	"y1"
0.45664912462234497	"woman"	150.65313720703125	148.6717529296875	192.7562255859375	226.58499145507812
0.29548680782318115	"man"	150.48085021972656	148.5048828125	192.8397674560547	227.21511840820312
