"score"	"label"	"x0"	"y0"	"x1"	"y1"
0.25460493564605713	"w"	30.660247802734375	88.22515869140625	588.8941650390625	358.22900390625
