"score"	"label"	"x0"	"y0"	"x1"	"y1"
0.49771687388420105	"woman"	1.336395263671875	51.455780029296875	392.1223449707031	598.8450927734375
0.410873681306839	"man"	1.06243896484375	52.48175048828125	392.3881530761719	599.3255615234375
