"score"	"label"	"x0"	"y0"	"x1"	"y1"
0.3526404798030853	"woman"	539.9313354492188	276.107177734375	581.9102172851562	324.69061279296875
0.26625657081604004	"woman"	542.1137084960938	277.5736999511719	566.0278930664062	323.8752746582031
0.2509043216705322	"man"	540.7092895507812	276.87005615234375	581.3716430664062	324.41461181640625
