"score"	"label"	"x0"	"y0"	"x1"	"y1"
0.5248928666114807	"man"	6.6661376953125	80.03628540039062	355.6371765136719	594.408935546875
0.34629178047180176	"woman"	6.88763427734375	80.44525146484375	355.0202331542969	594.599365234375
