score	label	x0	y0	x1	y1
0.3115311563014984	man	241.5433807373047	121.89065551757812	265.5639343261719	164.88714599609375
