"score"	"label"	"x0"	"y0"	"x1"	"y1"
0.3475983142852783	"woman"	223.49160766601562	316.3814697265625	259.6260986328125	356.5562744140625
0.31109148263931274	"woman"	222.29457092285156	315.6747741699219	282.91107177734375	357.2148132324219
0.3148237466812134	"man"	223.92434692382812	316.8658752441406	259.70965576171875	356.4100646972656
0.2726549804210663	"woman"	222.53622436523438	315.62066650390625	316.7265319824219	357.73663330078125
