score	label	x0	y0	x1	y1
0.256135880947113	woman	0.0560636520385742	255.29916381835935	16.94928741455078	341.6484069824219
