"score"	"label"	"x0"	"y0"	"x1"	"y1"
0.4685591161251068	"woman"	349.36236572265625	291.96319580078125	432.0775146484375	467.010986328125
0.3272787630558014	"man"	318.70880126953125	237.97549438476562	362.2672119140625	419.2693176269531
0.2793135941028595	"man"	318.537353515625	236.7521514892578	427.80267333984375	419.5379638671875
