score	label	x0	y0	x1	y1
0.614091157913208	man	162.235595703125	109.40086364746094	332.4095764160156	365.7757568359375
0.3768015503883362	woman	355.8710021972656	185.71566772460935	418.3291320800781	258.3547058105469
