"score"	"label"	"x0"	"y0"	"x1"	"y1"
0.4398286044597626	"man"	-0.06720352172851562	187.2630157470703	19.48279571533203	272.23846435546875
0.3535642921924591	"woman"	-0.07514381408691406	187.90438842773438	18.60456085205078	271.3004455566406
0.27865830063819885	"man"	-0.031325340270996094	181.3348846435547	31.327457427978516	278.46417236328125
