"score"	"label"	"x0"	"y0"	"x1"	"y1"
0.2847341299057007	"man"	70.13264465332031	238.6397705078125	87.38571166992188	266.6993408203125
0.2551872134208679	"man"	91.00816345214844	234.8820343017578	108.3273468017578	260.4441833496094
