score	label	x0	y0	x1	y1
0.3276140987873077	woman	101.77932739257812	385.6282348632813	315.5163879394531	543.9512939453125
