"score"	"label"	"x0"	"y0"	"x1"	"y1"
0.4151645004749298	"man"	86.97810363769531	76.24459838867188	503.126220703125	391.94342041015625
