"score"	"label"	"x0"	"y0"	"x1"	"y1"
0.36446821689605713	"m"	70.31973266601562	95.72865295410156	332.4773254394531	559.6463012695312
0.2543157935142517	"a"	70.35795593261719	95.76470947265625	332.2784423828125	559.4478759765625
