"score"	"label"	"x0"	"y0"	"x1"	"y1"
0.3450547456741333	"woman"	321.5411071777344	213.18817138671875	514.565185546875	369.1055908203125
0.265619695186615	"woman"	249.04080200195312	366.6968078613281	460.8979187011719	448.8682556152344
