"score"	"label"	"x0"	"y0"	"x1"	"y1"
0.5192919373512268	"man"	77.67186737060547	27.172325134277344	250.1591796875	187.49090576171875
0.26065927743911743	"woman"	260.5647277832031	29.986595153808594	410.6448669433594	120.04816436767578
0.2912674844264984	"woman"	77.88610076904297	27.448509216308594	249.82131958007812	187.43597412109375
