"score"	"label"	"x0"	"y0"	"x1"	"y1"
0.5456835627555847	"woman"	190.00640869140625	171.7328338623047	303.2889099121094	502.2374267578125
