"score"	"label"	"x0"	"y0"	"x1"	"y1"
0.3046446740627289	"woman"	33.73854064941406	195.70968627929688	85.45143127441406	325.3702087402344
0.2653176188468933	"woman"	536.7301025390625	163.13002014160156	590.05029296875	335.234130859375
0.2745312750339508	"woman"	507.3726501464844	201.99456787109375	566.935302734375	350.31634521484375
