score	label	x0	y0	x1	y1
0.2543779015541076	man	515.8094482421875	231.88296508789065	531.59716796875	257.4102478027344
