"score"	"label"	"x0"	"y0"	"x1"	"y1"
0.3049788773059845	"woman"	438.35333251953125	275.7824401855469	453.9759521484375	298.5705261230469
0.29258593916893005	"woman"	435.6314697265625	272.7996826171875	456.200439453125	302.979736328125
0.25294074416160583	"woman"	432.1509094238281	270.3698425292969	459.1515808105469	305.3323669433594
