"score"	"label"	"x0"	"y0"	"x1"	"y1"
0.25699833035469055	"w o ; a"	89.02716064453125	183.7373504638672	299.19769287109375	494.3433837890625
