"score"	"label"	"x0"	"y0"	"x1"	"y1"
0.5063439011573792	"man"	93.92366027832033	335.4823913574219	104.90985107421876	359.3365173339844
