"score"	"label"	"x0"	"y0"	"x1"	"y1"
0.3256860673427582	"m ; a n"	70.10110473632812	62.53276062011719	596.883544921875	332.7218017578125
