score	label	x0	y0	x1	y1
0.3418264985084533	woman	363.2344970703125	65.6252212524414	545.7267456054688	245.55532836914065
