"score"	"label"	"x0"	"y0"	"x1"	"y1"
0.4065718352794647	"man"	351.90924072265625	328.51129150390625	364.1282958984375	362.956298828125
0.3354763090610504	"man"	182.7349395751953	305.933837890625	195.6300506591797	340.81585693359375
0.3889760673046112	"man"	392.8823547363281	327.2336730957031	405.2831115722656	363.8830261230469
0.32343098521232605	"man"	159.94866943359375	300.63104248046875	172.07440185546875	338.07647705078125
0.3232029378414154	"man"	60.07987976074219	297.4394836425781	71.23356628417969	326.3542175292969
0.31811287999153137	"man"	14.76095199584961	304.91082763671875	28.958492279052734	334.69500732421875
0.299012154340744	"man"	125.19092559814453	300.01715087890625	132.988525390625	330.89056396484375
