"score"	"label"	"x0"	"y0"	"x1"	"y1"
0.6160627007484436	"woman"	58.97996520996094	110.0367202758789	126.51211547851562	272.16748046875
0.5424000024795532	"man"	110.76390075683594	180.85958862304688	191.23036193847656	277.11590576171875
0.4536062180995941	"man"	367.87786865234375	192.5350799560547	474.1669921875	282.3819580078125
0.4024960100650787	"man"	267.8472900390625	175.5091552734375	340.15570068359375	262.5793762207031
0.3255128860473633	"man"	325.4432373046875	51.72777557373047	391.541748046875	194.77658081054688
0.3003720641136169	"man"	381.4049072265625	114.62908935546876	460.8854370117187	236.634521484375
0.272670716047287	"man"	59.61677551269531	37.87712860107422	471.6466674804687	284.47601318359375
0.2714530527591705	"woman"	207.77322387695312	114.55197143554688	272.03900146484375	256.7321472167969
