"score"	"label"	"x0"	"y0"	"x1"	"y1"
0.4053087532520294	"woman"	11.225975036621094	139.71453857421875	94.5428237915039	373.99359130859375
