"score"	"label"	"x0"	"y0"	"x1"	"y1"
0.26894015073776245	"woman"	13.087310791015625	168.47015380859375	576.2435302734375	287.2463684082031
