"score"	"label"	"x0"	"y0"	"x1"	"y1"
0.3425852358341217	"m ; a ; n"	187.1962890625	39.60711669921875	318.1285705566406	512.5123291015625
