"score"	"label"	"x0"	"y0"	"x1"	"y1"
0.4069762825965881	"woman"	326.037841796875	64.07740783691406	420.16693115234375	311.1839599609375
