score	label	x0	y0	x1	y1
0.4365549087524414	woman	47.25726318359375	164.72630310058594	262.1102294921875	533.6610717773438
0.3405103385448456	woman	393.68017578125	220.828369140625	552.5847778320312	524.57470703125
