"score"	"label"	"x0"	"y0"	"x1"	"y1"
0.4792055487632751	"woman"	582.114990234375	331.2846984863281	599.8460693359375	367.5893859863281
