"score"	"label"	"x0"	"y0"	"x1"	"y1"
0.8570033311843872	"man"	61.4429931640625	26.99884033203125	466.8099365234375	549.7453002929688
