"score"	"label"	"x0"	"y0"	"x1"	"y1"
0.25298577547073364	"a"	56.25492858886719	320.07769775390625	416.520263671875	560.7788696289062
