"score"	"label"	"x0"	"y0"	"x1"	"y1"
0.36970382928848267	"man"	449.54779052734375	212.909912109375	470.35736083984375	258.01312255859375
0.3201769292354584	"woman"	450.24139404296875	213.30691528320312	469.99493408203125	257.6954650878906
