score	label	x0	y0	x1	y1
0.2958154678344726	woman	7.931289672851563	252.08224487304688	61.39630889892578	336.2580261230469
0.2671529948711395	woman	55.90951919555664	252.6118927001953	148.37576293945312	322.36065673828125
