"score"	"label"	"x0"	"y0"	"x1"	"y1"
0.5335432887077332	"man"	102.63927459716797	202.39242553710938	295.74359130859375	381.7928771972656
0.3788202404975891	"woman"	102.94294738769531	202.63851928710938	295.127685546875	381.9151306152344
