score	label	x0	y0	x1	y1
0.2556474208831787	woman	383.4522705078125	223.2049560546875	425.0770263671875	332.725830078125
