"score"	"label"	"x0"	"y0"	"x1"	"y1"
0.46016791462898254	"woman"	405.5119323730469	244.85733032226562	431.5721130371094	273.1279602050781
0.31224769353866577	"man"	448.78289794921875	226.17787170410156	469.2030029296875	271.049560546875
0.27522924542427063	"woman"	401.5886535644531	241.14974975585938	436.3374938964844	279.2636413574219
0.30632707476615906	"man"	406.1230773925781	245.46731567382812	429.9001159667969	272.1653137207031
