"score"	"label"	"x0"	"y0"	"x1"	"y1"
0.35183998942375183	"woman"	143.73587036132812	206.13352966308594	354.9161376953125	552.640869140625
0.33929672837257385	"man"	143.98468017578125	206.54771423339844	354.5962829589844	552.5287475585938
