"score"	"label"	"x0"	"y0"	"x1"	"y1"
0.3809109628200531	"man"	190.08642578125	337.0062561035156	205.3975830078125	369.7330627441406
0.3209550380706787	"woman"	190.05943298339844	337.00787353515625	205.40843200683594	369.78271484375
0.25668784976005554	"man"	209.31544494628906	337.4407653808594	226.05320739746094	364.5439758300781
0.26977086067199707	"woman"	190.12646484375	336.9906311035156	205.50595092773438	369.7826843261719
