"score"	"label"	"x0"	"y0"	"x1"	"y1"
0.4959191977977752	"woman"	3.1533660888671875	127.4436492919922	164.48338317871094	588.537109375
