"score"	"label"	"x0"	"y0"	"x1"	"y1"
0.2744986712932586	"man"	373.6409912109375	203.01422119140625	389.06243896484375	211.99468994140625
0.2591364085674286	"man"	371.9540100097656	199.40614318847656	389.9416809082031	213.1331329345703
