"score"	"label"	"x0"	"y0"	"x1"	"y1"
0.9511932134628296	"man"	216.6871337890625	324.58013916015625	362.52203369140625	530.3709716796875
