score	label	x0	y0	x1	y1
0.4962563514709472	man	454.3937072753906	321.1783752441406	493.6239318847656	387.4013977050781
0.3850528299808502	woman	536.7923583984375	275.29705810546875	597.46923828125	388.4915771484375
0.2923144400119781	woman	563.9684448242188	275.3663635253906	597.5346069335938	388.3110656738281
0.2678757309913635	woman	516.7941284179688	343.49346923828125	539.9019165039062	386.760009765625
0.261927455663681	man	365.24658203125	236.42906188964844	398.3297729492187	293.3053894042969
