"score"	"label"	"x0"	"y0"	"x1"	"y1"
0.5104278922080994	"man"	47.067726135253906	51.539791107177734	80.14134216308594	138.96409606933594
0.297331303358078	"woman"	75.70573425292969	56.56886291503906	103.99569702148438	85.83595275878906
