"score"	"label"	"x0"	"y0"	"x1"	"y1"
0.340069442987442	"woman"	429.3003234863281	263.7320861816406	437.4924011230469	287.2658386230469
0.33187583088874817	"woman"	476.8369445800781	262.22235107421875	484.0881652832031	287.00323486328125
