"score"	"label"	"x0"	"y0"	"x1"	"y1"
0.4693712294101715	"woman"	227.3300018310547	181.73477172851562	311.0758972167969	444.8049621582031
0.4317578077316284	"woman"	293.21112060546875	156.9299774169922	383.319091796875	427.60302734375
