"score"	"label"	"x0"	"y0"	"x1"	"y1"
0.545271635055542	"man"	374.46282958984375	143.05856323242188	445.11968994140625	260.9188537597656
0.4839112460613251	"man"	108.70243072509766	149.03367614746094	192.20440673828125	223.17042541503906
0.26208430528640747	"man"	108.40553283691406	149.43780517578125	223.46360778808594	338.367431640625
