"score"	"label"	"x0"	"y0"	"x1"	"y1"
0.27023184299468994	"woman"	78.29678344726562	161.65585327148438	83.82440185546875	170.00588989257812
