"score"	"label"	"x0"	"y0"	"x1"	"y1"
0.31338730454444885	"m"	38.96366882324219	14.782501220703125	476.7237548828125	324.7732849121094
