"score"	"label"	"x0"	"y0"	"x1"	"y1"
0.31739112734794617	"w"	0.6953125	104.41734313964844	379.6830749511719	549.77685546875
0.32248929142951965	"w o"	0.572998046875	104.51109313964844	379.5180358886719	549.96484375
0.2911846935749054	"w o m"	0.700286865234375	104.62849426269531	379.3235778808594	549.7821044921875
