"score"	"label"	"x0"	"y0"	"x1"	"y1"
0.5603124499320984	"woman"	112.78419494628906	295.2314453125	153.5433807373047	397.93408203125
