"score"	"label"	"x0"	"y0"	"x1"	"y1"
0.374562531709671	"woman"	466.3614501953125	160.88345336914062	528.1185302734375	351.7044372558594
0.3092944920063019	"woman"	279.7369384765625	165.77481079101562	335.29638671875	345.0540466308594
0.31341010332107544	"woman"	340.1846618652344	157.52720642089844	399.2819519042969	345.9521484375
0.31782180070877075	"woman"	399.5238037109375	158.412353515625	462.3653564453125	349.1941833496094
0.29717305302619934	"woman"	213.88169860839844	164.21255493164062	275.64776611328125	345.14215087890625
0.31075963377952576	"woman"	97.58016204833984	157.14901733398438	158.32679748535156	346.45892333984375
0.3154701590538025	"woman"	36.656288146972656	150.62112426757812	96.03710174560547	347.309814453125
0.2963504493236542	"woman"	161.06980895996094	157.76181030273438	218.15943908691406	343.952392578125
