"score"	"label"	"x0"	"y0"	"x1"	"y1"
0.4064259231090545	"woman"	45.41346740722656	11.32744598388672	317.48309326171875	245.06866455078125
0.2515239715576172	"man"	98.08718872070312	64.82843017578125	256.0377197265625	189.46815490722656
