"score"	"label"	"x0"	"y0"	"x1"	"y1"
0.45096901059150696	"woman"	177.25936889648438	168.86380004882812	278.74774169921875	257.14776611328125
0.32880985736846924	"woman"	251.58682250976562	176.4911346435547	320.5730895996094	251.3609161376953
0.4514051377773285	"man"	281.78680419921875	166.5817108154297	360.47198486328125	248.5336151123047
0.26185342669487	"woman"	176.5371551513672	165.61293029785156	360.77423095703125	257.1393737792969
0.2720787525177002	"man"	177.54901123046875	169.17674255371094	278.5747985839844	257.1363830566406
