"score"	"label"	"x0"	"y0"	"x1"	"y1"
0.3969639837741852	"woman"	201.3474273681641	203.0521240234375	214.2804718017578	219.3135681152344
