"score"	"label"	"x0"	"y0"	"x1"	"y1"
0.405201256275177	"man"	117.83876037597656	59.01606750488281	477.507568359375	397.55462646484375
0.3005624711513519	"man"	9.501312255859377	4.0694732666015625	598.383544921875	442.50335693359375
