"score"	"label"	"x0"	"y0"	"x1"	"y1"
0.4407021999359131	"man"	89.87168884277344	421.4938659667969	126.61959838867188	514.9161376953125
0.4072725474834442	"man"	247.7112274169922	421.10137939453125	281.5607604980469	524.7973022460938
0.3377925455570221	"man"	286.6635437011719	233.78585815429688	324.6113586425781	308.8941955566406
0.3277311325073242	"man"	223.3416748046875	230.4272918701172	266.80389404296875	284.6737976074219
