"score"	"label"	"x0"	"y0"	"x1"	"y1"
0.4230295419692993	"woman"	200.68380737304688	149.88897705078125	242.22415161132812	229.38424682617188
0.3896224796772003	"woman"	187.98663330078125	176.38043212890625	228.77532958984375	252.21072387695312
0.32699111104011536	"woman"	24.230613708496094	144.93264770507812	64.22869873046875	229.23129272460938
