score	label	x0	y0	x1	y1
0.6794598698616028	man	254.7667236328125	299.69287109375	308.17333984375	375.4759521484375
