"score"	"label"	"x0"	"y0"	"x1"	"y1"
0.3313339948654175	"man"	559.9860229492188	247.29763793945312	582.7412719726562	284.9384460449219
0.2941579222679138	"woman"	560.2490844726562	247.55712890625	582.5391235351562	284.866455078125
0.2855031490325928	"man"	325.4336853027344	237.3562469482422	345.6972961425781	283.916015625
