"score"	"label"	"x0"	"y0"	"x1"	"y1"
0.3307671844959259	"man"	241.66116333007812	272.5194091796875	372.6415710449219	436.55096435546875
