"score"	"label"	"x0"	"y0"	"x1"	"y1"
0.5560017824172974	"man"	56.72483825683594	204.00555419921875	356.11669921875	567.2156982421875
0.48805344104766846	"man"	251.02806091308594	202.05889892578125	595.0358276367188	567.5708618164062
