"score"	"label"	"x0"	"y0"	"x1"	"y1"
0.3432006537914276	"man"	138.0801544189453	0.13362503051757812	211.81871032714844	92.72988891601562
0.3119639456272125	"woman"	138.2950897216797	0.08665847778320312	211.19444274902344	92.50810241699219
