"score"	"label"	"x0"	"y0"	"x1"	"y1"
0.4340437948703766	"m a"	522.980224609375	3.6893110275268555	570.599365234375	27.120670318603516
0.2833966612815857	"a"	523.0889892578125	3.7422924041748047	570.51708984375	27.07771110534668
