"score"	"label"	"x0"	"y0"	"x1"	"y1"
0.48120951652526855	"woman"	84.81655883789062	426.2210693359375	96.1197509765625	463.52032470703125
0.2841922342777252	"woman"	103.52912902832031	427.8815002441406	113.05966186523438	463.7411804199219
