"score"	"label"	"x0"	"y0"	"x1"	"y1"
0.31540459394454956	"man"	211.3815155029297	94.93094635009766	513.3114624023438	299.9151306152344
