score	label	x0	y0	x1	y1
0.548674464225769	man	0.5915374755859375	123.03318786621094	257.45245361328125	548.4677124023438
0.4988280534744262	woman	205.75747680664065	57.56483459472656	421.0315856933594	549.343505859375
