"score"	"label"	"x0"	"y0"	"x1"	"y1"
0.26889532804489136	"m"	1.8791961669921875	1.4339141845703125	502.6380615234375	366.60546875
