"score"	"label"	"x0"	"y0"	"x1"	"y1"
0.25751203298568726	"a"	179.79090881347656	164.05250549316406	289.32012939453125	388.57330322265625
