"score"	"label"	"x0"	"y0"	"x1"	"y1"
0.3032340109348297	"m"	21.1641845703125	180.23397827148438	594.5923461914062	342.2730407714844
