"score"	"label"	"x0"	"y0"	"x1"	"y1"
0.2571410536766052	"woman"	117.43040466308594	154.83584594726562	542.5523681640625	342.2636413574219
