"score"	"label"	"x0"	"y0"	"x1"	"y1"
0.2519730031490326	"man"	404.57611083984375	268.9458312988281	422.96075439453125	291.4861755371094
0.2571636438369751	"man"	13.340423583984375	192.80032348632812	442.111572265625	379.0865783691406
