"score"	"label"	"x0"	"y0"	"x1"	"y1"
0.2974957525730133	"m ; a ; n"	56.78273010253906	105.77687072753906	408.16900634765625	545.2949829101562
