"score"	"label"	"x0"	"y0"	"x1"	"y1"
0.6909387111663818	"woman"	43.41533279418945	338.46160888671875	72.73262786865234	378.1046142578125
