"score"	"label"	"x0"	"y0"	"x1"	"y1"
0.43120628595352173	"woman"	49.33271789550781	173.87042236328125	431.4581298828125	566.322998046875
0.2731906771659851	"man"	49.66111755371094	174.48121643066406	430.66876220703125	566.188232421875
0.2543773651123047	"woman"	188.97265625	322.66241455078125	385.828369140625	380.8936767578125
