"score"	"label"	"x0"	"y0"	"x1"	"y1"
0.6894170641899109	"woman"	207.2050323486328	104.74433898925781	280.419677734375	313.24267578125
0.6585112810134888	"woman"	370.31719970703125	92.79863739013672	471.96478271484375	316.45965576171875
