"score"	"label"	"x0"	"y0"	"x1"	"y1"
0.930542528629303	"man"	116.40438079833984	33.65214538574219	259.52288818359375	537.9296264648438
