"score"	"label"	"x0"	"y0"	"x1"	"y1"
0.38807711005210876	"woman"	246.21951293945312	242.09996032714844	303.9483947753906	419.85809326171875
0.2500092685222626	"woman"	135.80874633789062	199.6715087890625	500.8954772949219	418.89324951171875
