"score"	"label"	"x0"	"y0"	"x1"	"y1"
0.294976145029068	"man"	284.861083984375	8.845046997070312	320.31549072265625	75.96778869628906
0.3193496763706207	"man"	285.419677734375	21.705150604248047	318.533203125	75.01141357421875
0.3153145909309387	"woman"	285.4474792480469	22.086702346801758	318.0801696777344	74.89857482910156
