"score"	"label"	"x0"	"y0"	"x1"	"y1"
0.2547881305217743	"man"	-0.03246951103210449	159.02963256835938	5.693610191345215	200.97216796875
0.258369505405426	"man"	0.03226208686828613	156.6898193359375	7.079497337341309	227.30218505859375
