"score"	"label"	"x0"	"y0"	"x1"	"y1"
0.46161478757858276	"man woman"	231.74368286132812	191.8339385986328	248.18621826171875	222.88697814941406
0.3605286777019501	"woman"	232.4824981689453	192.3005828857422	247.6125030517578	222.5598907470703
