score	label	x0	y0	x1	y1
0.3700971305370331	woman	383.2589721679687	78.53521728515625	480.370361328125	407.3800354003906
0.3115160465240478	woman	449.9163818359375	90.97508239746094	557.17626953125	415.1156005859375
0.2742470502853393	man	57.909515380859375	83.15213012695312	148.5718536376953	340.16748046875
