"score"	"label"	"x0"	"y0"	"x1"	"y1"
0.2714110314846039	"man"	0.72808837890625	43.06639099121094	552.5641479492188	414.08319091796875
