"score"	"label"	"x0"	"y0"	"x1"	"y1"
0.2730898559093475	"man"	237.1559906005859	281.45013427734375	252.40391540527344	319.75054931640625
