"score"	"label"	"x0"	"y0"	"x1"	"y1"
0.3927004933357239	"man"	201.64846801757812	203.29991149902344	214.10107421875	219.1843109130859
