"score"	"label"	"x0"	"y0"	"x1"	"y1"
0.48445290327072144	"man"	201.72335815429688	209.79835510253906	217.18887329101562	250.24610900878906
0.3455328047275543	"man"	59.37107467651367	179.78770446777344	76.84996032714844	206.0281524658203
0.3491763770580292	"man"	32.54789733886719	207.09527587890625	51.615264892578125	237.209716796875
0.32918229699134827	"man"	4.624019622802734	220.56826782226562	21.816986083984375	263.0980224609375
0.3001956045627594	"man"	83.6537857055664	178.37887573242188	98.25287628173828	193.98944091796875
