"score"	"label"	"x0"	"y0"	"x1"	"y1"
0.27423059940338135	"w o m a"	41.882049560546875	35.80070495605469	92.45033264160156	183.0865478515625
