score	label	x0	y0	x1	y1
0.2760757803916931	woman	588.237060546875	342.6011047363281	599.05908203125	380.6688537597656
