"score"	"label"	"x0"	"y0"	"x1"	"y1"
0.6239795088768005	"man"	25.28228759765625	126.89311218261719	395.7901306152344	591.0150756835938
