"score"	"label"	"x0"	"y0"	"x1"	"y1"
0.3787409663200378	"man"	118.1182861328125	244.16314697265625	137.6881561279297	307.7135009765625
0.308450311422348	"man"	113.20060729980467	240.3418731689453	143.96958923339844	310.6366882324219
0.2581016719341278	"woman"	119.89702606201172	268.2579040527344	137.4139862060547	307.1713562011719
