"score"	"label"	"x0"	"y0"	"x1"	"y1"
0.5097492337226868	"man"	91.57217407226562	191.49989318847656	222.54507446289062	514.6133422851562
0.2751471698284149	"woman"	45.05622100830078	297.6409912109375	90.86241912841797	458.85430908203125
0.2720600664615631	"woman"	430.2699279785156	196.3783416748047	573.9248657226562	593.7740478515625
