score	label	x0	y0	x1	y1
0.3847929835319519	man	184.6593017578125	363.998291015625	291.0223693847656	483.9147338867187
0.363951712846756	woman man	21.36166763305664	256.38653564453125	99.739501953125	520.148193359375
0.3486168384552002	woman	2.0892162322998047	274.6552429199219	57.674949645996094	517.2251586914062
