"score"	"label"	"x0"	"y0"	"x1"	"y1"
0.3833610713481903	"woman"	297.2111511230469	297.4966735839844	312.5636901855469	329.8548889160156
0.30218231678009033	"man"	316.821044921875	288.3800964355469	331.202392578125	308.9340515136719
