"score"	"label"	"x0"	"y0"	"x1"	"y1"
0.6074597835540771	"woman"	304.7323303222656	173.60647583007812	379.4895935058594	409.5135192871094
0.4311309456825256	"man"	184.3492889404297	167.67642211914062	256.1413269042969	358.3147277832031
