"score"	"label"	"x0"	"y0"	"x1"	"y1"
0.8969308137893677	"woman"	43.43217468261719	121.82344055175781	373.6917724609375	598.814697265625
