"score"	"label"	"x0"	"y0"	"x1"	"y1"
0.6580265164375305	"man"	196.2714080810547	295.1920166015625	233.8113250732422	396.54034423828125
0.40621015429496765	"woman"	196.37265014648438	295.3087158203125	233.65682983398438	396.6243896484375
