"score"	"label"	"x0"	"y0"	"x1"	"y1"
0.27538248896598816	"a"	80.84559631347656	124.63497924804688	543.2674560546875	219.96835327148438
