"score"	"label"	"x0"	"y0"	"x1"	"y1"
0.3672497868537903	"m"	92.89468383789062	103.604736328125	305.656982421875	442.3643798828125
0.2768799364566803	"m"	92.86128997802734	103.58163452148438	305.7425842285156	442.3634338378906
