score	label	x0	y0	x1	y1
0.2715217173099518	man	395.6813354492187	57.52816009521485	416.7160034179687	93.86698150634766
0.2613142728805542	man	553.6319580078125	276.9416198730469	575.207763671875	317.8363342285156
