"score"	"label"	"x0"	"y0"	"x1"	"y1"
0.2632721960544586	"w"	151.76925659179688	180.2912139892578	302.7024841308594	519.07470703125
