score	label	x0	y0	x1	y1
0.3696884214878082	man	198.35140991210935	248.2062225341797	233.82098388671875	325.0247497558594
