score	label	x0	y0	x1	y1
0.4603891372680664	woman	62.25755310058594	81.64237976074219	264.54315185546875	361.17095947265625
