"score"	"label"	"x0"	"y0"	"x1"	"y1"
0.3670491874217987	"man"	51.27155685424805	108.93324279785156	69.92984771728516	177.3424530029297
0.365339994430542	"woman"	51.38395690917969	108.89532470703125	69.8086166381836	177.3541259765625
