"score"	"label"	"x0"	"y0"	"x1"	"y1"
0.2507154941558838	"w"	130.11277770996094	49.60664367675781	298.6722412109375	547.0414428710938
