score	label	x0	y0	x1	y1
0.2560441493988037	man	116.09847259521484	187.49085998535156	130.10177612304688	213.9768829345703
