"score"	"label"	"x0"	"y0"	"x1"	"y1"
0.5306863784790039	"man"	474.2282409667969	167.9410400390625	491.8074035644531	205.26715087890625
0.3626062273979187	"woman"	474.10089111328125	168.15098571777344	491.94696044921875	205.29335021972656
0.26425787806510925	"woman"	468.43670654296875	164.25640869140625	497.583740234375	208.45468139648438
