score	label	x0	y0	x1	y1
0.4931380748748779	man	503.8789978027344	188.1623687744141	529.381591796875	219.64646911621097
