"score"	"label"	"x0"	"y0"	"x1"	"y1"
0.3539050221443176	"woman"	0.8863410949707031	13.6812744140625	127.22785949707031	597.2605590820312
0.2780773341655731	"man"	492.7304382324219	0.4327392578125	565.8901977539062	598.6876831054688
0.2791946530342102	"man"	0.8770675659179688	13.546180725097656	125.47884368896484	252.97210693359375
0.27646806836128235	"man"	0.9526557922363281	13.761489868164062	124.53034973144531	166.63523864746094
