"score"	"label"	"x0"	"y0"	"x1"	"y1"
0.43424439430236816	"woman"	35.63468933105469	152.2769775390625	170.49465942382812	376.16571044921875
0.3932942748069763	"woman"	394.6256408691406	108.93766784667969	440.0729675292969	210.11216735839844
0.35787513852119446	"woman"	453.49761962890625	116.46593475341797	467.6552734375	154.24517822265625
