"score"	"label"	"x0"	"y0"	"x1"	"y1"
0.26939472556114197	"man"	15.605270385742188	115.8980712890625	525.5599365234375	350.0398254394531
