"score"	"label"	"x0"	"y0"	"x1"	"y1"
0.27305272221565247	"woman"	435.1435546875	351.2380676269531	447.15301513671875	381.8721008300781
