"score"	"label"	"x0"	"y0"	"x1"	"y1"
0.2553337514400482	"w"	88.48881530761719	70.82962036132812	372.8934326171875	535.23046875
