score	label	x0	y0	x1	y1
0.2858413755893707	woman	84.54191589355469	232.01361083984375	100.47267150878906	268.2034606933594
0.2559205591678619	man	112.84841918945312	232.49961853027344	126.39094543457033	266.905029296875
0.2540518045425415	woman	96.27301788330078	232.7670440673828	108.14656829833984	266.8128662109375
