"score"	"label"	"x0"	"y0"	"x1"	"y1"
0.6319531202316284	"woman"	101.02667236328124	80.54464721679688	404.2312622070313	591.2073974609375
