"score"	"label"	"x0"	"y0"	"x1"	"y1"
0.26997771859169006	"w"	2.708892822265625	1.84417724609375	597.2607421875	381.7032470703125
