"score"	"label"	"x0"	"y0"	"x1"	"y1"
0.3573002517223358	"woman"	311.912353515625	248.93634033203125	333.990478515625	285.951416015625
