"score"	"label"	"x0"	"y0"	"x1"	"y1"
0.49008169770240784	"woman"	2.413299560546875	4.518951416015625	598.7525634765625	429.33172607421875
