score	label	x0	y0	x1	y1
0.7051592469215393	woman	373.4888610839844	90.61764526367188	475.3485412597656	406.4043273925781
