"score"	"label"	"x0"	"y0"	"x1"	"y1"
0.8193443417549133	"man"	83.14395141601562	120.12554931640625	349.984130859375	598.6113891601562
