"score"	"label"	"x0"	"y0"	"x1"	"y1"
0.3219537138938904	"m ; a ; n"	209.76605224609375	61.67146301269531	437.8988037109375	340.67706298828125
