score	label	x0	y0	x1	y1
0.4867542684078216	man	511.5630187988281	172.8538818359375	582.7461547851562	365.59173583984375
0.3887980282306671	woman	274.63885498046875	281.3611755371094	370.639892578125	385.0024719238281
0.3134430348873138	man	12.947723388671877	159.93287658691406	583.15576171875	397.58935546875
0.3129076659679413	man	11.786983489990234	285.96343994140625	86.98265075683594	402.0098876953125
0.2570813596248626	man	260.5985412597656	157.2842559814453	311.8286437988281	268.1025695800781
