"score"	"label"	"x0"	"y0"	"x1"	"y1"
0.27436062693595886	"woman"	314.69091796875	322.0382385253906	464.99102783203125	391.9289855957031
