"score"	"label"	"x0"	"y0"	"x1"	"y1"
0.3030138313770294	"man"	477.9253845214844	186.70640563964844	512.5369262695312	249.6308135986328
