"score"	"label"	"x0"	"y0"	"x1"	"y1"
0.3527989685535431	"m ; a ; n"	191.23577880859375	22.053375244140625	346.56524658203125	528.47607421875
