"score"	"label"	"x0"	"y0"	"x1"	"y1"
0.42020711302757263	"woman"	300.940185546875	211.8534698486328	319.904541015625	256.9576416015625
0.33619415760040283	"woman"	318.4438171386719	213.0550079345703	338.6514587402344	256.32452392578125
0.2748734652996063	"woman"	359.5601501464844	211.50868225097656	374.3144226074219	248.1430206298828
0.2766954004764557	"woman"	255.61497497558594	213.05804443359375	268.53326416015625	250.41766357421875
0.2692486345767975	"woman"	268.3418273925781	212.9014434814453	280.0221862792969	250.1117706298828
