"score"	"label"	"x0"	"y0"	"x1"	"y1"
0.3799048066139221	"man"	356.1148986816406	157.97821044921875	540.810302734375	411.79010009765625
0.4107377231121063	"woman"	167.53375244140625	154.03512573242188	366.21124267578125	404.2508850097656
0.28137892484664917	"man"	167.29046630859375	153.33181762695312	366.4200439453125	404.1441345214844
