"score"	"label"	"x0"	"y0"	"x1"	"y1"
0.266307532787323	"m a"	13.269432067871094	0.9660186767578125	265.0971984863281	259.92938232421875
