"score"	"label"	"x0"	"y0"	"x1"	"y1"
0.3448656499385834	"woman man"	79.0693588256836	266.859130859375	158.77273559570312	390.78106689453125
0.26689958572387695	"woman"	127.4547119140625	277.9365539550781	185.45028686523438	369.4140319824219
