"score"	"label"	"x0"	"y0"	"x1"	"y1"
0.8665844202041626	"woman"	83.20755004882812	120.14167785644531	349.55743408203125	598.8353271484375
