"score"	"label"	"x0"	"y0"	"x1"	"y1"
0.40521693229675293	"woman"	1.1675872802734375	140.2842254638672	156.2959747314453	388.079345703125
0.26388782262802124	"man"	1.8812103271484375	95.78886413574219	160.68983459472656	387.1942138671875
0.28169453144073486	"man"	1.3661575317382812	139.82452392578125	156.3233642578125	387.98675537109375
