score	label	x0	y0	x1	y1
0.4840215146541595	woman	221.2316741943359	63.011383056640625	321.77239990234375	243.20535278320312
0.3408569395542145	man	428.6109924316406	0.1755752563476562	566.6279907226562	141.5406494140625
0.3166160583496094	man	239.4774932861328	63.230995178222656	320.71514892578125	193.19497680664065
0.3016537427902221	man	101.93423461914062	172.1012725830078	219.04833984375	301.52593994140625
0.2537623643875122	man	342.774658203125	162.2526092529297	453.984619140625	297.9554443359375
