score	label	x0	y0	x1	y1
0.5287287831306458	man	251.2703857421875	74.39115905761719	378.1961669921875	338.3060302734375
