"score"	"label"	"x0"	"y0"	"x1"	"y1"
0.3475983142852783	"woman"	223.4916076660156	316.3814697265625	259.6260986328125	356.5562744140625
0.3110914826393127	"woman"	222.29457092285156	315.6747741699219	282.91107177734375	357.2148132324219
