"score"	"label"	"x0"	"y0"	"x1"	"y1"
0.3107967674732208	"m ; a ;"	548.883056640625	6.118189811706543	599.335205078125	30.50289535522461
