"score"	"label"	"x0"	"y0"	"x1"	"y1"
0.7706891298294067	"woman"	11.796772003173828	141.009033203125	93.10856628417969	374.2801513671875
