"score"	"label"	"x0"	"y0"	"x1"	"y1"
0.2680629789829254	"m a"	549.589111328125	0.18944931030273438	598.98388671875	18.154216766357422
