"score"	"label"	"x0"	"y0"	"x1"	"y1"
0.8352096080780029	"man"	24.590789794921875	74.252685546875	337.8966064453125	549.7963256835938
