"score"	"label"	"x0"	"y0"	"x1"	"y1"
0.4217185080051422	"man"	178.7812042236328	182.55426025390625	226.77635192871097	322.998779296875
0.3396369218826294	"woman"	296.220947265625	120.50056457519533	334.91241455078125	212.84532165527344
