score	label	x0	y0	x1	y1
0.3542326986789703	woman	0.4347190856933594	209.99563598632812	25.772377014160156	347.4014587402344
