score	label	x0	y0	x1	y1
0.3172204494476318	man	270.787353515625	233.04910278320312	289.4976806640625	254.73529052734375
