"score"	"label"	"x0"	"y0"	"x1"	"y1"
0.9094840288162231	"woman"	0.2448577880859375	70.84747314453125	334.34283447265625	548.72265625
