"score"	"label"	"x0"	"y0"	"x1"	"y1"
0.2928265035152435	"man"	473.1746215820313	229.99810791015625	516.17333984375	372.3737182617187
