"score"	"label"	"x0"	"y0"	"x1"	"y1"
0.2913737297058105	"woman"	19.757293701171875	16.7733154296875	581.5118408203125	366.9815673828125
