"score"	"label"	"x0"	"y0"	"x1"	"y1"
0.3612791895866394	"m ; a ; n"	33.512237548828125	27.223037719726562	580.39013671875	192.51431274414062
