"score"	"label"	"x0"	"y0"	"x1"	"y1"
0.27997875213623047	"a"	230.54837036132812	55.46685791015625	379.0583190917969	399.8995056152344
