"score"	"label"	"x0"	"y0"	"x1"	"y1"
0.566298246383667	"woman"	161.66529846191406	179.06414794921875	192.97132873535156	259.3268737792969
0.2750616669654846	"woman"	65.7498550415039	183.16128540039062	82.81658172607422	201.36572265625
