score	label	x0	y0	x1	y1
0.4752936661243438	woman	322.7091979980469	337.80364990234375	353.4836120605469	440.16107177734375
0.2569029033184051	woman	315.1650695800781	331.6618347167969	364.2735900878906	444.2435607910156
