score	label	x0	y0	x1	y1
0.4145956337451935	woman	504.0877075195313	242.61827087402344	526.4194946289062	280.9326477050781
