"score"	"label"	"x0"	"y0"	"x1"	"y1"
0.3183140754699707	"m ; a"	320.5288391113281	274.4866638183594	470.3911437988281	451.8768615722656
0.2724391222000122	"a"	130.0250701904297	323.62750244140625	377.7822265625	583.9442749023438
