"score"	"label"	"x0"	"y0"	"x1"	"y1"
0.5280600786209106	"man"	216.3301544189453	324.06396484375	362.85003662109375	531.0888061523438
