"score"	"label"	"x0"	"y0"	"x1"	"y1"
0.30191394686698914	"man"	459.8939208984375	150.89907836914062	470.1719970703125	164.93267822265625
0.2676563262939453	"man"	457.1789855957031	148.06211853027344	473.1036682128906	168.36387634277344
0.25026822090148926	"woman"	460.0491638183594	151.24508666992188	470.1484069824219	164.57907104492188
