score	label	x0	y0	x1	y1
0.3494648933410644	woman	110.04334259033205	272.0732116699219	120.6418685913086	285.9032287597656
