"score"	"label"	"x0"	"y0"	"x1"	"y1"
0.28850236535072327	"man"	514.7913818359375	272.8224182128906	525.1416015625	289.9139099121094
