"score"	"label"	"x0"	"y0"	"x1"	"y1"
0.5872808694839478	"woman"	47.395912170410156	264.55535888671875	63.74573516845703	301.15631103515625
0.48263248801231384	"woman"	151.66842651367188	256.5159912109375	163.10086059570312	288.98046875
0.43361353874206543	"woman"	14.188619613647461	214.33706665039062	22.071062088012695	239.23602294921875
0.29723164439201355	"woman"	482.5355224609375	203.81735229492188	489.12109375	224.56988525390625
0.5126067996025085	"woman"	137.79693603515625	264.5555419921875	149.27731323242188	297.727783203125
0.28151801228523254	"woman"	182.10374450683594	200.83363342285156	188.80821228027344	217.28196716308594
0.26299944519996643	"woman"	189.99163818359375	202.9665985107422	197.54769897460938	221.18385314941406
