"score"	"label"	"x0"	"y0"	"x1"	"y1"
0.790611743927002	"woman"	369.1852722167969	224.70965576171875	402.0610656738281	320.58819580078125
0.39940306544303894	"woman"	180.57553100585938	230.6389617919922	200.08209228515625	276.07281494140625
0.36199623346328735	"woman"	126.3133544921875	235.48973083496094	143.59112548828125	267.82867431640625
0.25624752044677734	"woman"	229.74044799804688	234.03387451171875	248.65133666992188	268.3647155761719
