"score"	"label"	"x0"	"y0"	"x1"	"y1"
0.262666791677475	"woman"	252.76817321777344	80.90556335449219	326.52886962890625	182.18617248535156
0.2621912956237793	"woman"	268.4341735839844	81.09542846679688	326.1808166503906	180.62271118164062
