"score"	"label"	"x0"	"y0"	"x1"	"y1"
0.5746120810508728	"woman"	40.408729553222656	254.011474609375	266.437255859375	563.2354125976562
0.4860260784626007	"man"	178.8722686767578	161.8218994140625	305.3475036621094	547.068359375
