"score"	"label"	"x0"	"y0"	"x1"	"y1"
0.30826112627983093	"m ; a ; n"	101.50680541992188	86.32109069824219	490.3192443847656	299.90301513671875
