score	label	x0	y0	x1	y1
0.5020168423652649	man	203.44281005859375	148.96527099609375	275.3677673339844	346.94525146484375
0.3364525735378265	woman	330.87109375	140.7015380859375	426.372314453125	342.4049072265625
0.3321074247360229	woman	60.72860336303711	146.19012451171875	133.09808349609375	343.6303405761719
0.3020952343940735	woman	128.2959747314453	157.9166259765625	201.0139312744141	348.1761779785156
0.2860659956932068	woman	0.0224037170410156	139.077392578125	71.14784240722656	346.0735168457031
0.2794997096061706	man	0.060882568359375	56.901336669921875	488.72808837890625	346.11029052734375
0.267826497554779	woman	411.0471801757813	123.55582427978516	488.18414306640625	342.5223693847656
