"score"	"label"	"x0"	"y0"	"x1"	"y1"
0.2888408005237579	"woman"	569.938232421875	225.910888671875	591.3477783203125	271.55108642578125
