"score"	"label"	"x0"	"y0"	"x1"	"y1"
0.45911455154418945	"man"	529.4142456054688	69.3609619140625	599.6721801757812	277.23974609375
0.3641589283943176	"man"	438.6043701171875	52.11029052734375	525.8140869140625	309.21820068359375
0.35415181517601013	"man"	186.79379272460938	118.14769744873047	246.52346801757812	279.03759765625
0.43850547075271606	"man"	350.0118408203125	44.96338653564453	426.5506591796875	209.40655517578125
0.34982314705848694	"man"	438.12530517578125	52.04194641113281	532.1255493164062	345.05426025390625
0.26807859539985657	"man"	316.77984619140625	27.54296112060547	381.1181640625	207.90145874023438
0.3094201982021332	"man"	438.86474609375	52.222129821777344	523.3040771484375	300.05450439453125
