"score"	"label"	"x0"	"y0"	"x1"	"y1"
0.26330992579460144	"a"	214.98678588867188	190.45407104492188	333.3043518066406	378.1664123535156
