"score"	"label"	"x0"	"y0"	"x1"	"y1"
0.39565789699554443	"m ; a ; n"	43.358123779296875	65.74234008789062	354.1434631347656	548.380859375
