"score"	"label"	"x0"	"y0"	"x1"	"y1"
0.2930213510990143	"woman"	303.54638671875	212.80157470703125	349.82763671875	358.28948974609375
0.3356660008430481	"woman"	373.7312316894531	179.57546997070312	425.3644104003906	347.8055725097656
0.3416696786880493	"woman"	49.646026611328125	197.53640747070312	125.72607421875	350.7142028808594
0.3282812237739563	"man"	373.80181884765625	179.62391662597656	425.281982421875	347.84759521484375
0.2708968222141266	"woman"	74.93414306640625	197.65838623046875	125.49726867675781	349.71990966796875
0.2559646964073181	"man"	203.70616149902344	223.16436767578125	255.20701599121094	365.9849853515625
0.3244611918926239	"man"	252.4170379638672	214.6935577392578	306.0790710449219	360.56915283203125
0.2574167847633362	"woman"	76.49234008789062	197.71742248535156	125.32765197753906	349.66851806640625
