"score"	"label"	"x0"	"y0"	"x1"	"y1"
0.36203470826148987	"m"	64.32270812988281	74.49652099609375	295.450439453125	546.6068725585938
