"score"	"label"	"x0"	"y0"	"x1"	"y1"
0.553276777267456	"man"	389.5411376953125	126.53915405273438	449.83935546875	235.671142578125
0.5763631463050842	"man"	273.9941101074219	174.31593322753906	374.4432067871094	339.1143798828125
