score	label	x0	y0	x1	y1
0.4131997525691986	man	528.1802978515625	68.11634063720703	599.8709716796875	278.7803955078125
0.3982169032096863	woman	350.0968322753906	44.321014404296875	427.3719177246094	209.2604522705078
0.3630086183547973	woman	437.4913330078125	51.82078552246094	530.7703247070312	304.067138671875
