"score"	"label"	"x0"	"y0"	"x1"	"y1"
0.2759435176849365	"; a ;"	8.912078857421875	7.8619537353515625	596.8900146484375	398.6685791015625
