"score"	"label"	"x0"	"y0"	"x1"	"y1"
0.3916342854499817	"woman"	541.4114990234375	175.80535888671875	589.8067626953125	287.4112243652344
0.3691321015357971	"man"	542.51904296875	176.85653686523438	589.4637451171875	287.1993713378906
0.2765708267688751	"woman"	446.1570739746094	87.5504150390625	473.0241394042969	123.74137878417969
