"score"	"label"	"x0"	"y0"	"x1"	"y1"
0.4919801652431488	"woman"	213.5280303955078	183.26217651367188	242.59974670410156	239.12088012695312
0.4752112627029419	"woman"	305.49609375	190.0987548828125	340.10791015625	262.53265380859375
0.44899019598960876	"woman"	367.0831604003906	181.4971923828125	388.9649963378906	238.14263916015625
0.32047104835510254	"woman"	299.77239990234375	168.26133728027344	316.2763671875	210.76792907714844
0.3127216100692749	"woman"	345.5180358886719	161.05564880371094	366.7052307128906	211.6738739013672
0.3793306350708008	"woman"	282.43280029296875	175.50025939941406	302.44866943359375	218.9999542236328
0.25375354290008545	"woman"	349.3968811035156	164.150146484375	366.7871398925781	211.1187744140625
