"score"	"label"	"x0"	"y0"	"x1"	"y1"
0.5702923536300659	"woman"	162.03964233398438	252.9494781494141	197.3697204589844	348.7579345703125
