"score"	"label"	"x0"	"y0"	"x1"	"y1"
0.6579096913337708	"woman"	235.76278686523438	219.9875946044922	404.5445251464844	450.27569580078125
0.3851346969604492	"man"	0.8366851806640625	223.89999389648438	156.04446411132812	503.0481262207031
