"score"	"label"	"x0"	"y0"	"x1"	"y1"
0.2902500033378601	"woman"	209.9074859619141	180.08412170410156	220.29798889160156	199.45509338378903
