"score"	"label"	"x0"	"y0"	"x1"	"y1"
0.3603103756904602	"man"	9.102386474609375	93.0499496459961	597.3221435546875	239.59762573242188
