"score"	"label"	"x0"	"y0"	"x1"	"y1"
0.373121052980423	"man"	102.76628112792969	257.24481201171875	223.2405548095703	540.9471435546875
0.6090714931488037	"woman"	103.25816345214844	257.3924560546875	219.7775115966797	540.9940795898438
