"score"	"label"	"x0"	"y0"	"x1"	"y1"
0.31806161999702454	"woman"	136.25405883789062	4.108585357666016	362.51385498046875	125.48219299316406
