"score"	"label"	"x0"	"y0"	"x1"	"y1"
0.4058206379413605	"woman"	153.70556640625	296.82379150390625	159.804443359375	308.63507080078125
0.32841622829437256	"woman"	189.23760986328125	289.61395263671875	195.17398071289062	300.937744140625
