"score"	"label"	"x0"	"y0"	"x1"	"y1"
0.3084421455860138	"man"	340.6090393066406	462.4626159667969	352.3509216308594	491.2899475097656
0.2570531666278839	"man"	208.25193786621094	417.331787109375	217.02342224121094	432.8089599609375
0.3610718846321106	"man"	323.35968017578125	533.567138671875	340.24273681640625	576.36474609375
