"score"	"label"	"x0"	"y0"	"x1"	"y1"
0.3276648223400116	"man"	281.0009460449219	298.96771240234375	299.4742736816406	326.18060302734375
0.2927848398685455	"woman"	303.38409423828125	291.02545166015625	325.80340576171875	327.64093017578125
0.2906958758831024	"man"	328.01556396484375	279.4481201171875	348.870849609375	326.362060546875
0.2543324530124664	"man"	280.6277160644531	291.48223876953125	316.5384216308594	326.88763427734375
