"score"	"label"	"x0"	"y0"	"x1"	"y1"
0.7879303097724915	"man"	196.70433044433594	65.54652404785156	334.566650390625	515.7310180664062
