score	label	x0	y0	x1	y1
0.3083018064498901	man	215.65872192382812	88.77073669433594	258.0263366699219	168.26573181152344
