"score"	"label"	"x0"	"y0"	"x1"	"y1"
0.5294831395149231	"man"	329.1203308105469	272.02301025390625	464.9764709472656	594.6885375976562
0.3752938210964203	"woman"	246.97091674804688	281.87774658203125	358.4672546386719	595.6253662109375
0.33680617809295654	"woman"	245.67990112304688	281.56304931640625	389.9943542480469	595.7271728515625
