score	label	x0	y0	x1	y1
0.2813771963119507	woman	212.7332305908203	278.1684265136719	225.2107391357422	300.8489074707031
