"score"	"label"	"x0"	"y0"	"x1"	"y1"
0.3310551345348358	"man woman"	88.7734375	236.9486083984375	335.7611389160156	422.911376953125
