"score"	"label"	"x0"	"y0"	"x1"	"y1"
0.3988926112651825	"woman"	284.0317687988281	201.14463806152344	375.8955993652344	305.9005432128906
0.3878718316555023	"woman"	177.66380310058594	164.82814025878906	487.7861328125	406.515625
