"score"	"label"	"x0"	"y0"	"x1"	"y1"
0.4475333988666534	"woman"	63.406517028808594	77.61758422851562	217.001708984375	509.5376892089844
0.4455842673778534	"man"	189.12875366210935	39.325927734375	317.59539794921875	512.5308227539062
