"score"	"label"	"x0"	"y0"	"x1"	"y1"
0.316118985414505	"m ; a ; n"	87.82942199707031	70.70332336425781	373.69989013671875	534.0907592773438
