"score"	"label"	"x0"	"y0"	"x1"	"y1"
0.3378482758998871	"woman"	164.05465698242188	179.04965209960938	391.8116149902344	441.8141784667969
0.3521568775177002	"woman"	0.5937881469726562	13.298431396484375	232.5751953125	485.44122314453125
0.3316165506839752	"woman"	325.1856689453125	88.34759521484375	599.2391967773438	415.50262451171875
