"score"	"label"	"x0"	"y0"	"x1"	"y1"
0.2837103009223938	"w"	248.99183654785156	87.44481658935547	321.8666687011719	310.337158203125
0.2579704523086548	"w"	248.9334716796875	87.47996520996094	321.867431640625	310.42474365234375
