"score"	"label"	"x0"	"y0"	"x1"	"y1"
0.35732194781303406	"man"	356.49896240234375	245.40554809570312	388.281005859375	278.6069030761719
0.3378846347332001	"woman"	356.7399597167969	246.2279510498047	387.6824035644531	278.3097229003906
