"score"	"label"	"x0"	"y0"	"x1"	"y1"
0.4467994570732116	"woman"	127.30858612060548	319.62420654296875	157.4381866455078	386.26129150390625
