"score"	"label"	"x0"	"y0"	"x1"	"y1"
0.38403433561325073	"man"	67.1905517578125	29.789642333984375	274.26043701171875	403.79901123046875
0.2925853133201599	"man"	3.587921142578125	29.25567626953125	278.6867980957031	403.8876953125
