"score"	"label"	"x0"	"y0"	"x1"	"y1"
0.3144676983356476	"man"	352.5074157714844	245.81785583496094	374.3865051269531	284.0354309082031
0.2500247061252594	"woman"	352.8124694824219	246.12069702148438	374.0925598144531	283.8625183105469
0.25334423780441284	"man"	120.22544860839844	12.42803955078125	583.8853759765625	355.0890197753906
