"score"	"label"	"x0"	"y0"	"x1"	"y1"
0.473104327917099	"man"	168.3797607421875	123.1591796875	424.55157470703125	434.6492919921875
0.40783098340034485	"man"	142.73789978027344	136.91055297851562	265.54864501953125	318.2496643066406
