"score"	"label"	"x0"	"y0"	"x1"	"y1"
0.5048649907112122	"man"	46.12983322143555	234.4662322998047	139.15829467773438	537.4552001953125
0.3873011469841003	"woman"	128.35903930664062	244.3043975830078	222.54672241210935	466.1053466796875
