"score"	"label"	"x0"	"y0"	"x1"	"y1"
0.25996285676956177	"woman"	371.0320739746094	191.07095336914062	414.1395568847656	264.1886901855469
