"score"	"label"	"x0"	"y0"	"x1"	"y1"
0.27792099118232727	"man"	590.8922119140625	358.35052490234375	600.0419921875	405.95880126953125
0.30214637517929077	"man"	590.8827514648438	329.2646179199219	600.0217895507812	405.8865051269531
