"score"	"label"	"x0"	"y0"	"x1"	"y1"
0.30700358748435974	"m ; a ; n"	33.13092041015625	129.1819610595703	317.3243408203125	596.71923828125
