"score"	"label"	"x0"	"y0"	"x1"	"y1"
0.3098234534263611	"woman"	259.13946533203125	365.4823913574219	299.916748046875	429.9554748535156
0.3066340684890747	"woman"	260.6514892578125	365.7476501464844	296.916015625	412.5899353027344
0.26080042123794556	"man"	260.8691101074219	365.79327392578125	295.7593688964844	411.62408447265625
