"score"	"label"	"x0"	"y0"	"x1"	"y1"
0.3126167953014374	"woman"	322.7522277832031	4.815948486328125	583.5970458984375	415.9088439941406
