"score"	"label"	"x0"	"y0"	"x1"	"y1"
0.5728663802146912	"man"	83.99479675292969	143.88352966308594	384.107421875	489.051025390625
