"score"	"label"	"x0"	"y0"	"x1"	"y1"
0.37254562973976135	"woman"	144.81802368164062	188.75511169433594	199.11514282226562	365.23431396484375
0.35263654589653015	"woman"	393.8443908691406	134.88534545898438	531.577880859375	496.6970520019531
0.34605759382247925	"woman"	87.63948822021484	194.30667114257812	153.01083374023438	374.3940124511719
0.4452607333660126	"woman"	528.6848754882812	111.15486145019531	591.4412231445312	598.703125
0.30674681067466736	"woman"	206.84869384765625	128.4694366455078	358.52783203125	509.43621826171875
0.2951647937297821	"woman"	53.18208694458008	194.82058715820312	98.11141967773438	372.2887268066406
0.25259795784950256	"woman"	193.3717803955078	171.72244262695312	241.5015411376953	346.9814758300781
0.2510802447795868	"woman"	0.3683128356933594	169.90724182128906	79.09051513671875	393.7698974609375
