"score"	"label"	"x0"	"y0"	"x1"	"y1"
0.7591131329536438	"woman"	240.7686004638672	245.93576049804688	254.8727569580078	296.3540954589844
