"score"	"label"	"x0"	"y0"	"x1"	"y1"
0.3160432279109955	"woman"	188.9101104736328	163.52279663085938	225.4002227783203	196.7030029296875
0.3412129282951355	"woman"	208.0670166015625	164.18455505371094	224.98883056640625	191.02101135253906
0.31769034266471863	"woman"	190.1523895263672	167.20843505859375	211.04640197753906	197.02297973632812
0.2859534025192261	"man"	190.41616821289062	167.55638122558594	210.98760986328125	196.8498077392578
0.25548890233039856	"man"	208.62783813476562	164.39462280273438	224.51724243164062	190.33309936523438
