"score"	"label"	"x0"	"y0"	"x1"	"y1"
0.3832269608974457	"woman"	265.5323486328125	221.98692321777344	317.72442626953125	286.067626953125
0.3529106378555298	"man"	369.76983642578125	191.82614135742188	421.03607177734375	305.85089111328125
