score	label	x0	y0	x1	y1
0.5813467502593994	man	209.53341674804688	89.71331787109375	348.1968688964844	567.2853393554688
0.4443606734275818	woman	81.6429672241211	154.3163604736328	259.5899353027344	561.3601684570312
0.2590305209159851	man	81.28648376464844	87.35624694824219	348.59375	567.9952392578125
