"score"	"label"	"x0"	"y0"	"x1"	"y1"
0.892255425453186	"man"	133.25228881835938	176.96133422851562	305.1440124511719	542.3714599609375
