"score"	"label"	"x0"	"y0"	"x1"	"y1"
0.25522857904434204	"man"	577.9762573242188	423.0422058105469	590.1482543945312	449.0141296386719
0.2558977007865906	"woman"	577.9058837890625	422.8656921386719	589.9661865234375	448.9969177246094
0.2882172167301178	"man"	576.375244140625	417.9251403808594	596.3270263671875	448.8486633300781
