"score"	"label"	"x0"	"y0"	"x1"	"y1"
0.9056525826454163	"woman"	325.0482482910156	227.60153198242188	418.0301208496094	426.9800720214844
