"score"	"label"	"x0"	"y0"	"x1"	"y1"
0.3105921745300293	"man"	2.4230804443359375	0.538116455078125	448.170654296875	590.618896484375
0.27797386050224304	"woman"	2.15350341796875	0.699249267578125	448.30224609375	591.7423095703125
