"score"	"label"	"x0"	"y0"	"x1"	"y1"
0.40571603178977966	"man"	185.30506896972656	117.50101470947266	226.3369598388672	225.502197265625
0.36047402024269104	"man"	233.91561889648438	294.357177734375	306.3831481933594	387.4068603515625
0.30873897671699524	"woman"	217.93357849121094	127.06446075439453	235.51670837402344	182.64739990234375
