"score"	"label"	"x0"	"y0"	"x1"	"y1"
0.48144036531448364	"woman"	289.8447265625	162.84715270996094	303.14984130859375	187.35569763183594
0.47563618421554565	"man"	289.9406433105469	162.96058654785156	303.0143737792969	187.10975646972656
0.27799248695373535	"woman"	313.7296142578125	155.91751098632812	328.94024658203125	189.23080444335938
0.33726799488067627	"man"	313.7861633300781	155.95452880859375	328.8563537597656	189.17840576171875
0.2983408272266388	"woman"	289.9425354003906	162.97019958496094	303.1095886230469	187.2161102294922
