score	label	x0	y0	x1	y1
0.6013137102127075	man	251.9970245361328	87.57675170898438	320.44921875	308.6743469238281
0.5641728639602661	woman	210.4781951904297	114.21086883544922	277.0406494140625	307.5774841308594
