"score"	"label"	"x0"	"y0"	"x1"	"y1"
0.4485498666763305	"man"	116.61878967285156	101.93475341796876	435.2095947265625	596.34228515625
