"score"	"label"	"x0"	"y0"	"x1"	"y1"
0.4114096462726593	"man"	367.4059753417969	223.59991455078125	403.2741394042969	321.46392822265625
0.6249356269836426	"woman"	367.43157958984375	223.53411865234375	403.2572021484375	321.55938720703125
0.3524792194366455	"woman"	367.5928649902344	223.69667053222656	403.1934509277344	321.549560546875
