"score"	"label"	"x0"	"y0"	"x1"	"y1"
0.3899978697299957	"man"	83.6999282836914	425.4031677246094	97.05675506591797	463.7776184082031
0.297191321849823	"man"	102.57069396972656	426.83477783203125	114.028076171875	463.416259765625
0.3370092511177063	"woman"	83.95453643798828	425.6990661621094	96.82205963134766	463.7654113769531
