"score"	"label"	"x0"	"y0"	"x1"	"y1"
0.4924020171165466	"woman"	156.04150390625	261.6833801269531	314.80584716796875	597.9808349609375
0.4315178990364074	"man"	346.8537902832031	225.6033935546875	519.8809814453125	597.6249389648438
