"score"	"label"	"x0"	"y0"	"x1"	"y1"
0.431414395570755	"woman"	308.16461181640625	102.97875213623047	383.78961181640625	357.400390625
0.39793863892555237	"woman"	369.0303649902344	86.49049377441406	471.2010192871094	357.4615478515625
0.3966931998729706	"woman"	210.17958068847656	81.13377380371094	282.8680114746094	344.18121337890625
0.3941233158111572	"woman"	272.5283203125	89.271484375	335.6575927734375	348.4822998046875
