"score"	"label"	"x0"	"y0"	"x1"	"y1"
0.4464232921600342	"man"	275.281494140625	110.26078796386719	436.0244140625	330.224609375
0.3480900526046753	"man"	274.9899597167969	109.88994598388672	469.2185363769531	330.733154296875
