score	label	x0	y0	x1	y1
0.5077422261238098	woman	97.8987808227539	92.45767211914062	229.7254638671875	530.7772216796875
0.4611620604991913	man	192.148193359375	50.139495849609375	354.28106689453125	535.278564453125
