"score"	"label"	"x0"	"y0"	"x1"	"y1"
0.4811002314090729	"man"	249.3504638671875	61.402435302734375	449.0828857421875	598.3187255859375
0.2631855607032776	"man"	122.3757553100586	147.02186584472656	340.6864929199219	598.742919921875
0.30840548872947693	"man"	1.9808883666992188	86.20735168457031	203.1883544921875	598.1693725585938
