"score"	"label"	"x0"	"y0"	"x1"	"y1"
0.4397690594196319	"man"	503.13421630859375	283.020751953125	519.9732666015625	323.764404296875
