"score"	"label"	"x0"	"y0"	"x1"	"y1"
0.3666101396083832	"man"	271.33929443359375	194.81167602539062	296.10919189453125	228.75473022460938
0.347827672958374	"woman"	282.61029052734375	196.1544952392578	295.3455810546875	227.8149871826172
0.30077794194221497	"man"	272.1339111328125	195.83242797851562	284.600341796875	228.190185546875
