"score"	"label"	"x0"	"y0"	"x1"	"y1"
0.46176114678382874	"woman"	428.3621520996094	242.1388397216797	446.2528991699219	273.48529052734375
0.3587699234485626	"man"	429.3489990234375	242.7513427734375	445.392578125	273.0931396484375
