"score"	"label"	"x0"	"y0"	"x1"	"y1"
0.33828186988830566	"man"	4.287200927734375	135.71151733398438	180.40472412109375	273.1455078125
