"score"	"label"	"x0"	"y0"	"x1"	"y1"
0.2624222934246063	"woman"	241.7430877685547	272.6850891113281	372.38653564453125	436.6708679199219
