"score"	"label"	"x0"	"y0"	"x1"	"y1"
0.2511112689971924	"woman"	320.9547424316406	271.36322021484375	386.4490661621094	310.92510986328125
