"score"	"label"	"x0"	"y0"	"x1"	"y1"
0.4436540901660919	"man"	1.3929786682128906	276.17340087890625	55.03749465942383	379.710693359375
