"score"	"label"	"x0"	"y0"	"x1"	"y1"
0.5475079417228699	"woman"	0.3303680419921875	71.11277770996094	333.91766357421875	548.7342529296875
