"score"	"label"	"x0"	"y0"	"x1"	"y1"
0.4316239058971405	"woman"	41.629066467285156	35.38177490234375	91.9202651977539	182.6446990966797
0.3830661475658417	"man"	42.08269500732422	35.726959228515625	91.53438568115234	182.488525390625
