"score"	"label"	"x0"	"y0"	"x1"	"y1"
0.25013798475265503	"w"	95.82583618164062	63.868682861328125	285.0915222167969	410.37506103515625
