"score"	"label"	"x0"	"y0"	"x1"	"y1"
0.36868587136268616	"m"	153.77682495117188	14.580307006835938	297.5827331542969	373.4415283203125
0.2735344469547272	"a"	153.73226928710938	14.545166015625	297.575927734375	373.47955322265625
