score	label	x0	y0	x1	y1
0.5365843176841736	woman	289.2010498046875	155.35546875	445.31396484375	425.5206298828125
0.3789740204811096	man	412.5509643554687	54.92927551269531	575.1151123046875	424.9710083007813
0.2510741353034973	man	159.46536254882812	46.482757568359375	311.22772216796875	425.3677673339844
