"score"	"label"	"x0"	"y0"	"x1"	"y1"
0.591014564037323	"woman"	71.45938873291016	50.558502197265625	279.48486328125	563.344970703125
