"score"	"label"	"x0"	"y0"	"x1"	"y1"
0.3557298481464386	"man"	39.980751037597656	103.67744445800781	270.5404052734375	413.99847412109375
0.5885562896728516	"woman"	40.01655578613281	104.23246765136719	270.41241455078125	413.82666015625
0.2837439477443695	"woman"	39.82636260986328	104.1417236328125	270.6012268066406	414.17352294921875
