"score"	"label"	"x0"	"y0"	"x1"	"y1"
0.303221732378006	"man"	382.8018798828125	221.08273315429688	582.8933715820312	366.0697326660156
