"score"	"label"	"x0"	"y0"	"x1"	"y1"
0.5387963652610779	"woman"	169.6000213623047	87.6671142578125	264.56768798828125	350.22039794921875
0.3978208005428314	"man"	88.54389953613281	81.55816650390625	177.6320037841797	364.6229248046875
0.25772416591644287	"woman"	87.69403076171875	79.23297119140625	265.1206970214844	363.990478515625
