"score"	"label"	"x0"	"y0"	"x1"	"y1"
0.9308751225471497	"woman"	87.16227722167969	110.46601867675781	425.27838134765625	597.729248046875
