"score"	"label"	"x0"	"y0"	"x1"	"y1"
0.25931793451309204	"a"	209.19720458984375	80.86083984375	285.0184020996094	345.3291015625
