"score"	"label"	"x0"	"y0"	"x1"	"y1"
0.4719986915588379	"man"	347.17303466796875	226.3858642578125	519.26318359375	598.4674072265625
0.35679692029953003	"man"	156.14437866210938	262.357421875	313.8602294921875	598.5704345703125
0.2990265190601349	"man"	0.4473075866699219	234.58663940429688	112.33183288574219	598.661865234375
