"score"	"label"	"x0"	"y0"	"x1"	"y1"
0.45088785886764526	"woman"	327.1461486816406	64.92539978027344	419.9280090332031	310.0126953125
0.34683099389076233	"woman"	327.0530090332031	19.27178955078125	419.9045715332031	309.9383850097656
