"score"	"label"	"x0"	"y0"	"x1"	"y1"
0.3387870788574219	"man"	354.6925048828125	247.54116821289062	372.92578125	283.4615783691406
