"score"	"label"	"x0"	"y0"	"x1"	"y1"
0.422292560338974	"woman"	503.42376708984375	187.63108825683594	530.1952514648438	220.1595916748047
0.3990269601345062	"man"	504.3573913574219	188.62109375	529.0477294921875	218.86514282226562
