"score"	"label"	"x0"	"y0"	"x1"	"y1"
0.5829972624778748	"man"	78.11904907226562	238.12371826171875	183.55010986328125	512.9134521484375
0.4084811508655548	"woman"	327.7015686035156	236.3184814453125	420.5346984863281	509.639404296875
0.31263360381126404	"woman"	252.07460021972656	235.23570251464844	347.4170837402344	512.469482421875
