"score"	"label"	"x0"	"y0"	"x1"	"y1"
0.35917484760284424	"man"	0.554473876953125	0.9061126708984375	530.5765380859375	269.2047119140625
