"score"	"label"	"x0"	"y0"	"x1"	"y1"
0.4624064564704895	"man"	192.17498779296875	149.3080596923828	468.18115234375	599.7398071289062
0.3935316503047943	"woman"	459.11773681640625	370.49957275390625	544.2704467773438	599.9135131835938
