"score"	"label"	"x0"	"y0"	"x1"	"y1"
0.30223608016967773	"woman"	54.461822509765625	2.1466064453125	340.80889892578125	513.7347412109375
0.28263139724731445	"woman"	12.455352783203125	1.6759033203125	343.8443908691406	515.3599243164062
0.25794339179992676	"man"	13.407119750976562	1.580474853515625	343.28173828125	514.7568359375
0.2721506953239441	"man"	56.38763427734375	1.8917236328125	340.4851989746094	514.3505249023438
