"score"	"label"	"x0"	"y0"	"x1"	"y1"
0.35792580246925354	"man"	84.45005798339844	75.02384948730469	503.975341796875	391.48681640625
