"score"	"label"	"x0"	"y0"	"x1"	"y1"
0.7898272275924683	"woman"	142.25050354003906	179.22137451171875	162.59510803222656	222.34182739257812
