"score"	"label"	"x0"	"y0"	"x1"	"y1"
0.4561944603919983	"woman"	125.76348876953125	276.9112243652344	140.57376098632812	320.4120178222656
0.43395593762397766	"woman"	114.13994598388672	275.70013427734375	128.1551055908203	316.380615234375
0.3850092589855194	"woman"	169.15899658203125	296.4124450683594	183.86434936523438	340.5988464355469
0.34144327044487	"woman"	166.4228057861328	280.0108642578125	185.3054962158203	340.8287353515625
