"score"	"label"	"x0"	"y0"	"x1"	"y1"
0.7811691164970398	"woman"	86.60144805908203	65.55191040039062	292.1492614746094	536.094970703125
