"score"	"label"	"x0"	"y0"	"x1"	"y1"
0.4731966555118561	"man"	29.15924835205078	229.2351837158203	103.12616729736328	446.315673828125
0.41173210740089417	"man"	92.55461120605469	235.41383361816406	162.12557983398438	329.9321594238281
0.32758450508117676	"man"	0.07047843933105469	250.65155029296875	26.11570167541504	399.00677490234375
