"score"	"label"	"x0"	"y0"	"x1"	"y1"
0.8498601317405701	"man"	161.4261932373047	178.92271423339844	191.90513610839844	259.09600830078125
