"score"	"label"	"x0"	"y0"	"x1"	"y1"
0.3373713493347168	"m ; a ; n"	76.29307556152344	148.43527221679688	520.5498657226562	339.7635803222656
