"score"	"label"	"x0"	"y0"	"x1"	"y1"
0.4503925442695617	"woman"	60.13079833984375	279.6341857910156	87.94200134277344	354.8965759277344
0.2743445038795471	"man"	393.7274169921875	227.8846435546875	412.8197021484375	257.8182373046875
0.2735026180744171	"man"	434.3616638183594	215.1661071777344	452.0018615722656	244.5086669921875
