"score"	"label"	"x0"	"y0"	"x1"	"y1"
0.28322717547416687	"woman"	210.01507568359375	143.6660614013672	232.44610595703125	195.06483459472656
0.29144778847694397	"woman"	21.424285888671875	138.65232849121094	459.3575134277344	191.25657653808594
