"score"	"label"	"x0"	"y0"	"x1"	"y1"
0.2703556716442108	"a"	0.540130615234375	197.14083862304688	568.0985107421875	372.4102478027344
