"score"	"label"	"x0"	"y0"	"x1"	"y1"
0.31011366844177246	"woman"	424.410400390625	117.67378234863281	480.18963623046875	190.9172821044922
0.32428741455078125	"woman"	318.05523681640625	73.13300323486328	385.34307861328125	126.77921295166016
0.2594766914844513	"woman"	358.369384765625	249.66481018066406	390.24658203125	326.19024658203125
0.2614908516407013	"man"	358.8000793457031	250.1843719482422	389.9418029785156	327.1011657714844
