"score"	"label"	"x0"	"y0"	"x1"	"y1"
0.3934521973133087	"m"	24.137588500976562	33.30369567871094	508.29388427734375	487.146240234375
0.27598893642425537	"a"	24.5059814453125	33.61798095703125	508.21307373046875	486.41021728515625
