"score"	"label"	"x0"	"y0"	"x1"	"y1"
0.35434815287590027	"man"	3.770111083984375	69.07188415527344	545.4385986328125	329.28045654296875
0.2509320378303528	"woman"	3.095062255859375	69.7733154296875	544.3388671875	329.1279296875
