score	label	x0	y0	x1	y1
0.4306125342845917	woman	400.8161010742187	55.43763732910156	539.2515258789062	458.31939697265625
0.3819306790828705	woman	178.62811279296875	70.41497802734375	303.1435546875	455.777587890625
0.3247031271457672	man	57.74947738647461	53.44964599609375	182.85269165039065	454.67633056640625
0.2735235095024109	man	299.41058349609375	67.15830993652344	411.9295043945313	455.73974609375
