"score"	"label"	"x0"	"y0"	"x1"	"y1"
0.282363623380661	"m ; a ;"	144.11839294433594	243.4745330810547	280.95166015625	356.74212646484375
