"score"	"label"	"x0"	"y0"	"x1"	"y1"
0.47920554876327515	"woman"	582.114990234375	331.2846984863281	599.8460693359375	367.5893859863281
0.32842573523521423	"man"	582.8074951171875	332.15484619140625	599.8292236328125	367.08233642578125
