"score"	"label"	"x0"	"y0"	"x1"	"y1"
0.5000548362731934	"woman"	330.08514404296875	250.65176391601562	446.70928955078125	476.3633728027344
0.44532233476638794	"woman"	270.7090759277344	260.5457763671875	374.4215393066406	479.22882080078125
0.32017940282821655	"woman"	69.79156494140625	209.07662963867188	162.6811981201172	372.2390441894531
0.2571757137775421	"woman"	176.7516632080078	209.27134704589844	369.6832275390625	480.74603271484375
0.3188515603542328	"woman"	111.8467025756836	235.03939819335938	179.88800048828125	375.3539733886719
0.2786581516265869	"woman"	91.06204223632812	209.13363647460938	161.18923950195312	370.3276062011719
0.2894749045372009	"woman"	176.83084106445312	209.70497131347656	342.0867614746094	479.48443603515625
