"score"	"label"	"x0"	"y0"	"x1"	"y1"
0.6066389083862305	"man"	171.54617309570312	96.55133056640625	382.3728332519531	523.5679931640625
0.5378385186195374	"woman"	21.045700073242188	137.49465942382812	300.8353271484375	525.632080078125
0.31817176938056946	"woman"	20.953109741210938	137.17538452148438	300.71136474609375	525.71875
