score	label	x0	y0	x1	y1
0.3026005029678345	man	170.145751953125	242.6961212158203	194.81793212890625	289.2577209472656
