"score"	"label"	"x0"	"y0"	"x1"	"y1"
0.2660231590270996	"man"	563.1392822265625	221.91348266601562	574.5880126953125	243.68731689453125
0.2738131582736969	"man"	8.711256980895996	86.96717834472656	28.05734634399414	114.42556762695312
