"score"	"label"	"x0"	"y0"	"x1"	"y1"
0.30365458130836487	"woman"	107.43698120117188	291.88519287109375	120.38107299804688	313.865966796875
0.2898475229740143	"woman"	125.10879516601562	303.171630859375	134.45108032226562	320.0499267578125
0.2541070282459259	"man"	108.2826156616211	292.2886657714844	119.4850082397461	312.4600524902344
