"score"	"label"	"x0"	"y0"	"x1"	"y1"
0.27098679542541504	"w"	161.39334106445312	54.01312255859375	360.4997863769531	509.5963134765625
