"score"	"label"	"x0"	"y0"	"x1"	"y1"
0.909737229347229	"man"	343.1335144042969	95.2547607421875	471.3397521972656	347.4281921386719
