"score"	"label"	"x0"	"y0"	"x1"	"y1"
0.25277575850486755	"man"	306.6946716308594	103.6671142578125	576.2955322265625	318.084228515625
