"score"	"label"	"x0"	"y0"	"x1"	"y1"
0.3806750774383545	"woman"	9.046539306640625	40.89010238647461	240.43565368652344	114.00140380859375
0.2547655999660492	"woman"	8.793510437011719	25.101219177246094	240.56195068359375	114.40740203857422
