"score"	"label"	"x0"	"y0"	"x1"	"y1"
0.5883230566978455	"man"	430.0528564453125	243.6708526611328	444.99114990234375	272.5957946777344
