"score"	"label"	"x0"	"y0"	"x1"	"y1"
0.4695868194103241	"woman"	50.75599670410156	263.1396484375	73.55753326416016	283.82464599609375
