"score"	"label"	"x0"	"y0"	"x1"	"y1"
0.31736648082733154	"woman"	44.70716094970703	165.6913299560547	55.727691650390625	183.4058380126953
