"score"	"label"	"x0"	"y0"	"x1"	"y1"
0.41693776845932007	"man"	342.937255859375	72.60987091064453	429.90716552734375	317.7106018066406
0.3110523223876953	"man"	171.496337890625	84.24693298339844	232.34310913085938	278.06378173828125
0.344769686460495	"woman"	457.6988830566406	62.95111083984375	554.3446655273438	362.8412780761719
0.2895340621471405	"woman"	265.34814453125	84.1607437133789	330.11151123046875	296.5696716308594
