"score"	"label"	"x0"	"y0"	"x1"	"y1"
0.4910490214824676	"woman"	13.900787353515623	76.26437377929688	431.55706787109375	598.0228271484375
