"score"	"label"	"x0"	"y0"	"x1"	"y1"
0.4088196456432342	"woman"	198.0842742919922	247.9165954589844	234.02549743652344	325.1801452636719
