"score"	"label"	"x0"	"y0"	"x1"	"y1"
0.27781009674072266	"man"	80.827880859375	180.12791442871094	437.4205322265625	308.23516845703125
