"score"	"label"	"x0"	"y0"	"x1"	"y1"
0.691920816898346	"woman"	208.0713653564453	135.15890502929688	245.8842315673828	234.0047607421875
0.4272288978099823	"woman"	133.83180236816406	132.89064025878906	170.7245330810547	199.37779235839844
0.44019824266433716	"woman"	161.07379150390625	128.2986602783203	197.451416015625	199.20018005371094
0.32767975330352783	"woman"	101.82003784179688	144.5345001220703	135.3360137939453	199.7299346923828
