"score"	"label"	"x0"	"y0"	"x1"	"y1"
0.36940494179725647	"woman"	0.5432472229003906	0.1910552978515625	76.31561279296875	69.46920013427734
0.29756855964660645	"woman"	0.4340248107910156	-0.0034580230712890625	51.99650573730469	63.584373474121094
