"score"	"label"	"x0"	"y0"	"x1"	"y1"
0.5074211955070496	"woman"	1.9085540771484375	119.89926147460938	310.59344482421875	548.72802734375
0.5149158835411072	"man"	216.9763641357422	74.79872131347656	377.13623046875	548.7179565429688
