"score"	"label"	"x0"	"y0"	"x1"	"y1"
0.2773217260837555	"w"	1.423980712890625	2.07159423828125	598.80029296875	390.77215576171875
