"score"	"label"	"x0"	"y0"	"x1"	"y1"
0.415907084941864	"woman"	270.66021728515625	228.68592834472656	464.60101318359375	599.0469970703125
0.4363771975040436	"man"	277.8951721191406	229.68116760253906	461.0998840332031	598.8452758789062
