"score"	"label"	"x0"	"y0"	"x1"	"y1"
0.5549872517585754	"man"	1.3458251953125	51.8448486328125	392.17413330078125	598.6763305664062
0.2587498426437378	"woman"	1.0056304931640625	52.745361328125	392.40972900390625	599.4815673828125
