score	label	x0	y0	x1	y1
0.323086529970169	woman	352.4572448730469	245.6304626464844	374.4929504394531	284.1439514160156
