"score"	"label"	"x0"	"y0"	"x1"	"y1"
0.3989974558353424	"m"	73.47196197509766	94.08576965332031	326.29913330078125	506.47821044921875
0.2703348696231842	"a"	73.7208023071289	94.34835815429688	326.2055969238281	505.7041931152344
