"score"	"label"	"x0"	"y0"	"x1"	"y1"
0.44159215688705444	"m"	264.71417236328125	301.041748046875	314.41925048828125	344.14520263671875
