"score"	"label"	"x0"	"y0"	"x1"	"y1"
0.2927369773387909	"m ; a ;"	214.42408752441406	147.07489013671875	599.392822265625	366.4632568359375
