"score"	"label"	"x0"	"y0"	"x1"	"y1"
0.430492639541626	"m"	8.409423828125	88.12474060058594	586.0057983398438	357.27423095703125
0.30440855026245117	"a"	8.47674560546875	88.16850280761719	585.7188720703125	357.10333251953125
0.2947200834751129	"m"	8.43402099609375	88.31158447265625	585.7311401367188	357.420654296875
