"score"	"label"	"x0"	"y0"	"x1"	"y1"
0.3814840316772461	"woman"	181.28131103515625	236.7535858154297	217.52767944335938	293.33612060546875
0.3336185812950134	"man"	182.8468780517578	237.98895263671875	215.50221252441406	286.70440673828125
