"score"	"label"	"x0"	"y0"	"x1"	"y1"
0.3840482532978058	"man"	1.8153533935546875	49.27925109863281	361.0511474609375	547.4039916992188
0.45812100172042847	"woman"	1.8601226806640625	49.92530822753906	360.30657958984375	547.4074096679688
0.29699456691741943	"woman"	1.615325927734375	49.82560729980469	360.44012451171875	547.419921875
