"score"	"label"	"x0"	"y0"	"x1"	"y1"
0.36841443181037903	"woman"	492.70025634765625	247.65306091308594	517.4071655273438	289.42620849609375
0.3322712182998657	"woman"	525.8379516601562	254.56753540039062	555.0691528320312	298.3282165527344
