"score"	"label"	"x0"	"y0"	"x1"	"y1"
0.7831751704216003	"man"	297.6365661621094	44.397705078125	446.7627258300781	465.4057312011719
