"score"	"label"	"x0"	"y0"	"x1"	"y1"
0.4965147078037262	"woman"	13.523344039916992	220.83331298828125	21.05706214904785	235.02407836914062
0.2760261595249176	"woman"	38.117740631103516	218.62344360351562	44.120357513427734	230.831298828125
0.29125720262527466	"woman"	33.85599136352539	218.20201110839844	38.87264633178711	231.0780792236328
