"score"	"label"	"x0"	"y0"	"x1"	"y1"
0.372315913438797	"woman"	83.92118835449219	74.739013671875	504.102294921875	391.6535034179687
