"score"	"label"	"x0"	"y0"	"x1"	"y1"
0.6737877726554871	"man"	180.91061401367188	33.1368408203125	343.9196472167969	546.4259643554688
0.5384601950645447	"woman"	60.054832458496094	81.44284057617188	231.74636840820312	548.8995361328125
0.2958352267742157	"woman"	59.906166076660156	81.21463012695312	231.88967895507812	548.6131591796875
