"score"	"label"	"x0"	"y0"	"x1"	"y1"
0.2934565842151642	"man"	252.81961059570312	80.35203552246094	327.0658874511719	181.96498107910156
0.29771819710731506	"man"	273.8990783691406	81.01988220214844	325.9637756347656	134.70703125
0.2804529070854187	"man"	269.2903747558594	80.82928466796875	326.5762634277344	180.38845825195312
0.2649119198322296	"man"	271.6950988769531	80.6357421875	326.4385070800781	153.85580444335938
