score	label	x0	y0	x1	y1
0.3970662653446197	woman	242.8541259765625	146.28396606445312	289.2880859375	205.24850463867188
