"score"	"label"	"x0"	"y0"	"x1"	"y1"
0.4340255558490753	"woman"	148.10658264160156	69.0687255859375	242.27040100097656	362.46441650390625
0.32151687145233154	"man"	231.56056213378906	54.736419677734375	377.90899658203125	398.5338134765625
0.25687769055366516	"man"	91.20639038085938	57.01753234863281	163.7918701171875	343.7340087890625
0.2760830819606781	"man"	275.7065124511719	55.219024658203125	377.1711730957031	398.7599182128906
