"score"	"label"	"x0"	"y0"	"x1"	"y1"
0.3012526631355285	"man"	21.303882598876953	191.67039489746097	41.02669525146485	235.5340118408203
0.2661599814891815	"man"	19.67350959777832	191.6805419921875	41.43413543701172	258.3699951171875
0.2611000537872314	"man"	-0.0037808418273925	186.5910797119141	14.076068878173828	262.1773681640625
