score	label	x0	y0	x1	y1
0.3442060947418213	man	501.17034912109375	219.878173828125	511.4091796875	232.74761962890625
