score	label	x0	y0	x1	y1
0.3949981331825256	woman	146.49810791015625	97.41818237304688	473.652099609375	427.6066589355469
