"score"	"label"	"x0"	"y0"	"x1"	"y1"
0.2687785029411316	"m"	36.9876708984375	77.531005859375	554.1198120117188	401.38177490234375
