"score"	"label"	"x0"	"y0"	"x1"	"y1"
0.2799213230609894	"man"	423.1120300292969	200.2724609375	541.3626708984375	427.60491943359375
0.26357531547546387	"woman"	58.94319152832031	200.5089111328125	172.6096649169922	427.51031494140625
