score	label	x0	y0	x1	y1
0.2537837922573089	woman	8.421478271484375	0.226806640625	596.385498046875	412.932373046875
