"score"	"label"	"x0"	"y0"	"x1"	"y1"
0.39033231139183044	"woman"	137.6707305908203	0.08098602294921875	212.33702087402344	92.7898178100586
0.2783550024032593	"man"	138.3841552734375	0.01747894287109375	211.33660888671875	92.53516387939453
