score	label	x0	y0	x1	y1
0.3049788773059845	woman	438.3533325195313	275.7824401855469	453.9759521484375	298.5705261230469
0.29258593916893	woman	435.6314697265625	272.7996826171875	456.200439453125	302.979736328125
