"score"	"label"	"x0"	"y0"	"x1"	"y1"
0.4979556202888489	"woman"	1.8666534423828125	146.494873046875	345.029052734375	547.8629150390625
0.38840997219085693	"man"	1.6563568115234375	147.44166564941406	344.59771728515625	548.4857177734375
