"score"	"label"	"x0"	"y0"	"x1"	"y1"
0.279909998178482	"man"	433.5043029785156	222.4180450439453	455.0262145996094	278.01068115234375
0.2567271888256073	"man"	485.7596740722656	225.69232177734375	505.8780212402344	277.2712097167969
