"score"	"label"	"x0"	"y0"	"x1"	"y1"
0.4834515154361725	"woman"	97.14598083496094	184.19561767578125	309.8624267578125	532.6087646484375
0.39833205938339233	"man"	98.17681884765625	185.13436889648438	308.5452575683594	532.5125732421875
