"score"	"label"	"x0"	"y0"	"x1"	"y1"
0.8311077356338501	"man"	1.101898193359375	148.04017639160156	344.5133972167969	548.8153076171875
