"score"	"label"	"x0"	"y0"	"x1"	"y1"
0.4336391091346741	"woman"	255.0467834472656	146.7255859375	377.5231628417969	538.718994140625
