"score"	"label"	"x0"	"y0"	"x1"	"y1"
0.25971394777297974	"a"	1.992950439453125	180.97137451171875	597.9259033203125	430.94927978515625
