"score"	"label"	"x0"	"y0"	"x1"	"y1"
0.8602786660194397	"woman"	58.90558624267578	106.28057861328125	228.87094116210938	544.9129028320312
0.3658386766910553	"woman"	162.2190704345703	54.72007751464844	358.58367919921875	507.0382080078125
