"score"	"label"	"x0"	"y0"	"x1"	"y1"
0.3030638098716736	"man"	131.59918212890625	280.3646240234375	272.30487060546875	339.09796142578125
