"score"	"label"	"x0"	"y0"	"x1"	"y1"
0.48905205726623535	"woman"	468.966064453125	241.2145233154297	499.1859130859375	296.9376525878906
0.38942182064056396	"man"	469.9787902832031	241.871337890625	498.4440002441406	296.67620849609375
