score	label	x0	y0	x1	y1
0.2770143151283264	man	44.80841064453125	165.7987060546875	55.87974548339844	183.92214965820312
