"score"	"label"	"x0"	"y0"	"x1"	"y1"
0.2786601781845093	"m"	179.89695739746094	73.43045806884766	272.57952880859375	128.20709228515625
