"score"	"label"	"x0"	"y0"	"x1"	"y1"
0.8635537624359131	"woman"	3.999114990234375	55.22666931152344	386.27984619140625	549.5123291015625
