"score"	"label"	"x0"	"y0"	"x1"	"y1"
0.27688300609588623	"w"	32.892974853515625	129.08335876464844	318.35345458984375	597.20849609375
0.255854994058609	"w"	32.98405456542969	129.36642456054688	318.4263916015625	597.2462158203125
