"score"	"label"	"x0"	"y0"	"x1"	"y1"
0.4993392527103424	"man"	52.608795166015625	414.0133056640625	81.3671875	474.110107421875
0.25442248582839966	"man"	151.859375	386.5159606933594	199.066650390625	450.9164733886719
