"score"	"label"	"x0"	"y0"	"x1"	"y1"
0.5523922443389893	"woman"	4.257637023925781	127.4608154296875	258.5297546386719	590.4074096679688
0.44678279757499695	"woman"	168.4283905029297	81.78860473632812	426.67547607421875	597.3748779296875
