score	label	x0	y0	x1	y1
0.59396892786026	man	42.14422607421875	181.31509399414065	317.8223571777344	517.1510009765625
