"score"	"label"	"x0"	"y0"	"x1"	"y1"
0.4052169322967529	"woman"	1.1675872802734375	140.2842254638672	156.2959747314453	388.079345703125
