score	label	x0	y0	x1	y1
0.4207401573657989	woman	115.54719543457033	313.58624267578125	376.65521240234375	515.3178100585938
0.4131485223770141	man	357.46221923828125	314.37017822265625	481.4397583007813	510.64019775390625
