score	label	x0	y0	x1	y1
0.6428118944168091	man	0.921417236328125	99.91389465332033	521.98291015625	599.0239868164062
