"score"	"label"	"x0"	"y0"	"x1"	"y1"
0.6229075789451599	"woman"	48.8367919921875	114.86688232421875	408.1315612792969	598.4051513671875
