score	label	x0	y0	x1	y1
0.3447147607803345	man	533.6644287109375	204.66775512695312	547.1016845703125	226.5560302734375
