"score"	"label"	"x0"	"y0"	"x1"	"y1"
0.30394187569618225	"m a"	142.41876220703125	190.80191040039062	284.4546203613281	293.1233215332031
