score	label	x0	y0	x1	y1
0.255545437335968	woman	20.37542724609375	11.678695678710938	576.828857421875	365.56158447265625
