score	label	x0	y0	x1	y1
0.5762094259262085	man	16.061782836914062	61.04255676269531	374.82513427734375	549.812744140625
