"score"	"label"	"x0"	"y0"	"x1"	"y1"
0.2837528884410858	"w"	19.866958618164062	107.92068481445312	378.52789306640625	549.539306640625
0.2724435031414032	"w o"	19.876708984375	108.15185546875	378.46612548828125	549.8386840820312
0.254067063331604	"w"	19.929092407226562	108.11457824707031	378.52679443359375	549.5844116210938
