"score"	"label"	"x0"	"y0"	"x1"	"y1"
0.6893453001976013	"woman"	98.06037139892578	92.93145751953125	230.12997436523438	530.319091796875
