"score"	"label"	"x0"	"y0"	"x1"	"y1"
0.4157315492630005	"woman"	383.3460693359375	85.2026596069336	419.1295166015625	183.8841857910156
