"score"	"label"	"x0"	"y0"	"x1"	"y1"
0.2718508541584015	"man"	365.5295104980469	277.5682678222656	376.7932434082031	305.4668884277344
