score	label	x0	y0	x1	y1
0.354988545179367	man	508.0231018066406	229.9123992919922	518.6624145507812	247.5956268310547
