"score"	"label"	"x0"	"y0"	"x1"	"y1"
0.7701393961906433	"woman"	94.85436248779297	181.80703735351562	176.66250610351562	434.8632507324219
0.7366943955421448	"woman"	163.09268188476562	186.8019256591797	248.35171508789062	436.1783447265625
0.7095679044723511	"woman"	236.0365753173828	178.76702880859375	317.2340393066406	443.6717529296875
