"score"	"label"	"x0"	"y0"	"x1"	"y1"
0.5941988229751587	"woman"	9.064453125	58.77354431152344	373.7085876464844	549.5673217773438
0.44443586468696594	"man"	9.133224487304688	58.958251953125	373.81573486328125	549.5741577148438
0.30593016743659973	"woman"	9.099288940429688	59.12574768066406	373.8773193359375	549.6329345703125
