"score"	"label"	"x0"	"y0"	"x1"	"y1"
0.2846965491771698	"m a"	1.69342041015625	0.7301483154296875	597.5101318359375	420.308349609375
