"score"	"label"	"x0"	"y0"	"x1"	"y1"
0.5400035381317139	"man"	73.52433013916016	94.5858154296875	325.5614318847656	504.313720703125
