"score"	"label"	"x0"	"y0"	"x1"	"y1"
0.3903323113918304	"woman"	137.6707305908203	0.0809860229492187	212.33702087402344	92.7898178100586
