"score"	"label"	"x0"	"y0"	"x1"	"y1"
0.44223499298095703	"woman"	537.759765625	296.9632873535156	544.1976318359375	312.9249572753906
0.31257307529449463	"woman"	516.7120361328125	297.39300537109375	523.2186279296875	312.083251953125
0.2904999256134033	"woman"	569.83544921875	296.4125671386719	576.267578125	313.6274108886719
0.2717931568622589	"woman"	546.4185180664062	297.5158996582031	550.5587768554688	307.7101135253906
