"score"	"label"	"x0"	"y0"	"x1"	"y1"
0.2990354895591736	"m"	160.21456909179688	65.58081817626953	265.106689453125	280.6248474121094
