"score"	"label"	"x0"	"y0"	"x1"	"y1"
0.4856851398944855	"woman"	70.27560424804688	82.40438842773438	326.9956970214844	472.8323669433594
0.2846900522708893	"woman"	0.9028472900390625	0.3814697265625	406.2041015625	549.1954345703125
0.3035195469856262	"woman"	68.90104675292969	16.23291015625	328.0518798828125	474.7081298828125
