"score"	"label"	"x0"	"y0"	"x1"	"y1"
0.27266842126846313	"woman"	197.873291015625	342.4485778808594	214.29660034179688	374.9058532714844
