"score"	"label"	"x0"	"y0"	"x1"	"y1"
0.41603904962539673	"man"	286.363525390625	110.58623504638672	411.008544921875	312.1411437988281
0.3559451103210449	"man"	285.4658203125	110.3733901977539	444.34686279296875	313.2935485839844
