"score"	"label"	"x0"	"y0"	"x1"	"y1"
0.7387711405754089	"woman"	351.2572021484375	92.25703430175781	541.2499389648438	560.3380126953125
