"score"	"label"	"x0"	"y0"	"x1"	"y1"
0.2868442237377167	"a ;"	109.45779418945312	19.396705627441406	522.82763671875	255.83676147460938
