"score"	"label"	"x0"	"y0"	"x1"	"y1"
0.5176531076431274	"man"	118.48359680175781	61.524078369140625	270.331298828125	401.37188720703125
0.3825872540473938	"man"	366.5450439453125	82.34640502929688	520.1365356445312	397.14874267578125
