"score"	"label"	"x0"	"y0"	"x1"	"y1"
0.61784428358078	"woman"	464.51251220703125	244.04266357421875	474.02630615234375	274.8837890625
