"score"	"label"	"x0"	"y0"	"x1"	"y1"
0.6006529331207275	"woman"	199.67694091796875	242.74656677246094	216.429443359375	285.04925537109375
0.4698989987373352	"woman"	223.33709716796875	240.39463806152344	238.59915161132812	284.87530517578125
