"score"	"label"	"x0"	"y0"	"x1"	"y1"
0.35134047269821167	"man"	151.692138671875	224.3397216796875	191.43017578125	357.7078857421875
0.42189884185791016	"man"	289.9926452636719	180.57760620117188	360.7898864746094	311.06573486328125
