score	label	x0	y0	x1	y1
0.3468013703823089	man	283.9832458496094	192.1996154785156	328.8448791503906	270.9117431640625
