score	label	x0	y0	x1	y1
0.5199645161628723	man	322.5707702636719	337.2852783203125	353.7068786621094	440.341552734375
