"score"	"label"	"x0"	"y0"	"x1"	"y1"
0.3308876752853393	"woman"	34.19245910644531	151.06988525390625	101.59364318847656	218.4937744140625
0.2573568522930145	"woman"	72.32856750488281	164.95071411132812	98.58419799804688	217.3955078125
