"score"	"label"	"x0"	"y0"	"x1"	"y1"
0.6458103060722351	"man"	206.01747131347656	128.01626586914062	359.41339111328125	510.7553405761719
0.3104921281337738	"woman"	143.60067749023438	187.80343627929688	199.64968872070312	365.3591003417969
