score	label	x0	y0	x1	y1
0.3632344603538513	man	31.823759078979492	285.1632080078125	54.65936279296875	317.68548583984375
