"score"	"label"	"x0"	"y0"	"x1"	"y1"
0.26377052068710327	"a"	71.95965576171875	0.4953460693359375	597.7589721679688	252.28941345214844
