"score"	"label"	"x0"	"y0"	"x1"	"y1"
0.4648050367832184	"woman"	471.950439453125	271.2389221191406	478.4619140625	292.4965515136719
