"score"	"label"	"x0"	"y0"	"x1"	"y1"
0.7575231194496155	"man"	48.35991668701172	85.82728576660156	253.64590454101562	302.39990234375
0.7356209754943848	"man"	186.88601684570312	35.43659973144531	324.8920593261719	310.8018798828125
