"score"	"label"	"x0"	"y0"	"x1"	"y1"
0.280182808637619	"woman"	0.04096221923828125	163.5580291748047	77.65038299560547	293.53424072265625
0.27719348669052124	"woman"	0.14490509033203125	177.39285278320312	74.64795684814453	292.3698425292969
