"score"	"label"	"x0"	"y0"	"x1"	"y1"
0.26622453331947327	"m"	1.557220458984375	10.528274536132812	499.1421203613281	363.605712890625
0.25661513209342957	"m"	3.936859130859375	108.55680847167969	498.9856262207031	257.7764892578125
