"score"	"label"	"x0"	"y0"	"x1"	"y1"
0.26856282353401184	"m a"	274.3782958984375	189.2023162841797	599.1543579101562	283.0406799316406
