"score"	"label"	"x0"	"y0"	"x1"	"y1"
0.916379451751709	"man"	42.62382507324219	181.64328002929688	317.6934814453125	519.8341064453125
