"score"	"label"	"x0"	"y0"	"x1"	"y1"
0.3545309007167816	"woman"	6.228788375854492	271.95684814453125	24.128599166870117	299.66546630859375
0.3888900876045227	"man"	6.372678756713867	272.19677734375	24.130887985229492	299.66595458984375
0.28482356667518616	"woman"	6.422511100769043	271.9535827636719	24.158275604248047	299.7460021972656
