"score"	"label"	"x0"	"y0"	"x1"	"y1"
0.3740023672580719	"man"	0.278167724609375	340.4682312011719	20.102378845214844	400.9238586425781
0.2604159414768219	"man"	0.4361305236816406	56.500213623046875	23.224721908569336	403.2961120605469
