"score"	"label"	"x0"	"y0"	"x1"	"y1"
0.3396046459674835	"man"	191.11329650878906	270.1058654785156	197.4317169189453	283.4078674316406
0.2858262062072754	"man"	313.9123229980469	274.1929931640625	322.8573303222656	284.796630859375
