"score"	"label"	"x0"	"y0"	"x1"	"y1"
0.5111302733421326	"man"	4.6817779541015625	152.2968292236328	352.8193359375	549.0785522460938
