"score"	"label"	"x0"	"y0"	"x1"	"y1"
0.402061402797699	"man"	6.207058906555176	272.0374755859375	24.16292953491211	299.7557373046875
