"score"	"label"	"x0"	"y0"	"x1"	"y1"
0.4211173951625824	"man woman"	0.84246826171875	57.116943359375	528.7232055664062	599.6133422851562
0.32983049750328064	"woman"	0.716094970703125	57.863189697265625	527.290771484375	600.3798828125
