"score"	"label"	"x0"	"y0"	"x1"	"y1"
0.3699842989444732	"woman"	279.4875183105469	240.07716369628903	295.2932434082031	277.79376220703125
0.3431544005870819	"woman"	267.27471923828125	238.63839721679688	296.26434326171875	278.2762756347656
0.2994398474693298	"woman"	268.265625	240.45960998535156	282.95562744140625	273.5132751464844
