score	label	x0	y0	x1	y1
0.2505179643630981	man	305.989501953125	103.87525939941406	575.7560424804688	318.72894287109375
