"score"	"label"	"x0"	"y0"	"x1"	"y1"
0.2843901216983795	"woman"	26.885406494140625	82.73695373535156	554.182861328125	393.74420166015625
