"score"	"label"	"x0"	"y0"	"x1"	"y1"
0.4095712900161743	"man"	294.01312255859375	360.06463623046875	316.9599609375	406.7564697265625
0.3664194345474243	"man"	420.2749328613281	269.7301025390625	431.0961608886719	294.25250244140625
0.28378528356552124	"man"	226.8813934326172	271.15216064453125	236.3560333251953	295.54486083984375
