"score"	"label"	"x0"	"y0"	"x1"	"y1"
0.3110332489013672	"man"	161.90748596191406	172.74917602539062	243.7909698486328	273.9811096191406
0.2957129180431366	"woman"	162.17242431640625	175.0819549560547	243.4527587890625	273.6232604980469
0.2834775149822235	"man"	181.05335998535156	93.70177459716797	224.1505584716797	147.33389282226562
