"score"	"label"	"x0"	"y0"	"x1"	"y1"
0.7983129024505615	"man"	28.313186645507812	57.733917236328125	373.73748779296875	590.126220703125
