"score"	"label"	"x0"	"y0"	"x1"	"y1"
0.3039307594299316	"woman"	424.67333984375	220.67886352539065	438.71636962890625	246.88885498046875
