"score"	"label"	"x0"	"y0"	"x1"	"y1"
0.33860546350479126	"woman"	586.325927734375	144.35569763183594	599.77978515625	177.6790008544922
0.26271218061447144	"man"	588.1256103515625	145.9471893310547	598.4256591796875	173.2536163330078
0.2672771215438843	"woman"	588.1380004882812	145.96788024902344	598.0153198242188	165.7283477783203
0.2850218415260315	"woman"	581.9551391601562	137.87710571289062	599.9552612304688	181.60989379882812
