"score"	"label"	"x0"	"y0"	"x1"	"y1"
0.8614630103111267	"man"	173.17678833007812	91.86430358886719	426.7419128417969	597.3353881835938
