"score"	"label"	"x0"	"y0"	"x1"	"y1"
0.25701725482940674	"m"	0.90447998046875	0.415496826171875	598.0621948242188	414.0447692871094
0.2690696716308594	"m"	72.76237487792969	340.9420166015625	123.00315856933594	364.6292724609375
