"score"	"label"	"x0"	"y0"	"x1"	"y1"
0.3767929971218109	"woman man"	259.4656982421875	254.9521026611328	306.915771484375	350.84124755859375
0.2889115810394287	"man"	259.696533203125	255.11737060546875	303.49176025390625	350.4423828125
0.32801949977874756	"woman"	250.8882598876953	249.14630126953125	315.65435791015625	361.25616455078125
