score	label	x0	y0	x1	y1
0.3776072561740875	woman	340.55810546875	196.7553253173828	359.4559326171875	259.9326171875
0.3279188871383667	man	296.448974609375	182.6581573486328	319.71966552734375	214.39305114746097
0.2985271215438843	man	295.36602783203125	181.83859252929688	337.70526123046875	254.781982421875
0.2889163196086883	woman	319.7213439941406	197.21218872070312	338.3896179199219	254.8470764160156
