"score"	"label"	"x0"	"y0"	"x1"	"y1"
0.32676228880882263	"m ; a ; n"	134.45870971679688	46.161590576171875	289.5544128417969	560.7177734375
