"score"	"label"	"x0"	"y0"	"x1"	"y1"
0.3103475868701935	"man"	493.992431640625	222.39761352539065	517.55029296875	250.6978759765625
0.2597305476665497	"woman"	494.9983825683594	224.35623168945312	507.9452209472656	250.16567993164065
0.2587880492210388	"man"	505.446044921875	225.4544219970703	517.207275390625	249.63279724121097
