"score"	"label"	"x0"	"y0"	"x1"	"y1"
0.2745661735534668	"w o a"	2.4629669189453125	41.383819580078125	391.416259765625	598.3280029296875
