"score"	"label"	"x0"	"y0"	"x1"	"y1"
0.2687445282936096	"w"	3.6912689208984375	102.80111694335938	388.9136962890625	597.31982421875
