"score"	"label"	"x0"	"y0"	"x1"	"y1"
0.6373197436332703	"woman"	2.700531005859375	98.57569885253906	529.24951171875	405.65020751953125
