score	label	x0	y0	x1	y1
0.5041283965110779	woman	27.199989318847656	64.31260681152344	233.21731567382812	558.9052734375
0.4594478607177734	man	217.80789184570312	51.066162109375	333.8898620605469	554.6546020507812
