score	label	x0	y0	x1	y1
0.4232314527034759	man	393.7176818847656	220.3449554443359	422.1499328613281	271.8402404785156
0.2884706556797027	woman	373.7037658691406	222.50881958007812	390.8476257324219	271.2710266113281
0.2556287050247192	man	393.5547790527344	220.8651885986328	408.6502380371094	270.7510681152344
