"score"	"label"	"x0"	"y0"	"x1"	"y1"
0.8373870253562927	"woman"	3.32672119140625	103.30532836914062	386.8019714355469	597.3175048828125
