"score"	"label"	"x0"	"y0"	"x1"	"y1"
0.2603359520435333	"woman"	137.9692840576172	168.65011596679688	165.9903106689453	201.58273315429688
0.33907508850097656	"man"	138.66867065429688	168.84962463378906	165.72549438476562	201.5305938720703
0.25212180614471436	"woman"	129.83480834960938	165.2605743408203	174.33566284179688	206.78269958496094
