"score"	"label"	"x0"	"y0"	"x1"	"y1"
0.3327811062335968	"woman"	491.69671630859375	268.4083251953125	503.1685791015625	306.43157958984375
