"score"	"label"	"x0"	"y0"	"x1"	"y1"
0.5902289152145386	"man"	269.7864685058594	130.90280151367188	353.4873962402344	368.34881591796875
0.33382827043533325	"man"	405.7187805175781	145.8170623779297	499.5184020996094	387.50823974609375
