"score"	"label"	"x0"	"y0"	"x1"	"y1"
0.7872604727745056	"woman"	212.19248962402344	114.46148681640625	319.8060302734375	441.7325439453125
0.6571442484855652	"woman"	133.79469299316406	159.95306396484375	250.2197723388672	456.92791748046875
0.31742358207702637	"woman"	114.23100280761719	60.19224548339844	218.37266540527344	426.9482421875
