"score"	"label"	"x0"	"y0"	"x1"	"y1"
0.3360443115234375	"man"	463.2498474121094	228.6125030517578	476.9290466308594	264.64404296875
0.3041775822639465	"man"	460.5577392578125	227.6219024658203	479.671630859375	270.6455383300781
