"score"	"label"	"x0"	"y0"	"x1"	"y1"
0.25038522481918335	"woman"	262.3489074707031	195.04122924804688	283.7323913574219	249.063232421875
