"score"	"label"	"x0"	"y0"	"x1"	"y1"
0.49769338965415955	"woman"	8.22153091430664	122.63690948486328	85.61216735839844	347.3233947753906
0.4551069736480713	"woman"	552.9413452148438	152.12847900390625	588.6914672851562	260.2684326171875
0.40055522322654724	"woman"	70.84020233154297	131.71401977539062	142.0577392578125	330.9037780761719
0.2929651737213135	"woman"	194.606689453125	121.81080627441406	254.03643798828125	362.405517578125
0.3249390125274658	"woman"	130.17942810058594	138.83160400390625	169.9906463623047	314.7738037109375
0.2629060447216034	"woman"	576.1409301757812	164.1978759765625	595.9614868164062	229.82269287109375
