score	label	x0	y0	x1	y1
0.2702700495719909	woman	232.45263671875	170.8921661376953	384.0018310546875	467.1763916015625
