score	label	x0	y0	x1	y1
0.6445372104644775	man	265.01092529296875	302.2470703125	312.65057373046875	343.25494384765625
