score	label	x0	y0	x1	y1
0.2699389159679413	woman	441.9813232421875	214.5965576171875	452.23345947265625	239.1640625
0.2504711747169494	woman	86.71064758300781	170.76695251464844	180.9848175048828	262.2200622558594
