"score"	"label"	"x0"	"y0"	"x1"	"y1"
0.319155752658844	"man"	4.209144592285156	134.7024688720703	181.09259033203125	273.5477294921875
