score	label	x0	y0	x1	y1
0.3079361021518707	woman	300.58843994140625	136.50619506835938	352.08013916015625	146.03543090820312
0.2500690221786499	woman	125.86393737792967	132.5184783935547	502.16400146484375	410.0069580078125
