"score"	"label"	"x0"	"y0"	"x1"	"y1"
0.46834418177604675	"man"	48.575042724609375	114.67692565917969	408.0492858886719	598.4044799804688
0.2892545163631439	"man"	48.75627136230469	114.7667236328125	337.02386474609375	598.0724487304688
