"score"	"label"	"x0"	"y0"	"x1"	"y1"
0.5853407382965088	"man"	277.7522888183594	262.4327087402344	287.4154968261719	285.9345397949219
0.2983799874782562	"man"	270.7753601074219	258.33837890625	277.6884460449219	279.8935546875
