"score"	"label"	"x0"	"y0"	"x1"	"y1"
0.7982096076011658	"man"	111.98844909667969	50.540679931640625	595.8319091796875	598.5086669921875
