"score"	"label"	"x0"	"y0"	"x1"	"y1"
0.6120020747184753	"woman"	397.2633056640625	250.3131866455078	454.12451171875	330.98626708984375
0.3814083933830261	"man"	398.29962158203125	251.044921875	453.21282958984375	330.53955078125
