"score"	"label"	"x0"	"y0"	"x1"	"y1"
0.2877349555492401	"man"	12.215030670166016	219.2937469482422	22.117355346679688	235.63694763183594
0.25247126817703247	"woman"	12.767696380615234	220.165771484375	21.612926483154297	235.2513427734375
