"score"	"label"	"x0"	"y0"	"x1"	"y1"
0.5562037825584412	"woman"	20.7938232421875	137.37449645996094	300.8863220214844	525.5899658203125
0.2510813772678375	"woman"	21.298019409179688	95.14549255371094	380.9417724609375	524.8500366210938
0.5137053728103638	"man"	171.53775024414062	96.64108276367188	382.3992614746094	523.939697265625
0.34113961458206177	"woman"	21.001449584960938	136.92422485351562	301.05523681640625	525.39990234375
