"score"	"label"	"x0"	"y0"	"x1"	"y1"
0.3152587115764618	"m ; a ; n"	263.621826171875	197.01513671875	395.1572265625	567.7318725585938
