"score"	"label"	"x0"	"y0"	"x1"	"y1"
0.25602033734321594	"man"	185.92721557617188	343.66693115234375	191.74530029296875	356.304931640625
