score	label	x0	y0	x1	y1
0.5306863784790039	man	474.2282409667969	167.9410400390625	491.8074035644531	205.26715087890625
0.2642578780651092	woman	468.4367065429687	164.25640869140625	497.583740234375	208.4546813964844
