"score"	"label"	"x0"	"y0"	"x1"	"y1"
0.28733333945274353	"a"	26.182586669921875	12.839614868164062	367.7354736328125	424.0081787109375
