"score"	"label"	"x0"	"y0"	"x1"	"y1"
0.3431544005870819	"woman"	267.27471923828125	238.63839721679688	296.26434326171875	278.2762756347656
0.36998429894447327	"woman"	279.4875183105469	240.07716369628906	295.2932434082031	277.79376220703125
0.29943984746932983	"woman"	268.265625	240.45960998535156	282.95562744140625	273.5132751464844
0.2617412805557251	"man"	268.6944274902344	240.73446655273438	282.7701110839844	273.3196716308594
0.2768823802471161	"man"	280.03717041015625	240.40977478027344	294.84686279296875	277.50286865234375
