"score"	"label"	"x0"	"y0"	"x1"	"y1"
0.3179664313793182	"man"	317.14813232421875	42.83140563964844	486.757568359375	382.0675659179687
