"score"	"label"	"x0"	"y0"	"x1"	"y1"
0.26202869415283203	"woman"	17.077362060546875	13.274520874023438	585.4393310546875	370.567138671875
