"score"	"label"	"x0"	"y0"	"x1"	"y1"
0.3125874996185303	"m ; a ; n"	1.69061279296875	84.99604797363281	254.94198608398438	566.8829956054688
