score	label	x0	y0	x1	y1
0.2665441334247589	man	189.54086303710935	187.66741943359375	247.7461853027344	246.777587890625
0.2560414373874664	man	188.5843505859375	147.39398193359375	252.1177978515625	247.77536010742188
