"score"	"label"	"x0"	"y0"	"x1"	"y1"
0.33321285247802734	"m ; a ; n"	149.29324340820312	65.99806213378906	506.4993591308594	310.89068603515625
