"score"	"label"	"x0"	"y0"	"x1"	"y1"
0.2602129876613617	"man"	169.6789093017578	320.5821228027344	179.68968200683594	336.2566833496094
