"score"	"label"	"x0"	"y0"	"x1"	"y1"
0.8496019840240479	"man"	10.7664794921875	112.00187683105469	421.10205078125	597.4880981445312
