"score"	"label"	"x0"	"y0"	"x1"	"y1"
0.28425511717796326	"man"	120.78749084472656	174.6947021484375	528.3638916015625	391.595947265625
