"score"	"label"	"x0"	"y0"	"x1"	"y1"
0.4802059829235077	"man"	29.256324768066406	171.3094024658203	236.357666015625	457.74542236328125
0.41734734177589417	"man"	342.10797119140625	175.4538116455078	558.0047607421875	457.92388916015625
0.3032147288322449	"man"	86.46846771240234	48.997467041015625	240.01251220703125	320.0190734863281
0.34570518136024475	"man"	363.86212158203125	59.85276794433594	503.20928955078125	398.0618896484375
0.2794356346130371	"man"	233.96664428710938	86.75283813476562	383.8358459472656	457.6310729980469
