"score"	"label"	"x0"	"y0"	"x1"	"y1"
0.9327437877655029	"woman"	38.03508758544922	111.64881896972656	215.02716064453125	481.2374267578125
