"score"	"label"	"x0"	"y0"	"x1"	"y1"
0.29368141293525696	"m ; a ; n"	31.395782470703125	134.91664123535156	571.550537109375	306.7889404296875
