"score"	"label"	"x0"	"y0"	"x1"	"y1"
0.2723347246646881	"woman"	237.7584991455078	289.8683166503906	260.4620666503906	341.1824645996094
0.2655538022518158	"woman"	142.42430114746094	332.408447265625	160.4046173095703	383.1453857421875
