"score"	"label"	"x0"	"y0"	"x1"	"y1"
0.27549511194229126	"woman"	504.3542175292969	28.862777709960938	594.7481079101562	296.22369384765625
0.38265174627304077	"woman"	257.02978515625	79.88813781738281	316.28289794921875	270.92218017578125
0.30360153317451477	"man"	45.126625061035156	81.60053253173828	101.84435272216797	291.2709655761719
