"score"	"label"	"x0"	"y0"	"x1"	"y1"
0.3314279317855835	"woman"	562.9207763671875	108.03845977783203	594.7769775390625	200.76345825195312
0.3105613887310028	"man woman"	524.55322265625	109.50640869140625	569.200439453125	202.58963012695312
0.3194572627544403	"man"	362.0370788574219	105.0751953125	392.1039733886719	191.91162109375
0.27761682868003845	"man"	517.718994140625	105.4565658569336	597.5015869140625	202.97369384765625
