"score"	"label"	"x0"	"y0"	"x1"	"y1"
0.325539767742157	"woman"	512.5692138671875	231.747314453125	526.9461669921875	263.99578857421875
0.2677549123764038	"woman"	488.0318908691406	233.17713928222656	502.5137023925781	262.52899169921875
0.27934810519218445	"woman"	430.70086669921875	231.91358947753906	443.6588134765625	260.212158203125
0.25055235624313354	"woman"	241.388916015625	231.1741943359375	248.14208984375	251.44454956054688
0.2544655203819275	"woman"	375.9999084472656	233.26254272460938	384.7555236816406	259.9798889160156
