"score"	"label"	"x0"	"y0"	"x1"	"y1"
0.4749317169189453	"man"	313.9328918457031	143.44790649414062	422.6541442871094	337.6654052734375
0.4045789837837219	"woman"	313.63623046875	142.77745056152344	423.2220458984375	337.7301025390625
0.25240358710289	"woman"	300.8982849121094	129.97055053710938	447.4601135253906	348.2255859375
