score	label	x0	y0	x1	y1
0.3785956501960754	woman	335.6513977050781	226.1900634765625	457.8133239746094	338.0728759765625
0.3363843560218811	man	244.27658081054688	167.04989624023438	321.6872253417969	312.6177062988281
0.2597868144512176	woman	106.26422882080078	143.07981872558594	179.36212158203125	268.3360290527344
