"score"	"label"	"x0"	"y0"	"x1"	"y1"
0.531911313533783	"woman"	200.21484375	371.5628356933594	281.8370056152344	456.8125305175781
0.2527256906032562	"woman"	159.84716796875	371.19390869140625	282.37835693359375	490.43206787109375
