"score"	"label"	"x0"	"y0"	"x1"	"y1"
0.4161609709262848	"woman"	110.92338562011719	208.74639892578125	173.11524963378906	377.5916748046875
0.3163207769393921	"man"	282.8813171386719	268.45355224609375	368.6844177246094	379.572021484375
0.30114737153053284	"woman"	110.55679321289062	140.07546997070312	516.2447509765625	388.6484069824219
0.28651633858680725	"man"	210.77874755859375	270.730224609375	296.233154296875	387.2088623046875
