"score"	"label"	"x0"	"y0"	"x1"	"y1"
0.3318578600883484	"man"	288.5087585449219	168.31594848632812	312.0302429199219	200.32778930664062
0.2614903748035431	"man"	56.166839599609375	128.5372314453125	494.8645324707031	353.5334167480469
0.2518462538719177	"woman"	288.76361083984375	168.76055908203125	311.96539306640625	200.262451171875
