"score"	"label"	"x0"	"y0"	"x1"	"y1"
0.3692050278186798	"man"	313.5321350097656	320.01910400390625	464.6255798339844	392.27716064453125
