score	label	x0	y0	x1	y1
0.3905683755874634	man	411.7126159667969	48.87890625	515.4737548828125	380.10260009765625
0.3012559413909912	woman	323.9429016113281	137.3971405029297	428.4542541503906	380.00054931640625
