"score"	"label"	"x0"	"y0"	"x1"	"y1"
0.5199645161628723	"man"	322.5707702636719	337.2852783203125	353.7068786621094	440.341552734375
0.4506685435771942	"woman"	322.8996887207031	337.7217712402344	353.3703308105469	440.2905578613281
0.2648978531360626	"woman"	322.85528564453125	338.56256103515625	352.93096923828125	440.29168701171875
