"score"	"label"	"x0"	"y0"	"x1"	"y1"
0.4363771975040436	"man"	277.8951721191406	229.68116760253903	461.0998840332031	598.8452758789062
