"score"	"label"	"x0"	"y0"	"x1"	"y1"
0.2731266915798187	"w a"	27.350189208984375	48.4053955078125	378.18389892578125	598.3399047851562
