"score"	"label"	"x0"	"y0"	"x1"	"y1"
0.2756774425506592	"man"	536.88720703125	-0.0656890869140625	583.8253173828125	17.604209899902344
