score	label	x0	y0	x1	y1
0.3771553337574005	woman	78.42424011230469	35.71281433105469	538.6922607421875	424.0573120117187
