"score"	"label"	"x0"	"y0"	"x1"	"y1"
0.3463570773601532	"woman"	52.91256332397461	109.97608947753906	68.38976287841797	176.3758087158203
