"score"	"label"	"x0"	"y0"	"x1"	"y1"
0.3393877148628235	"woman"	280.3862609863281	200.46697998046875	375.9323425292969	307.1440734863281
0.3775342106819153	"man"	280.4497985839844	200.65798950195312	375.8521423339844	306.30621337890625
0.2669716775417328	"woman"	240.37451171875	199.73236083984375	379.1016845703125	309.7465515136719
