"score"	"label"	"x0"	"y0"	"x1"	"y1"
0.32098403573036194	"man"	89.35200500488281	70.00502014160156	368.7017822265625	533.15869140625
0.3339901268482208	"man woman"	84.94351196289062	70.18135070800781	399.6665954589844	534.5909423828125
