"score"	"label"	"x0"	"y0"	"x1"	"y1"
0.8395881056785583	"man"	2.7359771728515625	57.493927001953125	388.62359619140625	597.574462890625
