"score"	"label"	"x0"	"y0"	"x1"	"y1"
0.35013362765312195	"m ; a ; n"	52.082794189453125	45.72021484375	421.12188720703125	594.914794921875
