"score"	"label"	"x0"	"y0"	"x1"	"y1"
0.7024415135383606	"man"	441.6979370117187	302.76593017578125	498.24456787109375	498.67828369140625
0.4645431041717529	"woman"	536.9205322265625	361.4044189453125	563.045654296875	468.2439575195313
