"score"	"label"	"x0"	"y0"	"x1"	"y1"
0.26419976353645325	"w"	213.8282470703125	140.69618225097656	400.76458740234375	380.0908203125
