"score"	"label"	"x0"	"y0"	"x1"	"y1"
0.3424195051193237	"woman"	574.59716796875	416.478515625	597.7373046875	448.9679565429687
0.3014487624168396	"woman"	577.748779296875	422.69091796875	590.171142578125	449.02008056640625
