"score"	"label"	"x0"	"y0"	"x1"	"y1"
0.3476226925849914	"woman"	141.92889404296875	170.9058837890625	159.14410400390625	193.94384765625
0.3309826850891113	"woman"	143.51966857910156	171.6896209716797	153.76744079589844	193.13829040527344
0.2850239872932434	"woman"	138.4071502685547	167.47927856445312	163.18894958496094	197.18441772460935
