"score"	"label"	"x0"	"y0"	"x1"	"y1"
0.3130476772785187	"woman"	249.5872802734375	363.361083984375	463.087646484375	452.3023681640625
0.2897361814975738	"woman"	319.0116882324219	211.37179565429688	516.134765625	369.1624450683594
0.2732690870761871	"woman"	401.0399169921875	213.5373382568359	424.8821411132813	244.46046447753903
