"score"	"label"	"x0"	"y0"	"x1"	"y1"
0.48168662190437317	"man"	35.713592529296875	70.80130004882812	179.90557861328125	599.051513671875
0.3533574342727661	"man"	200.51535034179688	71.85699462890625	355.0339050292969	598.7098999023438
0.3005848228931427	"man"	313.24725341796875	117.22102355957031	395.78045654296875	506.26763916015625
