"score"	"label"	"x0"	"y0"	"x1"	"y1"
0.2802664339542389	"woman"	134.99864196777344	252.6193389892578	144.61695861816406	278.99560546875
