"score"	"label"	"x0"	"y0"	"x1"	"y1"
0.3097136616706848	"man"	345.4294738769531	300.3431091308594	388.3930358886719	323.5754699707031
