"score"	"label"	"x0"	"y0"	"x1"	"y1"
0.3199263513088226	"man"	101.88785552978516	385.7322998046875	315.4043273925781	543.9403076171875
