score	label	x0	y0	x1	y1
0.5322144627571106	woman	19.34881591796875	51.34539794921875	293.71929931640625	549.7322387695312
