"score"	"label"	"x0"	"y0"	"x1"	"y1"
0.3447485566139221	"man"	215.17156982421875	182.54469299316406	459.97772216796875	257.937744140625
0.30546700954437256	"man"	212.03778076171875	151.04066467285156	460.13916015625	258.926025390625
