score	label	x0	y0	x1	y1
0.5033165812492371	man	263.3353576660156	196.36285400390625	394.1198425292969	567.0953979492188
0.444876492023468	woman	55.91497039794922	205.45944213867188	212.32595825195312	585.0445556640625
