"score"	"label"	"x0"	"y0"	"x1"	"y1"
0.415546715259552	"man"	0.29229736328125	70.84181213378906	333.9248046875	548.481201171875
0.5475079417228699	"woman"	0.3303680419921875	71.11277770996094	333.91766357421875	548.7342529296875
0.288176029920578	"woman"	0.1965484619140625	71.12449645996094	334.37689208984375	548.7060546875
