"score"	"label"	"x0"	"y0"	"x1"	"y1"
0.3339388370513916	"man"	57.385345458984375	3.143035888671875	342.2260437011719	513.953857421875
0.30160537362098694	"man"	8.229827880859375	2.214569091796875	345.4200744628906	515.7933349609375
