"score"	"label"	"x0"	"y0"	"x1"	"y1"
0.5368790626525879	"man"	69.0810775756836	46.31108093261719	240.321044921875	549.1878662109375
0.2643950283527374	"man"	175.53196716308594	99.5701904296875	352.4501953125	549.607177734375
