"score"	"label"	"x0"	"y0"	"x1"	"y1"
0.4617611467838287	"woman"	428.3621520996094	242.1388397216797	446.2528991699219	273.48529052734375
