"score"	"label"	"x0"	"y0"	"x1"	"y1"
0.4325924217700958	"woman"	83.22480773925781	142.99295043945312	383.691650390625	487.6998596191406
