"score"	"label"	"x0"	"y0"	"x1"	"y1"
0.37988078594207764	"woman"	84.6951904296875	48.55479431152344	599.82861328125	407.86236572265625
