"score"	"label"	"x0"	"y0"	"x1"	"y1"
0.7061187624931335	"man"	1.0562744140625	50.59642028808594	360.2236633300781	548.9526977539062
