"score"	"label"	"x0"	"y0"	"x1"	"y1"
0.6681423783302307	"man"	1.5081634521484375	168.38143920898438	347.85333251953125	548.2099609375
