"score"	"label"	"x0"	"y0"	"x1"	"y1"
0.500809907913208	"woman"	141.90133666992188	216.8802490234375	164.40139770507812	279.6834716796875
0.41368821263313293	"woman"	110.205322265625	221.3231658935547	150.56216430664062	294.08001708984375
