"score"	"label"	"x0"	"y0"	"x1"	"y1"
0.2511715292930603	"a"	52.81156921386719	110.5203857421875	152.97442626953125	208.31024169921875
