"score"	"label"	"x0"	"y0"	"x1"	"y1"
0.5026253461837769	"man"	136.24249267578125	129.25244140625	254.8804931640625	374.52593994140625
0.33403411507606506	"woman"	137.64248657226562	129.54953002929688	253.60235595703125	374.5946044921875
