score	label	x0	y0	x1	y1
0.3712340295314789	woman	461.3918762207031	227.9464111328125	478.8667907714844	268.7672119140625
