"score"	"label"	"x0"	"y0"	"x1"	"y1"
0.42591243982315063	"woman"	1.0789737701416016	275.5639953613281	55.70976257324219	379.5138244628906
0.4436540901660919	"man"	1.3929786682128906	276.17340087890625	55.03749465942383	379.710693359375
