"score"	"label"	"x0"	"y0"	"x1"	"y1"
0.27149924635887146	"woman"	49.5739860534668	84.7912826538086	92.94949340820312	215.73382568359375
0.25360652804374695	"man"	50.0303955078125	84.82738494873047	92.70594787597656	215.64013671875
