"score"	"label"	"x0"	"y0"	"x1"	"y1"
0.4061630964279175	"woman"	137.53736877441406	294.6199035644531	162.3458709716797	364.7200012207031
0.3641166090965271	"woman"	56.22182083129883	301.2200622558594	78.0108871459961	367.3105163574219
0.3199767470359802	"woman"	38.861663818359375	316.324462890625	59.347923278808594	368.83782958984375
0.29780787229537964	"woman"	284.1959228515625	295.63385009765625	300.547607421875	338.2308349609375
0.2588616907596588	"woman"	369.0111083984375	287.0316162109375	377.76336669921875	317.721923828125
0.25473710894584656	"woman"	580.4968872070312	281.9337158203125	588.9767456054688	301.30279541015625
