"score"	"label"	"x0"	"y0"	"x1"	"y1"
0.3387736678123474	"woman"	95.29007720947266	183.06788635253906	172.26101684570312	396.81182861328125
0.364108681678772	"man"	316.86517333984375	165.1800537109375	408.4034423828125	396.53765869140625
0.29906758666038513	"man"	260.7132873535156	156.11831665039062	345.5696105957031	396.3561706542969
0.257216215133667	"man"	527.056884765625	136.73184204101562	599.9642333984375	396.7494201660156
