"score"	"label"	"x0"	"y0"	"x1"	"y1"
0.5504777431488037	"woman"	105.9830322265625	55.45722961425781	419.281494140625	370.76068115234375
0.29114481806755066	"man"	106.7149658203125	56.1517333984375	418.2303466796875	370.1788024902344
