"score"	"label"	"x0"	"y0"	"x1"	"y1"
0.522885799407959	"man"	44.78245544433594	11.448486328125	317.11138916015625	245.5048828125
0.271900475025177	"man"	98.7836685180664	65.68301391601562	255.25692749023438	188.66229248046875
