"score"	"label"	"x0"	"y0"	"x1"	"y1"
0.29832756519317627	"woman"	1.313995361328125	76.84309387207031	598.0484619140625	357.00811767578125
