"score"	"label"	"x0"	"y0"	"x1"	"y1"
0.2570124566555023	"woman"	192.0810546875	119.62840270996094	234.67605590820312	153.18821716308594
0.2882923185825348	"man"	192.78297424316406	119.8797607421875	234.59544372558594	152.991455078125
