"score"	"label"	"x0"	"y0"	"x1"	"y1"
0.4151987433433532	"woman"	69.52536010742188	226.5857086181641	104.33380126953124	296.5600891113281
0.3189608156681061	"man"	159.51712036132812	215.2501220703125	204.3544006347656	282.2487487792969
0.2986645698547363	"man"	160.4736328125	216.4442901611328	183.67416381835935	279.84381103515625
