"score"	"label"	"x0"	"y0"	"x1"	"y1"
0.3202303946018219	"woman"	111.58737182617188	122.69770812988281	133.57981872558594	182.5620880126953
0.3767387568950653	"woman"	73.04310607910156	121.63788604736328	134.14207458496094	188.54605102539062
0.3017407953739166	"woman man"	73.85638427734375	125.35110473632812	112.61027526855469	188.77227783203125
