"score"	"label"	"x0"	"y0"	"x1"	"y1"
0.3127718865871429	"woman"	524.2586669921875	132.2328643798828	543.91357421875	189.7681427001953
0.2914709448814392	"woman"	568.7967529296875	131.36221313476562	593.086669921875	191.4383544921875
0.2806502878665924	"woman"	491.4374084472656	130.11968994140625	512.5349731445312	186.81634521484375
