"score"	"label"	"x0"	"y0"	"x1"	"y1"
0.5239748358726501	"woman"	334.7897644042969	82.7712631225586	420.3390197753906	311.1664123535156
0.39022117853164673	"man"	289.68902587890625	79.10564422607422	349.8482666015625	283.462890625
0.2982260286808014	"woman"	289.2110900878906	75.34172058105469	421.5166320800781	311.3424072265625
