"score"	"label"	"x0"	"y0"	"x1"	"y1"
0.8273999691009521	"woman"	109.99832153320312	90.46211242675781	391.198974609375	593.028564453125
