"score"	"label"	"x0"	"y0"	"x1"	"y1"
0.3569513261318207	"woman"	74.83354187011719	7.25048828125	552.6407470703125	369.2507019042969
