"score"	"label"	"x0"	"y0"	"x1"	"y1"
0.6627846360206604	"woman"	55.496009826660156	23.78314208984375	237.61209106445312	568.2010498046875
0.4669445753097534	"woman"	196.80670166015625	24.376617431640625	363.4337158203125	575.91748046875
