score	label	x0	y0	x1	y1
0.293264091014862	man	536.1614379882812	0.0378141403198242	584.5944213867188	18.611251831054688
