"score"	"label"	"x0"	"y0"	"x1"	"y1"
0.5922542214393616	"man"	38.76228332519531	85.33680725097656	314.45855712890625	549.4985961914062
0.3940228223800659	"woman"	130.64230346679688	417.80859375	329.7528381347656	549.7178344726562
