"score"	"label"	"x0"	"y0"	"x1"	"y1"
0.32223281264305115	"man"	20.01096534729004	372.64337158203125	26.737638473510742	389.550537109375
0.3108374774456024	"man"	39.65433120727539	366.6539611816406	45.48514938354492	378.5333557128906
