"score"	"label"	"x0"	"y0"	"x1"	"y1"
0.3835735023021698	"m ; a ; n"	167.36668395996094	92.81407928466797	432.597900390625	279.2161865234375
