"score"	"label"	"x0"	"y0"	"x1"	"y1"
0.2576729655265808	"w"	222.39984130859375	108.57061767578125	353.18023681640625	438.61370849609375
