"score"	"label"	"x0"	"y0"	"x1"	"y1"
0.3679293990135193	"m a"	214.26922607421875	323.96319580078125	364.04290771484375	534.525634765625
0.2531369924545288	"a"	213.88768005371094	323.94732666015625	364.24981689453125	534.62744140625
