"score"	"label"	"x0"	"y0"	"x1"	"y1"
0.3116183280944824	"woman"	458.57000732421875	407.33782958984375	472.9664306640625	423.7745361328125
0.2855496406555176	"man"	458.8713684082031	407.6080627441406	472.9283752441406	423.6670837402344
0.26244649291038513	"woman"	456.1449279785156	405.0436706542969	475.3684997558594	424.8852233886719
