score	label	x0	y0	x1	y1
0.3396268188953399	man	56.15879821777344	1.8562469482421875	340.62158203125	513.4017944335938
