"score"	"label"	"x0"	"y0"	"x1"	"y1"
0.48799020051956177	"man"	150.6196746826172	159.60089111328125	168.33470153808594	199.15789794921875
