"score"	"label"	"x0"	"y0"	"x1"	"y1"
0.49128660559654236	"man"	196.82867431640625	175.48345947265625	375.07415771484375	564.1644897460938
0.3323279619216919	"woman"	197.44418334960938	176.21481323242188	374.0562438964844	564.1563720703125
