"score"	"label"	"x0"	"y0"	"x1"	"y1"
0.5174393057823181	"man"	530.5569458007812	323.1847839355469	548.2348022460938	343.2746887207031
0.3738984763622284	"woman"	530.7835083007812	323.40863037109375	548.0654907226562	343.15252685546875
