score	label	x0	y0	x1	y1
0.4045653045177459	woman	88.62059783935547	419.69384765625	127.46088409423828	514.327392578125
0.3105758726596832	woman	285.1061706542969	232.3585662841797	324.8575134277344	309.0920104980469
0.2617989480495453	man	247.64483642578125	420.6260070800781	281.74102783203125	524.73486328125
