"score"	"label"	"x0"	"y0"	"x1"	"y1"
0.3327766954898834	"woman"	146.4683837890625	123.26597595214844	180.01089477539062	197.1796112060547
0.28736865520477295	"woman"	295.7891540527344	131.51968383789062	323.4225158691406	195.51263427734375
0.2858836352825165	"woman"	327.6378173828125	129.9649200439453	347.97430419921875	196.4666290283203
0.27217328548431396	"woman"	359.8695983886719	131.29588317871094	379.6388854980469	196.08277893066406
0.2831887900829315	"woman"	126.31097412109375	128.96058654785156	151.01409912109375	190.3514862060547
0.27340757846832275	"woman"	420.47998046875	125.93476867675781	456.160400390625	200.02980041503906
0.25188741087913513	"woman"	378.8462219238281	133.48391723632812	402.3679504394531	196.32382202148438
0.25535786151885986	"woman"	239.58416748046875	126.19996643066406	261.39215087890625	197.95664978027344
