"score"	"label"	"x0"	"y0"	"x1"	"y1"
0.3966771960258484	"man"	8.04498291015625	121.73741149902344	86.00255584716797	348.1260986328125
0.3656578660011291	"woman"	550.4161376953125	150.7183380126953	589.236083984375	261.5418701171875
0.289580374956131	"woman"	194.03306579589844	119.7255401611328	255.28282165527344	363.136474609375
