score	label	x0	y0	x1	y1
0.3564211726188659	man	499.25921630859375	159.1534423828125	532.7963256835938	240.40753173828125
0.2667892575263977	man	152.5447235107422	166.8654022216797	183.38819885253903	236.2082672119141
