"score"	"label"	"x0"	"y0"	"x1"	"y1"
0.39244434237480164	"man"	20.07074737548828	3.009836196899414	51.79011535644531	64.2550048828125
0.29223528504371643	"man"	43.6494026184082	1.0796890258789062	72.2059555053711	72.57555389404297
0.25374069809913635	"man"	47.79747009277344	2.1241683959960938	71.44880676269531	35.548057556152344
