score	label	x0	y0	x1	y1
0.2595076560974121	woman	366.6752014160156	0.8146514892578125	556.775146484375	324.21856689453125
