"score"	"label"	"x0"	"y0"	"x1"	"y1"
0.2564255893230438	"man"	155.80177307128906	146.0540771484375	436.75634765625	299.25634765625
