"score"	"label"	"x0"	"y0"	"x1"	"y1"
0.29179710149765015	"woman"	391.1241149902344	326.1315612792969	406.5790100097656	364.2864685058594
0.2745591998100281	"woman"	350.54852294921875	327.36077880859375	365.49322509765625	363.45452880859375
