"score"	"label"	"x0"	"y0"	"x1"	"y1"
0.3465442359447479	"woman"	211.4879150390625	95.06705474853516	513.1339111328125	299.5968017578125
0.26691898703575134	"woman"	58.54346466064453	142.8548583984375	191.634033203125	293.8653869628906
