"score"	"label"	"x0"	"y0"	"x1"	"y1"
0.2970098555088043	"m"	149.19834899902344	238.14501953125	218.29505920410156	397.40899658203125
