"score"	"label"	"x0"	"y0"	"x1"	"y1"
0.9272977709770203	"man"	276.29229736328125	238.92977905273438	313.08477783203125	323.8764343261719
