"score"	"label"	"x0"	"y0"	"x1"	"y1"
0.5047817230224609	"woman"	313.0792541503906	254.66754150390625	332.8795471191406	280.60784912109375
