"score"	"label"	"x0"	"y0"	"x1"	"y1"
0.2932555675506592	"man"	25.395477294921875	33.751190185546875	506.4411315917969	482.3692932128906
