"score"	"label"	"x0"	"y0"	"x1"	"y1"
0.266643762588501	"w"	105.71110534667969	98.37600708007812	449.90185546875	333.46209716796875
