"score"	"label"	"x0"	"y0"	"x1"	"y1"
0.45444098114967346	"woman"	274.478759765625	171.32005310058594	294.3648681640625	194.51588439941406
0.43862980604171753	"woman"	139.95318603515625	169.53512573242188	164.37863159179688	200.78439331054688
0.3899572491645813	"woman"	362.82366943359375	176.38729858398438	381.56842041015625	194.37353515625
