"score"	"label"	"x0"	"y0"	"x1"	"y1"
0.3055667579174042	"woman man"	11.307769775390625	69.08982849121094	273.6358337402344	506.42828369140625
0.2790340483188629	"woman"	10.141769409179688	68.05758666992188	318.0880126953125	514.1748046875
0.30247166752815247	"man"	11.35498046875	69.15890502929688	274.6712646484375	507.0800476074219
0.28908538818359375	"woman"	9.148330688476562	68.24324035644531	319.023681640625	543.0068359375
