"score"	"label"	"x0"	"y0"	"x1"	"y1"
0.25444507598876953	"a"	73.77660369873047	73.25714111328125	276.6141052246094	547.5932006835938
