"score"	"label"	"x0"	"y0"	"x1"	"y1"
0.28961604833602905	"w o"	13.824615478515625	18.0450439453125	420.69537353515625	582.1165771484375
0.2830796241760254	"w o"	13.505477905273438	18.16668701171875	421.0526123046875	581.8831176757812
