"score"	"label"	"x0"	"y0"	"x1"	"y1"
0.32403862476348877	"man"	248.34793090820312	117.58235168457031	344.0519714355469	429.92193603515625
0.338091105222702	"man"	108.6400375366211	64.9603042602539	182.2047119140625	167.46524047851562
0.3195725381374359	"man"	451.01971435546875	104.09477233886719	560.2484741210938	426.23175048828125
0.3933793306350708	"man"	26.678455352783203	86.4202880859375	150.32009887695312	426.4769287109375
0.31949299573898315	"man"	410.2744445800781	87.97868347167969	491.9700012207031	392.25299072265625
0.30538851022720337	"man"	216.7889404296875	91.95704650878906	283.7465515136719	186.00743103027344
0.276371568441391	"man"	307.3631591796875	76.71306610107422	370.94476318359375	175.41799926757812
