"score"	"label"	"x0"	"y0"	"x1"	"y1"
0.6282761693000793	"man"	274.66705322265625	237.62799072265625	314.9422607421875	324.0479736328125
0.3784683048725128	"woman"	275.3099365234375	238.23426818847656	314.3072509765625	323.849609375
