score	label	x0	y0	x1	y1
0.4145720601081848	man	2.8616905212402344	126.91558837890624	86.34268188476562	295.6831970214844
0.3833495378494262	man	421.6174011230469	142.97811889648438	460.7121887207031	261.67584228515625
0.3223118484020233	man	64.12741088867188	133.42234802246094	109.75946044921876	288.08404541015625
0.2722899913787842	man	105.82747650146484	137.508544921875	160.28578186035156	280.4931640625
