score	label	x0	y0	x1	y1
0.3567977547645569	man	100.3623046875	100.88153076171876	520.7402954101562	308.83551025390625
