"score"	"label"	"x0"	"y0"	"x1"	"y1"
0.31812843680381775	"man"	8.622383117675781	31.59381103515625	140.590576171875	121.54782104492188
