"score"	"label"	"x0"	"y0"	"x1"	"y1"
0.2880541980266571	"a"	227.49798583984375	151.48675537109375	335.4654541015625	476.0740966796875
