"score"	"label"	"x0"	"y0"	"x1"	"y1"
0.8134466409683228	"man"	47.226707458496094	51.78877258300781	80.7035140991211	139.0258331298828
