"score"	"label"	"x0"	"y0"	"x1"	"y1"
0.2675948739051819	"woman"	468.18182373046875	241.52772521972656	480.91827392578125	258.8517150878906
