"score"	"label"	"x0"	"y0"	"x1"	"y1"
0.29669153690338135	"man"	588.0633544921875	192.22711181640625	595.54931640625	205.3837890625
0.25590983033180237	"woman"	587.41845703125	191.35008239746094	596.5006103515625	206.05177307128906
