"score"	"label"	"x0"	"y0"	"x1"	"y1"
0.3198605477809906	"man"	278.91021728515625	294.32696533203125	285.8812255859375	309.06683349609375
