score	label	x0	y0	x1	y1
0.458732545375824	woman	342.59912109375	228.6248016357422	357.541015625	264.0606689453125
0.2868905067443847	woman	337.9934997558594	225.54849243164065	362.6007995605469	266.8344421386719
