"score"	"label"	"x0"	"y0"	"x1"	"y1"
0.26268571615219116	"w"	44.26905822753906	115.87673950195312	546.6738891601562	312.23773193359375
