"score"	"label"	"x0"	"y0"	"x1"	"y1"
0.5284254550933838	"man"	109.8584976196289	221.18911743164062	150.81466674804688	294.1024475097656
0.34400665760040283	"man"	142.20721435546875	216.9063262939453	164.31304931640625	279.94354248046875
