"score"	"label"	"x0"	"y0"	"x1"	"y1"
0.7253401279449463	"man"	266.44146728515625	268.67724609375	277.7000732421875	300.53570556640625
