"score"	"label"	"x0"	"y0"	"x1"	"y1"
0.9224259257316589	"woman"	209.25296020507812	139.1254425048828	368.2751159667969	551.7202758789062
