"score"	"label"	"x0"	"y0"	"x1"	"y1"
0.7785149812698364	"man"	43.366085052490234	338.2884521484375	73.00697326660156	377.86004638671875
