"score"	"label"	"x0"	"y0"	"x1"	"y1"
0.4512072205543518	"woman"	407.6955871582031	238.9479217529297	445.4324645996094	285.34918212890625
