"score"	"label"	"x0"	"y0"	"x1"	"y1"
0.2717995345592499	"w"	97.54049682617188	143.2788543701172	376.053466796875	498.596435546875
