"score"	"label"	"x0"	"y0"	"x1"	"y1"
0.2797742784023285	"a"	199.7001495361328	127.88776397705078	264.9390869140625	209.521240234375
