score	label	x0	y0	x1	y1
0.6812674403190613	woman	189.5710601806641	171.56658935546875	303.8159484863281	502.2996826171875
