"score"	"label"	"x0"	"y0"	"x1"	"y1"
0.3730970025062561	"man"	0.157440185546875	0.215087890625	528.8284912109375	271.18212890625
