score	label	x0	y0	x1	y1
0.4785487353801727	woman	0.4784393310546875	165.85830688476562	205.81414794921875	413.7833557128906
0.3509716689586639	man	210.55894470214844	173.94778442382812	442.46435546875	413.6755676269531
0.2719974815845489	man	88.1125259399414	39.13006591796875	257.34112548828125	405.740966796875
