"score"	"label"	"x0"	"y0"	"x1"	"y1"
0.41990119218826294	"woman"	405.83966064453125	245.15399169921875	431.68695068359375	273.2095947265625
0.27166926860809326	"man"	404.48175048828125	225.6017608642578	470.74530029296875	276.5134582519531
0.3825279176235199	"man"	448.42742919921875	225.78720092773438	469.546142578125	271.3070373535156
