"score"	"label"	"x0"	"y0"	"x1"	"y1"
0.9070330262184143	"woman"	24.840225219726562	74.28709411621094	337.5113525390625	549.8077392578125
