"score"	"label"	"x0"	"y0"	"x1"	"y1"
0.7081620097160339	"man"	26.78795623779297	119.72306823730469	122.07794952392578	382.38037109375
0.6581054329872131	"man"	357.22216796875	101.75643920898438	401.68798828125	262.68585205078125
0.5529082417488098	"man"	183.4913330078125	132.47268676757812	248.5145263671875	320.40765380859375
0.4096965789794922	"man"	312.8051452636719	69.89541625976562	348.9588928222656	146.24990844726562
0.4299635589122772	"man"	490.1573181152344	112.89081573486328	541.5513916015625	166.56224060058594
0.3096446096897125	"man"	262.8841857910156	68.13814544677734	284.7832946777344	126.34966278076172
