"score"	"label"	"x0"	"y0"	"x1"	"y1"
0.4194287359714508	"man"	463.7734375	229.52178955078125	476.2388916015625	266.0423889160156
