"score"	"label"	"x0"	"y0"	"x1"	"y1"
0.5827285051345825	"woman"	60.68803787231445	327.2713928222656	76.49384307861328	369.4354553222656
0.3666355609893799	"woman"	45.12593078613281	329.31536865234375	61.35072326660156	368.8616943359375
