score	label	x0	y0	x1	y1
0.3310336470603943	woman	313.1634826660156	319.4617919921875	465.0230407714844	392.451171875
