"score"	"label"	"x0"	"y0"	"x1"	"y1"
0.25651198625564575	"a"	216.08042907714844	74.70895385742188	377.0955810546875	549.127685546875
