"score"	"label"	"x0"	"y0"	"x1"	"y1"
0.3563527464866638	"woman"	415.58355712890625	254.008056640625	427.99749755859375	277.63592529296875
0.3428851366043091	"man"	416.0445251464844	254.2583465576172	427.8059387207031	277.4761962890625
0.260087788105011	"woman"	412.24005126953125	251.34300231933594	431.29986572265625	279.8048400878906
