"score"	"label"	"x0"	"y0"	"x1"	"y1"
0.4267288148403168	"woman"	47.072235107421875	117.25273132324219	544.5533447265625	309.251708984375
