"score"	"label"	"x0"	"y0"	"x1"	"y1"
0.27189648151397705	"w o ;"	93.99850463867188	46.563446044921875	497.1244812011719	362.9537048339844
