score	label	x0	y0	x1	y1
0.4256758689880371	woman	49.59705352783203	198.8505859375	193.20425415039065	410.947265625
0.3093657791614532	man	53.21669006347656	29.2462158203125	221.79283142089844	292.1797790527344
0.2969907224178314	man	217.43914794921875	58.82063293457031	369.27191162109375	303.93902587890625
0.2720610201358795	man	364.64007568359375	39.76182556152344	513.6412963867188	274.86163330078125
