"score"	"label"	"x0"	"y0"	"x1"	"y1"
0.8713781833648682	"woman"	98.0714340209961	185.66458129882812	308.3929748535156	534.2393798828125
