"score"	"label"	"x0"	"y0"	"x1"	"y1"
0.5108479261398315	"woman"	10.60003662109375	51.66215515136719	595.5810546875	403.98199462890625
