"score"	"label"	"x0"	"y0"	"x1"	"y1"
0.4656122922897339	"man"	580.7008666992188	236.8060760498047	599.5758666992188	289.22052001953125
0.28924432396888733	"woman"	581.09619140625	237.42520141601562	599.602294921875	289.0118713378906
