score	label	x0	y0	x1	y1
0.4627466797828674	woman	327.5126953125	236.2488555908203	420.7662353515625	509.47906494140625
0.4541228413581848	man	78.01091766357422	238.3270568847656	183.31124877929688	513.0966796875
0.408120334148407	woman	251.8078765869141	235.17515563964844	348.3879699707031	512.4705200195312
0.3371236324310303	woman	173.58978271484375	272.526611328125	250.15707397460935	509.01513671875
