"score"	"label"	"x0"	"y0"	"x1"	"y1"
0.2601299583911896	"man"	73.34355163574219	321.4570007324219	82.16482543945312	334.2142639160156
