"score"	"label"	"x0"	"y0"	"x1"	"y1"
0.3332085907459259	"man"	195.6357879638672	334.5710754394531	214.3792266845703	349.8136901855469
