"score"	"label"	"x0"	"y0"	"x1"	"y1"
0.35456618666648865	"man"	44.689666748046875	53.07159423828125	549.3663330078125	552.291015625
0.2542426884174347	"man"	464.8906555175781	63.041107177734375	537.206298828125	298.8843994140625
