"score"	"label"	"x0"	"y0"	"x1"	"y1"
0.871399462223053	"man"	65.58050537109375	75.28683471679688	293.6527099609375	548.09912109375
