"score"	"label"	"x0"	"y0"	"x1"	"y1"
0.5983006358146667	"man"	290.7710266113281	236.5511474609375	329.7526550292969	347.87762451171875
0.33023905754089355	"woman"	291.41192626953125	237.09918212890625	329.27484130859375	347.52032470703125
