"score"	"label"	"x0"	"y0"	"x1"	"y1"
0.3535894751548767	"woman"	139.72998046875	314.2808837890625	153.329345703125	339.73199462890625
0.2930465936660766	"woman"	125.96648406982422	311.3466491699219	139.54481506347656	341.7987365722656
