"score"	"label"	"x0"	"y0"	"x1"	"y1"
0.8986189365386963	"man"	370.1703186035156	92.57627868652344	472.0774841308594	316.60302734375
0.5222931504249573	"man"	206.98782348632812	104.69217681884766	280.4208984375	313.31365966796875
