score	label	x0	y0	x1	y1
0.358694851398468	woman	45.35101318359375	53.45094299316406	547.8273315429688	549.098876953125
0.282278448343277	woman	463.2469482421875	63.85626220703125	538.8655395507812	299.1353759765625
