"score"	"label"	"x0"	"y0"	"x1"	"y1"
0.3814840316772461	"woman"	181.28131103515625	236.7535858154297	217.52767944335935	293.33612060546875
