score	label	x0	y0	x1	y1
0.6864191889762878	woman	38.9354248046875	54.5552978515625	378.8304138183594	549.8513793945312
