"score"	"label"	"x0"	"y0"	"x1"	"y1"
0.4165957570075989	"woman"	232.5962677001953	264.4659118652344	243.76341247558594	284.0093078613281
0.4248218238353729	"man"	232.89500427246094	264.6009521484375	243.66383361816406	283.9705810546875
0.2717393934726715	"woman"	230.07167053222656	262.39813232421875	246.06639099121094	285.40179443359375
