"score"	"label"	"x0"	"y0"	"x1"	"y1"
0.4350530207157135	"woman"	175.7532196044922	270.17059326171875	339.27020263671875	543.9634399414062
0.3487616181373596	"woman"	63.575584411621094	265.39093017578125	233.3502197265625	516.9351806640625
