"score"	"label"	"x0"	"y0"	"x1"	"y1"
0.3222801685333252	"woman"	115.47970581054688	162.48345947265625	202.13690185546875	415.34796142578125
0.33794909715652466	"woman man"	207.93978881835938	85.23234558105469	375.5136413574219	464.9271240234375
0.3155820369720459	"woman"	205.05438232421875	83.41606140136719	404.59576416015625	466.1727294921875
