"score"	"label"	"x0"	"y0"	"x1"	"y1"
0.6070029735565186	"man"	2.675994873046875	150.3866424560547	375.4464416503906	441.4481201171875
