"score"	"label"	"x0"	"y0"	"x1"	"y1"
0.3282450735569	"woman"	436.9695739746094	219.10446166992188	488.3425598144531	375.8135070800781
0.252906322479248	"woman"	366.1463317871094	226.20709228515625	423.9854431152344	377.26214599609375
