score	label	x0	y0	x1	y1
0.3479903042316437	woman	501.1190490722656	219.8026123046875	511.4407653808594	232.69924926757812
0.2576573491096496	woman	497.8857727050781	217.54750061035156	514.4669799804688	235.2027130126953
