"score"	"label"	"x0"	"y0"	"x1"	"y1"
0.3127923607826233	"woman man"	39.490325927734375	124.14803314208984	591.377685546875	318.53179931640625
