"score"	"label"	"x0"	"y0"	"x1"	"y1"
0.3087902069091797	"; a ;"	5.2908477783203125	5.06402587890625	435.71429443359375	592.9547729492188
0.29224321246147156	"m a"	29.879608154296875	57.321563720703125	329.55780029296875	565.3031005859375
