"score"	"label"	"x0"	"y0"	"x1"	"y1"
0.5638573169708252	"man"	351.0609130859375	144.28643798828125	462.94000244140625	363.20379638671875
0.354676753282547	"woman"	327.2288818359375	53.69050216674805	364.417724609375	105.0631103515625
0.33763402700424194	"woman"	350.483154296875	144.0091552734375	462.5986328125	363.1574401855469
