"score"	"label"	"x0"	"y0"	"x1"	"y1"
0.6287077069282532	"man"	384.3802185058594	87.09191131591797	417.5390319824219	183.26492309570312
0.29796406626701355	"man"	259.0095520019531	161.22018432617188	276.3177795410156	202.00100708007812
0.27634933590888977	"man"	220.8915557861328	160.9055633544922	236.7588653564453	199.3853302001953
