"score"	"label"	"x0"	"y0"	"x1"	"y1"
0.3269200921058655	"man"	586.632080078125	144.72265625	599.728271484375	177.13623046875
0.27159786224365234	"woman"	588.2009887695312	146.22850036621094	598.4048461914062	173.7470245361328
0.2774133086204529	"man"	588.16455078125	146.11485290527344	598.095458984375	166.2506561279297
0.27465346455574036	"man"	582.5635986328125	138.08230590820312	599.9617919921875	181.052490234375
