"score"	"label"	"x0"	"y0"	"x1"	"y1"
0.3170751929283142	"m ; a ; n"	411.13470458984375	49.08476257324219	516.2572021484375	380.39788818359375
