"score"	"label"	"x0"	"y0"	"x1"	"y1"
0.4828739464282989	"man"	304.31915283203125	102.83702087402344	360.00244140625	305.439208984375
0.4490408599376678	"woman"	210.66082763671875	5.987575531005859	258.51214599609375	120.310546875
0.3242012858390808	"woman"	69.44783020019531	166.07337951660156	157.817138671875	298.2210693359375
