"score"	"label"	"x0"	"y0"	"x1"	"y1"
0.49389657378196716	"man"	46.87406539916992	235.26646423339844	136.62619018554688	537.552734375
0.2851848006248474	"man"	129.08334350585938	245.14845275878906	219.68386840820312	464.55767822265625
0.25080859661102295	"man"	20.386499404907227	256.58984375	44.125244140625	330.97576904296875
