"score"	"label"	"x0"	"y0"	"x1"	"y1"
0.5847471952438354	"man"	9.090438842773438	58.88185119628906	373.5958251953125	549.376708984375
0.5175214409828186	"woman"	9.397628784179688	58.808349609375	373.6280517578125	549.6596069335938
0.3371284008026123	"woman"	9.985137939453125	58.8951416015625	373.8020935058594	549.5723266601562
