"score"	"label"	"x0"	"y0"	"x1"	"y1"
0.30138295888900757	"woman"	160.82247924804688	142.953857421875	173.08578491210938	177.50100708007812
0.2992306649684906	"man"	161.27423095703125	143.20411682128906	172.62518310546875	177.8861846923828
