"score"	"label"	"x0"	"y0"	"x1"	"y1"
0.3095608651638031	"m a"	129.19146728515625	32.248191833496094	266.097412109375	209.77841186523438
