"score"	"label"	"x0"	"y0"	"x1"	"y1"
0.3562512993812561	"man"	492.75982666015625	247.68618774414062	517.1293334960938	289.2862854003906
0.32256242632865906	"man"	528.486083984375	254.2894744873047	552.6529541015625	298.249267578125
