score	label	x0	y0	x1	y1
0.4480950534343719	man	272.46551513671875	228.52120971679688	417.93463134765625	326.2581481933594
0.3525930643081665	man	496.4910888671875	196.01593017578125	585.6453857421875	322.183349609375
0.3523544371128082	woman	189.9878845214844	114.8054656982422	255.0555419921875	221.9911346435547
0.3085272312164306	man	1.740875244140625	109.20375061035156	585.9449462890625	332.0601806640625
0.2933962345123291	man	4.271903991699219	224.5323181152344	101.86105346679688	334.3755798339844
