"score"	"label"	"x0"	"y0"	"x1"	"y1"
0.46061959862709045	"man"	162.4181365966797	253.12203979492188	196.9729766845703	348.6800231933594
0.2570550739765167	"man"	205.27247619628906	260.2651672363281	226.8929901123047	327.8226623535156
0.37102222442626953	"woman"	163.62890625	253.6796875	196.41583251953125	348.56585693359375
