"score"	"label"	"x0"	"y0"	"x1"	"y1"
0.29749882221221924	"woman"	62.09376525878906	71.00991821289062	512.326171875	297.8153991699219
