"score"	"label"	"x0"	"y0"	"x1"	"y1"
0.4076061546802521	"man"	221.2912139892578	63.052276611328125	321.6124572753906	243.072509765625
0.3166160583496094	"man"	239.4774932861328	63.230995178222656	320.71514892578125	193.19497680664062
0.48402151465415955	"woman"	221.23167419433594	63.011383056640625	321.77239990234375	243.20535278320312
0.3408569395542145	"man"	428.6109924316406	0.17557525634765625	566.6279907226562	141.5406494140625
0.310327410697937	"woman"	428.50909423828125	0.22917938232421875	566.4891967773438	141.36788940429688
0.267980694770813	"woman"	428.87432861328125	0.2880401611328125	566.648193359375	141.4538116455078
0.27423685789108276	"woman"	239.47244262695312	63.110496520996094	320.6498107910156	193.00448608398438
0.30165374279022217	"man"	101.93423461914062	172.1012725830078	219.04833984375	301.52593994140625
0.2537623643875122	"man"	342.774658203125	162.2526092529297	453.984619140625	297.9554443359375
0.36291176080703735	"woman"	221.40904235839844	62.93254852294922	321.69195556640625	243.04681396484375
