"score"	"label"	"x0"	"y0"	"x1"	"y1"
0.38799935579299927	"m ; a ; n"	16.444320678710938	59.270111083984375	380.92974853515625	549.4000244140625
