"score"	"label"	"x0"	"y0"	"x1"	"y1"
0.28419944643974304	"; a ;"	344.1364440917969	201.46144104003906	490.0239562988281	295.9598388671875
