"score"	"label"	"x0"	"y0"	"x1"	"y1"
0.34257328510284424	"man"	572.3926391601562	437.3629150390625	600.0034790039062	453.91619873046875
0.26122111082077026	"woman"	572.56396484375	437.4311218261719	600.017333984375	453.9538269042969
