"score"	"label"	"x0"	"y0"	"x1"	"y1"
0.40931305289268494	"man"	5.058448791503906	135.47581481933594	48.5507926940918	270.60174560546875
0.3439093828201294	"man"	2.49444580078125	134.81076049804688	599.053955078125	269.8306579589844
0.3660687804222107	"man"	267.3120422363281	137.84002685546875	304.4476013183594	251.45156860351562
0.35308602452278137	"man"	127.47846984863281	141.7086639404297	164.2340545654297	256.8079528808594
0.3359524607658386	"man"	197.1200408935547	142.5497589111328	233.2082061767578	249.83226013183594
0.31733036041259766	"man"	47.900779724121094	147.43875122070312	87.30773162841797	265.75238037109375
0.3103642761707306	"man"	161.8432159423828	142.28659057617188	194.4313507080078	253.23867797851562
0.30877140164375305	"man"	83.35621643066406	138.60011291503906	121.28465270996094	260.8412780761719
