"score"	"label"	"x0"	"y0"	"x1"	"y1"
0.4750923216342926	"woman"	287.968017578125	124.49342346191406	473.3800048828125	597.132080078125
0.452731043100357	"man"	137.968017578125	126.93218994140624	298.3562316894531	591.1034545898438
