"score"	"label"	"x0"	"y0"	"x1"	"y1"
0.2655108571052551	"man"	159.5973663330078	2.7973175048828125	463.1921997070313	341.202392578125
