"score"	"label"	"x0"	"y0"	"x1"	"y1"
0.3131796419620514	"woman"	197.43911743164062	80.26162719726562	214.10629272460938	122.96888732910156
0.26308611035346985	"woman"	179.51727294921875	79.62515258789062	216.202392578125	122.37687683105469
0.27775025367736816	"woman"	181.6586151123047	89.27349853515625	198.08607482910156	116.35298156738281
0.27236711978912354	"man"	197.73333740234375	80.4553451538086	213.930419921875	122.6362075805664
