"score"	"label"	"x0"	"y0"	"x1"	"y1"
0.294589102268219	"m a"	47.31756591796875	95.71881866455078	548.5439453125	324.50311279296875
