"score"	"label"	"x0"	"y0"	"x1"	"y1"
0.287971168756485	"woman"	1.632354736328125	70.63932800292969	543.8388671875	329.736328125
