"score"	"label"	"x0"	"y0"	"x1"	"y1"
0.31845787167549133	"woman"	422.2303771972656	189.12730407714844	436.5302429199219	221.3799285888672
0.2596196234226227	"woman"	419.63372802734375	186.49708557128906	439.30230712890625	224.85044860839844
