"score"	"label"	"x0"	"y0"	"x1"	"y1"
0.29233264923095703	"man"	317.2586975097656	239.49517822265625	331.7890930175781	261.6114501953125
0.25111857056617737	"man"	292.54864501953125	238.51681518554688	309.34429931640625	263.0218505859375
0.2665082514286041	"man"	34.555450439453125	37.900665283203125	545.5625	386.0198974609375
