"score"	"label"	"x0"	"y0"	"x1"	"y1"
0.307034820318222	"woman"	62.514915466308594	144.49221801757812	300.60357666015625	433.2599182128906
0.2805374264717102	"woman"	280.6192321777344	177.2874298095703	409.0427551269531	357.302978515625
