score	label	x0	y0	x1	y1
0.5093575119972229	man	238.5816345214844	153.56405639648438	451.3268737792969	537.848388671875
