"score"	"label"	"x0"	"y0"	"x1"	"y1"
0.3486267328262329	"woman"	465.97344970703125	160.44248962402344	529.1698608398438	352.68408203125
