"score"	"label"	"x0"	"y0"	"x1"	"y1"
0.616229772567749	"woman"	212.5196533203125	158.5703125	391.939697265625	360.44537353515625
0.27171027660369873	"woman"	240.42295837402344	159.87353515625	369.705322265625	307.99053955078125
