"score"	"label"	"x0"	"y0"	"x1"	"y1"
0.5570721626281738	"woman"	56.416725158691406	43.975921630859375	211.4803466796875	548.3795166015625
0.48072490096092224	"man"	192.31346130371094	22.102569580078125	345.92889404296875	528.4810791015625
