"score"	"label"	"x0"	"y0"	"x1"	"y1"
0.25687679648399353	"woman"	373.5592956542969	202.98158264160156	389.1612243652344	211.9922332763672
0.26395362615585327	"woman"	371.965087890625	199.40817260742188	390.006103515625	213.13607788085938
0.25607943534851074	"man"	373.90838623046875	203.65231323242188	388.98614501953125	211.62408447265625
