"score"	"label"	"x0"	"y0"	"x1"	"y1"
0.34804290533065796	"woman"	289.4668273925781	278.7461242675781	299.6551208496094	300.6086120605469
0.33534130454063416	"woman"	266.4613037109375	278.9790344238281	280.019775390625	301.2279357910156
0.2644731104373932	"woman"	338.0060119628906	278.6025085449219	362.0259094238281	300.6982116699219
0.3027106821537018	"woman"	346.1952819824219	279.10162353515625	356.3530578613281	299.91754150390625
