score	label	x0	y0	x1	y1
0.3438307642936706	woman	223.65435791015625	111.84490966796876	314.45294189453125	413.4514770507813
0.3266200721263885	woman	159.50640869140625	97.40736389160156	244.45437622070312	408.7454223632813
0.3242818415164947	woman	93.23281860351562	94.32716369628906	171.05490112304688	405.537353515625
0.31264328956604	man	392.48681640625	116.83157348632812	489.4778442382813	423.4305114746094
0.2884750366210937	woman	310.0577392578125	106.86564636230467	396.6785278320313	412.7874755859375
