"score"	"label"	"x0"	"y0"	"x1"	"y1"
0.3202815055847168	"man"	301.38720703125	137.2770233154297	351.7225341796875	145.6658477783203
0.320483922958374	"man"	127.21482849121094	136.2650146484375	500.7796630859375	410.14898681640625
