"score"	"label"	"x0"	"y0"	"x1"	"y1"
0.45103710889816284	"man"	65.9202880859375	31.415557861328125	363.6856384277344	598.5599365234375
