"score"	"label"	"x0"	"y0"	"x1"	"y1"
0.3962492644786834	"man"	54.52361679077149	251.22576904296875	68.74698638916016	276.2401123046875
