"score"	"label"	"x0"	"y0"	"x1"	"y1"
0.29329913854599	"w o"	93.028076171875	103.68624877929688	306.150146484375	443.1581115722656
0.3115428388118744	"o"	92.97636413574219	103.55859375	306.20635986328125	443.25677490234375
0.33101844787597656	"o"	92.8768310546875	103.57614135742188	306.294921875	443.1741027832031
0.2646048665046692	"o"	92.84646606445312	103.61178588867188	306.3993225097656	443.2806701660156
