"score"	"label"	"x0"	"y0"	"x1"	"y1"
0.4941684305667877	"man"	367.24420166015625	61.1673583984375	598.9776611328125	372.44873046875
0.49442240595817566	"man"	3.4665451049804688	48.18345642089844	232.07479858398438	372.789306640625
