"score"	"label"	"x0"	"y0"	"x1"	"y1"
0.3977097868919372	"woman"	406.2478332519531	237.355224609375	447.2458190917969	286.337890625
