"score"	"label"	"x0"	"y0"	"x1"	"y1"
0.427419513463974	"woman"	225.88482666015625	181.12173461914062	310.75	444.7861633300781
0.31007668375968933	"woman man"	293.5457763671875	158.07476806640625	384.28253173828125	427.8140869140625
0.26637184619903564	"woman"	224.87313842773438	155.8380126953125	386.2976989746094	443.08758544921875
