"score"	"label"	"x0"	"y0"	"x1"	"y1"
0.25670942664146423	"w"	17.822265625	114.85458374023438	545.0101928710938	406.5152893066406
