"score"	"label"	"x0"	"y0"	"x1"	"y1"
0.9396892786026001	"man"	120.40684509277344	23.334625244140625	265.0689697265625	533.4912109375
