"score"	"label"	"x0"	"y0"	"x1"	"y1"
0.3384076952934265	"woman"	257.0638427734375	213.2478485107422	299.47491455078125	344.31097412109375
0.30168449878692627	"woman"	297.2339782714844	209.39199829101562	337.8331604003906	341.3078308105469
0.31392449140548706	"man"	222.3701934814453	207.88333129882812	261.68487548828125	346.7312316894531
