"score"	"label"	"x0"	"y0"	"x1"	"y1"
0.4730861186981201	"woman"	94.94595336914062	78.10916137695312	203.68728637695312	372.3669128417969
0.3031273484230041	"man"	399.601806640625	138.60989379882812	504.084716796875	376.8197326660156
