"score"	"label"	"x0"	"y0"	"x1"	"y1"
0.4297734200954437	"woman"	4.43524169921875	152.23703002929688	352.60406494140625	549.0189208984375
0.40348488092422485	"man"	4.18560791015625	152.9420166015625	351.7588195800781	549.10400390625
