"score"	"label"	"x0"	"y0"	"x1"	"y1"
0.45771685242652893	"woman"	114.91232299804688	32.71803283691406	260.53863525390625	537.885498046875
0.49999088048934937	"man"	115.63604736328125	33.271209716796875	259.9767761230469	538.110107421875
