"score"	"label"	"x0"	"y0"	"x1"	"y1"
0.41915908455848694	"man"	486.74609375	205.8388671875	599.740966796875	436.39300537109375
0.3282567262649536	"woman"	393.2540283203125	215.1689453125	506.7843017578125	436.56689453125
