"score"	"label"	"x0"	"y0"	"x1"	"y1"
0.25826406478881836	"w"	76.35272216796875	148.31454467773438	521.6118774414062	340.5216979980469
