"score"	"label"	"x0"	"y0"	"x1"	"y1"
0.28038597106933594	"w"	118.60372924804688	224.25852966308594	289.1914978027344	547.249755859375
0.27258315682411194	"w"	118.64262390136719	224.4317169189453	289.06170654296875	547.2048950195312
