"score"	"label"	"x0"	"y0"	"x1"	"y1"
0.26111531257629395	"m a"	542.4946899414062	0.2772493362426758	598.9591674804688	19.654006958007812
