"score"	"label"	"x0"	"y0"	"x1"	"y1"
0.7257120013237	"man"	298.8370666503906	234.81976318359375	339.7410583496094	340.677978515625
0.57669997215271	"man"	343.13153076171875	234.83523559570312	378.09429931640625	336.7478942871094
0.30658605694770813	"man"	473.8125305175781	242.1966094970703	484.5745544433594	270.2002868652344
