score	label	x0	y0	x1	y1
0.309626042842865	man	206.30374145507812	97.02041625976562	361.8387756347656	205.13726806640625
