"score"	"label"	"x0"	"y0"	"x1"	"y1"
0.8940044045448303	"man"	0.8031005859375	169.30447387695312	346.98077392578125	548.99560546875
