"score"	"label"	"x0"	"y0"	"x1"	"y1"
0.3428198993206024	"man"	262.63720703125	325.13323974609375	280.85906982421875	354.48406982421875
0.286377876996994	"woman"	263.1177062988281	325.4012451171875	280.4380187988281	354.231689453125
