"score"	"label"	"x0"	"y0"	"x1"	"y1"
0.3771974742412567	"woman"	229.1829376220703	215.5733337402344	278.721435546875	375.3504943847656
0.3149969577789306	"woman"	181.11241149902344	218.8648681640625	235.6721343994141	375.23931884765625
0.2790626883506775	"man"	442.5481872558594	231.74705505371097	498.8981018066406	383.2664794921875
