"score"	"label"	"x0"	"y0"	"x1"	"y1"
0.6443715691566467	"man"	75.87821960449219	324.4749450683594	98.31564331054688	397.3122863769531
0.5806557536125183	"man"	125.70944213867188	325.04638671875	144.76995849609375	395.8233642578125
0.2687165141105652	"man"	247.52076721191406	0.026395797729492188	299.22589111328125	51.31513214111328
