"score"	"label"	"x0"	"y0"	"x1"	"y1"
0.250830739736557	"man"	34.90758514404297	351.20703125	49.64557647705078	390.332275390625
