score	label	x0	y0	x1	y1
0.5739470720291138	woman	64.81195068359375	181.7962646484375	228.84408569335935	395.88665771484375
0.2636391222476959	man	420.219970703125	201.7244873046875	572.99169921875	387.728271484375
