"score"	"label"	"x0"	"y0"	"x1"	"y1"
0.7654050588607788	"man"	288.91375732421875	15.12298583984375	598.647216796875	400.88714599609375
