"score"	"label"	"x0"	"y0"	"x1"	"y1"
0.29378628730773926	"woman"	195.5890655517578	224.25050354003906	199.56202697753906	232.6344451904297
0.311088889837265	"woman"	432.3600769042969	207.14808654785156	438.9228820800781	221.97462463378906
