score	label	x0	y0	x1	y1
0.2566690444946289	woman	519.9937133789062	277.29437255859375	572.2311401367188	317.051513671875
