"score"	"label"	"x0"	"y0"	"x1"	"y1"
0.5001928210258484	"man"	79.90335083007812	312.3581237792969	93.81671142578125	335.5304260253906
0.30473941564559937	"woman"	80.1911849975586	312.55694580078125	93.58129119873047	335.51715087890625
