"score"	"label"	"x0"	"y0"	"x1"	"y1"
0.3257876932621002	"m ; a n"	1.126953125	87.87509155273438	340.9960021972656	547.2445068359375
