score	label	x0	y0	x1	y1
0.4646771252155304	man	224.45782470703125	128.2366943359375	280.0651550292969	210.85150146484375
