"score"	"label"	"x0"	"y0"	"x1"	"y1"
0.4638305902481079	"man"	34.486183166503906	70.078857421875	180.670166015625	598.3410034179688
0.3758577406406402	"man woman"	195.5652618408203	71.57131958007812	354.79620361328125	598.1422119140625
0.2943803071975708	"woman"	312.2723693847656	116.93116760253906	395.9969787597656	506.6546630859375
