"score"	"label"	"x0"	"y0"	"x1"	"y1"
0.8249145746231079	"man"	3.6197967529296875	103.09315490722656	386.9443359375	596.985595703125
