score	label	x0	y0	x1	y1
0.5825026035308838	man	3.16180419921875	22.356719970703125	570.9609985351562	597.2467041015625
