"score"	"label"	"x0"	"y0"	"x1"	"y1"
0.26417699456214905	"man"	480.4915771484375	340.5654602050781	486.422119140625	352.7743835449219
