"score"	"label"	"x0"	"y0"	"x1"	"y1"
0.258578360080719	"man"	371.007080078125	102.41938781738281	415.31036376953125	169.07972717285156
