"score"	"label"	"x0"	"y0"	"x1"	"y1"
0.8840828537940979	"man"	40.372161865234375	104.7081298828125	270.2059631347656	414.07720947265625
