"score"	"label"	"x0"	"y0"	"x1"	"y1"
0.832261860370636	"man"	113.99617767333984	60.07881164550781	217.92532348632812	426.52557373046875
0.30205607414245605	"man"	211.8707733154297	114.43083190917969	319.87359619140625	441.8604736328125
0.26083189249038696	"man"	131.65484619140625	160.09156799316406	250.291015625	457.05523681640625
