"score"	"label"	"x0"	"y0"	"x1"	"y1"
0.5254294276237488	"woman"	18.337875366210938	6.7679443359375	157.0402374267578	289.2073974609375
0.45223283767700195	"woman"	337.0602722167969	35.93458557128906	407.0827331542969	290.22698974609375
0.3495433032512665	"woman"	166.2216339111328	42.33729553222656	260.0950927734375	290.26971435546875
