"score"	"label"	"x0"	"y0"	"x1"	"y1"
0.25802305340766907	"m"	567.8952026367188	1.9791030883789062	580.4465942382812	18.393831253051758
