"score"	"label"	"x0"	"y0"	"x1"	"y1"
0.26046666502952576	"man"	211.08651733398438	157.73898315429688	401.8166809082031	317.65594482421875
0.25227364897727966	"man"	278.3515930175781	309.4133605957031	284.4240417480469	317.5388488769531
