"score"	"label"	"x0"	"y0"	"x1"	"y1"
0.3243552148342132	"man"	321.8901062011719	532.6240234375	340.9820861816406	576.647705078125
