"score"	"label"	"x0"	"y0"	"x1"	"y1"
0.9520244002342224	"man"	143.89410400390625	129.77899169921875	321.2539978027344	393.34368896484375
