"score"	"label"	"x0"	"y0"	"x1"	"y1"
0.2518126666545868	"woman"	235.1421356201172	124.61870574951172	246.41212463378906	140.1385955810547
