score	label	x0	y0	x1	y1
0.3213302791118622	man	250.44546508789065	364.2452087402344	462.6437072753906	451.7093200683594
0.2756021022796631	man	400.9638977050781	213.65484619140625	424.9320983886719	244.7481689453125
