"score"	"label"	"x0"	"y0"	"x1"	"y1"
0.5743753910064697	"man"	190.2757568359375	50.04644775390625	354.21209716796875	535.60693359375
