"score"	"label"	"x0"	"y0"	"x1"	"y1"
0.5132354497909546	"man"	11.343795776367188	214.60595703125	30.021034240722656	239.0208740234375
