"score"	"label"	"x0"	"y0"	"x1"	"y1"
0.5632304549217224	"man"	418.8738098144531	49.798919677734375	524.8565063476562	374.32342529296875
0.35453736782073975	"woman"	208.1293487548828	78.33729553222656	294.9800109863281	345.46295166015625
0.4385679364204407	"woman"	101.13337707519531	80.14933776855469	199.13453674316406	362.13946533203125
