score	label	x0	y0	x1	y1
0.3580358624458313	woman	407.4816284179687	243.1155242919922	496.14349365234375	277.4953308105469
