"score"	"label"	"x0"	"y0"	"x1"	"y1"
0.3655260503292084	"woman"	377.55096435546875	187.37197875976562	420.6650390625	225.98654174804688
0.3382161259651184	"woman"	269.8890380859375	162.54214477539062	316.16912841796875	226.62042236328125
0.3430803418159485	"man"	270.41217041015625	163.17320251464844	315.84442138671875	226.35182189941406
0.2689664661884308	"man"	379.1644287109375	188.283935546875	420.21246337890625	225.42333984375
