score	label	x0	y0	x1	y1
0.5847471952438354	man	9.090438842773438	58.88185119628906	373.5958251953125	549.376708984375
