"score"	"label"	"x0"	"y0"	"x1"	"y1"
0.6284782290458679	"woman"	180.77426147460938	268.0423889160156	245.09371948242188	459.0514831542969
0.4157960116863251	"woman"	237.1434326171875	311.89337158203125	284.393798828125	461.5924072265625
0.30596721172332764	"woman"	307.52093505859375	260.38677978515625	376.63861083984375	461.947998046875
0.2735110819339752	"woman"	148.45143127441406	351.4084167480469	188.3108673095703	462.6855163574219
0.29363808035850525	"woman"	280.74737548828125	327.29656982421875	319.3536376953125	459.54638671875
0.32212233543395996	"woman"	115.61430358886719	294.6345520019531	169.7559051513672	452.6216125488281
