"score"	"label"	"x0"	"y0"	"x1"	"y1"
0.32663974165916443	"woman"	493.6681823730469	221.95974731445312	517.834716796875	250.87762451171875
0.2958294451236725	"woman"	494.5688171386719	223.4204864501953	508.1607360839844	250.1874237060547
0.25481247901916504	"woman"	505.4377136230469	225.13111877441406	517.317138671875	249.8434295654297
0.2622714042663574	"woman"	0.17878103256225586	220.22967529296875	13.169315338134766	266.91705322265625
