score	label	x0	y0	x1	y1
0.4013579785823822	woman man	232.8804626464844	51.327545166015625	364.2784729003906	354.6867980957031
0.2878518402576446	woman	183.5067138671875	55.20765686035156	257.53192138671875	351.65777587890625
0.2735787034034729	woman	330.76043701171875	75.3741455078125	393.9972534179687	369.7306823730469
