"score"	"label"	"x0"	"y0"	"x1"	"y1"
0.4845021963119507	"m"	43.621337890625	10.508308410644531	318.34075927734375	246.678466796875
0.3090208172798157	"a n"	43.66143798828125	10.636512756347656	318.2139587402344	246.608154296875
0.3085832893848419	"m"	43.83662414550781	10.866615295410156	318.41278076171875	246.40655517578125
0.2621714174747467	"m"	43.738861083984375	10.99468994140625	318.21343994140625	246.35281372070312
