"score"	"label"	"x0"	"y0"	"x1"	"y1"
0.48894742131233215	"woman"	336.61474609375	225.09658813476562	480.67718505859375	445.8472595214844
0.4057328999042511	"man"	235.37344360351562	211.63499450683594	359.9900817871094	453.6715087890625
0.28886210918426514	"man"	234.3898162841797	158.50877380371094	378.20098876953125	452.33050537109375
