score	label	x0	y0	x1	y1
0.7450987696647644	woman	55.332916259765625	178.57595825195312	334.2395935058594	524.971435546875
