"score"	"label"	"x0"	"y0"	"x1"	"y1"
0.4324657022953033	"woman"	19.44346618652344	127.91960144042967	278.3336181640625	353.178466796875
