"score"	"label"	"x0"	"y0"	"x1"	"y1"
0.2502628564834595	"a"	202.24368286132812	117.4324722290039	312.7124328613281	229.99343872070312
