"score"	"label"	"x0"	"y0"	"x1"	"y1"
0.5160892009735107	"man"	49.74473571777344	78.34124755859375	117.09700012207031	155.05775451660156
0.2674142122268677	"man"	132.19346618652344	77.04296875	162.4385223388672	133.25680541992188
0.2768191993236542	"man"	74.10227966308594	76.95748901367188	119.17030334472656	108.40328979492188
0.2949526607990265	"man"	73.08638000488281	77.13583374023438	119.94807434082031	147.5330352783203
0.3020963668823242	"man"	131.9097137451172	76.75936126708984	170.1517791748047	135.17816162109375
