"score"	"label"	"x0"	"y0"	"x1"	"y1"
0.2512768805027008	"w a"	71.15882873535156	35.569671630859375	316.45355224609375	598.9002685546875
