"score"	"label"	"x0"	"y0"	"x1"	"y1"
0.5302489995956421	"woman"	30.340866088867188	179.89572143554688	291.53399658203125	547.86572265625
0.48768845200538635	"man"	162.02256774902344	56.64154052734375	376.14434814453125	547.8695068359375
