"score"	"label"	"x0"	"y0"	"x1"	"y1"
0.2609351873397827	"man"	61.787750244140625	70.3882827758789	512.59228515625	298.0868835449219
