score	label	x0	y0	x1	y1
0.266540378332138	man	211.035888671875	93.94744873046876	513.6048583984375	300.4524230957031
