"score"	"label"	"x0"	"y0"	"x1"	"y1"
0.9099786281585693	"woman"	0.656646728515625	83.72434997558594	385.00244140625	548.9775390625
