"score"	"label"	"x0"	"y0"	"x1"	"y1"
0.4714927077293396	"man"	131.24267578125	262.36639404296875	164.55868530273438	332.1851806640625
0.312298059463501	"woman"	428.9211730957031	308.9385070800781	449.2914123535156	357.4635925292969
0.37922510504722595	"woman"	450.8830871582031	309.0272521972656	473.0574645996094	359.5440979003906
