"score"	"label"	"x0"	"y0"	"x1"	"y1"
0.801389753818512	"woman"	237.0183868408203	221.76406860351562	403.16455078125	448.9574890136719
