score	label	x0	y0	x1	y1
0.3933619558811188	woman	400.8680419921875	55.83232116699219	539.1546630859375	458.3855590820313
0.3211242854595184	woman	178.88284301757812	70.57562255859375	303.0403137207031	455.6295166015625
0.3131795525550842	man	299.3563232421875	67.09552001953125	411.866943359375	455.75384521484375
0.3125312328338623	man	57.626617431640625	52.852783203125	182.9459686279297	454.59765625
