"score"	"label"	"x0"	"y0"	"x1"	"y1"
0.5977445840835571	"woman"	330.0675354003906	385.1452941894531	354.4671325683594	454.3719177246094
0.45213398337364197	"woman"	283.8486633300781	385.8748474121094	305.7113342285156	451.8180847167969
0.5362524390220642	"woman"	270.7195129394531	384.99383544921875	289.2981262207031	450.57171630859375
0.47212842106819153	"woman"	296.3464660644531	382.16168212890625	315.7632141113281	451.9102783203125
0.26546040177345276	"woman"	355.7623596191406	394.40570068359375	383.3722839355469	468.5859375
