"score"	"label"	"x0"	"y0"	"x1"	"y1"
0.25560832023620605	"man"	451.9969177246094	167.35829162597656	465.0626525878906	200.0653839111328
0.3310098648071289	"man"	419.14349365234375	167.8863983154297	433.069091796875	203.87586975097656
0.26544368267059326	"woman"	419.38037109375	168.0758514404297	432.88800048828125	203.81739807128906
0.2508111000061035	"woman"	452.2479248046875	167.47645568847656	465.02581787109375	199.93019104003906
