"score"	"label"	"x0"	"y0"	"x1"	"y1"
0.5879833698272705	"man"	106.18023681640624	75.74610900878906	231.66976928710935	531.2628173828125
0.4312919080257416	"woman"	205.617431640625	126.5153350830078	395.16937255859375	532.6453857421875
