score	label	x0	y0	x1	y1
0.3878594934940338	woman	277.1189880371094	189.78858947753903	301.6482238769531	237.4009552001953
0.384387731552124	man	324.9000549316406	260.6053161621094	357.8955993652344	355.1417541503906
