"score"	"label"	"x0"	"y0"	"x1"	"y1"
0.44439801573753357	"woman"	94.95728302001953	78.67340087890625	203.46304321289062	372.5059509277344
0.32342275977134705	"man"	399.42059326171875	138.375	504.22149658203125	376.5731201171875
0.2714071571826935	"man"	329.5321044921875	117.86396789550781	416.79461669921875	367.92425537109375
0.2590356469154358	"man"	12.661994934082031	75.37309265136719	102.49867248535156	367.09979248046875
