score	label	x0	y0	x1	y1
0.3684286177158355	woman	480.885498046875	249.72238159179688	494.02642822265625	270.2436828613281
