"score"	"label"	"x0"	"y0"	"x1"	"y1"
0.27357161045074463	"a"	8.171875	162.2919921875	582.0453491210938	406.9808349609375
0.26449349522590637	"a"	7.797637939453125	128.12258911132812	584.227294921875	407.4417419433594
