score	label	x0	y0	x1	y1
0.3758852779865265	woman	200.6696624755859	118.79203033447266	212.80210876464844	140.72607421875
