score	label	x0	y0	x1	y1
0.2664618492126465	woman	182.4704132080078	398.1579284667969	249.0036773681641	472.1628112792969
