"score"	"label"	"x0"	"y0"	"x1"	"y1"
0.6801387071609497	"man"	280.4348449707031	155.79052734375	334.1518859863281	303.687255859375
0.3635193705558777	"man"	170.0230255126953	164.01963806152344	218.06492614746094	296.7825927734375
0.30436477065086365	"man"	233.0120391845703	147.36129760742188	277.0058288574219	293.9915466308594
0.3440195322036743	"woman"	232.9137725830078	147.43968200683594	277.34381103515625	293.94769287109375
0.29609909653663635	"woman"	454.4546203613281	165.68661499023438	492.0649719238281	273.5440979003906
0.2742849588394165	"woman"	395.8555908203125	165.73471069335938	433.6929931640625	253.91452026367188
0.2527572512626648	"woman"	232.73910522460938	147.24853515625	277.10748291015625	294.06378173828125
