"score"	"label"	"x0"	"y0"	"x1"	"y1"
0.4994658529758453	"man"	184.48471069335935	154.95782470703125	293.90325927734375	355.2391052246094
0.4196020066738128	"woman"	355.1330871582031	159.3979034423828	488.7662048339844	385.4260864257813
0.2603794932365417	"man"	183.9165802001953	147.11447143554688	489.3694458007813	385.1007385253906
