"score"	"label"	"x0"	"y0"	"x1"	"y1"
0.27793067693710327	"woman"	36.938011169433594	122.34626770019531	86.06024169921875	290.64727783203125
