score	label	x0	y0	x1	y1
0.3866022229194641	man	406.3731384277344	237.56727600097656	447.1696472167969	286.4744567871094
