"score"	"label"	"x0"	"y0"	"x1"	"y1"
0.3226470947265625	"woman"	202.9371795654297	204.70706176757812	212.3358612060547	218.78787231445312
