"score"	"label"	"x0"	"y0"	"x1"	"y1"
0.2690850496292114	"w"	52.57916259765625	137.81802368164062	598.2183227539062	405.6259460449219
