"score"	"label"	"x0"	"y0"	"x1"	"y1"
0.5566631555557251	"man"	212.43832397460938	159.45352172851562	391.7740783691406	360.4931335449219
0.2704452872276306	"man"	242.10659790039062	159.8814697265625	368.9046325683594	307.44366455078125
