"score"	"label"	"x0"	"y0"	"x1"	"y1"
0.335159569978714	"m"	146.68484497070312	99.08749389648438	470.6764221191406	426.8791809082031
0.2509872615337372	"a"	146.70199584960938	99.20706176757812	470.4404602050781	426.6716003417969
