"score"	"label"	"x0"	"y0"	"x1"	"y1"
0.3444187343120575	"woman"	113.70492553710938	233.75173950195312	125.1307373046875	266.5140075683594
0.2657778561115265	"woman"	185.1324920654297	236.3747100830078	193.10301208496094	259.7180480957031
0.32756856083869934	"woman"	97.40750122070312	234.25633239746094	106.85256958007812	266.7898254394531
0.30525243282318115	"woman"	7.438938140869141	240.371826171875	17.612001419067383	273.17047119140625
0.2560834288597107	"woman"	157.03890991210938	236.40234375	170.03109741210938	268.56103515625
0.35660839080810547	"woman"	85.27387237548828	233.17588806152344	99.70667266845703	267.7461242675781
0.2635560631752014	"woman"	320.6026611328125	241.00514221191406	330.37359619140625	267.29400634765625
