"score"	"label"	"x0"	"y0"	"x1"	"y1"
0.43568918108940125	"man"	128.86648559570312	93.10189056396484	526.0579833984375	314.99658203125
