"score"	"label"	"x0"	"y0"	"x1"	"y1"
0.3032206892967224	"m a ;"	9.824020385742188	0.9723968505859375	376.169677734375	385.76629638671875
