"score"	"label"	"x0"	"y0"	"x1"	"y1"
0.3150786757469177	"man"	68.84255981445312	62.289398193359375	594.791015625	329.7486877441406
