"score"	"label"	"x0"	"y0"	"x1"	"y1"
0.44735196232795715	"woman"	368.4177551269531	90.78868103027344	478.2569885253906	356.9178466796875
0.3598155677318573	"woman"	76.07652282714844	11.58880615234375	182.8285675048828	324.6668701171875
0.3423123061656952	"woman"	379.89111328125	23.975852966308594	460.34912109375	157.33184814453125
0.31161433458328247	"woman"	180.61094665527344	72.83186340332031	314.63861083984375	352.984130859375
0.33756130933761597	"woman"	180.95127868652344	37.35971450805664	250.65602111816406	136.758544921875
0.3588702082633972	"woman"	150.35787963867188	89.9660873413086	239.18923950195312	343.6980285644531
0.30180665850639343	"woman"	457.2266540527344	35.31904602050781	543.930908203125	342.13470458984375
0.26682183146476746	"woman"	270.15911865234375	82.19001770019531	383.87457275390625	350.05316162109375
