"score"	"label"	"x0"	"y0"	"x1"	"y1"
0.25444501638412476	"a"	85.11851501464844	98.33251190185547	507.0286865234375	254.13058471679688
