"score"	"label"	"x0"	"y0"	"x1"	"y1"
0.8923525214195251	"woman"	43.83857727050781	66.9296875	344.9873046875	549.14697265625
