"score"	"label"	"x0"	"y0"	"x1"	"y1"
0.5166352391242981	"woman"	30.810745239257812	56.78511047363281	331.2791748046875	556.5371704101562
0.3287859857082367	"man"	30.69805908203125	57.34416198730469	328.1221923828125	557.6079711914062
