"score"	"label"	"x0"	"y0"	"x1"	"y1"
0.8990347981452942	"woman"	0.6779327392578125	77.78555297851562	383.03875732421875	548.7781982421875
