"score"	"label"	"x0"	"y0"	"x1"	"y1"
0.33655133843421936	"man"	12.702850341796875	146.29214477539062	580.5494384765625	274.85943603515625
