"score"	"label"	"x0"	"y0"	"x1"	"y1"
0.26567259430885315	"m a"	6.3602752685546875	6.08331298828125	499.5755615234375	596.0060424804688
