"score"	"label"	"x0"	"y0"	"x1"	"y1"
0.6407968401908875	"man"	218.11337280273438	50.75932312011719	334.0762023925781	554.402099609375
0.47548794746398926	"woman"	27.553253173828125	64.44383239746094	232.37478637695312	558.9925537109375
0.2577686011791229	"woman"	27.52014923095703	64.38442993164062	232.04931640625	558.70947265625
