score	label	x0	y0	x1	y1
0.3738320171833038	woman	117.96612548828124	243.8942718505859	137.75387573242188	307.70220947265625
0.3134185671806335	woman	113.1923599243164	240.20083618164065	143.71664428710938	310.5864562988281
