"score"	"label"	"x0"	"y0"	"x1"	"y1"
0.40101808309555054	"woman"	240.66372680664062	177.8553466796875	333.8944396972656	393.38958740234375
0.33892175555229187	"man"	497.26806640625	129.15896606445312	561.648193359375	380.7227783203125
