"score"	"label"	"x0"	"y0"	"x1"	"y1"
0.2747165858745575	"woman"	590.8765869140625	357.9898376464844	600.0352783203125	405.8780822753906
0.2675054371356964	"woman"	590.8483276367188	314.7059326171875	600.0355834960938	405.972412109375
