score	label	x0	y0	x1	y1
0.5549872517585754	man	1.3458251953125	51.8448486328125	392.1741333007813	598.6763305664062
