"score"	"label"	"x0"	"y0"	"x1"	"y1"
0.4575805366039276	"woman"	367.0001831054687	60.446746826171875	598.1629638671875	371.6525268554687
0.3659913539886474	"man"	3.4556884765625	48.005157470703125	231.6647186279297	372.4324951171875
