"score"	"label"	"x0"	"y0"	"x1"	"y1"
0.40758785605430603	"woman"	102.6842269897461	256.0462646484375	114.62787628173828	278.2745361328125
0.3529249429702759	"man"	103.26905059814453	256.4169921875	114.2054214477539	277.994140625
0.28839021921157837	"woman"	98.89669799804688	253.0821990966797	118.42703247070312	281.0860595703125
