"score"	"label"	"x0"	"y0"	"x1"	"y1"
0.25320178270339966	"man"	330.47259521484375	179.10458374023438	418.33184814453125	391.1047058105469
