"score"	"label"	"x0"	"y0"	"x1"	"y1"
0.28141844272613525	"w"	17.516204833984375	179.93923950195312	594.065185546875	343.2110290527344
0.2503588795661926	"w"	15.8740234375	180.11895751953125	595.4039916992188	343.328125
