"score"	"label"	"x0"	"y0"	"x1"	"y1"
0.2614102065563202	"w"	255.68128967285156	77.14926147460938	330.3375549316406	265.8411560058594
