"score"	"label"	"x0"	"y0"	"x1"	"y1"
0.3866695463657379	"woman"	246.40579223632812	242.4739990234375	303.8164978027344	419.8970947265625
