"score"	"label"	"x0"	"y0"	"x1"	"y1"
0.47553884983062744	"woman"	44.27882385253906	88.08090209960938	239.6111297607422	461.8651428222656
0.3377806544303894	"man"	44.83833312988281	88.71322631835938	237.93336486816406	461.6328430175781
