"score"	"label"	"x0"	"y0"	"x1"	"y1"
0.45159122347831726	"woman"	202.9559326171875	140.20761108398438	393.3306884765625	288.8480529785156
0.3501514792442322	"woman"	5.453948974609375	0.364013671875	597.9482421875	411.1812744140625
0.33679577708244324	"woman"	153.73841857910156	98.76068115234375	454.88226318359375	340.4064636230469
