"score"	"label"	"x0"	"y0"	"x1"	"y1"
0.3790023624897003	"man"	106.13632202148438	55.44078063964844	419.2516174316406	370.1451416015625
0.4545435607433319	"woman"	106.83958435058594	56.38636779785156	418.05828857421875	370.0648193359375
