"score"	"label"	"x0"	"y0"	"x1"	"y1"
0.25902682542800903	"man"	152.1628875732422	22.288379669189453	166.7744598388672	48.61770248413086
0.2729679048061371	"woman"	152.30178833007812	22.618289947509766	166.51931762695312	48.35115432739258
