"score"	"label"	"x0"	"y0"	"x1"	"y1"
0.3424766063690185	"man"	485.6171875	149.2985076904297	599.5335693359375	332.788330078125
0.2769942283630371	"woman"	306.6514892578125	227.0904541015625	335.218505859375	279.53875732421875
