"score"	"label"	"x0"	"y0"	"x1"	"y1"
0.5804862976074219	"man"	282.098876953125	167.46511840820312	360.2100830078125	248.29898071289062
0.5574502944946289	"man"	178.24508666992188	169.86016845703125	277.9628601074219	256.41143798828125
0.45882415771484375	"man"	251.17689514160156	177.2396240234375	320.0107421875	250.97821044921875
0.40650153160095215	"man"	213.6809844970703	177.45863342285156	297.4783020019531	251.59864807128906
