"score"	"label"	"x0"	"y0"	"x1"	"y1"
0.44558778405189514	"man"	235.22007751464844	211.842529296875	360.0101013183594	453.78375244140625
0.28638598322868347	"man"	335.26544189453125	225.69976806640625	479.78857421875	446.13995361328125
0.26611754298210144	"man"	295.1026611328125	159.27389526367188	378.84521484375	295.750732421875
0.3001866042613983	"man"	266.6077575683594	158.8536834716797	379.1211242675781	419.89813232421875
