"score"	"label"	"x0"	"y0"	"x1"	"y1"
0.3680398762226105	"woman"	74.20336151123047	47.80010986328125	270.3841247558594	424.0748596191406
0.34999608993530273	"woman"	198.33798217773438	40.968170166015625	571.4549560546875	424.69366455078125
0.2982558310031891	"woman"	73.55191040039062	39.36723327636719	572.7431640625	423.97686767578125
0.4043409526348114	"man"	197.83522033691406	41.25746154785156	570.980224609375	425.16107177734375
