"score"	"label"	"x0"	"y0"	"x1"	"y1"
0.2970992028713226	"man"	118.9852066040039	354.70159912109375	255.5863037109375	553.7922973632812
0.272883266210556	"woman"	250.1297912597656	350.48333740234375	280.0248718261719	403.7796020507813
