"score"	"label"	"x0"	"y0"	"x1"	"y1"
0.3490283489227295	"man"	5.588187217712402	124.96630859375	21.9215087890625	157.42532348632812
0.2634676694869995	"man"	219.16412353515625	195.0966033935547	236.762451171875	249.38917541503906
