"score"	"label"	"x0"	"y0"	"x1"	"y1"
0.2524186372756958	"woman"	359.8724365234375	4.5211181640625	439.912841796875	295.5528869628906
