score	label	x0	y0	x1	y1
0.3427255153656006	man	354.2935791015625	224.53302001953125	412.27496337890625	379.9720458984375
0.3267731368541717	woman	229.38296508789065	215.9590606689453	278.26177978515625	375.2584838867187
0.3141719698905945	man	442.3335266113281	231.55587768554688	498.9587097167969	383.3218688964844
0.3014078736305237	man	270.8995361328125	218.2339324951172	323.4168701171875	375.8401489257813
