"score"	"label"	"x0"	"y0"	"x1"	"y1"
0.3476035892963409	"man"	540.5076904296875	276.5742492675781	581.6793212890625	324.5198669433594
0.2746145129203796	"man"	541.8204956054688	277.5546875	565.6294555664062	323.81500244140625
