"score"	"label"	"x0"	"y0"	"x1"	"y1"
0.287905752658844	"w"	106.38728332519531	56.13600158691406	420.66015625	371.28265380859375
