"score"	"label"	"x0"	"y0"	"x1"	"y1"
0.48265179991722107	"woman"	194.6431427001953	175.1636505126953	321.1015930175781	354.1903076171875
0.38998061418533325	"man"	195.75	176.15106201171875	320.04510498046875	353.61224365234375
