"score"	"label"	"x0"	"y0"	"x1"	"y1"
0.2537781298160553	"woman"	438.1365966796875	238.53030395507812	445.31951904296875	252.91168212890625
