"score"	"label"	"x0"	"y0"	"x1"	"y1"
0.4831223487854004	"man"	307.33984375	235.68450927734375	386.8250732421875	341.69476318359375
0.3616809546947479	"woman"	425.31195068359375	235.711181640625	491.1423950195313	340.95343017578125
