score	label	x0	y0	x1	y1
0.3766126334667206	man	66.88125610351562	29.23423767089844	273.8717956542969	402.7452392578125
