score	label	x0	y0	x1	y1
0.4456337392330169	woman	282.5096130371094	276.76171875	416.2991027832031	394.0562744140625
0.3936104476451874	man	97.94659423828124	295.307861328125	214.16213989257812	393.8804931640625
0.3531468510627746	man	442.9119873046875	258.57513427734375	518.7874755859375	393.62164306640625
0.2664739787578583	man	181.60427856445312	176.71141052246094	221.50393676757812	290.15966796875
