"score"	"label"	"x0"	"y0"	"x1"	"y1"
0.3628171980381012	"man"	327.33343505859375	166.29965209960938	343.2261962890625	182.97918701171875
0.2549442946910858	"man"	456.6749572753906	187.65232849121094	468.5163269042969	210.03684997558594
