score	label	x0	y0	x1	y1
0.5948172807693481	woman	39.029937744140625	54.65986633300781	378.4116516113281	549.7513427734375
