score	label	x0	y0	x1	y1
0.3342542350292206	woman	205.01617431640625	170.1263427734375	244.563232421875	288.2065124511719
0.2970050275325775	woman	155.59368896484375	161.477294921875	506.01165771484375	287.72943115234375
