"score"	"label"	"x0"	"y0"	"x1"	"y1"
0.25825709104537964	"a"	74.34930419921875	6.9010009765625	554.2005615234375	370.6700134277344
