score	label	x0	y0	x1	y1
0.395316481590271	woman	412.2522888183594	93.29090881347656	502.1097106933594	355.89093017578125
0.3205173909664154	woman	410.9768676757813	90.8477783203125	589.6928100585938	376.6541442871094
0.3013578951358795	man	500.1329345703125	100.28492736816406	588.8629150390625	376.56793212890625
0.2576140761375427	man	86.86209869384766	101.6267318725586	180.07452392578125	252.4623107910156
