score	label	x0	y0	x1	y1
0.4835126399993896	man woman	88.51969146728516	254.2405548095703	319.9815979003906	597.6297607421875
