"score"	"label"	"x0"	"y0"	"x1"	"y1"
0.3432713747024536	"woman"	185.2089385986328	63.10475158691406	377.771484375	558.8099975585938
