"score"	"label"	"x0"	"y0"	"x1"	"y1"
0.5925357937812805	"woman"	41.9468994140625	181.129150390625	317.9246520996094	517.0847778320312
0.5003194808959961	"man"	42.19514465332031	181.24098205566406	317.7249755859375	517.425537109375
0.32093897461891174	"woman"	42.046234130859375	181.0225830078125	317.8809814453125	518.1990966796875
0.2570250332355499	"woman"	41.82208251953125	180.7689971923828	317.89794921875	517.52197265625
