score	label	x0	y0	x1	y1
0.3962492346763611	woman	337.5133972167969	285.4632263183594	355.9323425292969	302.8144226074219
0.2733332514762878	woman	377.0409240722656	270.58135986328125	391.3619689941406	292.37908935546875
