"score"	"label"	"x0"	"y0"	"x1"	"y1"
0.34890255331993103	"woman"	141.71041870117188	127.89568328857422	259.0164794921875	338.90887451171875
0.3635660409927368	"man"	208.57591247558594	95.79115295410156	252.9113311767578	193.6777801513672
0.2543783485889435	"woman"	142.13449096679688	128.0596466064453	242.91552734375	292.74761962890625
0.29734280705451965	"woman"	142.0078125	127.1870346069336	297.35076904296875	338.97979736328125
