"score"	"label"	"x0"	"y0"	"x1"	"y1"
0.32261690497398376	"woman"	248.13629150390625	294.3607177734375	270.96331787109375	343.8428955078125
