"score"	"label"	"x0"	"y0"	"x1"	"y1"
0.8373367786407471	"man"	121.10466003417969	224.69969177246094	285.75506591796875	547.783447265625
0.3051925599575043	"man"	19.554061889648438	262.0189208984375	169.61761474609375	548.0357666015625
