"score"	"label"	"x0"	"y0"	"x1"	"y1"
0.357187956571579	"woman"	192.27676391601562	324.7729187011719	221.33718872070312	372.3489685058594
0.2681863307952881	"woman"	225.1103515625	329.22412109375	259.4730529785156	375.67327880859375
0.2539255917072296	"woman"	175.75955200195312	459.78680419921875	295.84332275390625	528.522216796875
