"score"	"label"	"x0"	"y0"	"x1"	"y1"
0.26309505105018616	"m a"	184.71131896972656	100.18402099609375	443.66851806640625	303.9474182128906
