"score"	"label"	"x0"	"y0"	"x1"	"y1"
0.27922749519348145	"w"	137.4752197265625	58.603271484375	306.9411315917969	583.7803955078125
