"score"	"label"	"x0"	"y0"	"x1"	"y1"
0.2709688246250152	"woman"	202.44183349609375	149.899658203125	223.2171630859375	174.07708740234375
