"score"	"label"	"x0"	"y0"	"x1"	"y1"
0.6255584955215454	"woman"	8.536422729492188	76.46002197265625	418.473876953125	596.489990234375
0.3430462181568146	"man"	8.150588989257812	76.57827758789062	418.05084228515625	596.836181640625
0.25737863779067993	"woman"	8.261917114257812	76.4552001953125	418.96636962890625	597.143798828125
