"score"	"label"	"x0"	"y0"	"x1"	"y1"
0.4410613179206848	"woman"	77.19583129882812	26.789794921875	250.6744079589844	187.71495056152344
0.288796067237854	"woman"	260.24462890625	29.638458251953125	410.99127197265625	121.01788330078124
