"score"	"label"	"x0"	"y0"	"x1"	"y1"
0.8280836343765259	"man"	2.791839599609375	60.727264404296875	373.5115966796875	597.2725830078125
