"score"	"label"	"x0"	"y0"	"x1"	"y1"
0.3414410352706909	"woman"	238.68954467773438	156.55682373046875	249.27963256835938	174.85128784179688
0.2983436584472656	"woman"	362.602294921875	161.33641052246094	372.16326904296875	178.2435760498047
