"score"	"label"	"x0"	"y0"	"x1"	"y1"
0.3989342451095581	"woman"	503.5142822265625	366.8962097167969	536.9111328125	437.8609313964844
0.3436298966407776	"woman"	282.283203125	387.6737365722656	335.6253662109375	437.7972717285156
0.33263057470321655	"woman"	211.69186401367188	366.2071533203125	262.2244567871094	437.94354248046875
