"score"	"label"	"x0"	"y0"	"x1"	"y1"
0.3429604470729828	"woman"	251.77383422851562	77.91494750976562	329.0611267089844	183.03378295898438
0.2536250948905945	"woman"	268.5401306152344	79.97915649414062	326.9171447753906	180.89544677734375
