score	label	x0	y0	x1	y1
0.4387735426425934	man	8.57769775390625	85.7802734375	417.0710754394531	597.8499755859375
