"score"	"label"	"x0"	"y0"	"x1"	"y1"
0.5018631219863892	"woman"	342.0823059082031	174.93862915039062	558.278564453125	457.7491149902344
0.3516273498535156	"man"	29.216339111328125	171.1099853515625	236.78497314453125	457.820556640625
