"score"	"label"	"x0"	"y0"	"x1"	"y1"
0.4199011921882629	"woman"	405.8396606445313	245.15399169921875	431.68695068359375	273.2095947265625
0.3825279176235199	"man"	448.4274291992187	225.7872009277344	469.546142578125	271.3070373535156
0.2716692686080932	"man"	404.4817504882813	225.6017608642578	470.7453002929687	276.5134582519531
