"score"	"label"	"x0"	"y0"	"x1"	"y1"
0.2730453610420227	"w"	6.383575439453125	5.21893310546875	596.0439453125	420.015380859375
