"score"	"label"	"x0"	"y0"	"x1"	"y1"
0.3114376366138458	"man"	82.2327880859375	342.28009033203125	88.47036743164062	351.57843017578125
0.3137517273426056	"man"	99.52413940429688	339.62957763671875	106.67359924316406	349.57196044921875
