"score"	"label"	"x0"	"y0"	"x1"	"y1"
0.4376242756843567	"man"	224.5804443359375	128.77178955078125	279.57012939453125	210.79696655273438
0.3750298023223877	"man"	222.8201141357422	128.82025146484375	279.8818054199219	240.4674072265625
