score	label	x0	y0	x1	y1
0.2615544497966766	woman	0.1415443420410156	281.12652587890625	63.186038970947266	538.7440185546875
