"score"	"label"	"x0"	"y0"	"x1"	"y1"
0.25472432374954224	"man"	31.744857788085938	41.93388366699219	316.91058349609375	322.677734375
