"score"	"label"	"x0"	"y0"	"x1"	"y1"
0.37334948778152466	"m ; a ; n"	82.88459777832031	32.03373718261719	517.4036865234375	379.61126708984375
