"score"	"label"	"x0"	"y0"	"x1"	"y1"
0.2634441554546356	"woman"	443.8780822753906	224.71241760253906	495.8049011230469	300.44189453125
0.2765048146247864	"woman"	443.17041015625	221.2317352294922	500.15948486328125	333.4485168457031
