score	label	x0	y0	x1	y1
0.4456750452518463	man	22.767709732055664	126.1457977294922	79.32347869873047	196.1083221435547
0.3728223145008087	woman	5.745361328125	106.6620635986328	586.252197265625	358.9893798828125
0.2760498821735382	woman	5.740278244018555	192.75537109375	61.16258239746094	356.83538818359375
