"score"	"label"	"x0"	"y0"	"x1"	"y1"
0.3567812442779541	"man"	203.87115478515625	135.38734436035156	279.67828369140625	346.0853271484375
0.338239848613739	"man"	310.9546203613281	137.7584991455078	386.2792053222656	357.62664794921875
0.30137899518013	"woman"	463.44976806640625	85.08265686035156	598.6347045898438	364.123779296875
0.2817548513412475	"man"	203.66786193847656	134.2532501220703	386.09228515625	359.045654296875
0.2525452375411987	"woman"	364.680908203125	145.13076782226562	447.2071533203125	366.75738525390625
