"score"	"label"	"x0"	"y0"	"x1"	"y1"
0.3678416907787323	"w o"	36.3875732421875	66.38180541992188	463.6233215332031	506.0731506347656
0.32725024223327637	"w o"	36.346038818359375	66.3922119140625	463.5749206542969	506.08544921875
0.3955669403076172	"o m"	36.28900146484375	66.30767822265625	463.43096923828125	506.10076904296875
0.30957308411598206	"o m"	36.34544372558594	66.50982666015625	463.53662109375	506.3685302734375
0.2831727862358093	"w"	36.495635986328125	66.75494384765625	463.4407043457031	506.3153076171875
