score	label	x0	y0	x1	y1
0.3999958038330078	woman	34.93321228027344	70.4871826171875	356.52447509765625	547.3709716796875
