"score"	"label"	"x0"	"y0"	"x1"	"y1"
0.2804139256477356	"woman"	336.90374755859375	280.78179931640625	345.35516357421875	299.48907470703125
