score	label	x0	y0	x1	y1
0.6026999354362488	woman	59.970794677734375	221.0450439453125	176.6095733642578	543.735595703125
0.4087286591529846	man	166.38775634765625	212.5291748046875	291.6071472167969	549.4972534179688
0.2685597836971283	man	274.57171630859375	220.72329711914065	368.751708984375	531.75537109375
