score	label	x0	y0	x1	y1
0.7128674387931824	woman	136.71873474121094	57.54168701171875	306.5152587890625	583.3196411132812
