score	label	x0	y0	x1	y1
0.5517717003822327	man	194.45721435546875	97.01423645019533	368.19146728515625	486.6767578125
0.5218154788017273	woman	1.3394088745117188	113.6397705078125	243.18850708007812	540.9598388671875
0.2592403888702392	woman	77.69123077392578	114.03338623046876	242.572265625	487.03179931640625
