score	label	x0	y0	x1	y1
0.574171781539917	man	65.11428833007812	70.44929504394531	225.0838928222656	372.69580078125
0.5047312378883362	woman	353.980712890625	49.50703430175781	554.465087890625	342.56817626953125
