"score"	"label"	"x0"	"y0"	"x1"	"y1"
0.3335497677326202	"man"	301.0746765136719	126.83289337158205	323.1589050292969	144.00799560546875
0.2807264328002929	"man"	301.87493896484375	127.5819091796875	311.6343994140625	141.83285522460938
