"score"	"label"	"x0"	"y0"	"x1"	"y1"
0.5250772833824158	"man"	526.5242309570312	213.12767028808594	544.1149291992188	260.80596923828125
0.301325261592865	"man"	522.3289794921875	157.4869384765625	538.2542724609375	203.11996459960938
