"score"	"label"	"x0"	"y0"	"x1"	"y1"
0.34230196475982666	"man"	129.08383178710938	329.75616455078125	229.82949829101562	432.76568603515625
0.3350873291492462	"woman"	129.24562072753906	330.5963439941406	229.3441925048828	432.8610534667969
