"score"	"label"	"x0"	"y0"	"x1"	"y1"
0.43438804149627686	"woman"	222.85597229003906	115.5738525390625	255.89036560058594	217.80279541015625
