"score"	"label"	"x0"	"y0"	"x1"	"y1"
0.3496364951133728	"woman"	349.1724853515625	516.277587890625	363.8912353515625	557.176513671875
0.325863242149353	"woman"	104.59679412841797	501.5513610839844	126.87885284423828	559.2891845703125
0.35644280910491943	"woman"	388.1594543457031	518.7984619140625	403.3412170410156	552.9664306640625
0.2861626446247101	"woman"	258.239501953125	503.7471923828125	277.6090087890625	558.6468505859375
0.3064981698989868	"woman"	241.1388702392578	506.6056213378906	258.7991638183594	558.7904052734375
0.2539614737033844	"woman"	150.9706268310547	515.8453369140625	166.9373016357422	556.408447265625
0.2654440104961395	"woman"	76.71485900878906	517.109619140625	94.36027526855469	558.2181396484375
0.2525787949562073	"woman"	0.08748054504394531	525.1229248046875	10.898694038391113	554.7928466796875
0.258537232875824	"woman"	315.1966247558594	513.5983276367188	331.4925842285156	555.3743286132812
