"score"	"label"	"x0"	"y0"	"x1"	"y1"
0.4824366867542267	"man"	202.86056518554688	204.53944396972656	212.70712280273438	218.8148956298828
