"score"	"label"	"x0"	"y0"	"x1"	"y1"
0.2852829396724701	"a ;"	112.19209289550781	249.99778747558594	261.2869873046875	599.062744140625
0.2586362361907959	"a"	304.17205810546875	275.43377685546875	485.647705078125	599.2645263671875
