"score"	"label"	"x0"	"y0"	"x1"	"y1"
0.259290486574173	"woman"	315.94384765625	42.79322814941406	487.7119140625	382.0330200195313
