"score"	"label"	"x0"	"y0"	"x1"	"y1"
0.2960803210735321	"man"	334.81878662109375	279.3250427246094	347.15264892578125	300.3525085449219
0.2659120261669159	"woman"	336.1758728027344	279.7324523925781	346.7322082519531	299.7765197753906
