"score"	"label"	"x0"	"y0"	"x1"	"y1"
0.28855884075164795	"w"	1.9758148193359375	33.06831359863281	372.2659912109375	543.2166137695312
0.2571012079715729	"w"	1.997955322265625	33.28572082519531	372.1908264160156	543.2449340820312
