"score"	"label"	"x0"	"y0"	"x1"	"y1"
0.36273977160453796	"woman"	388.3359069824219	193.00241088867188	411.5575256347656	248.14129638671875
0.3449736535549164	"man"	388.4045715332031	193.00726318359375	411.5372619628906	247.97872924804688
0.2630492150783539	"man"	456.7314453125	191.84591674804688	481.184814453125	247.96725463867188
