"score"	"label"	"x0"	"y0"	"x1"	"y1"
0.9407918453216553	"woman"	66.89249420166016	141.21693420410156	247.86294555664062	528.9044189453125
