"score"	"label"	"x0"	"y0"	"x1"	"y1"
0.3340787887573242	"m ; a ; n"	0.0281982421875	0.2939605712890625	600.0201416015625	375.3057861328125
