"score"	"label"	"x0"	"y0"	"x1"	"y1"
0.32860633730888367	"woman"	18.808807373046875	116.49969482421875	543.9295654296875	404.82373046875
