"score"	"label"	"x0"	"y0"	"x1"	"y1"
0.3444923460483551	"m ; a ; n"	108.11056518554688	89.54365539550781	391.7615051269531	593.0695190429688
