score	label	x0	y0	x1	y1
0.4256497919559479	man	505.6461486816406	138.03564453125	547.7930908203125	265.43878173828125
0.3197256624698639	woman	191.3118896484375	144.81924438476562	229.77130126953125	255.84567260742188
0.3100789785385132	woman	245.41067504882812	146.67625427246094	284.4861145019531	247.1887359619141
0.2763184010982513	man	396.9724731445313	137.8526611328125	432.8522338867187	259.9916687011719
0.2509008646011352	man	550.6705322265625	152.21986389160156	592.0447998046875	256.7444763183594
0.2500576078891754	woman	336.83819580078125	146.8003387451172	382.5646362304687	271.04754638671875
