"score"	"label"	"x0"	"y0"	"x1"	"y1"
0.43227821588516235	"man"	265.1861267089844	267.8343505859375	278.6656799316406	301.04632568359375
0.35023051500320435	"woman"	265.8125915527344	268.1928405761719	278.4284973144531	300.9031066894531
0.27460014820098877	"man"	261.01904296875	264.6214294433594	283.32354736328125	303.1908264160156
