score	label	x0	y0	x1	y1
0.5109968185424805	man	149.03790283203125	158.25100708007812	169.55889892578125	199.412109375
