"score"	"label"	"x0"	"y0"	"x1"	"y1"
0.4566755294799804	"man"	7.93609619140625	67.81991577148438	378.6974182128906	595.4365234375
