"score"	"label"	"x0"	"y0"	"x1"	"y1"
0.3077561855316162	"man"	0.07079553604125977	64.46775817871094	10.928213119506836	373.78704833984375
