"score"	"label"	"x0"	"y0"	"x1"	"y1"
0.4060435891151428	"man"	150.14736938476562	247.88180541992188	237.63693237304688	444.6264953613281
0.4896809160709381	"man"	120.32560729980469	196.99342346191406	160.62562561035156	235.87303161621094
0.2809354066848755	"man"	336.929931640625	286.8017272949219	483.484130859375	445.4813537597656
0.2855900228023529	"man"	36.15827560424805	247.87698364257812	106.52694702148438	347.1190490722656
0.2602810561656952	"man"	196.96221923828125	243.7180938720703	233.63189697265625	300.798828125
