score	label	x0	y0	x1	y1
0.4336863756179809	man	463.2838134765625	325.14202880859375	500.640380859375	377.8914794921875
0.2828690409660339	man	434.2384948730469	323.8099060058594	501.1432800292969	378.2864074707031
