"score"	"label"	"x0"	"y0"	"x1"	"y1"
0.8150425553321838	"woman"	20.27446746826172	15.460113525390625	190.24737548828125	593.4324951171875
