score	label	x0	y0	x1	y1
0.3004032373428345	man	138.8040008544922	8.684738159179688	557.326904296875	452.34381103515625
