"score"	"label"	"x0"	"y0"	"x1"	"y1"
0.31928661465644836	"man"	303.233642578125	126.90406036376953	562.9107055664062	382.38885498046875
0.27569717168807983	"woman"	303.20196533203125	127.32808685302734	562.6114501953125	382.150390625
0.2824559211730957	"man"	9.738250732421875	127.22810363769531	256.8289794921875	383.3326416015625
