"score"	"label"	"x0"	"y0"	"x1"	"y1"
0.3571408987045288	"woman"	99.84664154052734	262.47955322265625	123.65581512451172	295.125732421875
0.2570611834526062	"man"	100.9302978515625	263.3215637207031	119.90484619140625	294.7332458496094
