score	label	x0	y0	x1	y1
0.4601679146289825	woman	405.5119323730469	244.8573303222656	431.5721130371094	273.1279602050781
0.3122476935386657	man	448.7828979492187	226.17787170410156	469.2030029296875	271.049560546875
0.2752292454242706	woman	401.5886535644531	241.14974975585935	436.3374938964844	279.2636413574219
