"score"	"label"	"x0"	"y0"	"x1"	"y1"
0.49086493253707886	"woman"	1.65618896484375	34.103485107421875	371.8546447753906	542.3673095703125
0.44658470153808594	"man"	1.4124755859375	34.393890380859375	372.0572814941406	542.7880859375
