"score"	"label"	"x0"	"y0"	"x1"	"y1"
0.6454089283943176	"woman"	0.240814208984375	70.88209533691406	333.9888000488281	548.6807250976562
