"score"	"label"	"x0"	"y0"	"x1"	"y1"
0.4699260294437408	"man"	140.804931640625	66.40159606933594	181.61453247070312	161.58872985839844
0.280000776052475	"woman"	58.57960510253906	75.56710815429688	100.86024475097656	116.91302490234376
0.2715205550193786	"woman"	58.3474235534668	76.1585693359375	79.1139907836914	117.14122009277344
