"score"	"label"	"x0"	"y0"	"x1"	"y1"
0.8305637240409851	"man"	25.173118591308594	6.503875732421875	271.6790466308594	537.5250244140625
