"score"	"label"	"x0"	"y0"	"x1"	"y1"
0.5195827484130859	"man"	145.79147338867188	26.710708618164062	370.9377746582031	455.41290283203125
0.2956329584121704	"woman"	146.72850036621094	27.694366455078125	369.811279296875	454.1316223144531
