"score"	"label"	"x0"	"y0"	"x1"	"y1"
0.33639225363731384	"man"	372.6826477050781	116.55445098876953	387.2785339355469	132.162841796875
0.42952772974967957	"man"	371.2452697753906	116.34730529785156	387.6849670410156	139.81910705566406
