"score"	"label"	"x0"	"y0"	"x1"	"y1"
0.4578063786029815	"man"	340.1806945800781	371.9090576171875	444.4176940917969	527.5337524414062
0.4267382621765136	"woman"	278.904296875	392.6366882324219	352.25860595703125	484.4283752441406
