"score"	"label"	"x0"	"y0"	"x1"	"y1"
0.601932168006897	"man"	10.84649658203125	54.48570251464844	595.4639282226562	402.87750244140625
