"score"	"label"	"x0"	"y0"	"x1"	"y1"
0.32754382491111755	"man"	2.57080078125	2.095672607421875	596.0970458984375	399.67529296875
0.28082820773124695	"man"	552.95556640625	0.4443473815917969	598.8408203125	111.085693359375
0.28792884945869446	"man"	0.784637451171875	0.46593475341796875	98.70404815673828	125.09269714355469
