"score"	"label"	"x0"	"y0"	"x1"	"y1"
0.2893470823764801	"woman"	206.98358154296875	415.9273681640625	217.8838806152344	433.0079956054687
0.2551113963127136	"man"	322.17138671875	532.855712890625	340.7471923828125	576.1591796875
