"score"	"label"	"x0"	"y0"	"x1"	"y1"
0.36567679047584534	"woman"	43.68150329589844	52.88494873046875	549.061767578125	551.2841186523438
