"score"	"label"	"x0"	"y0"	"x1"	"y1"
0.8676095008850098	"man"	0.0146026611328125	0.0411376953125	386.99017333984375	550.0409545898438
