score	label	x0	y0	x1	y1
0.4569916427135467	man	288.9922180175781	119.7913055419922	384.2133483886719	379.7013549804687
0.2690441906452179	woman	434.6705932617187	137.383544921875	511.7686767578125	397.2996826171875
0.2569999396800995	woman	84.03858947753906	157.35533142089844	164.21844482421875	405.48529052734375
