"score"	"label"	"x0"	"y0"	"x1"	"y1"
0.39948293566703796	"man"	181.50714111328125	237.0503387451172	217.026123046875	292.83050537109375
0.28352677822113037	"woman"	182.94815063476562	238.1840057373047	215.22628784179688	286.09124755859375
