score	label	x0	y0	x1	y1
0.3646841943264007	man	201.04330444335935	209.3550567626953	217.4842834472656	250.00257873535156
0.2801703214645386	woman	4.318775177001953	219.5736846923828	22.961191177368164	262.8522033691406
