"score"	"label"	"x0"	"y0"	"x1"	"y1"
0.4773828089237213	"woman"	203.0574188232422	103.35113525390625	319.9731140136719	465.86712646484375
0.38355278968811035	"woman"	6.070926666259766	6.7443389892578125	77.27182006835938	354.754150390625
