"score"	"label"	"x0"	"y0"	"x1"	"y1"
0.26329463720321655	"a"	100.64179992675781	81.30802917480469	498.1656494140625	323.51287841796875
