"score"	"label"	"x0"	"y0"	"x1"	"y1"
0.4877908825874328	"man"	53.907989501953125	93.47959899902344	403.03472900390625	596.7254638671875
