"score"	"label"	"x0"	"y0"	"x1"	"y1"
0.27035290002822876	"man"	555.9281616210938	205.57186889648438	564.5004272460938	234.352783203125
