"score"	"label"	"x0"	"y0"	"x1"	"y1"
0.4978524148464203	"woman"	213.6922912597656	139.86514282226562	400.1025085449219	378.8997497558594
