"score"	"label"	"x0"	"y0"	"x1"	"y1"
0.5201013088226318	"man"	53.967620849609375	53.48139953613281	582.3529052734375	389.6221923828125
