"score"	"label"	"x0"	"y0"	"x1"	"y1"
0.2581326961517334	"man"	543.8295288085938	126.42959594726562	594.7025756835938	254.39730834960938
