"score"	"label"	"x0"	"y0"	"x1"	"y1"
0.2707244455814361	"woman"	20.77003288269043	304.8132629394531	32.10401153564453	324.8062438964844
