"score"	"label"	"x0"	"y0"	"x1"	"y1"
0.35630738735198975	"man"	429.0579833984375	263.5305480957031	437.490234375	287.1237487792969
0.3326947093009949	"man"	476.7444152832031	262.5889587402344	484.3298645019531	287.0154724121094
