"score"	"label"	"x0"	"y0"	"x1"	"y1"
0.5160256624221802	"woman"	154.5378875732422	173.84405517578125	197.0466766357422	233.63702392578125
0.3404739201068878	"woman"	65.1468734741211	320.03814697265625	79.78365325927734	340.3975830078125
0.30043572187423706	"woman"	337.2416687011719	161.2112274169922	412.5656433105469	253.67185974121094
