"score"	"label"	"x0"	"y0"	"x1"	"y1"
0.3407180607318878	"m ; a ; n"	67.44573974609375	0.896270751953125	461.35821533203125	273.7610168457031
