"score"	"label"	"x0"	"y0"	"x1"	"y1"
0.2684886157512665	"m a"	42.33924865722656	56.83235168457031	240.9830780029297	338.88238525390625
