score	label	x0	y0	x1	y1
0.4619534015655517	woman	256.6466979980469	122.82576751708984	493.9179382324219	295.8832702636719
