"score"	"label"	"x0"	"y0"	"x1"	"y1"
0.2663145959377289	"w"	55.89361572265625	203.72854614257812	357.0444641113281	567.2021484375
