score	label	x0	y0	x1	y1
0.5422707200050354	man	213.4283905029297	62.8411865234375	330.89453125	339.42523193359375
0.4222264289855957	woman	184.16452026367188	108.47564697265624	230.98773193359375	299.0223388671875
