"score"	"label"	"x0"	"y0"	"x1"	"y1"
0.44447967410087585	"woman"	279.4697570800781	292.9058837890625	424.6507263183594	473.15753173828125
0.3768988251686096	"woman"	196.55438232421875	304.2804870605469	318.4359130859375	404.2845153808594
0.32314178347587585	"woman"	112.17486572265625	199.02691650390625	188.28897094726562	402.04241943359375
