"score"	"label"	"x0"	"y0"	"x1"	"y1"
0.4180622398853302	"woman"	445.80511474609375	317.5096130371094	460.8114013671875	362.4639587402344
0.33491554856300354	"man"	396.16522216796875	318.1596374511719	421.60943603515625	348.9999084472656
