"score"	"label"	"x0"	"y0"	"x1"	"y1"
0.6114630699157715	"man"	4.4014739990234375	54.08583068847656	385.46356201171875	549.1657104492188
0.27731388807296753	"woman"	4.1979217529296875	54.63018798828125	385.6767578125	549.8545532226562
