score	label	x0	y0	x1	y1
0.2910288870334625	man	422.3380737304687	189.2490234375	436.4244995117187	221.70828247070312
