"score"	"label"	"x0"	"y0"	"x1"	"y1"
0.30830591917037964	"m ; a ; n"	94.17070007324219	161.27938842773438	264.58074951171875	549.411865234375
0.2633494734764099	"m"	137.12998962402344	280.03924560546875	171.2251739501953	319.31036376953125
