"score"	"label"	"x0"	"y0"	"x1"	"y1"
0.6457087993621826	"woman"	279.9742126464844	317.4908752441406	322.5766296386719	425.0624694824219
