"score"	"label"	"x0"	"y0"	"x1"	"y1"
0.5006740689277649	"woman"	14.46795654296875	48.188751220703125	471.2551574707031	598.779296875
0.37590640783309937	"man"	14.755813598632812	49.009490966796875	471.4376220703125	599.3642578125
