"score"	"label"	"x0"	"y0"	"x1"	"y1"
0.7114022970199585	"woman"	102.5263671875	86.89530944824219	216.61770629882812	388.01324462890625
