"score"	"label"	"x0"	"y0"	"x1"	"y1"
0.43141883611679077	"man"	11.550643920898438	111.0003662109375	420.57513427734375	596.642822265625
0.417025089263916	"woman"	11.53143310546875	111.47930908203125	420.78533935546875	597.0635375976562
