"score"	"label"	"x0"	"y0"	"x1"	"y1"
0.6085119247436523	"man"	59.72203063964844	26.37060546875	466.648681640625	549.6299438476562
0.2714223563671112	"woman"	60.41676330566406	26.82537841796875	466.89056396484375	550.3831787109375
