"score"	"label"	"x0"	"y0"	"x1"	"y1"
0.47388404607772827	"man"	493.5602111816406	105.07437896728516	543.2801513671875	225.38729858398438
0.31772637367248535	"woman"	413.39501953125	104.07664489746094	544.963134765625	225.3176727294922
0.3394138514995575	"woman"	493.3304443359375	104.87054443359375	543.1981201171875	224.86474609375
