"score"	"label"	"x0"	"y0"	"x1"	"y1"
0.3531393706798553	"man"	253.13836669921875	105.8577880859375	279.20318603515625	178.11651611328125
