"score"	"label"	"x0"	"y0"	"x1"	"y1"
0.3573071360588074	"woman"	338.28839111328125	21.01959991455078	359.67987060546875	81.96221923828125
0.345983624458313	"woman"	285.95849609375	28.886173248291016	302.91729736328125	81.47604370117188
0.31883352994918823	"woman"	223.1556854248047	31.35879898071289	240.8976287841797	101.21345520019531
0.32596075534820557	"woman"	305.9266357421875	24.394981384277344	322.90203857421875	79.30302429199219
0.30973657965660095	"woman"	476.4472351074219	13.546134948730469	494.6519470214844	73.45441436767578
0.25013795495033264	"woman"	407.2972717285156	23.1741886138916	429.1340637207031	65.30154418945312
0.26290151476860046	"woman"	444.87994384765625	22.537765502929688	464.7926025390625	65.58175659179688
0.28691571950912476	"woman"	224.48684692382812	54.205142974853516	240.48687744140625	101.18486022949219
0.253164142370224	"woman"	67.33182525634766	162.66148376464844	125.9619369506836	238.57569885253906
