"score"	"label"	"x0"	"y0"	"x1"	"y1"
0.3105921745300293	"man"	2.4230804443359375	0.538116455078125	448.170654296875	590.618896484375
