"score"	"label"	"x0"	"y0"	"x1"	"y1"
0.5899223685264587	"woman"	323.88604736328125	225.11019897460935	421.1588134765625	428.4364929199219
