"score"	"label"	"x0"	"y0"	"x1"	"y1"
0.4219805896282196	"man"	102.84423065185548	256.23931884765625	114.52019500732422	278.24609375
0.2520164847373962	"man"	98.9704360961914	253.0975799560547	118.24112701416016	281.1141357421875
