score	label	x0	y0	x1	y1
0.3389542400836944	man	128.8529052734375	92.6086654663086	527.0260009765625	314.5926513671875
