"score"	"label"	"x0"	"y0"	"x1"	"y1"
0.26061636209487915	"w"	8.071807861328125	85.472412109375	417.4355163574219	598.5042724609375
