"score"	"label"	"x0"	"y0"	"x1"	"y1"
0.8000920414924622	"man"	7.27581787109375	68.90805053710938	378.1324768066406	595.9488525390625
