"score"	"label"	"x0"	"y0"	"x1"	"y1"
0.26044008135795593	"a"	389.2987060546875	134.72128295898438	549.817626953125	358.28076171875
