"score"	"label"	"x0"	"y0"	"x1"	"y1"
0.3254668414592743	"m"	277.0533752441406	23.78557586669922	548.4398193359375	239.566162109375
0.25222525000572205	"a"	277.2682189941406	23.851722717285156	547.78857421875	239.29876708984375
