"score"	"label"	"x0"	"y0"	"x1"	"y1"
0.38330259919166565	"woman"	153.431884765625	92.5765380859375	243.31634521484375	412.1905822753906
0.36343449354171753	"man"	43.76847457885742	69.84420776367188	119.05885314941406	426.6839294433594
0.3229462206363678	"man"	42.973907470703125	68.18722534179688	150.4854736328125	425.27874755859375
