"score"	"label"	"x0"	"y0"	"x1"	"y1"
0.31286120414733887	"man"	82.16036987304688	206.1566162109375	92.26145935058594	229.24832153320312
