"score"	"label"	"x0"	"y0"	"x1"	"y1"
0.556114137172699	"woman"	199.14527893066406	249.48626708984375	232.54893493652344	324.5263671875
0.30099761486053467	"woman"	383.70611572265625	302.958251953125	420.2747802734375	450.06256103515625
0.2613074481487274	"woman"	347.5207214355469	305.3385314941406	380.5702209472656	393.0752868652344
