"score"	"label"	"x0"	"y0"	"x1"	"y1"
0.4949937164783478	"woman"	106.26432800292969	49.4642333984375	595.509765625	597.9037475585938
0.3269979655742645	"man"	109.31684875488281	50.182220458984375	595.8773803710938	598.7091064453125
