"score"	"label"	"x0"	"y0"	"x1"	"y1"
0.3897002041339874	"woman"	439.80926513671875	114.03059387207031	542.1068725585938	256.76458740234375
0.39052361249923706	"woman"	502.4158935546875	114.40054321289062	540.6448974609375	180.07827758789062
