"score"	"label"	"x0"	"y0"	"x1"	"y1"
0.3518399894237518	"woman"	143.73587036132812	206.1335296630859	354.9161376953125	552.640869140625
