"score"	"label"	"x0"	"y0"	"x1"	"y1"
0.37704819440841675	"man"	142.7737274169922	248.58131408691406	160.1232147216797	272.6083679199219
0.2807236313819885	"woman"	129.89492797851562	248.07518005371094	144.2933349609375	273.2325134277344
0.2883527874946594	"man"	32.09819412231445	245.1427001953125	47.11652755737305	272.98748779296875
