"score"	"label"	"x0"	"y0"	"x1"	"y1"
0.2882923185825348	"man"	192.7829742431641	119.8797607421875	234.5954437255859	152.991455078125
