"score"	"label"	"x0"	"y0"	"x1"	"y1"
0.42876285314559937	"man"	204.2313232421875	201.91534423828125	311.2115478515625	365.8486328125
0.2737756669521332	"man"	324.2586669921875	192.69326782226562	416.888916015625	335.5256652832031
0.2850651144981384	"man"	204.08285522460938	200.37794494628906	420.9734191894531	366.4566650390625
