"score"	"label"	"x0"	"y0"	"x1"	"y1"
0.8041754961013794	"man"	132.8146514892578	230.96365356445312	393.4425048828125	560.439208984375
