"score"	"label"	"x0"	"y0"	"x1"	"y1"
0.2741137742996216	"a"	324.5634765625	88.31517028808594	598.93359375	415.59857177734375
