"score"	"label"	"x0"	"y0"	"x1"	"y1"
0.2633082866668701	"woman"	29.318313598632812	0.2151031494140625	120.04071044921875	67.44921875
0.26811307668685913	"woman"	56.198699951171875	95.91101837158203	572.816162109375	329.1761779785156
