"score"	"label"	"x0"	"y0"	"x1"	"y1"
0.5059529542922974	"woman"	49.48969268798828	198.71511840820312	193.27874755859375	410.8795471191406
0.2986747920513153	"man"	364.70220947265625	39.838775634765625	513.5504150390625	276.44781494140625
0.32030126452445984	"man"	217.4307098388672	59.05451965332031	369.04119873046875	307.9351806640625
0.321496844291687	"man"	53.168243408203125	29.225784301757812	221.734375	292.62103271484375
0.33189624547958374	"woman"	176.80198669433594	187.33883666992188	275.466064453125	410.7395324707031
0.2545935809612274	"man"	216.93023681640625	58.27137756347656	369.4813232421875	358.10809326171875
