"score"	"label"	"x0"	"y0"	"x1"	"y1"
0.32191261649131775	"m ; a ;"	102.91777038574219	122.36293029785156	533.849853515625	387.38824462890625
