"score"	"label"	"x0"	"y0"	"x1"	"y1"
0.384967178106308	"woman"	501.3069763183594	286.8263244628906	506.1280822753906	300.5096130371094
0.2625957429409027	"woman"	487.9057312011719	270.7967224121094	492.7868957519531	282.3944396972656
