"score"	"label"	"x0"	"y0"	"x1"	"y1"
0.2602802515029907	"man"	4.17840576171875	22.764999389648438	597.6505737304688	360.50250244140625
