"score"	"label"	"x0"	"y0"	"x1"	"y1"
0.2770233154296875	"a"	0.20326995849609375	42.81378936767578	81.625732421875	179.58203125
