"score"	"label"	"x0"	"y0"	"x1"	"y1"
0.3521987497806549	"man"	119.94145202636719	245.48020935058594	135.85723876953125	306.93194580078125
0.26988711953163147	"man"	121.15499877929688	268.76971435546875	136.39236450195312	306.77410888671875
