"score"	"label"	"x0"	"y0"	"x1"	"y1"
0.3661659359931946	"woman"	115.93582916259766	132.05908203125	135.07928466796875	178.40090942382812
0.3076303005218506	"man"	56.34758377075195	175.9517059326172	76.17534637451172	205.67921447753903
