"score"	"label"	"x0"	"y0"	"x1"	"y1"
0.4825955033302307	"woman"	446.7460021972656	318.4913024902344	459.6482238769531	361.8044128417969
0.31162646412849426	"woman"	380.748291015625	316.3223876953125	395.73968505859375	348.3157958984375
0.2575647234916687	"woman"	396.8966064453125	319.1935119628906	420.36724853515625	348.6808166503906
