"score"	"label"	"x0"	"y0"	"x1"	"y1"
0.3106796443462372	"m"	52.294677734375	138.30401611328125	598.4479370117188	405.64959716796875
0.25926506519317627	"a"	47.669647216796875	138.25833129882812	598.672119140625	405.7659606933594
