"score"	"label"	"x0"	"y0"	"x1"	"y1"
0.4026171863079071	"woman"	363.2665100097656	106.62861633300781	390.7148742675781	191.1492156982422
0.3896331191062927	"woman"	563.1865844726562	109.20870208740234	593.5767211914062	199.94134521484375
0.39874017238616943	"woman"	525.1715698242188	110.60680389404297	569.0158081054688	202.27749633789062
0.29509684443473816	"woman"	517.3502197265625	112.30364227294922	550.736572265625	198.20797729492188
