"score"	"label"	"x0"	"y0"	"x1"	"y1"
0.38946473598480225	"woman"	175.37551879882812	269.16143798828125	340.0010681152344	544.4244384765625
0.3130325675010681	"woman"	60.96483612060547	264.436767578125	231.77728271484375	515.9658813476562
0.27135583758354187	"man"	62.73883056640625	264.86798095703125	231.33322143554688	516.599609375
0.2568087577819824	"man"	175.82505798339844	269.8699951171875	338.81854248046875	544.1456298828125
