"score"	"label"	"x0"	"y0"	"x1"	"y1"
0.4249087572097778	"woman"	167.67868041992188	0.8754653930664062	337.8843994140625	240.76007080078125
