"score"	"label"	"x0"	"y0"	"x1"	"y1"
0.4693339169025421	"man"	214.19992065429688	45.407073974609375	449.2181091308594	597.8465576171875
0.315918505191803	"man"	214.71978759765625	45.21156311035156	449.11187744140625	491.3065185546875
