"score"	"label"	"x0"	"y0"	"x1"	"y1"
0.8058372139930725	"man"	504.0802001953125	284.02532958984375	519.1495361328125	323.4508056640625
