"score"	"label"	"x0"	"y0"	"x1"	"y1"
0.3621811270713806	"woman"	107.06962585449219	143.96697998046875	178.67994689941406	268.77587890625
0.4805278182029724	"woman"	336.6145324707031	227.70285034179688	455.6492614746094	337.5241394042969
0.29682597517967224	"woman"	245.1909637451172	168.04360961914062	321.4339599609375	312.3458251953125
0.29846441745758057	"woman"	442.7388916015625	80.08204650878906	536.5269165039062	273.64215087890625
0.29161325097084045	"woman"	0.0858154296875	196.48765563964844	99.40283966064453	362.8009033203125
0.2971506714820862	"woman"	79.55540466308594	150.51296997070312	114.87284851074219	249.38580322265625
