"score"	"label"	"x0"	"y0"	"x1"	"y1"
0.2512436211109161	"man"	211.5001983642578	275.6521911621094	235.1456756591797	311.8566589355469
