"score"	"label"	"x0"	"y0"	"x1"	"y1"
0.6135101318359375	"man"	468.9692687988281	241.3606414794922	499.1054382324219	296.97137451171875
