"score"	"label"	"x0"	"y0"	"x1"	"y1"
0.3108709752559662	"man"	139.0322723388672	0.08824539184570312	210.5850067138672	91.94967651367188
0.2652682960033417	"man"	0.1595458984375	0.064483642578125	600.0206909179688	315.4455261230469
