"score"	"label"	"x0"	"y0"	"x1"	"y1"
0.494842529296875	"woman"	1.6902008056640625	66.22482299804688	405.668701171875	598.5869140625
0.42574548721313477	"man"	1.4116363525390625	66.95919799804688	405.75701904296875	599.130859375
