"score"	"label"	"x0"	"y0"	"x1"	"y1"
0.3204546868801117	"m"	4.88507080078125	66.27943420410156	595.7001953125	345.031982421875
0.25992947816848755	"a"	4.992156982421875	67.40583801269531	595.645263671875	344.70587158203125
