"score"	"label"	"x0"	"y0"	"x1"	"y1"
0.2713302969932556	"woman"	380.2942810058594	349.1853332519531	385.2845153808594	361.0533752441406
