"score"	"label"	"x0"	"y0"	"x1"	"y1"
0.47854873538017273	"woman"	0.4784393310546875	165.85830688476562	205.81414794921875	413.7833557128906
0.35097166895866394	"man"	210.55894470214844	173.94778442382812	442.46435546875	413.6755676269531
0.27199748158454895	"man"	88.1125259399414	39.13006591796875	257.34112548828125	405.740966796875
