"score"	"label"	"x0"	"y0"	"x1"	"y1"
0.2798299491405487	"man"	324.3725280761719	143.1676483154297	356.7570495605469	197.54454040527344
0.31546100974082947	"man"	18.8909912109375	113.60565185546875	546.4686889648438	404.1519775390625
