"score"	"label"	"x0"	"y0"	"x1"	"y1"
0.29354748129844666	"m"	29.837188720703125	111.17811584472656	590.62548828125	413.37347412109375
