score	label	x0	y0	x1	y1
0.2911024391651153	man	429.0837097167969	230.4727325439453	446.2499084472656	260.76995849609375
