"score"	"label"	"x0"	"y0"	"x1"	"y1"
0.8903393149375916	"man"	279.0443420410156	219.64779663085938	298.9400939941406	269.3170471191406
