"score"	"label"	"x0"	"y0"	"x1"	"y1"
0.3776933550834656	"man"	27.158157348632812	56.768951416015625	375.36480712890625	589.1993408203125
0.381576806306839	"woman"	28.087875366210938	57.609649658203125	373.891357421875	589.48583984375
