"score"	"label"	"x0"	"y0"	"x1"	"y1"
0.29282650351524353	"man"	473.17462158203125	229.99810791015625	516.17333984375	372.37371826171875
