"score"	"label"	"x0"	"y0"	"x1"	"y1"
0.36399492621421814	"m"	0.5229034423828125	172.7258758544922	370.53704833984375	510.9393310546875
0.2734900712966919	"a"	0.2831573486328125	172.9791259765625	370.7587890625	510.88336181640625
