score	label	x0	y0	x1	y1
0.4316239058971405	woman	41.62906646728515	35.38177490234375	91.9202651977539	182.6446990966797
