"score"	"label"	"x0"	"y0"	"x1"	"y1"
0.5491762161254883	"man"	392.34814453125	273.3323974609375	415.4754638671875	327.6630859375
0.3707214593887329	"man"	415.32452392578125	272.6332092285156	437.480712890625	327.8966979980469
