"score"	"label"	"x0"	"y0"	"x1"	"y1"
0.3707059323787689	"woman"	248.88473510742188	282.89990234375	357.1827697753906	596.1566162109375
0.32399675250053406	"woman"	73.18263244628906	247.32110595703125	187.62477111816406	433.2640380859375
0.3326417803764343	"woman"	249.2455596923828	282.577880859375	389.02325439453125	595.933349609375
0.28361788392066956	"woman"	311.95989990234375	284.90594482421875	391.145751953125	593.211181640625
0.2926713526248932	"woman"	328.47283935546875	273.09014892578125	464.655029296875	595.2954711914062
