score	label	x0	y0	x1	y1
0.2507451474666595	woman	252.43814086914065	53.00799560546875	504.3960266113281	210.24099731445312
