"score"	"label"	"x0"	"y0"	"x1"	"y1"
0.6414875984191895	"man"	300.64324951171875	193.82571411132812	342.4893798828125	302.36322021484375
