score	label	x0	y0	x1	y1
0.5548848509788513	man	96.4003448486328	63.10081481933594	284.20684814453125	409.2550659179687
