"score"	"label"	"x0"	"y0"	"x1"	"y1"
0.28158631920814514	"a ;"	1.01385498046875	1.8054656982421875	597.6239624023438	410.13427734375
