"score"	"label"	"x0"	"y0"	"x1"	"y1"
0.2776235044002533	"a"	252.98654174804688	53.89929962158203	504.6683654785156	209.41143798828125
