score	label	x0	y0	x1	y1
0.5656695365905762	man	97.64291381835938	184.54266357421875	309.4609680175781	532.4547119140625
