"score"	"label"	"x0"	"y0"	"x1"	"y1"
0.35452279448509216	"m ; a ; n"	1.4308624267578125	77.08937072753906	382.582763671875	548.2464599609375
