score	label	x0	y0	x1	y1
0.280182808637619	woman	0.0409622192382812	163.5580291748047	77.65038299560547	293.53424072265625
