"score"	"label"	"x0"	"y0"	"x1"	"y1"
0.39662835001945496	"woman"	320.10064697265625	188.55026245117188	344.84552001953125	241.57504272460938
0.3139191269874573	"man"	321.3628845214844	189.21847534179688	343.9446716308594	241.01132202148438
0.2677198052406311	"woman"	314.76397705078125	184.26248168945312	352.59423828125	245.9017333984375
