"score"	"label"	"x0"	"y0"	"x1"	"y1"
0.7378017902374268	"woman"	54.441619873046875	54.70320129394531	581.869140625	390.5357666015625
