"score"	"label"	"x0"	"y0"	"x1"	"y1"
0.2528403699398041	"man"	577.0228271484375	224.6088104248047	583.5712890625	237.3340301513672
0.2640249729156494	"woman"	576.8843994140625	224.35568237304688	583.80419921875	238.01913452148438
