"score"	"label"	"x0"	"y0"	"x1"	"y1"
0.29394322633743286	"woman"	0.048992156982421875	99.6602783203125	16.096099853515625	366.402099609375
0.26904579997062683	"woman"	0.04436969757080078	4.1472015380859375	17.021697998046875	366.1566162109375
