"score"	"label"	"x0"	"y0"	"x1"	"y1"
0.4233631491661072	"woman"	328.09185791015625	239.4778289794922	344.81982421875	280.0570373535156
0.2893637716770172	"woman"	324.40960693359375	236.49905395507812	348.99005126953125	282.2565002441406
0.3426468074321747	"man"	328.704345703125	239.92971801757812	344.431640625	279.7928771972656
