"score"	"label"	"x0"	"y0"	"x1"	"y1"
0.31687086820602417	"w"	84.59530639648438	96.27143859863281	579.771728515625	599.4981079101562
0.3004719018936157	"w o"	84.52145385742188	96.39427185058594	579.8685302734375	599.8866577148438
0.26066794991493225	"w"	84.45204162597656	96.51603698730469	579.7418823242188	599.6239013671875
