score	label	x0	y0	x1	y1
0.4921749830245971	woman	143.00653076171875	158.6895294189453	241.94503784179688	444.859375
0.3576903641223907	man	262.8521728515625	150.60008239746094	450.4168090820313	440.131591796875
0.3462867438793182	man	343.35797119140625	160.23507690429688	449.89251708984375	440.5280456542969
0.3026507496833801	man	262.98809814453125	150.96441650390625	356.6419677734375	421.75048828125
