"score"	"label"	"x0"	"y0"	"x1"	"y1"
0.3274852931499481	"w o"	136.58486938476562	202.69439697265625	231.43017578125	485.73284912109375
0.26629501581192017	"w"	136.5186767578125	202.77777099609375	231.38003540039062	485.872314453125
