score	label	x0	y0	x1	y1
0.4842472970485687	woman	118.30128479003906	198.02874755859375	193.5896148681641	440.6740112304687
0.3991605341434479	man	205.58914184570312	223.90365600585935	272.53643798828125	377.2525329589844
