"score"	"label"	"x0"	"y0"	"x1"	"y1"
0.30108362436294556	"; a ; n"	7.44061279296875	6.869415283203125	425.79571533203125	597.8739013671875
0.2821151316165924	"a"	10.729263305664062	110.3037109375	421.40960693359375	595.6436767578125
