"score"	"label"	"x0"	"y0"	"x1"	"y1"
0.27882057428359985	"w o"	93.05729675292969	16.510299682617188	215.62269592285156	391.395263671875
