"score"	"label"	"x0"	"y0"	"x1"	"y1"
0.3834945559501648	"woman"	417.46197509765625	255.48992919921875	426.59820556640625	276.95465087890625
0.2872669994831085	"woman"	459.2562255859375	258.1639099121094	466.1175537109375	274.6509094238281
