"score"	"label"	"x0"	"y0"	"x1"	"y1"
0.33186566829681396	"woman"	56.07844543457031	329.632080078125	101.06462097167969	405.01898193359375
0.2650626599788666	"man"	56.53371810913086	330.072265625	100.58621215820312	404.76861572265625
