"score"	"label"	"x0"	"y0"	"x1"	"y1"
0.3518268167972564	"woman"	97.71784210205078	213.6617126464844	113.29145050048828	241.419677734375
0.2653473317623138	"woman"	381.84722900390625	175.90760803222656	399.8800659179687	200.5072479248047
