"score"	"label"	"x0"	"y0"	"x1"	"y1"
0.8282535076141357	"woman"	267.39373779296875	201.03787231445312	279.0042724609375	235.48953247070312
