"score"	"label"	"x0"	"y0"	"x1"	"y1"
0.3149788975715637	"w"	205.89076232910156	63.14241027832031	311.99151611328125	382.6800537109375
0.2807838022708893	"w"	205.88320922851562	63.134796142578125	312.0205993652344	382.6076354980469
