"score"	"label"	"x0"	"y0"	"x1"	"y1"
0.4838209748268127	"woman"	304.8234558105469	188.2388153076172	341.9769592285156	263.9603576660156
0.3857100009918213	"man"	213.3121795654297	181.9401092529297	243.6947784423828	237.92787170410156
0.2908375859260559	"woman"	365.6238708496094	179.4554901123047	390.1535339355469	241.37315368652344
