"score"	"label"	"x0"	"y0"	"x1"	"y1"
0.409502238035202	"woman"	412.4306640625	69.09608459472656	564.4381713867188	385.26068115234375
0.41468626260757446	"man"	245.7542724609375	33.57588195800781	361.3768310546875	384.7252197265625
0.3012537956237793	"woman"	325.3989562988281	67.90872192382812	566.2190551757812	384.8985900878906
