"score"	"label"	"x0"	"y0"	"x1"	"y1"
0.2599553167819977	"woman"	-0.012385368347167969	10.804168701171875	5.010582447052002	387.3852844238281
