"score"	"label"	"x0"	"y0"	"x1"	"y1"
0.8671466112136841	"man"	33.70464324951172	31.8336181640625	244.3612060546875	511.89691162109375
0.4561837613582611	"man"	161.10568237304688	159.3336639404297	343.5318908691406	533.3316650390625
