"score"	"label"	"x0"	"y0"	"x1"	"y1"
0.365677148103714	"man"	148.28829956054688	118.00802612304688	467.7235412597656	304.2982482910156
