"score"	"label"	"x0"	"y0"	"x1"	"y1"
0.2580002546310425	"a"	441.97119140625	113.14114379882812	526.1815795898438	296.9410705566406
0.26226046681404114	"a"	83.40802001953125	118.11221313476562	163.6884002685547	325.9320068359375
