score	label	x0	y0	x1	y1
0.4760416150093078	woman	3.125518798828125	21.816070556640625	571.0518798828125	597.5386962890625
