"score"	"label"	"x0"	"y0"	"x1"	"y1"
0.8137008547782898	"woman"	348.1533203125	110.71095275878906	459.63726806640625	403.2030029296875
0.26106300950050354	"woman"	225.69985961914062	95.39082336425781	370.6811828613281	403.36370849609375
