"score"	"label"	"x0"	"y0"	"x1"	"y1"
0.3991977870464325	"man"	62.86907196044922	291.9977722167969	119.14331817626953	475.1148376464844
0.4130055904388428	"man"	186.33323669433594	281.66180419921875	249.21376037597656	481.71185302734375
0.40594983100891113	"man"	251.2876434326172	286.9837951660156	322.4963684082031	479.9477233886719
0.35839545726776123	"man"	104.24395751953125	298.57598876953125	172.52340698242188	480.46112060546875
0.3148120939731598	"man"	156.8190155029297	286.23297119140625	206.22422790527344	449.51885986328125
0.2862260639667511	"man"	224.6437530517578	278.16229248046875	267.5476989746094	474.66741943359375
