score	label	x0	y0	x1	y1
0.2853550016880035	man	140.22677612304688	151.28189086914062	182.57345581054688	192.70602416992188
0.2599660754203796	man	56.9571533203125	97.30950164794922	572.4647216796875	328.8516540527344
