"score"	"label"	"x0"	"y0"	"x1"	"y1"
0.4345685839653015	"woman"	89.7493896484375	421.5264587402344	126.435546875	514.9644165039062
0.34404996037483215	"woman"	286.5918884277344	233.65325927734375	324.5074157714844	308.7972412109375
0.34838372468948364	"woman"	247.90945434570312	421.23321533203125	281.5463562011719	524.9058837890625
0.28896278142929077	"woman"	223.29397583007812	230.50502014160156	266.5166320800781	284.8048095703125
