"score"	"label"	"x0"	"y0"	"x1"	"y1"
0.3295272886753082	"m ; a ; n"	2.3597412109375	2.4922332763671875	592.3515014648438	340.75531005859375
