"score"	"label"	"x0"	"y0"	"x1"	"y1"
0.33759811520576477	"m ; a ; n"	50.98945617675781	106.50567626953125	382.135986328125	597.80029296875
