"score"	"label"	"x0"	"y0"	"x1"	"y1"
0.289152055978775	"man"	108.19711303710938	50.94050598144531	335.4233093261719	271.46417236328125
0.25806137919425964	"man"	103.26183319091797	359.0273742675781	326.976318359375	573.1678466796875
