"score"	"label"	"x0"	"y0"	"x1"	"y1"
0.2848508358001709	"man"	499.1134033203125	245.080810546875	503.9085693359375	252.15725708007812
0.26239481568336487	"man"	511.4325866699219	244.483154296875	515.9515991210938	250.93856811523438
0.25615131855010986	"man"	518.7343139648438	244.6505126953125	523.3252563476562	251.2547607421875
