"score"	"label"	"x0"	"y0"	"x1"	"y1"
0.3096626400947571	"m a"	530.2244262695312	0.005352973937988281	599.5110473632812	26.738727569580078
