"score"	"label"	"x0"	"y0"	"x1"	"y1"
0.7933669090270996	"man"	216.39794921875	55.30299377441406	340.09210205078125	559.6602172851562
