score	label	x0	y0	x1	y1
0.277264654636383	man	237.08950805664065	184.1759796142578	261.2827453613281	221.07118225097656
