"score"	"label"	"x0"	"y0"	"x1"	"y1"
0.25082433223724365	"w"	3.4529876708984375	128.2403564453125	164.74334716796875	589.9202270507812
