"score"	"label"	"x0"	"y0"	"x1"	"y1"
0.4239751994609833	"man"	505.52227783203125	243.6956024169922	525.0617065429688	279.7032775878906
