"score"	"label"	"x0"	"y0"	"x1"	"y1"
0.5285892486572266	"woman"	16.385345458984375	124.15385437011719	232.08262634277344	598.1891479492188
0.35352078080177307	"man"	17.247352600097656	125.05545043945312	231.0833740234375	598.61572265625
