"score"	"label"	"x0"	"y0"	"x1"	"y1"
0.8157513737678528	"woman"	0.55645751953125	100.95555114746094	520.4629516601562	599.2647705078125
