"score"	"label"	"x0"	"y0"	"x1"	"y1"
0.7830889821052551	"man"	160.14816284179688	125.47049713134766	294.8139343261719	373.39581298828125
