"score"	"label"	"x0"	"y0"	"x1"	"y1"
0.3495333790779114	"m ; a ; n"	83.18820190429688	120.04026794433594	349.18157958984375	598.303955078125
