"score"	"label"	"x0"	"y0"	"x1"	"y1"
0.5905649662017822	"woman"	330.0478515625	217.30859375	397.0904541015625	375.864501953125
0.562321662902832	"woman"	230.63323974609375	209.9560546875	279.1673278808594	361.489501953125
0.5995244383811951	"woman"	400.6539306640625	224.345703125	450.2015380859375	380.10662841796875
0.5349307656288147	"woman"	199.64239501953125	258.1251220703125	237.25997924804688	369.94268798828125
0.44551923871040344	"woman"	278.3038330078125	204.37210083007812	332.3009033203125	346.1501159667969
0.2925715446472168	"woman"	242.25746154785156	305.3934020996094	293.9135437011719	383.2230529785156
