score	label	x0	y0	x1	y1
0.5911399126052856	man	128.26576232910156	91.36285400390624	242.9684600830078	453.2012939453125
