score	label	x0	y0	x1	y1
0.5003786087036133	woman	59.59142303466797	279.00018310546875	88.4926528930664	355.1307373046875
