"score"	"label"	"x0"	"y0"	"x1"	"y1"
0.2851097285747528	"woman"	259.9006652832031	285.5816650390625	276.2693786621094	331.183349609375
0.30957508087158203	"woman"	231.060791015625	290.79144287109375	243.51861572265625	323.3162841796875
0.33680838346481323	"woman"	92.41488647460938	235.60690307617188	162.1848602294922	329.5851135253906
0.29737088084220886	"woman"	29.233978271484375	229.82730102539062	102.49032592773438	446.7493591308594
0.30180928111076355	"woman"	298.9512023925781	291.075927734375	313.7817687988281	324.64068603515625
0.28261038661003113	"woman"	0.07204151153564453	251.0540008544922	25.959667205810547	398.96795654296875
0.28314441442489624	"woman"	276.2194519042969	290.7218933105469	289.5292663574219	324.4488220214844
