"score"	"label"	"x0"	"y0"	"x1"	"y1"
0.30736711621284485	"man"	2.01580810546875	239.82814025878906	598.3998413085938	389.326904296875
