"score"	"label"	"x0"	"y0"	"x1"	"y1"
0.2879865765571594	"w"	102.39099884033203	257.0650634765625	224.2435302734375	542.7702026367188
