"score"	"label"	"x0"	"y0"	"x1"	"y1"
0.37888234853744507	"woman"	0.11626338958740234	211.14169311523438	22.41552734375	346.6266784667969
0.29270559549331665	"woman"	0.1609935760498047	210.53848266601562	34.38728332519531	346.7187194824219
