"score"	"label"	"x0"	"y0"	"x1"	"y1"
0.34215766191482544	"m ; a ; n"	3.21044921875	56.879852294921875	390.6300354003906	597.4830322265625
