score	label	x0	y0	x1	y1
0.5910384058952332	man	23.29701232910156	124.61622619628906	421.91455078125	595.9759521484375
