"score"	"label"	"x0"	"y0"	"x1"	"y1"
0.2854408919811249	"m a ;"	2.249420166015625	1.8117828369140625	598.0498046875	433.76165771484375
