"score"	"label"	"x0"	"y0"	"x1"	"y1"
0.7721964120864868	"man"	154.52049255371094	225.82366943359375	276.575439453125	585.5379638671875
