score	label	x0	y0	x1	y1
0.3759801685810089	man woman	255.9779357910156	76.9966049194336	328.3512268066406	264.8206787109375
0.2714050114154815	woman	180.62667846679688	85.99877166748047	240.02508544921875	244.30740356445312
0.2622566819190979	man	437.144775390625	164.92266845703125	518.4449462890625	300.1769104003906
