"score"	"label"	"x0"	"y0"	"x1"	"y1"
0.3075111508369446	"woman"	233.10943603515625	533.8529052734375	254.59771728515625	559.71435546875
