"score"	"label"	"x0"	"y0"	"x1"	"y1"
0.5051431655883789	"woman"	307.8674011230469	194.2122802734375	331.8110046386719	283.6985778808594
0.30685046315193176	"man"	308.9670715332031	194.85543823242188	331.1299743652344	283.3145446777344
0.25930964946746826	"woman"	299.1607666015625	189.28488159179688	342.8363037109375	288.5736999511719
