"score"	"label"	"x0"	"y0"	"x1"	"y1"
0.27011147141456604	"man"	496.4292297363281	313.1871032714844	502.6681823730469	326.5344543457031
