"score"	"label"	"x0"	"y0"	"x1"	"y1"
0.3978549540042877	"woman"	128.590087890625	329.46466064453125	230.20333862304688	432.8126220703125
0.3365478813648224	"man"	129.057373046875	330.402587890625	229.49929809570312	433.0157470703125
