"score"	"label"	"x0"	"y0"	"x1"	"y1"
0.4067322909832001	"man"	328.40948486328125	383.9529418945313	355.535888671875	456.20166015625
0.3650911748409271	"woman"	268.8634033203125	383.97509765625	290.5662841796875	452.0325317382813
0.3400295078754425	"woman"	293.8089599609375	381.1529235839844	316.54864501953125	453.7023620605469
0.2857117056846618	"man"	76.57614135742188	482.2422180175781	146.60150146484375	578.2147216796875
