"score"	"label"	"x0"	"y0"	"x1"	"y1"
0.3338959217071533	"woman"	382.71099853515625	365.5432739257813	427.4274291992187	515.6937866210938
