"score"	"label"	"x0"	"y0"	"x1"	"y1"
0.2839256823062897	"a"	206.3000030517578	124.59223937988281	334.95867919921875	206.05174255371094
