"score"	"label"	"x0"	"y0"	"x1"	"y1"
0.2612232565879822	"man"	128.1507568359375	274.5788269042969	175.60186767578125	309.3219299316406
0.26838284730911255	"man"	4.19964599609375	-0.0955963134765625	598.2987670898438	418.27166748046875
