"score"	"label"	"x0"	"y0"	"x1"	"y1"
0.4411976933479309	"man"	144.8875274658203	172.8997039794922	152.8881072998047	192.55128479003906
