"score"	"label"	"x0"	"y0"	"x1"	"y1"
0.2837362587451935	"a"	79.44927978515625	132.78427124023438	163.42466735839844	483.5396423339844
0.2534142732620239	"a"	179.00088500976562	129.88226318359375	327.773193359375	413.877685546875
