"score"	"label"	"x0"	"y0"	"x1"	"y1"
0.3398042619228363	"woman"	291.0662841796875	177.975830078125	314.17755126953125	207.95169067382812
