"score"	"label"	"x0"	"y0"	"x1"	"y1"
0.46428194642066956	"man"	413.50994873046875	72.48683166503906	475.04522705078125	197.9654998779297
