"score"	"label"	"x0"	"y0"	"x1"	"y1"
0.37558263540267944	"man"	470.7784118652344	20.556610107421875	565.997314453125	554.6270751953125
0.2961362302303314	"man"	470.2745666503906	20.775848388671875	565.9066162109375	595.9986572265625
