"score"	"label"	"x0"	"y0"	"x1"	"y1"
0.5008015632629395	"woman"	255.2108612060547	202.2003936767578	595.2181396484375	567.3738403320312
0.5321152806282043	"woman"	57.05949401855469	204.14427185058594	355.94622802734375	567.17138671875
