score	label	x0	y0	x1	y1
0.3985599279403686	woman	536.8577880859375	274.937255859375	597.64404296875	388.31890869140625
0.384125143289566	man	454.5841064453125	321.1536865234375	493.4781494140625	387.4529418945313
0.2770976424217224	woman	516.57958984375	343.0966796875	539.9954833984375	386.6863403320313
0.2707277238368988	woman	563.8142700195312	275.0106201171875	597.7081909179688	388.3390502929687
0.2534559071063995	man	365.68267822265625	236.4054718017578	397.9059448242187	293.28228759765625
