"score"	"label"	"x0"	"y0"	"x1"	"y1"
0.5367168188095093	"man"	265.77679443359375	199.5475311279297	280.1156005859375	236.1314239501953
