"score"	"label"	"x0"	"y0"	"x1"	"y1"
0.5548585653305054	"woman"	303.2222900390625	128.0367889404297	561.2998657226562	381.75616455078125
0.4942989945411682	"woman"	9.204856872558594	127.99729919433594	254.9381103515625	384.296630859375
