score	label	x0	y0	x1	y1
0.4114503264427185	man	138.22515869140625	411.9374694824219	166.15802001953125	470.4667663574219
0.2688126266002655	woman	239.12371826171875	414.8717346191406	256.660888671875	455.5866394042969
