score	label	x0	y0	x1	y1
0.3804367780685425	man	160.22679138183594	244.8025054931641	199.80421447753903	267.3607482910156
