"score"	"label"	"x0"	"y0"	"x1"	"y1"
0.49685031175613403	"man"	349.8124694824219	76.48379516601562	583.484619140625	599.4349365234375
0.29548683762550354	"man"	70.04824829101562	171.23121643066406	358.8457946777344	599.4599609375
