score	label	x0	y0	x1	y1
0.5377354025840759	woman	319.5401611328125	93.10398864746094	408.96331787109375	362.4606323242187
0.3194997012615204	man	178.3143310546875	85.22747802734375	258.8442077636719	351.25885009765625
