"score"	"label"	"x0"	"y0"	"x1"	"y1"
0.39706626534461975	"woman"	242.8541259765625	146.28396606445312	289.2880859375	205.24850463867188
0.3036371171474457	"man"	243.49093627929688	146.7729034423828	288.9330749511719	204.7914276123047
