"score"	"label"	"x0"	"y0"	"x1"	"y1"
0.3472699820995331	"man"	531.701171875	25.266307830810547	573.94482421875	75.82554626464844
0.3429809808731079	"woman"	531.8544311523438	25.595670700073242	573.7116088867188	75.7399673461914
0.3015803098678589	"man"	339.79290771484375	36.815162658691406	363.9749755859375	78.34294128417969
