"score"	"label"	"x0"	"y0"	"x1"	"y1"
0.5917052030563354	"woman"	62.192047119140625	39.94805908203125	323.1737365722656	598.4320678710938
