"score"	"label"	"x0"	"y0"	"x1"	"y1"
0.8510361313819885	"man"	1.0223846435546875	65.56971740722656	344.85089111328125	548.3650512695312
