"score"	"label"	"x0"	"y0"	"x1"	"y1"
0.3602892756462097	"man"	329.05548095703125	197.89129638671875	379.8739013671875	298.7149963378906
0.372931569814682	"man"	4.379486083984375	137.38861083984375	567.7115478515625	311.5985412597656
0.2750586271286011	"man"	103.44652557373047	205.52432250976562	146.82998657226562	306.3807373046875
0.2726370394229889	"man"	59.2679328918457	199.3765869140625	105.66825866699219	308.2261047363281
0.25513744354248047	"woman"	174.5994873046875	202.52403259277344	216.41226196289062	306.7115478515625
