score	label	x0	y0	x1	y1
0.6163133382797241	woman	109.40074157714844	54.02679443359375	296.9361572265625	493.16204833984375
