"score"	"label"	"x0"	"y0"	"x1"	"y1"
0.315650999546051	"woman"	454.9330749511719	260.643798828125	478.2126770019531	305.889404296875
0.2603580355644226	"woman"	455.8916931152344	260.7317199707031	474.6739807128906	287.1161804199219
0.2511393129825592	"man"	455.61932373046875	260.9765930175781	478.1844482421875	306.1578063964844
