"score"	"label"	"x0"	"y0"	"x1"	"y1"
0.315385639667511	"m"	19.015213012695312	24.108604431152344	388.50634765625	214.35934448242188
0.25406625866889954	"m"	19.285598754882812	282.323974609375	388.18756103515625	554.1671752929688
