score	label	x0	y0	x1	y1
0.3640912175178528	man	270.6657409667969	201.77163696289065	374.7990417480469	341.8875427246094
0.3275116086006164	woman	433.53326416015625	213.2678070068359	498.1805419921875	354.5015869140625
0.253271222114563	woman	35.119171142578125	204.2678070068359	179.99713134765625	396.310791015625
