"score"	"label"	"x0"	"y0"	"x1"	"y1"
0.2728022336959839	"w"	38.10243225097656	85.25328063964844	320.72137451171875	549.3765258789062
0.25911274552345276	"w"	38.07164001464844	85.37315368652344	321.20684814453125	549.5270385742188
