"score"	"label"	"x0"	"y0"	"x1"	"y1"
0.6097736954689026	"man"	78.380126953125	67.41996765136719	385.2464599609375	549.401611328125
0.5408517122268677	"woman"	78.46734619140625	67.29031372070312	385.2787170410156	549.606689453125
0.3260267972946167	"woman"	78.57887268066406	67.41471862792969	385.24395751953125	549.42724609375
