score	label	x0	y0	x1	y1
0.2970026135444641	woman	173.1730194091797	180.60443115234375	228.2424468994141	221.62179565429688
