score	label	x0	y0	x1	y1
0.3988896608352661	man	126.63842010498048	207.8241271972656	262.6951599121094	597.4300537109375
0.3218491673469543	woman	285.73406982421875	215.0328826904297	432.4332885742187	597.758056640625
0.3134241998195648	woman	229.52926635742188	221.9865875244141	320.2732238769531	597.870361328125
