"score"	"label"	"x0"	"y0"	"x1"	"y1"
0.8751906752586365	"woman"	0.931976318359375	67.54397583007812	407.09124755859375	599.5126953125
