"score"	"label"	"x0"	"y0"	"x1"	"y1"
0.40581756830215454	"man"	276.2776184082031	261.23773193359375	288.7142639160156	286.5240478515625
0.284533828496933	"woman"	276.5402526855469	261.4768981933594	288.5946960449219	286.5553894042969
0.3173190653324127	"man"	268.9107666015625	256.8516540527344	289.79583740234375	287.2182312011719
