"score"	"label"	"x0"	"y0"	"x1"	"y1"
0.3997017741203308	"woman"	285.5754699707031	155.68975830078125	319.9745788574219	197.79116821289062
0.4120684564113617	"man"	259.76605224609375	113.47913360595703	294.49945068359375	207.11904907226562
0.28831610083580017	"man"	149.8252410888672	107.99504852294922	177.4695281982422	197.57891845703125
0.26316267251968384	"man"	258.5167236328125	112.14137268066406	319.82305908203125	206.9105987548828
