score	label	x0	y0	x1	y1
0.4806777834892273	woman	87.71879577636719	64.9830322265625	292.54937744140625	536.16357421875
