"score"	"label"	"x0"	"y0"	"x1"	"y1"
0.43501678109169	"man"	288.7115478515625	162.90286254882812	318.73492431640625	223.24899291992188
0.2760317623615265	"man"	542.38623046875	224.3977203369141	568.72314453125	273.77020263671875
