score	label	x0	y0	x1	y1
0.2623701095581054	man	198.00880432128903	342.5560607910156	213.97865295410156	374.7854919433594
