"score"	"label"	"x0"	"y0"	"x1"	"y1"
0.29923200607299805	"w"	66.5378646850586	140.75711059570312	249.41851806640625	530.289794921875
0.26458513736724854	"w"	66.69117736816406	140.82664489746094	249.2169952392578	530.4532470703125
