score	label	x0	y0	x1	y1
0.2550140023231506	man	424.5436401367187	324.98785400390625	431.59130859375	336.6839599609375
