"score"	"label"	"x0"	"y0"	"x1"	"y1"
0.2872183322906494	"woman"	329.7909240722656	267.5811767578125	343.6513366699219	286.8890380859375
0.2744899690151214	"woman"	326.26708984375	265.7070617675781	348.79742431640625	289.8234558105469
