score	label	x0	y0	x1	y1
0.2968103587627411	man	467.3087768554687	170.98931884765625	490.539794921875	195.73040771484375
0.2773855328559875	man	233.87940979003903	122.8304672241211	247.7500457763672	140.68148803710938
