"score"	"label"	"x0"	"y0"	"x1"	"y1"
0.5609305500984192	"man"	19.932266235351562	91.23838806152344	367.42889404296875	545.18603515625
