score	label	x0	y0	x1	y1
0.2752630412578583	woman	0.0030784606933593	146.6522674560547	17.870559692382812	178.0336456298828
