score	label	x0	y0	x1	y1
0.4066706597805023	man	275.3289794921875	109.63350677490234	437.4602661132813	329.77996826171875
