"score"	"label"	"x0"	"y0"	"x1"	"y1"
0.5468217134475708	"woman"	28.51388931274414	116.82901000976562	84.20179748535156	181.1685791015625
0.3644604980945587	"man"	285.5559387207031	124.87336730957033	330.1399230957031	181.3332672119141
