score	label	x0	y0	x1	y1
0.3077013790607452	man	172.86338806152344	172.0087127685547	192.54579162597656	193.5690155029297
