"score"	"label"	"x0"	"y0"	"x1"	"y1"
0.4495039284229278	"man"	34.04961395263672	169.4745330810547	57.25831604003906	203.5417938232422
