"score"	"label"	"x0"	"y0"	"x1"	"y1"
0.46666988730430603	"man"	2.6036376953125	4.8725738525390625	598.5509033203125	429.23443603515625
