"score"	"label"	"x0"	"y0"	"x1"	"y1"
0.29094356298446655	"a"	210.8013153076172	156.98272705078125	402.4141845703125	318.6224365234375
