"score"	"label"	"x0"	"y0"	"x1"	"y1"
0.3661240041255951	"man"	8.908676147460938	263.68865966796875	275.5965576171875	589.9739379882812
0.3341241180896759	"man"	10.692901611328125	263.68951416015625	275.410888671875	516.3268432617188
0.34837332367897034	"woman"	8.816238403320312	264.3582458496094	274.85009765625	591.318115234375
