"score"	"label"	"x0"	"y0"	"x1"	"y1"
0.32940176129341125	"m a"	54.56597900390625	100.38273620605469	388.80877685546875	598.071044921875
