score	label	x0	y0	x1	y1
0.3435880541801452	woman	8.932266235351562	11.113739013671877	397.5545654296875	475.1908874511719
