"score"	"label"	"x0"	"y0"	"x1"	"y1"
0.26965025067329407	"a"	220.77186584472656	220.08631896972656	584.4368896484375	376.28167724609375
