"score"	"label"	"x0"	"y0"	"x1"	"y1"
0.9275267124176025	"man"	23.491806030273438	125.74183654785156	424.7454833984375	597.7579956054688
