"score"	"label"	"x0"	"y0"	"x1"	"y1"
0.4418720304965973	"woman"	92.06979370117188	137.5578155517578	204.8763427734375	462.50250244140625
0.25389087200164795	"man"	92.55533599853516	138.16014099121094	204.91751098632812	462.73431396484375
