"score"	"label"	"x0"	"y0"	"x1"	"y1"
0.529608428478241	"man"	22.935806274414062	139.9368896484375	458.3812255859375	190.04153442382812
