score	label	x0	y0	x1	y1
0.3862369954586029	woman	547.8966674804688	375.5041809082031	563.7335815429688	416.2785339355469
