"score"	"label"	"x0"	"y0"	"x1"	"y1"
0.48561832308769226	"woman"	54.59797668457031	94.21524047851562	402.6260986328125	597.3326416015625
0.26419293880462646	"woman"	55.058860778808594	93.95614624023438	284.3652648925781	594.0323486328125
0.2680610120296478	"woman"	54.81635284423828	93.95735168457031	253.12710571289062	592.9967041015625
