"score"	"label"	"x0"	"y0"	"x1"	"y1"
0.30331921577453613	"m a"	369.25531005859375	92.1951675415039	473.36676025390625	318.4898376464844
