score	label	x0	y0	x1	y1
0.3019756078720093	woman	295.26690673828125	223.6933135986328	456.002197265625	357.4796142578125
