"score"	"label"	"x0"	"y0"	"x1"	"y1"
0.2548232674598694	"w"	207.2420196533203	30.792510986328125	364.7437744140625	545.5843505859375
