"score"	"label"	"x0"	"y0"	"x1"	"y1"
0.7743151187896729	"woman"	119.47003173828124	172.21337890625	308.51214599609375	514.5496826171875
