"score"	"label"	"x0"	"y0"	"x1"	"y1"
0.29579904675483704	"man"	277.8295593261719	24.3516845703125	546.17041015625	237.34771728515625
