"score"	"label"	"x0"	"y0"	"x1"	"y1"
0.34922611713409424	"woman"	328.8304138183594	201.28089904785156	347.1836242675781	218.55711364746094
0.32007378339767456	"man"	329.3289489746094	201.5941162109375	347.0617370605469	218.26223754882812
0.2738989591598511	"woman"	325.5834655761719	198.862548828125	349.7046203613281	222.173095703125
