score	label	x0	y0	x1	y1
0.3708293437957763	woman	568.713134765625	325.47027587890625	598.7769775390625	357.47723388671875
