"score"	"label"	"x0"	"y0"	"x1"	"y1"
0.49476587772369385	"man"	223.00257873535156	107.78994750976562	352.17218017578125	437.4606018066406
0.37874722480773926	"woman"	98.65992736816406	103.45445251464844	191.20201110839844	368.35333251953125
