"score"	"label"	"x0"	"y0"	"x1"	"y1"
0.3085129857063293	"woman"	139.98529052734375	314.6847839355469	153.04891967773438	339.5774230957031
0.2991997599601745	"man"	126.16735076904295	311.5218200683594	139.5635986328125	341.6745300292969
0.2582451403141022	"man"	161.82191467285156	312.2226867675781	172.9612579345703	338.1188049316406
