"score"	"label"	"x0"	"y0"	"x1"	"y1"
0.4852792024612427	"man"	189.1307830810547	177.8968048095703	201.19664001464844	200.8351593017578
0.35690805315971375	"woman"	189.5486297607422	178.20089721679688	200.90589904785156	200.56509399414062
