"score"	"label"	"x0"	"y0"	"x1"	"y1"
0.264125794172287	"w"	180.19686889648438	164.23704528808594	364.5880432128906	597.4242553710938
