"score"	"label"	"x0"	"y0"	"x1"	"y1"
0.30656498670578003	"woman"	310.1802673339844	104.47802734375	335.2912292480469	145.34779357910156
0.2684791386127472	"woman"	277.6991882324219	102.00542449951172	311.9205017089844	146.02032470703125
0.2754920423030853	"woman"	334.0718688964844	106.2132797241211	358.6643371582031	146.8046875
0.26045212149620056	"woman"	250.6815185546875	107.65107727050781	279.00775146484375	147.56344604492188
