"score"	"label"	"x0"	"y0"	"x1"	"y1"
0.46434515714645386	"woman"	233.4790496826172	243.96917724609375	242.35414123535156	259.753662109375
0.27271968126296997	"woman"	154.66749572753906	239.74746704101562	162.69175720214844	253.14041137695312
