score	label	x0	y0	x1	y1
0.4643861353397369	woman	386.5177917480469	260.4515075683594	456.7082214355469	293.3766784667969
0.3544130027294159	man	419.1652526855469	235.20806884765625	466.7037048339844	262.1799011230469
