"score"	"label"	"x0"	"y0"	"x1"	"y1"
0.46497517824172974	"woman"	446.64874267578125	49.028289794921875	505.2999267578125	242.63748168945312
0.3862770199775696	"man"	447.9659729003906	49.76335906982422	504.1817321777344	242.07125854492188
0.2610454559326172	"woman"	431.64288330078125	42.13702392578125	522.06640625	249.57064819335938
