"score"	"label"	"x0"	"y0"	"x1"	"y1"
0.6141010522842407	"woman"	47.33561706542969	51.644107818603516	81.07684326171875	139.0224609375
