"score"	"label"	"x0"	"y0"	"x1"	"y1"
0.5474705100059509	"woman"	93.5735092163086	180.83657836914065	176.61041259765625	435.7146911621094
0.4860042333602905	"woman"	162.95310974121094	186.85264587402344	248.5363311767578	437.0836791992187
0.4368905425071716	"man"	235.8415374755859	178.03799438476562	318.0107421875	444.2962951660156
