"score"	"label"	"x0"	"y0"	"x1"	"y1"
0.3345932364463806	"man"	392.5156555175781	116.72425842285156	489.5240783691406	423.26953125
0.3066575825214386	"woman"	93.40894317626952	94.544189453125	170.69985961914062	405.5946350097656
0.2847452759742737	"woman"	159.62152099609375	97.558837890625	244.3155212402344	408.6407165527344
0.2533256411552429	"woman"	223.769287109375	112.00543212890624	314.03546142578125	413.24078369140625
