"score"	"label"	"x0"	"y0"	"x1"	"y1"
0.5471187233924866	"woman"	92.96117401123047	138.8640594482422	206.65237426757812	462.75091552734375
0.4623429477214813	"woman"	237.82888793945312	136.0958709716797	325.2456970214844	433.95831298828125
0.43116462230682373	"woman"	301.5090026855469	137.46913146972656	375.7133483886719	428.81524658203125
0.42999207973480225	"woman"	358.60101318359375	136.9273681640625	423.05926513671875	425.7288818359375
0.43915992975234985	"woman"	185.0297393798828	152.27171325683594	265.5023498535156	444.38909912109375
0.4239808917045593	"woman"	416.36865234375	126.50961303710938	485.77825927734375	425.1728210449219
0.40946996212005615	"woman"	473.12298583984375	121.66249084472656	546.6986083984375	427.90704345703125
0.44933173060417175	"woman"	534.4664916992188	114.63352966308594	599.9529418945312	425.744140625
