"score"	"label"	"x0"	"y0"	"x1"	"y1"
0.5415872931480408	"man"	146.186279296875	62.46380615234375	422.98199462890625	572.255859375
