"score"	"label"	"x0"	"y0"	"x1"	"y1"
0.7686401605606079	"woman"	398.9176940917969	252.2800750732422	452.3700256347656	330.14697265625
