"score"	"label"	"x0"	"y0"	"x1"	"y1"
0.25501400232315063	"man"	424.54364013671875	324.98785400390625	431.59130859375	336.6839599609375
