"score"	"label"	"x0"	"y0"	"x1"	"y1"
0.2794215977191925	"woman"	270.5451965332031	232.7997283935547	289.7709045410156	254.78623962402344
