score	label	x0	y0	x1	y1
0.4829560220241546	woman	237.9415283203125	95.50994873046876	394.355712890625	421.32611083984375
0.3699977099895477	man	91.67636108398438	126.49839782714844	255.54641723632812	421.187255859375
0.3403091430664062	man	369.7062072753906	120.25634765625	562.0098876953125	421.3238525390625
