"score"	"label"	"x0"	"y0"	"x1"	"y1"
0.3842366337776184	"man"	286.3950500488281	110.26348114013672	411.1291198730469	311.8041076660156
0.3625060617923736	"woman"	111.87962341308594	53.29945373535156	271.4329833984375	317.09796142578125
