"score"	"label"	"x0"	"y0"	"x1"	"y1"
0.3542864024639129	"man"	100.15289306640624	118.99801635742188	217.559814453125	377.3818054199219
0.3387545645236969	"woman"	258.1289978027344	118.15118408203124	353.2033996582031	358.75933837890625
