"score"	"label"	"x0"	"y0"	"x1"	"y1"
0.29897361993789673	"woman"	13.914363861083984	258.3026123046875	78.25927734375	443.129638671875
