"score"	"label"	"x0"	"y0"	"x1"	"y1"
0.46646806597709656	"man"	290.08306884765625	79.39723205566406	349.9219970703125	283.028564453125
0.26315027475357056	"man"	336.6889343261719	84.4309310913086	418.1330871582031	310.4969787597656
