"score"	"label"	"x0"	"y0"	"x1"	"y1"
0.4024304151535034	"woman"	5.976722717285156	85.96943664550781	241.293701171875	595.953369140625
0.36421820521354675	"woman"	5.9950408935546875	85.64836120605469	305.79058837890625	596.1029052734375
