"score"	"label"	"x0"	"y0"	"x1"	"y1"
0.49062350392341614	"woman"	265.0022277832031	302.2279357910156	312.6609191894531	342.9372253417969
0.6445372104644775	"man"	265.01092529296875	302.2470703125	312.65057373046875	343.25494384765625
0.2646044194698334	"woman"	265.1328430175781	302.3835754394531	312.8353576660156	344.3191223144531
