"score"	"label"	"x0"	"y0"	"x1"	"y1"
0.3281933069229126	"m ; a ; n"	182.797119140625	119.6546401977539	518.1806640625	292.7619934082031
