"score"	"label"	"x0"	"y0"	"x1"	"y1"
0.33774206042289734	"m ; a ; n"	16.774261474609375	125.06585693359375	231.77537536621094	598.5145263671875
