"score"	"label"	"x0"	"y0"	"x1"	"y1"
0.25042328238487244	"a"	281.3097839355469	235.76718139648438	317.6216735839844	284.4862976074219
0.2701716721057892	"m a n"	207.05442810058594	128.1811065673828	360.3521728515625	511.68121337890625
