"score"	"label"	"x0"	"y0"	"x1"	"y1"
0.28389206528663635	"woman"	183.95419311523438	242.40725708007812	199.341552734375	274.9480285644531
0.2849079370498657	"woman"	98.49417114257812	244.64581298828125	116.01148986816406	281.53961181640625
0.25374966859817505	"man"	292.4869079589844	239.55072021484375	307.4943542480469	276.84063720703125
