"score"	"label"	"x0"	"y0"	"x1"	"y1"
0.36325201392173767	"man"	553.2877807617188	0.24456787109375	599.4636840820312	111.00349426269531
0.3430677354335785	"man"	0.4670066833496094	0.19400405883789062	98.37828063964844	124.63101196289062
0.29270660877227783	"man"	1.391632080078125	1.1669464111328125	598.252685546875	407.021728515625
