"score"	"label"	"x0"	"y0"	"x1"	"y1"
0.28787127137184143	"man"	210.92564392089844	156.5771484375	402.2138671875	318.81207275390625
