"score"	"label"	"x0"	"y0"	"x1"	"y1"
0.28303471207618713	"woman"	204.9044189453125	284.9071960449219	215.14138793945312	315.5332946777344
0.26504769921302795	"woman"	215.82891845703125	299.53228759765625	228.83584594726562	333.57135009765625
0.2695695757865906	"woman"	193.19378662109375	292.8878479003906	204.25479125976562	321.2510681152344
