"score"	"label"	"x0"	"y0"	"x1"	"y1"
0.27042075991630554	"w o"	46.58111572265625	136.60610961914062	387.3890686035156	587.2816162109375
