"score"	"label"	"x0"	"y0"	"x1"	"y1"
0.4817625880241394	"woman"	240.39817810058594	29.33187484741211	309.7396240234375	90.45526123046875
0.4246595799922943	"woman"	173.25100708007812	17.447093963623047	238.76666259765625	82.19486999511719
