"score"	"label"	"x0"	"y0"	"x1"	"y1"
0.6534583568572998	"woman"	17.840669631958008	256.94122314453125	51.207801818847656	341.17230224609375
0.30135661363601685	"woman"	105.18497467041016	245.20602416992188	115.81615447998047	268.9497375488281
