"score"	"label"	"x0"	"y0"	"x1"	"y1"
0.31726109981536865	"m ; a ; n"	66.69831085205078	140.87603759765625	248.7794189453125	529.4198608398438
