score	label	x0	y0	x1	y1
0.4504154622554779	woman	177.82318115234375	364.1674499511719	599.908203125	529.89892578125
