"score"	"label"	"x0"	"y0"	"x1"	"y1"
0.2710180878639221	"man"	470.8244323730469	241.9400634765625	479.3682556152344	257.2440490722656
0.27054715156555176	"man"	251.47560119628906	237.6999053955078	257.7986755371094	249.46205139160156
