"score"	"label"	"x0"	"y0"	"x1"	"y1"
0.45769429206848145	"woman"	526.59423828125	213.3081512451172	543.9493408203125	261.30682373046875
0.3227972388267517	"woman"	522.3607177734375	157.6435089111328	538.1566162109375	203.2251434326172
