"score"	"label"	"x0"	"y0"	"x1"	"y1"
0.384231835603714	"woman"	70.19532775878906	171.57537841796875	358.7481689453125	599.5298461914062
0.4311562180519104	"woman"	349.53228759765625	76.84988403320312	583.3648681640625	599.4217529296875
0.29028773307800293	"woman"	0.07232666015625	178.5955352783203	120.35645294189453	599.3011474609375
