"score"	"label"	"x0"	"y0"	"x1"	"y1"
0.6628817915916443	"man"	37.52195739746094	67.22764587402344	462.61541748046875	504.010498046875
0.5370743870735168	"woman"	37.3846435546875	67.00254821777344	462.5640563964844	504.32952880859375
0.3309001922607422	"woman"	37.36390686035156	67.03910827636719	462.72039794921875	504.3714599609375
