"score"	"label"	"x0"	"y0"	"x1"	"y1"
0.4666958153247833	"man"	223.73704528808594	108.16908264160156	351.6419677734375	437.280029296875
0.3498961627483368	"man"	333.4715881347656	109.36294555664062	457.3227233886719	395.57464599609375
