"score"	"label"	"x0"	"y0"	"x1"	"y1"
0.2982863783836365	"woman"	448.762939453125	161.02374267578125	576.760986328125	344.6423645019531
0.2857528924942016	"woman"	13.009902954101562	167.57803344726562	194.35006713867188	334.8144226074219
0.2547449171543121	"man"	348.3583984375	165.759521484375	456.2685546875	334.9675598144531
