"score"	"label"	"x0"	"y0"	"x1"	"y1"
0.25155016779899597	"w"	15.39996337890625	122.53707885742188	593.6912841796875	322.1486511230469
