"score"	"label"	"x0"	"y0"	"x1"	"y1"
0.2794904410839081	"woman"	329.4637145996094	178.30970764160156	418.2187194824219	401.0579223632813
