"score"	"label"	"x0"	"y0"	"x1"	"y1"
0.2750304937362671	"w"	121.12963104248047	96.14088439941406	305.14599609375	496.29608154296875
