"score"	"label"	"x0"	"y0"	"x1"	"y1"
0.2576553523540497	"woman"	476.72528076171875	245.38812255859375	503.9364013671875	259.75665283203125
