"score"	"label"	"x0"	"y0"	"x1"	"y1"
0.28362810611724854	"man"	350.153076171875	277.6081237792969	355.207763671875	288.3227844238281
