"score"	"label"	"x0"	"y0"	"x1"	"y1"
0.4722883403301239	"man"	420.76190185546875	190.4528045654297	440.7393798828125	215.57960510253906
0.2511861026287079	"woman"	420.9358825683594	190.5707244873047	440.6506042480469	215.6309051513672
