"score"	"label"	"x0"	"y0"	"x1"	"y1"
0.9228456616401672	"man"	195.5712127685547	176.205322265625	319.7669677734375	353.15435791015625
