"score"	"label"	"x0"	"y0"	"x1"	"y1"
0.6505703926086426	"man"	193.64053344726562	43.375091552734375	341.1397399902344	559.5015869140625
0.49607720971107483	"woman"	91.45687866210938	92.10720825195312	234.68951416015625	561.9652099609375
0.25382453203201294	"woman"	91.7282485961914	92.10641479492188	234.71798706054688	561.5758056640625
