"score"	"label"	"x0"	"y0"	"x1"	"y1"
0.4154406785964966	"man"	4.559234619140625	2.6727447509765625	596.6287841796875	380.92291259765625
