"score"	"label"	"x0"	"y0"	"x1"	"y1"
0.250151127576828	"man"	21.601882934570312	55.732696533203125	509.469482421875	388.1042175292969
