"score"	"label"	"x0"	"y0"	"x1"	"y1"
0.47741857171058655	"woman"	0.42578125	104.18830871582031	379.9537353515625	549.984619140625
0.5607284307479858	"man"	0.4082794189453125	104.5047607421875	379.3865966796875	549.9564819335938
