"score"	"label"	"x0"	"y0"	"x1"	"y1"
0.4645238816738128	"woman"	282.3062744140625	276.28521728515625	416.4099731445313	393.99365234375
0.3329751193523407	"man"	97.93003845214844	295.40655517578125	214.1253204345703	393.9830322265625
0.2589070796966553	"man"	442.9788208007813	258.7814636230469	518.8583984375	393.5598449707031
