"score"	"label"	"x0"	"y0"	"x1"	"y1"
0.3927004933357239	"man"	201.64846801757812	203.29991149902344	214.10107421875	219.18431091308594
0.284656822681427	"woman"	202.2038116455078	203.51515197753906	213.81443786621094	218.7780303955078
