"score"	"label"	"x0"	"y0"	"x1"	"y1"
0.26260289549827576	"a"	53.23199462890625	61.78877258300781	406.3841552734375	452.48443603515625
