"score"	"label"	"x0"	"y0"	"x1"	"y1"
0.3576492369174957	"m ; a ; n"	0.02642822265625	54.912445068359375	352.7752380371094	549.60302734375
