"score"	"label"	"x0"	"y0"	"x1"	"y1"
0.27266088128089905	"man"	153.55157470703125	264.30450439453125	164.88046264648438	287.459716796875
0.29373985528945923	"man"	211.17347717285156	266.37664794921875	227.7528839111328	304.80950927734375
0.28131303191185	"man"	199.38682556152344	251.7274169921875	218.4837188720703	279.46099853515625
0.3020825982093811	"man"	228.5491180419922	265.416748046875	247.24461364746094	301.41485595703125
0.27456963062286377	"man"	165.80299377441406	168.66476440429688	178.41075134277344	191.09170532226562
0.2707557678222656	"man"	189.3097686767578	265.8497314453125	207.7783966064453	304.1884765625
0.2633334696292877	"man"	245.7472381591797	264.8497009277344	264.61724853515625	302.0919494628906
0.2595798671245575	"man"	171.99185180664062	264.97149658203125	190.29409790039062	304.73602294921875
