"score"	"label"	"x0"	"y0"	"x1"	"y1"
0.35727182030677795	"m ; a ; n"	4.78350830078125	77.69796752929688	402.7523498535156	596.34814453125
