score	label	x0	y0	x1	y1
0.4178838431835174	woman	69.04344940185547	226.1045379638672	104.58878326416016	296.57958984375
0.2549501359462738	woman	160.42274475097656	216.4044647216797	183.6915740966797	279.92547607421875
