"score"	"label"	"x0"	"y0"	"x1"	"y1"
0.5524386763572693	"man"	0.170196533203125	30.360076904296875	361.2576599121094	549.888671875
0.50977623462677	"woman"	0.052978515625	30.97161865234375	361.0709533691406	550.1885375976562
0.2746131718158722	"woman"	0.0272674560546875	30.99017333984375	361.56365966796875	549.9325561523438
