"score"	"label"	"x0"	"y0"	"x1"	"y1"
0.3910538852214813	"man"	151.3476104736328	149.02938842773438	192.11253356933594	226.27542114257812
0.3241410255432129	"woman"	150.49636840820312	148.69906616210938	193.15206909179688	227.02398681640625
