"score"	"label"	"x0"	"y0"	"x1"	"y1"
0.25039851665496826	"woman"	17.021167755126953	233.19708251953125	27.967327117919922	267.61480712890625
