score	label	x0	y0	x1	y1
0.2503178417682647	woman	131.06500244140625	224.14515686035156	247.6412353515625	312.9246826171875
