"score"	"label"	"x0"	"y0"	"x1"	"y1"
0.3696596324443817	"man"	264.17962646484375	266.8269958496094	329.40264892578125	362.3487243652344
0.3218706548213959	"woman"	9.610366821289062	375.5205078125	76.61290740966797	477.2307739257813
