"score"	"label"	"x0"	"y0"	"x1"	"y1"
0.7089726328849792	"man"	115.29283905029297	32.82582092285156	260.2601013183594	538.2205200195312
