"score"	"label"	"x0"	"y0"	"x1"	"y1"
0.6697409152984619	"man"	277.7547302246094	214.32325744628906	297.2059631347656	248.3186492919922
