"score"	"label"	"x0"	"y0"	"x1"	"y1"
0.36220279335975647	"m ; a ; n"	100.25286865234375	189.19998168945312	539.9865112304688	350.7485046386719
