"score"	"label"	"x0"	"y0"	"x1"	"y1"
0.3264719545841217	"woman"	53.51683044433594	241.94602966308594	59.63660430908203	252.3297576904297
