"score"	"label"	"x0"	"y0"	"x1"	"y1"
0.27524369955062866	"woman"	28.53948974609375	363.2678527832031	598.6530151367188	461.5992736816406
