"score"	"label"	"x0"	"y0"	"x1"	"y1"
0.3717316389083862	"man"	234.28103637695312	294.9469909667969	305.7909240722656	387.6335754394531
0.3442057967185974	"man"	185.9330596923828	117.86080932617188	225.70570373535156	225.52755737304688
