score	label	x0	y0	x1	y1
0.3263015747070312	man	252.2881622314453	78.56689453125	328.1901550292969	182.62765502929688
0.2784517407417297	man	272.9676818847656	80.23960876464844	326.4310607910156	135.03466796875
