"score"	"label"	"x0"	"y0"	"x1"	"y1"
0.5245324373245239	"woman"	262.8782043457031	142.48524475097656	593.43896484375	599.4085083007812
0.5218770503997803	"man"	0.5973358154296875	87.70405578613281	320.302734375	598.8478393554688
0.2649860382080078	"man"	2.0797119140625	85.60934448242188	590.943359375	598.2242431640625
