"score"	"label"	"x0"	"y0"	"x1"	"y1"
0.5689247846603394	"woman"	28.501989364624023	116.58132934570312	84.30522918701172	181.23046875
0.4123802185058594	"woman"	285.37109375	124.33541107177734	330.94085693359375	181.32504272460938
0.3707967698574066	"man"	28.56630516052246	116.798583984375	84.1849365234375	181.19461059570312
0.3354434072971344	"woman"	28.514375686645508	116.59835815429688	84.32857513427734	181.13031005859375
0.27381396293640137	"man"	285.47930908203125	124.43885803222656	330.3741455078125	181.41773986816406
