"score"	"label"	"x0"	"y0"	"x1"	"y1"
0.3239392936229706	"man woman"	18.511550903320312	28.18048095703125	417.4072265625	574.35791015625
