"score"	"label"	"x0"	"y0"	"x1"	"y1"
0.27188780903816223	"woman"	293.6875305175781	261.0115966796875	309.0823059082031	284.62213134765625
