"score"	"label"	"x0"	"y0"	"x1"	"y1"
0.9123315811157227	"woman"	6.5692291259765625	80.74661254882812	355.60205078125	594.5306396484375
