"score"	"label"	"x0"	"y0"	"x1"	"y1"
0.3314649164676666	"woman"	349.48614501953125	157.2472381591797	366.02459716796875	190.1129913330078
