"score"	"label"	"x0"	"y0"	"x1"	"y1"
0.3018341362476349	"woman"	313.7611999511719	274.0567626953125	323.1882019042969	285.040771484375
0.29732194542884827	"woman"	191.11427307128906	270.3075256347656	197.32313537597656	283.4392395019531
