"score"	"label"	"x0"	"y0"	"x1"	"y1"
0.40507635474205017	"woman"	289.2051086425781	318.3126220703125	325.3907775878906	354.33819580078125
0.36349549889564514	"man"	290.048828125	318.61456298828125	323.1209716796875	353.27008056640625
0.2639317512512207	"woman"	290.7753601074219	318.6505432128906	321.4463806152344	352.6146545410156
0.2526640295982361	"woman"	288.8703308105469	318.34246826171875	327.5562438964844	355.0482177734375
