"score"	"label"	"x0"	"y0"	"x1"	"y1"
0.8092173337936401	"man"	16.461532592773438	79.57243347167969	145.85140991210938	404.3662109375
0.2737973928451538	"man"	558.7674560546875	122.20024871826172	584.2108154296875	188.20892333984375
