"score"	"label"	"x0"	"y0"	"x1"	"y1"
0.47902098298072815	"woman"	580.3336791992188	236.4855499267578	599.6450805664062	289.464111328125
0.2772434651851654	"man"	580.9970703125	237.2827606201172	599.621337890625	289.041259765625
