score	label	x0	y0	x1	y1
0.3261962831020355	woman	0.2312784194946289	0.6204605102539062	19.906768798828125	144.9337158203125
