"score"	"label"	"x0"	"y0"	"x1"	"y1"
0.49378249049186707	"woman"	27.06824493408203	65.17613220214844	232.48190307617188	558.1078491210938
0.3373938798904419	"woman"	27.445541381835938	64.66122436523438	281.91656494140625	557.936279296875
