"score"	"label"	"x0"	"y0"	"x1"	"y1"
0.26596975326538086	"w"	0.635711669921875	0.089691162109375	485.1380310058594	396.900390625
