"score"	"label"	"x0"	"y0"	"x1"	"y1"
0.4204323887825012	"man"	152.1274871826172	80.00184631347656	272.5257873535156	437.77984619140625
0.3719220459461212	"man"	263.3391418457031	92.03489685058594	374.8617858886719	437.943603515625
0.39142680168151855	"man"	446.4211120605469	36.524993896484375	598.57421875	437.6252746582031
0.3271801173686981	"man"	95.07010650634766	106.68510437011719	171.48501586914062	437.9564208984375
0.3077387809753418	"man"	362.2406311035156	66.44943237304688	474.5357971191406	437.9421691894531
0.26193732023239136	"man"	547.794921875	37.806488037109375	599.6199951171875	437.81536865234375
