"score"	"label"	"x0"	"y0"	"x1"	"y1"
0.8459783792495728	"woman"	299.3583984375	271.895263671875	334.41583251953125	366.274658203125
