"score"	"label"	"x0"	"y0"	"x1"	"y1"
0.38573065400123596	"m a"	49.01463317871094	174.46437072753906	430.74591064453125	566.6151123046875
0.29283013939857483	"m a"	49.22526550292969	174.62074279785156	430.807861328125	566.6676025390625
