"score"	"label"	"x0"	"y0"	"x1"	"y1"
0.7062763571739197	"man"	85.95832824707031	234.7469940185547	100.33805847167969	261.5774230957031
