"score"	"label"	"x0"	"y0"	"x1"	"y1"
0.2626180946826935	"w"	51.9232177734375	45.34222412109375	421.21795654296875	595.3270263671875
