"score"	"label"	"x0"	"y0"	"x1"	"y1"
0.3550916016101837	"m ; a ; n"	32.44750213623047	29.825775146484375	246.16424560546875	587.5975341796875
