score	label	x0	y0	x1	y1
0.523396372795105	woman	144.67529296875	221.484375	282.5443115234375	444.53082275390625
0.3351043462753296	man	145.411376953125	133.9769287109375	225.00686645507812	283.79241943359375
0.3007631599903106	man	144.80337524414062	133.24081420898438	245.9486083984375	334.68035888671875
