"score"	"label"	"x0"	"y0"	"x1"	"y1"
0.4791023135185241	"woman"	141.99298095703125	170.2997589111328	169.90121459960938	203.85301208496097
