"score"	"label"	"x0"	"y0"	"x1"	"y1"
0.30713245272636414	"man"	275.46856689453125	182.3689422607422	286.89312744140625	206.9824676513672
0.2558996379375458	"woman"	274.2243347167969	179.78160095214844	287.8541564941406	207.6068878173828
