score	label	x0	y0	x1	y1
0.486981451511383	woman	14.389808654785156	143.7243194580078	166.79830932617188	594.45458984375
0.4199963808059692	man	242.21026611328125	87.17298889160156	411.404541015625	596.5386962890625
0.4059312343597412	woman	90.60114288330078	206.3031463623047	304.08551025390625	595.2173461914062
0.2965334057807922	man	149.5887451171875	80.94436645507812	286.9542236328125	311.7429504394531
