"score"	"label"	"x0"	"y0"	"x1"	"y1"
0.2543296813964844	"man"	161.66184997558594	77.2580337524414	545.7096557617188	289.2076110839844
0.2625958323478699	"man"	163.06985473632812	79.52506256103516	460.6489562988281	266.7834777832031
