"score"	"label"	"x0"	"y0"	"x1"	"y1"
0.3087765872478485	"woman"	192.0969696044922	278.342041015625	280.53448486328125	408.5343017578125
0.29490944743156433	"woman"	383.31597900390625	273.3504333496094	478.6524658203125	401.0866394042969
