"score"	"label"	"x0"	"y0"	"x1"	"y1"
0.47315123677253723	"woman"	0.3575000762939453	227.71444702148438	37.49555969238281	398.8432312011719
0.3290165960788727	"woman man"	126.38710021972656	233.4566650390625	176.7372589111328	353.687744140625
0.3038512170314789	"man"	126.89326477050781	233.93576049804688	176.1669158935547	353.4826965332031
