"score"	"label"	"x0"	"y0"	"x1"	"y1"
0.6946494579315186	"woman"	14.945671081542969	144.6431884765625	166.54052734375	594.367431640625
0.7231345772743225	"woman"	90.67463684082031	206.6977081298828	303.93304443359375	595.2919311523438
