score	label	x0	y0	x1	y1
0.315650999546051	woman	454.9330749511719	260.643798828125	478.2126770019531	305.889404296875
0.2603580355644226	woman	455.8916931152344	260.7317199707031	474.6739807128906	287.1161804199219
