"score"	"label"	"x0"	"y0"	"x1"	"y1"
0.5636053681373596	"man"	214.50698852539062	63.71098327636719	330.5689392089844	339.43792724609375
0.2614777684211731	"man"	185.13502502441406	108.66142272949219	230.09593200683594	298.2147216796875
