"score"	"label"	"x0"	"y0"	"x1"	"y1"
0.34805455803871155	"woman"	559.630126953125	247.1787872314453	583.002685546875	285.0129699707031
0.2957083284854889	"man"	560.149658203125	247.5777130126953	582.5638427734375	284.9039306640625
0.2825266122817993	"woman"	324.93212890625	237.25669860839844	345.9404296875	284.3524475097656
