"score"	"label"	"x0"	"y0"	"x1"	"y1"
0.437643826007843	"woman"	78.18028259277344	36.45428466796875	536.551513671875	424.9933166503906
