score	label	x0	y0	x1	y1
0.4792982041835785	man	103.00523376464844	263.9950256347656	152.86923217773438	331.4642639160156
