"score"	"label"	"x0"	"y0"	"x1"	"y1"
0.6437153816223145	"woman"	22.502628326416016	109.8396453857422	143.14157104492188	497.9761962890625
