"score"	"label"	"x0"	"y0"	"x1"	"y1"
0.7645333409309387	"man"	197.22967529296875	113.14891052246094	423.3663330078125	598.2203979492188
0.4114238321781158	"woman"	3.70623779296875	142.03018188476562	305.4404602050781	596.4603271484375
