"score"	"label"	"x0"	"y0"	"x1"	"y1"
0.6013137102127075	"man"	251.9970245361328	87.57675170898438	320.44921875	308.6743469238281
0.5641728639602661	"woman"	210.4781951904297	114.21086883544922	277.0406494140625	307.5774841308594
0.2514086961746216	"woman"	210.43423461914062	114.04995727539062	277.67236328125	307.7451171875
0.27525612711906433	"man"	211.3428955078125	86.2965316772461	320.7376708984375	309.3287048339844
