"score"	"label"	"x0"	"y0"	"x1"	"y1"
0.9047924876213074	"man"	31.071624755859375	57.943389892578125	328.9149475097656	562.7962646484375
