"score"	"label"	"x0"	"y0"	"x1"	"y1"
0.4221203625202179	"woman"	67.63961029052734	78.61831665039062	216.90188598632812	508.6672668457031
0.32578808069229126	"woman"	5.2041015625	78.06632995605469	239.9968719482422	536.4209594726562
