"score"	"label"	"x0"	"y0"	"x1"	"y1"
0.5889782905578613	"man"	376.2898864746094	167.28250122070312	426.6199035644531	288.3601989746094
0.2686644494533539	"woman"	363.5947570800781	166.0999298095703	450.8845520019531	302.53741455078125
