"score"	"label"	"x0"	"y0"	"x1"	"y1"
0.3520844280719757	"woman"	1.1578216552734375	223.18405151367188	89.92475891113281	370.5226135253906
0.2532927989959717	"man"	131.1798095703125	212.6374359130859	182.67318725585935	283.5047912597656
