"score"	"label"	"x0"	"y0"	"x1"	"y1"
0.3503912091255188	"m"	210.3852996826172	33.58610534667969	304.1058349609375	341.43707275390625
0.2631312608718872	"a"	210.52401733398438	33.87788391113281	303.9120178222656	341.33154296875
