"score"	"label"	"x0"	"y0"	"x1"	"y1"
0.4978824853897095	"woman"	199.18551635742188	258.1497802734375	227.57302856445312	298.37322998046875
