"score"	"label"	"x0"	"y0"	"x1"	"y1"
0.46265172958374023	"woman"	180.41050720214844	376.250732421875	210.19813537597656	420.448486328125
0.5506733655929565	"man"	180.76271057128906	376.35162353515625	209.5316925048828	420.26922607421875
