"score"	"label"	"x0"	"y0"	"x1"	"y1"
0.35387301445007324	"woman"	20.884078979492188	283.5306396484375	387.12652587890625	553.3845825195312
0.3445272743701935	"woman"	20.272979736328125	26.066970825195312	387.6528625488281	212.68911743164062
0.29789379239082336	"woman"	251.522705078125	351.0243225097656	279.36334228515625	403.1445617675781
