"score"	"label"	"x0"	"y0"	"x1"	"y1"
0.295543909072876	"man"	0.468780517578125	83.06964111328125	599.7008056640625	357.5514831542969
