"score"	"label"	"x0"	"y0"	"x1"	"y1"
0.3483411967754364	"man"	57.349735260009766	352.8781433105469	76.74140930175781	373.3097839355469
