score	label	x0	y0	x1	y1
0.3342006802558899	man	489.6646728515625	266.4414367675781	504.6419677734375	307.0292053222656
