"score"	"label"	"x0"	"y0"	"x1"	"y1"
0.6636919379234314	"woman"	102.16587829589844	81.13880920410156	198.4392852783203	361.44500732421875
0.5550975799560547	"woman"	208.78175354003906	79.29109191894531	294.0356140136719	343.99676513671875
0.6497600674629211	"woman"	420.0070495605469	51.0794677734375	521.501708984375	374.32061767578125
