"score"	"label"	"x0"	"y0"	"x1"	"y1"
0.6740670204162598	"man"	464.28546142578125	243.82672119140625	474.14324951171875	275.0628662109375
