"score"	"label"	"x0"	"y0"	"x1"	"y1"
0.25360727310180664	"woman"	280.0218811035156	80.55371856689453	497.9367980957031	225.89364624023438
