"score"	"label"	"x0"	"y0"	"x1"	"y1"
0.8475688099861145	"woman"	2.485687255859375	60.927734375	373.50439453125	597.5982666015625
