"score"	"label"	"x0"	"y0"	"x1"	"y1"
0.6591026186943054	"woman"	251.1256103515625	75.22123718261719	377.13323974609375	337.5172119140625
