"score"	"label"	"x0"	"y0"	"x1"	"y1"
0.3858058750629425	"woman"	275.3625793457031	110.12476348876953	431.1805725097656	330.2405700683594
0.3898818790912628	"woman"	274.95550537109375	109.89432525634766	468.7840576171875	330.40667724609375
