"score"	"label"	"x0"	"y0"	"x1"	"y1"
0.3798419237136841	"m ; a ; n"	42.805389404296875	64.67010498046875	366.9326171875	598.2836303710938
