"score"	"label"	"x0"	"y0"	"x1"	"y1"
0.2621683180332184	"man"	39.13581085205078	219.2395477294922	56.15801239013672	242.3479766845703
