"score"	"label"	"x0"	"y0"	"x1"	"y1"
0.5992358922958374	"man"	216.3733367919922	190.178466796875	332.21746826171875	377.9541015625
0.2733796238899231	"man"	61.060516357421875	174.91558837890625	145.72801208496094	377.7440185546875
