"score"	"label"	"x0"	"y0"	"x1"	"y1"
0.5666453242301941	"man"	296.6112976074219	43.72251892089844	447.2975158691406	464.7119140625
0.5092753767967224	"woman"	83.19624328613281	0.1808624267578125	217.18846130371097	465.7229614257813
