"score"	"label"	"x0"	"y0"	"x1"	"y1"
0.32039204239845276	"m a n"	230.65000915527344	44.97798156738281	498.8111572265625	374.0467529296875
0.2623925805091858	"m a"	2.268157958984375	71.3914794921875	267.0696716308594	374.2779235839844
