"score"	"label"	"x0"	"y0"	"x1"	"y1"
0.33555877208709717	"man"	250.63858032226562	128.95094299316406	288.5771789550781	179.94862365722656
