score	label	x0	y0	x1	y1
0.3955724835395813	woman	285.6913757324219	214.6219024658203	432.4485778808594	597.6450805664062
0.3461231887340545	man	126.7569351196289	207.8530731201172	262.6226806640625	597.7225952148438
0.2781575322151184	woman	229.0634307861328	221.890625	320.3892517089844	597.8301391601562
