"score"	"label"	"x0"	"y0"	"x1"	"y1"
0.2597469687461853	"woman"	364.02532958984375	208.74020385742188	512.6595458984375	439.5103454589844
0.2981955409049988	"woman"	364.4059143066406	209.0325164794922	511.7129211425781	389.8140869140625
