score	label	x0	y0	x1	y1
0.2649917900562286	man	407.9827270507813	369.0626220703125	428.015380859375	400.21051025390625
