"score"	"label"	"x0"	"y0"	"x1"	"y1"
0.3760477304458618	"man"	74.62413024902344	323.1138916015625	99.36253356933594	398.147705078125
0.32756051421165466	"man"	124.59337615966797	323.4053649902344	145.67657470703125	397.7913513183594
0.2514590919017792	"man"	73.03298950195312	320.3917541503906	146.78488159179688	400.3089294433594
0.25038430094718933	"woman"	246.18624877929688	0.043170928955078125	300.6427307128906	52.01040267944336
