"score"	"label"	"x0"	"y0"	"x1"	"y1"
0.794152021408081	"man"	39.11859130859375	86.22171020507812	315.2646179199219	549.814208984375
0.29302915930747986	"man"	130.96377563476562	417.82086181640625	329.8230285644531	549.79736328125
