score	label	x0	y0	x1	y1
0.4365110397338867	man	217.3078460693359	55.143218994140625	339.005126953125	559.38134765625
0.3816740810871124	woman	267.5403137207031	175.08982849121094	381.6169738769531	573.5069580078125
0.3226907551288605	woman	2.7824249267578125	71.80616760253906	237.87847900390625	564.9100952148438
