"score"	"label"	"x0"	"y0"	"x1"	"y1"
0.4272911846637726	"man"	36.025115966796875	69.8984375	377.0703430175781	458.5601806640625
0.3327392637729645	"man"	356.594482421875	58.86174011230469	537.8886108398438	458.95245361328125
0.32068368792533875	"man"	227.49200439453125	93.00039672851562	376.16754150390625	458.8686218261719
