"score"	"label"	"x0"	"y0"	"x1"	"y1"
0.2758125364780426	"m a"	1.9681396484375	1.8961944580078125	598.4217529296875	404.0921630859375
