"score"	"label"	"x0"	"y0"	"x1"	"y1"
0.37309134006500244	"woman"	59.42399597167969	3.394439697265625	342.3072509765625	514.2340087890625
0.2701337933540344	"woman"	3.84185791015625	1.664306640625	345.08514404296875	516.19287109375
