"score"	"label"	"x0"	"y0"	"x1"	"y1"
0.3498914837837219	"woman"	0.04724550247192383	0.18670654296875	12.454553604125977	125.16228485107422
0.25523343682289124	"woman"	0.06936120986938477	64.54088592529297	11.645694732666016	124.59285736083984
0.2556747496128082	"woman"	0.1490650177001953	0.34899139404296875	19.038074493408203	143.92257690429688
