"score"	"label"	"x0"	"y0"	"x1"	"y1"
0.36418724060058594	"woman"	370.5888366699219	101.87068176269531	415.6628112792969	169.2604217529297
0.2575225234031677	"woman"	389.9329833984375	105.39250946044922	414.88616943359375	168.59576416015625
