"score"	"label"	"x0"	"y0"	"x1"	"y1"
0.4671995937824249	"woman"	74.06875610351562	112.03211975097656	98.41923522949219	146.29127502441406
0.349681556224823	"man"	74.69364166259766	112.2588882446289	98.19042205810547	146.21636962890625
0.25584733486175537	"woman"	65.30421447753906	109.10371398925781	102.62835693359375	146.4838409423828
