"score"	"label"	"x0"	"y0"	"x1"	"y1"
0.3222784996032715	"woman"	0.439788818359375	0.9150390625	530.731201171875	269.54296875
