"score"	"label"	"x0"	"y0"	"x1"	"y1"
0.5385019183158875	"man"	413.632080078125	91.5638427734375	599.68798828125	446.82940673828125
0.29155388474464417	"man"	450.78179931640625	91.82344055175781	599.7262573242188	446.6329345703125
