score	label	x0	y0	x1	y1
0.3782683908939361	man	257.31744384765625	271.8676452636719	359.51544189453125	402.6958923339844
0.2821716666221618	woman	77.00904846191406	252.7159118652344	197.0514678955078	402.7729797363281
