"score"	"label"	"x0"	"y0"	"x1"	"y1"
0.6039353609085083	"man"	235.70748901367188	177.94081115722656	318.0602111816406	444.456787109375
0.457909494638443	"woman"	163.1389617919922	187.1228485107422	248.5187225341797	436.86737060546875
0.49755793809890747	"woman"	93.9526138305664	181.02664184570312	176.49429321289062	435.7225646972656
