"score"	"label"	"x0"	"y0"	"x1"	"y1"
0.6321069598197937	"man"	129.41311645507812	32.45940399169922	264.8089294433594	211.6114501953125
0.41937530040740967	"man"	218.17572021484375	169.88609313964844	346.38299560546875	369.0528564453125
0.3329204320907593	"man"	353.20184326171875	38.99549865722656	503.33984375	368.9178466796875
