"score"	"label"	"x0"	"y0"	"x1"	"y1"
0.37918540835380554	"woman"	168.6078338623047	94.45624542236328	431.2384033203125	277.62939453125
