"score"	"label"	"x0"	"y0"	"x1"	"y1"
0.3239884674549103	"woman"	116.35919189453125	135.45335388183594	536.8298950195312	268.895263671875
