"score"	"label"	"x0"	"y0"	"x1"	"y1"
0.4209775626659393	"woman"	175.71334838867188	269.82525634765625	338.9225158691406	544.20849609375
0.3909298777580261	"man"	61.98680114746094	264.534423828125	231.8005218505859	515.5360717773438
