"score"	"label"	"x0"	"y0"	"x1"	"y1"
0.832053005695343	"woman"	151.12648010253906	111.18545532226562	586.6270751953125	597.9549560546875
