"score"	"label"	"x0"	"y0"	"x1"	"y1"
0.3716961443424225	"woman"	60.77595520019531	87.8431167602539	316.18939208984375	280.24920654296875
0.27308782935142517	"woman"	419.8665466308594	104.19447326660156	527.46142578125	269.23065185546875
0.2643071115016937	"man"	419.924072265625	104.38215637207031	527.35009765625	269.2225341796875
0.2772068679332733	"woman"	110.40432739257812	89.97449493408203	314.6007385253906	278.70391845703125
0.2720540761947632	"woman"	21.311920166015625	84.484130859375	578.2373046875	280.3055419921875
