"score"	"label"	"x0"	"y0"	"x1"	"y1"
0.6044115424156189	"man"	30.492019653320312	79.10716247558594	357.35296630859375	549.7694091796875
