"score"	"label"	"x0"	"y0"	"x1"	"y1"
0.27895739674568176	"w o"	8.644943237304688	39.71194076538086	241.4469757080078	115.15678405761719
