"score"	"label"	"x0"	"y0"	"x1"	"y1"
0.6407968401908875	"man"	218.1133728027344	50.75932312011719	334.0762023925781	554.402099609375
0.4754879474639892	"woman"	27.553253173828125	64.44383239746094	232.37478637695312	558.9925537109375
