"score"	"label"	"x0"	"y0"	"x1"	"y1"
0.6334719657897949	"man"	1.6863555908203125	34.13555908203125	371.86895751953125	542.377685546875
0.38639745116233826	"woman"	1.4425048828125	34.396087646484375	372.0308837890625	542.8970947265625
