score	label	x0	y0	x1	y1
0.4409548044204712	woman	1.12945556640625	97.08795166015624	162.5248260498047	433.525634765625
