"score"	"label"	"x0"	"y0"	"x1"	"y1"
0.4144478738307953	"man"	4.1536865234375	1.6834259033203125	596.1351928710938	408.677490234375
0.2771667540073395	"man"	202.91433715820312	139.53994750976562	394.1307067871094	288.4450988769531
