score	label	x0	y0	x1	y1
0.4058614671230316	woman	245.020751953125	281.204345703125	390.33349609375	595.5623779296875
0.3937201499938965	man	329.94342041015625	272.20489501953125	464.8748168945313	594.5601196289062
