score	label	x0	y0	x1	y1
0.3061400055885315	woman	563.3922729492188	-0.0028667449951171	591.7055053710938	20.95772171020508
