"score"	"label"	"x0"	"y0"	"x1"	"y1"
0.3649761378765106	"man"	285.90618896484375	215.43698120117188	432.1669921875	598.4417724609375
0.36113497614860535	"man"	127.43091583251953	208.33648681640625	261.92431640625	598.33349609375
0.3253561556339264	"man"	77.98843383789062	230.15602111816406	165.2160186767578	598.6480102539062
0.3014271855354309	"man"	446.25372314453125	265.16778564453125	561.2806396484375	598.7218627929688
0.2854885756969452	"man"	229.97116088867188	222.5652313232422	320.0319519042969	598.5537719726562
0.25276654958724976	"man"	427.2046203613281	269.0380859375	503.8397521972656	598.1253051757812
