"score"	"label"	"x0"	"y0"	"x1"	"y1"
0.2924221158027649	"woman"	131.53472900390625	280.0722961425781	272.4301452636719	339.2030334472656
0.26610127091407776	"man"	131.6504364013672	280.35174560546875	272.2894287109375	339.3017578125
