"score"	"label"	"x0"	"y0"	"x1"	"y1"
0.4614700973033905	"woman"	94.36750793457033	133.27145385742188	203.05320739746097	364.1961669921875
