"score"	"label"	"x0"	"y0"	"x1"	"y1"
0.8680617809295654	"man"	108.80455017089844	90.24455261230469	391.3004150390625	593.2405395507812
