"score"	"label"	"x0"	"y0"	"x1"	"y1"
0.5956636071205139	"man"	255.35499572753906	147.45883178710938	376.4787292480469	538.7581787109375
0.29475918412208557	"woman"	256.0481262207031	147.99356079101562	375.9652404785156	538.642578125
