"score"	"label"	"x0"	"y0"	"x1"	"y1"
0.3913140296936035	"woman"	308.89056396484375	218.94166564941406	325.019287109375	247.5934295654297
0.31176772713661194	"woman"	298.9355773925781	216.23255920410156	325.0458679199219	248.4039764404297
