"score"	"label"	"x0"	"y0"	"x1"	"y1"
0.3338722884654999	"m a"	247.35183715820312	90.90025329589844	416.5612487792969	594.6561889648438
0.268655389547348	"a"	247.4597625732422	91.12960815429688	416.6011962890625	594.4677734375
0.2518828511238098	"m"	5.66864013671875	93.09719848632812	137.47549438476562	594.3675537109375
