"score"	"label"	"x0"	"y0"	"x1"	"y1"
0.5371741652488708	"man"	10.335464477539062	9.935546875	397.36029052734375	473.496337890625
