"score"	"label"	"x0"	"y0"	"x1"	"y1"
0.5258734822273254	"woman"	205.00799560546875	57.199249267578125	421.412841796875	549.068603515625
0.4387989342212677	"man"	0.31146240234375	123.2415771484375	257.68450927734375	548.985595703125
