"score"	"label"	"x0"	"y0"	"x1"	"y1"
0.3345400393009186	"man"	101.57322692871094	102.49911499023438	519.36328125	308.7224426269531
