score	label	x0	y0	x1	y1
0.4747641086578369	woman	32.74431610107422	30.29425048828125	244.9916076660156	587.1826171875
