"score"	"label"	"x0"	"y0"	"x1"	"y1"
0.49261531233787537	"woman"	240.021728515625	229.72735595703125	422.77215576171875	556.5037841796875
0.6509877443313599	"man"	5.48382568359375	109.43235778808594	260.0040588378906	542.7975463867188
0.37782159447669983	"woman"	240.25799560546875	229.55462646484375	422.69097900390625	556.2998046875
0.3452822268009186	"woman"	159.8287353515625	134.23619079589844	299.3380126953125	472.41693115234375
0.2608225345611572	"woman"	160.23703002929688	134.2766876220703	299.16705322265625	472.35009765625
