"score"	"label"	"x0"	"y0"	"x1"	"y1"
0.2833814322948456	"m a"	217.12109375	15.0972900390625	322.88726806640625	485.1944885253906
