"score"	"label"	"x0"	"y0"	"x1"	"y1"
0.4180653393268585	"woman"	113.23340606689453	124.25276184082031	175.50222778320312	251.04005432128906
0.37585410475730896	"woman"	170.57470703125	136.37905883789062	225.8814697265625	260.53118896484375
0.3621261715888977	"woman"	216.57476806640625	118.47594451904297	269.9083251953125	259.6435241699219
0.31460827589035034	"woman"	252.6759796142578	194.7777099609375	323.79595947265625	272.7575378417969
