"score"	"label"	"x0"	"y0"	"x1"	"y1"
0.7543390393257141	"man"	444.5708923339844	407.44464111328125	457.1788635253906	439.928466796875
