"score"	"label"	"x0"	"y0"	"x1"	"y1"
0.26805227994918823	"woman"	219.84115600585938	144.62216186523438	256.65179443359375	171.44125366210938
0.30413126945495605	"woman"	228.65179443359375	146.1842803955078	255.15655517578125	170.13148498535156
0.28527140617370605	"woman"	70.03462219238281	51.41868591308594	544.91015625	400.57354736328125
0.27209725975990295	"man"	228.78578186035156	146.28562927246094	255.39210510253906	170.35398864746094
