"score"	"label"	"x0"	"y0"	"x1"	"y1"
0.879245400428772	"woman"	50.34590148925781	106.97640991210938	380.77984619140625	597.4461669921875
