"score"	"label"	"x0"	"y0"	"x1"	"y1"
0.6230907440185547	"woman"	579.0812377929688	159.6326904296875	599.9827270507812	283.2124938964844
0.5814209580421448	"woman"	29.995697021484375	154.1304168701172	165.51219177246094	325.5496826171875
0.3760682940483093	"woman"	107.04946899414062	159.43798828125	220.24273681640625	313.5548095703125
0.3488481044769287	"woman"	174.59478759765625	163.66810607910156	281.75482177734375	303.7587890625
0.38612014055252075	"woman"	498.2577209472656	167.17184448242188	527.6356811523438	257.61859130859375
