"score"	"label"	"x0"	"y0"	"x1"	"y1"
0.8553841710090637	"woman"	283.2452392578125	120.7476577758789	351.5452880859375	296.4912414550781
