"score"	"label"	"x0"	"y0"	"x1"	"y1"
0.25440964102745056	"w"	51.63078308105469	44.37147521972656	391.646240234375	549.6673583984375
