"score"	"label"	"x0"	"y0"	"x1"	"y1"
0.5380110740661621	"man"	258.703369140625	123.83544921875	350.46112060546875	402.54742431640625
0.527195155620575	"woman"	333.0882873535156	107.4012680053711	434.4687805175781	300.9951477050781
0.2728669345378876	"man"	257.4331970214844	106.80705261230467	434.2041320800781	401.9805908203125
