"score"	"label"	"x0"	"y0"	"x1"	"y1"
0.2742471396923065	"a"	6.0196533203125	5.1723785400390625	595.6491088867188	416.81597900390625
