"score"	"label"	"x0"	"y0"	"x1"	"y1"
0.298115998506546	"woman"	163.32733154296875	140.29046630859375	263.5776672363281	254.04998779296875
