"score"	"label"	"x0"	"y0"	"x1"	"y1"
0.3947043716907501	"man"	35.21897888183594	151.47396850585938	171.33023071289062	375.5692443847656
0.2714756429195404	"man"	34.82650375366211	78.97834777832031	109.56211853027344	257.41387939453125
0.25956690311431885	"woman"	96.66500854492188	94.08750915527344	176.35751342773438	237.98008728027344
0.2556728422641754	"man"	32.968955993652344	78.6488037109375	174.4002685546875	376.48870849609375
0.29756155610084534	"woman"	35.25775146484375	151.41732788085938	171.321044921875	375.5666198730469
