score	label	x0	y0	x1	y1
0.3193496763706207	man	285.419677734375	21.705150604248047	318.533203125	75.01141357421875
