"score"	"label"	"x0"	"y0"	"x1"	"y1"
0.33197450637817383	"man"	214.8263702392578	221.07107543945312	247.57273864746094	279.19635009765625
0.3373064398765564	"man"	202.38038635253906	104.06291198730469	250.4282684326172	163.1147003173828
0.3396308124065399	"man"	271.82647705078125	105.1751937866211	319.32568359375	162.51788330078125
0.33135947585105896	"man"	113.55828094482422	86.1977767944336	172.3210906982422	161.107421875
0.2999991178512573	"man"	341.76092529296875	193.92037963867188	381.71783447265625	246.15554809570312
0.2852429449558258	"man"	406.6207275390625	104.67398071289062	444.04974365234375	158.61282348632812
0.31968462467193604	"man"	126.49652862548828	206.92202758789062	163.80914306640625	248.942626953125
0.28022730350494385	"man"	344.4924621582031	105.43328857421875	379.0596618652344	161.04156494140625
