score	label	x0	y0	x1	y1
0.4182235300540924	man	483.8106384277344	216.24310302734375	499.6499328613281	253.17965698242188
0.3388226628303528	woman	517.8298950195312	218.2134552001953	538.4794311523438	254.5356903076172
0.2676949799060821	woman	503.7933654785156	226.5313262939453	517.7557983398438	255.72474670410156
