score	label	x0	y0	x1	y1
0.2774450182914734	man woman	23.716339111328125	144.2464141845703	570.1961669921875	382.0056762695313
