"score"	"label"	"x0"	"y0"	"x1"	"y1"
0.3331761360168457	"m"	106.26748657226562	67.41281127929688	269.82916259765625	476.3587951660156
