score	label	x0	y0	x1	y1
0.3208798766136169	man	292.7865905761719	359.01373291015625	318.0389709472656	405.84130859375
0.2979800999164581	man	531.9500732421875	284.4305114746094	557.158203125	327.6648864746094
