"score"	"label"	"x0"	"y0"	"x1"	"y1"
0.48072192072868347	"woman"	3.3406219482421875	59.641143798828125	374.62774658203125	596.224609375
0.38954877853393555	"man"	2.969757080078125	60.438690185546875	373.6573486328125	596.90625
