score	label	x0	y0	x1	y1
0.5672218203544617	woman	205.59927368164065	103.82731628417967	281.6521301269531	313.67327880859375
0.5566805005073547	man	369.6796875	92.27765655517578	472.60638427734375	315.80023193359375
