"score"	"label"	"x0"	"y0"	"x1"	"y1"
0.3295405507087707	"woman"	389.987060546875	133.46426391601562	516.707763671875	555.9912109375
0.3244420289993286	"woman"	92.82921600341795	129.3780975341797	181.63253784179688	496.42730712890625
0.2780163586139679	"woman"	510.1151123046875	126.061767578125	598.890380859375	569.285400390625
0.2619768679141998	"man"	172.1273193359375	167.1988983154297	270.2510986328125	426.33978271484375
