"score"	"label"	"x0"	"y0"	"x1"	"y1"
0.4321444034576416	"woman"	268.95367431640625	191.73715209960938	280.2783203125	210.39666748046875
0.2623060643672943	"man"	270.3900146484375	192.27122497558594	279.97711181640625	209.0396270751953
0.2601938545703888	"man"	268.76287841796875	192.4312286376953	279.25189208984375	210.4866485595703
