"score"	"label"	"x0"	"y0"	"x1"	"y1"
0.48700854182243347	"woman"	71.93753051757812	50.865814208984375	279.6797790527344	563.3167724609375
0.27359941601753235	"man"	71.7860107421875	50.35821533203125	279.5308837890625	562.8972778320312
