"score"	"label"	"x0"	"y0"	"x1"	"y1"
0.3894647359848022	"woman"	175.37551879882812	269.16143798828125	340.0010681152344	544.4244384765625
0.3130325675010681	"woman"	60.96483612060547	264.436767578125	231.77728271484375	515.9658813476562
