"score"	"label"	"x0"	"y0"	"x1"	"y1"
0.48558661341667175	"man woman"	113.4151382446289	295.68865966796875	152.79153442382812	397.7567138671875
0.36653605103492737	"woman"	114.25010681152344	296.4521789550781	151.9544219970703	397.2145080566406
