"score"	"label"	"x0"	"y0"	"x1"	"y1"
0.48353105783462524	"man"	125.15426635742188	17.255508422851562	348.8111572265625	374.74859619140625
0.34418120980262756	"man"	216.66909790039062	19.52630615234375	324.3910217285156	273.3343811035156
