score	label	x0	y0	x1	y1
0.4756701588630676	man	134.15374755859375	45.236572265625	290.00732421875	560.8412475585938
