"score"	"label"	"x0"	"y0"	"x1"	"y1"
0.34849268198013306	"man"	272.80999755859375	125.43233489990234	321.31866455078125	250.38748168945312
