score	label	x0	y0	x1	y1
0.3095601499080658	woman	396.50042724609375	189.52166748046875	446.9386596679687	333.24334716796875
0.2654816210269928	man	434.1300354003906	207.5362243652344	513.56201171875	385.5047912597656
0.2613058388233185	woman	351.63031005859375	190.20489501953125	409.0276489257813	347.310302734375
