"score"	"label"	"x0"	"y0"	"x1"	"y1"
0.7315565943717957	"woman"	280.7303771972656	251.8864593505859	316.0939025878906	341.2842712402344
0.4495175182819366	"man"	307.8015441894531	247.34124755859375	336.0625305175781	339.016845703125
