"score"	"label"	"x0"	"y0"	"x1"	"y1"
0.5135421752929688	"man"	354.34326171875	213.0658264160156	449.3697509765625	376.6712951660156
0.4382321834564209	"man"	174.85540771484375	226.82809448242188	272.75384521484375	381.4483337402344
0.4250719845294952	"man"	268.7050476074219	217.98731994628903	360.9983215332031	368.0787963867187
0.3745459616184234	"woman"	318.93682861328125	91.0571746826172	385.4390869140625	285.98486328125
0.3445545434951782	"man"	186.35287475585935	101.09625244140624	275.2174377441406	279.80535888671875
0.2986124455928802	"man"	367.972900390625	88.3047103881836	439.9154052734375	251.83612060546875
0.2935269176959991	"woman"	252.34017944335935	90.18905639648438	322.9884948730469	284.15289306640625
0.2748911082744598	"man"	175.41737365722656	86.97000122070312	449.5232543945313	379.43646240234375
