"score"	"label"	"x0"	"y0"	"x1"	"y1"
0.46284058690071106	"woman"	280.59820556640625	241.139892578125	293.826904296875	277.1275634765625
0.3812471926212311	"woman"	269.8954162597656	241.8174285888672	281.8951110839844	272.7613830566406
