"score"	"label"	"x0"	"y0"	"x1"	"y1"
0.8742246627807617	"man"	161.80224609375	54.408355712890625	358.52239990234375	506.8840637207031
