"score"	"label"	"x0"	"y0"	"x1"	"y1"
0.28816917538642883	"man"	337.64544677734375	200.06153869628906	599.7782592773438	267.4833984375
0.2506568133831024	"man"	571.5368041992188	157.2685089111328	580.1305541992188	162.2415313720703
0.27098244428634644	"man"	212.28404235839844	333.9107666015625	599.8927612304688	372.545654296875
