"score"	"label"	"x0"	"y0"	"x1"	"y1"
0.3352768123149872	"m ; a"	3.784271240234375	25.954498291015625	416.60595703125	580.4473876953125
0.25273820757865906	"a"	3.7791595458984375	26.383575439453125	416.49755859375	580.3740234375
