"score"	"label"	"x0"	"y0"	"x1"	"y1"
0.2777383029460907	"w a"	16.019073486328125	61.342254638671875	374.88189697265625	549.73876953125
