"score"	"label"	"x0"	"y0"	"x1"	"y1"
0.31704768538475037	"man"	484.88433837890625	288.58233642578125	505.8634033203125	365.771240234375
0.34366345405578613	"man"	170.13369750976562	105.67235565185547	187.06008911132812	151.8745880126953
0.3612678647041321	"man"	143.744384765625	108.34938049316406	159.89715576171875	148.4889678955078
0.3242921829223633	"man"	469.6066589355469	292.2609558105469	492.2638854980469	360.6764221191406
0.3293524980545044	"man"	200.10272216796875	101.81099700927734	220.47979736328125	154.35789489746094
0.29712432622909546	"man"	504.0868835449219	336.6288757324219	556.0252685546875	396.1052551269531
0.2687285244464874	"man"	477.6205139160156	330.11126708984375	525.5986328125	392.67626953125
