"score"	"label"	"x0"	"y0"	"x1"	"y1"
0.49490103125572205	"man"	194.05941772460938	256.86346435546875	329.7973327636719	551.6900634765625
0.43712809681892395	"woman"	361.883056640625	203.74241638183594	467.51373291015625	570.7228393554688
