score	label	x0	y0	x1	y1
0.2713717222213745	woman	436.169921875	237.1473388671875	447.03179931640625	253.71197509765625
