"score"	"label"	"x0"	"y0"	"x1"	"y1"
0.5184941291809082	"man"	578.7747192382812	128.8738555908203	598.1683959960938	154.1155548095703
