"score"	"label"	"x0"	"y0"	"x1"	"y1"
0.4490443468093872	"woman"	361.1580810546875	65.86572265625	475.6597900390625	437.14398193359375
0.3401450514793396	"man"	446.19293212890625	35.660736083984375	598.3229370117188	436.7893371582031
