"score"	"label"	"x0"	"y0"	"x1"	"y1"
0.6812098622322083	"man"	206.79641723632812	128.34535217285156	358.9507141113281	509.51116943359375
0.2765781581401825	"man"	393.53216552734375	134.24583435058594	531.4315795898438	497.0028076171875
