score	label	x0	y0	x1	y1
0.4959834516048431	woman	258.2231140136719	196.0009765625	329.9620666503906	405.6929931640625
0.3681392073631286	man	462.5435485839844	195.96502685546875	561.5408935546875	413.06500244140625
0.2969982624053955	man	36.06770706176758	194.0632171630859	121.73268127441406	414.93212890625
0.2604567110538482	man	398.5017395019531	193.13800048828125	478.3837585449219	409.4729614257813
