"score"	"label"	"x0"	"y0"	"x1"	"y1"
0.3635660409927368	"man"	208.5759124755859	95.79115295410156	252.9113311767578	193.6777801513672
0.348902553319931	"woman"	141.71041870117188	127.89568328857422	259.0164794921875	338.90887451171875
