"score"	"label"	"x0"	"y0"	"x1"	"y1"
0.46542757749557495	"woman"	288.3728942871094	96.04134368896484	331.5332336425781	158.37863159179688
0.39947324991226196	"man"	379.71185302734375	73.3605728149414	431.22637939453125	151.98995971679688
