score	label	x0	y0	x1	y1
0.4493499100208282	woman	199.1417999267578	370.6692810058594	282.46038818359375	456.4743347167969
