"score"	"label"	"x0"	"y0"	"x1"	"y1"
0.4751911759376526	"man"	16.0493106842041	202.4649353027344	64.55201721191406	275.521240234375
0.3252646327018738	"woman"	173.9226531982422	227.8310089111328	224.6181182861328	337.948974609375
0.2532685101032257	"woman"	175.4188232421875	279.615234375	223.94891357421875	337.46832275390625
