"score"	"label"	"x0"	"y0"	"x1"	"y1"
0.334780216217041	"woman"	320.8180847167969	44.155609130859375	484.7398986816406	382.375
