"score"	"label"	"x0"	"y0"	"x1"	"y1"
0.8569169640541077	"man"	109.71316528320312	54.52946472167969	296.5856018066406	492.4390869140625
