"score"	"label"	"x0"	"y0"	"x1"	"y1"
0.302224338054657	"woman"	523.9638061523438	205.2444610595703	541.7725219726562	252.8905792236328
