"score"	"label"	"x0"	"y0"	"x1"	"y1"
0.4476494491100311	"woman"	108.25257873535156	50.986968994140625	430.9249877929687	592.4276123046875
