"score"	"label"	"x0"	"y0"	"x1"	"y1"
0.4890520572662353	"woman"	468.966064453125	241.2145233154297	499.1859130859375	296.9376525878906
