"score"	"label"	"x0"	"y0"	"x1"	"y1"
0.3702702224254608	"man"	270.0750732421875	58.77717971801758	330.50994873046875	158.84767150878906
0.3824092447757721	"man"	130.68104553222656	62.9576416015625	216.33839416503906	154.8699951171875
0.313803493976593	"man"	361.9480895996094	124.67324829101562	477.3711853027344	315.7239074707031
0.30864956974983215	"man"	166.29025268554688	94.06272888183594	274.6131591796875	276.03375244140625
0.2678127884864807	"man"	313.570556640625	101.90653228759766	382.66961669921875	234.1859130859375
0.2561100423336029	"man"	165.47756958007812	93.82384490966797	275.2065124511719	316.7456359863281
