"score"	"label"	"x0"	"y0"	"x1"	"y1"
0.3126300275325775	"m ; a ; n"	100.883544921875	101.84407806396484	519.0421142578125	309.797119140625
