"score"	"label"	"x0"	"y0"	"x1"	"y1"
0.3758852779865265	"woman"	200.66966247558594	118.79203033447266	212.80210876464844	140.72607421875
0.29320821166038513	"man"	201.28970336914062	119.12677764892578	212.38150024414062	140.32823181152344
