"score"	"label"	"x0"	"y0"	"x1"	"y1"
0.27019554376602173	"m"	3.2781982421875	3.389190673828125	388.6942138671875	532.999755859375
0.30952581763267517	"m"	20.665664672851562	137.35702514648438	301.79168701171875	525.9151611328125
