"score"	"label"	"x0"	"y0"	"x1"	"y1"
0.25429239869117737	"man"	174.45285034179688	457.6197509765625	296.8374328613281	529.1263427734375
0.25370699167251587	"man"	192.07044982910156	323.4318542480469	222.3425750732422	372.3783264160156
