"score"	"label"	"x0"	"y0"	"x1"	"y1"
0.5415706038475037	"man"	313.54205322265625	254.85296630859375	332.64886474609375	280.4920654296875
0.34794682264328003	"woman"	313.81561279296875	255.01449584960938	332.39031982421875	280.3323059082031
