"score"	"label"	"x0"	"y0"	"x1"	"y1"
0.43184927105903625	"woman"	83.48220825195312	425.2767028808594	97.11904907226562	463.8479919433594
0.25112733244895935	"woman"	82.45117950439453	424.04229736328125	113.04715728759766	464.0682373046875
0.25139930844306946	"woman"	102.46498107910156	426.7852478027344	114.03836059570312	463.2496032714844
0.3054960370063782	"man"	84.02247619628906	425.6520690917969	96.77960205078125	463.6736145019531
