"score"	"label"	"x0"	"y0"	"x1"	"y1"
0.3026304244995117	"m"	3.28045654296875	134.30441284179688	598.734619140625	268.8540344238281
0.2506606876850128	"a"	3.071197509765625	133.93467712402344	598.72021484375	269.12957763671875
