score	label	x0	y0	x1	y1
0.3234783411026001	man	288.8232421875	168.78399658203125	311.8778076171875	200.19036865234375
0.2743659913539886	woman	56.03741455078125	128.17880249023438	494.92486572265625	353.7818603515625
