"score"	"label"	"x0"	"y0"	"x1"	"y1"
0.4156427681446075	"man"	357.4378356933594	314.2046203613281	481.5702819824219	510.6269226074219
0.4107227921485901	"woman"	115.89236450195312	313.9127197265625	376.7508239746094	515.17041015625
0.2548259496688843	"woman"	42.09065246582031	333.55328369140625	314.240234375	454.0970458984375
