"score"	"label"	"x0"	"y0"	"x1"	"y1"
0.45931029319763184	"woman"	174.8142547607422	361.77069091796875	599.6240844726562	530.6749267578125
