score	label	x0	y0	x1	y1
0.2974741160869598	man	-0.0054578781127929	62.91197967529297	9.420026779174805	141.17510986328125
