"score"	"label"	"x0"	"y0"	"x1"	"y1"
0.34946003556251526	"man"	124.29208374023438	300.12933349609375	158.32916259765625	339.40753173828125
0.25026458501815796	"man"	123.29057312011719	288.9187316894531	162.3172149658203	340.7494201660156
