"score"	"label"	"x0"	"y0"	"x1"	"y1"
0.5711523294448853	"man"	181.51528930664062	225.34991455078125	390.7056579589844	308.7567138671875
0.28857898712158203	"woman"	182.41087341308594	225.83584594726562	390.460693359375	308.7543029785156
