"score"	"label"	"x0"	"y0"	"x1"	"y1"
0.40642592310905457	"woman"	45.41346740722656	11.327445983886719	317.48309326171875	245.06866455078125
0.3471875488758087	"man"	45.08012390136719	11.364837646484375	317.56512451171875	244.9683837890625
0.2515239715576172	"man"	98.08718872070312	64.82843017578125	256.0377197265625	189.46815490722656
