"score"	"label"	"x0"	"y0"	"x1"	"y1"
0.3341685533523559	"man"	107.63280487060548	291.98834228515625	120.4028549194336	314.20196533203125
