"score"	"label"	"x0"	"y0"	"x1"	"y1"
0.4286149442195892	"woman"	333.0403747558594	131.02871704101562	373.7926330566406	276.9388732910156
