"score"	"label"	"x0"	"y0"	"x1"	"y1"
0.26923590898513794	"man"	579.5913696289062	144.84320068359375	599.6874389648438	177.655029296875
