"score"	"label"	"x0"	"y0"	"x1"	"y1"
0.7122015357017517	"woman"	105.12200927734375	198.3643798828125	170.36618041992188	365.515869140625
0.6784014105796814	"woman"	158.43765258789062	198.82662963867188	216.74371337890625	365.7882995605469
0.6413015127182007	"woman"	257.65252685546875	199.4339599609375	311.46246337890625	365.9981689453125
0.6265655755996704	"woman"	210.78346252441406	202.5614013671875	265.0168151855469	362.98638916015625
