"score"	"label"	"x0"	"y0"	"x1"	"y1"
0.3545767366886139	"m ; a ; n"	72.7720947265625	50.928375244140625	280.60552978515625	563.240234375
