"score"	"label"	"x0"	"y0"	"x1"	"y1"
0.3915123641490936	"woman"	239.7760467529297	241.6763610839844	252.9558563232422	264.1912536621094
0.2711533308029175	"woman"	198.69046020507812	242.53094482421875	209.79165649414065	260.0580139160156
0.2608931362628937	"woman"	195.1547088623047	240.8463134765625	212.2174835205078	261.54071044921875
0.2537146806716919	"woman"	236.8796844482422	238.90896606445312	256.8575134277344	266.7914733886719
