"score"	"label"	"x0"	"y0"	"x1"	"y1"
0.3178834617137909	"m ; a ;"	67.87042236328125	8.350723266601562	467.36083984375	300.53887939453125
