"score"	"label"	"x0"	"y0"	"x1"	"y1"
0.26140913367271423	"a"	205.212890625	185.04006958007812	400.5274658203125	548.9744873046875
