"score"	"label"	"x0"	"y0"	"x1"	"y1"
0.34358805418014526	"woman"	8.932266235351562	11.113739013671875	397.5545654296875	475.1908874511719
0.3207557499408722	"man"	8.3328857421875	11.050201416015625	397.8834533691406	475.1772155761719
0.2813102602958679	"woman"	8.058609008789062	10.305938720703125	398.37432861328125	474.897705078125
