"score"	"label"	"x0"	"y0"	"x1"	"y1"
0.2963323295116424	"woman"	259.1142272949219	97.64385223388672	271.2480773925781	117.46839141845705
