"score"	"label"	"x0"	"y0"	"x1"	"y1"
0.4747806191444397	"woman"	7.842422485351563	95.935791015625	262.793212890625	598.2907104492188
0.3798806667327881	"man"	52.46003723144531	61.05072021484375	405.5953369140625	597.6532592773438
