"score"	"label"	"x0"	"y0"	"x1"	"y1"
0.5738354921340942	"woman"	173.54530334472656	135.97531127929688	269.6928405761719	278.9126281738281
0.3905223309993744	"woman"	270.26800537109375	239.16165161132812	359.465576171875	367.1647644042969
0.3609778881072998	"woman"	189.60983276367188	252.92250061035156	262.4148864746094	380.2554016113281
0.35864609479904175	"woman"	132.4291534423828	255.54324340820312	202.92494201660156	383.2902526855469
0.2987348139286041	"woman"	55.77220153808594	274.7456359863281	138.4554443359375	375.6546936035156
