"score"	"label"	"x0"	"y0"	"x1"	"y1"
0.3196775317192077	"woman"	419.0432739257813	167.74929809570312	433.13421630859375	203.978271484375
0.2930567860603332	"woman"	451.7537841796875	167.0829315185547	465.277099609375	200.1374664306641
