"score"	"label"	"x0"	"y0"	"x1"	"y1"
0.33962681889533997	"man"	56.15879821777344	1.8562469482421875	340.62158203125	513.4017944335938
0.29969584941864014	"man"	11.790496826171875	1.664886474609375	343.373779296875	515.192138671875
0.2523547410964966	"woman"	14.913345336914062	1.721923828125	342.7852783203125	514.4437866210938
0.2622862160205841	"woman"	56.41908264160156	1.9561767578125	340.71142578125	514.158203125
