"score"	"label"	"x0"	"y0"	"x1"	"y1"
0.41560253500938416	"woman"	142.45974731445312	387.9404602050781	163.87979125976562	435.9059143066406
0.4116993546485901	"woman"	158.2100067138672	378.4402160644531	178.49293518066406	435.8435974121094
0.3872756063938141	"woman"	20.683589935302734	350.300537109375	34.52416229248047	394.31573486328125
0.3899770677089691	"woman"	217.39108276367188	409.0947570800781	239.53680419921875	435.9926452636719
0.29293984174728394	"woman"	257.6897888183594	400.6833801269531	274.7431335449219	434.6505432128906
0.2547108829021454	"woman"	0.01768183708190918	335.1945495605469	7.751182556152344	369.0296936035156
