"score"	"label"	"x0"	"y0"	"x1"	"y1"
0.46184682846069336	"man"	87.326171875	72.06782531738281	306.6275939941406	516.8264770507812
0.3335486352443695	"woman"	87.62026977539062	72.35801696777344	306.0690002441406	516.9326782226562
