"score"	"label"	"x0"	"y0"	"x1"	"y1"
0.5702923536300659	"woman"	162.03964233398438	252.94947814941406	197.36972045898438	348.7579345703125
0.2800665497779846	"man"	164.2283477783203	253.76620483398438	196.26060485839844	348.3593444824219
