"score"	"label"	"x0"	"y0"	"x1"	"y1"
0.31576621532440186	"woman"	74.49510192871094	323.0413513183594	99.5390625	398.2052917480469
0.316226065158844	"man"	74.91073608398438	323.34765625	99.17127990722656	398.033447265625
0.25837332010269165	"woman"	245.55838012695312	0.06495094299316406	301.4816589355469	52.159271240234375
0.2596248984336853	"man"	124.89860534667969	323.82159423828125	145.55747985839844	397.42364501953125
