"score"	"label"	"x0"	"y0"	"x1"	"y1"
0.2874496877193451	"woman"	573.8074951171875	-0.0758390426635742	600.0201416015625	20.16219711303711
0.2554937601089477	"woman"	0.90008544921875	-0.243255615234375	597.8046875	414.4929504394531
