"score"	"label"	"x0"	"y0"	"x1"	"y1"
0.4043409526348114	"man"	197.8352203369141	41.25746154785156	570.980224609375	425.16107177734375
0.3680398762226105	"woman"	74.20336151123047	47.80010986328125	270.3841247558594	424.0748596191406
