"score"	"label"	"x0"	"y0"	"x1"	"y1"
0.7745630741119385	"man"	94.86480712890625	160.91114807128906	263.7146911621094	549.8604736328125
