score	label	x0	y0	x1	y1
0.2832520604133606	woman	0.129129409790039	98.69200134277344	17.992774963378906	364.864501953125
