"score"	"label"	"x0"	"y0"	"x1"	"y1"
0.3223470449447632	"man"	6.585601806640625	1.4795379638671875	599.00927734375	442.709228515625
0.3912114202976227	"man"	118.60516357421875	59.347503662109375	477.09295654296875	397.4966735839844
