"score"	"label"	"x0"	"y0"	"x1"	"y1"
0.5398472547531128	"woman"	335.8131103515625	225.91500854492188	479.5733642578125	445.8003234863281
0.32038062810897827	"woman"	234.90374755859375	212.14341735839844	359.72906494140625	453.9158935546875
