"score"	"label"	"x0"	"y0"	"x1"	"y1"
0.2574752867221832	"man"	204.30874633789062	158.54580688476562	458.8199157714844	599.8065185546875
0.2670113742351532	"man"	170.99436950683594	157.20289611816406	458.42779541015625	599.8193359375
