"score"	"label"	"x0"	"y0"	"x1"	"y1"
0.27230894565582275	"man"	555.7640380859375	159.45040893554688	577.2054443359375	195.59014892578125
0.27871400117874146	"woman"	555.697265625	159.3600311279297	577.198974609375	195.70872497558594
