"score"	"label"	"x0"	"y0"	"x1"	"y1"
0.5478039383888245	"woman"	164.39559936523438	165.14205932617188	330.95355224609375	547.0618896484375
0.41136348247528076	"man"	247.9695587158203	128.33251953125	335.0428771972656	490.750244140625
0.2939899265766144	"man"	162.42169189453125	126.6788330078125	335.5948791503906	546.19580078125
