"score"	"label"	"x0"	"y0"	"x1"	"y1"
0.4432535469532013	"man"	0.0185394287109375	75.98536682128906	373.993408203125	549.886962890625
