"score"	"label"	"x0"	"y0"	"x1"	"y1"
0.4831505119800567	"man"	320.2948303222656	188.40760803222656	344.8076477050781	241.52003479003903
0.2832827866077423	"woman"	322.3578796386719	215.06336975097656	343.0306701660156	241.7071075439453
