"score"	"label"	"x0"	"y0"	"x1"	"y1"
0.41082215309143066	"man"	0.72076416015625	139.82962036132812	155.93846130371094	388.7976379394531
0.26787304878234863	"man"	423.18072509765625	92.78543853759766	487.997802734375	235.24411010742188
