"score"	"label"	"x0"	"y0"	"x1"	"y1"
0.38422098755836487	"woman"	256.53057861328125	193.5719451904297	268.98028564453125	218.9687042236328
0.3217777609825134	"woman"	310.84478759765625	195.65420532226562	322.0413818359375	211.75222778320312
0.2936834692955017	"man"	257.29736328125	194.24301147460938	268.48931884765625	218.6541748046875
