"score"	"label"	"x0"	"y0"	"x1"	"y1"
0.26592835783958435	"man"	388.5340576171875	243.75634765625	400.30206298828125	264.66668701171875
