"score"	"label"	"x0"	"y0"	"x1"	"y1"
0.26412054896354675	"w"	6.0792694091796875	10.513320922851562	398.56134033203125	477.13519287109375
