"score"	"label"	"x0"	"y0"	"x1"	"y1"
0.5558643341064453	"woman"	238.87197875976562	407.684814453125	255.13299560546875	459.2928466796875
0.3077927529811859	"woman"	23.70486068725586	420.92486572265625	38.77626037597656	448.83868408203125
