"score"	"label"	"x0"	"y0"	"x1"	"y1"
0.33930742740631104	"m ; a ; n"	200.87335205078125	147.54681396484375	350.35711669921875	444.7943115234375
