"score"	"label"	"x0"	"y0"	"x1"	"y1"
0.30789101123809814	"woman"	54.46153259277344	240.67588806152344	281.01165771484375	529.0689697265625
0.351342111825943	"man"	55.68396759033203	240.6134796142578	280.48089599609375	529.6478881835938
0.29194366931915283	"woman"	4.232086181640625	239.67051696777344	344.2456970214844	545.0198364257812
0.32564815878868103	"woman"	49.68861389160156	240.62591552734375	343.23931884765625	531.0061645507812
0.319485604763031	"man"	49.210723876953125	240.6736297607422	342.81402587890625	531.2559814453125
