"score"	"label"	"x0"	"y0"	"x1"	"y1"
0.39063775539398193	"m"	39.10636901855469	1.8302154541015625	287.80657958984375	424.27801513671875
0.294559121131897	"a"	39.19696807861328	1.9897918701171875	287.6299133300781	424.52838134765625
0.25588318705558777	"m"	39.275726318359375	2.37225341796875	287.74853515625	424.0377197265625
