"score"	"label"	"x0"	"y0"	"x1"	"y1"
0.3209492564201355	"woman"	46.416908264160156	263.64373779296875	64.66395568847656	301.83489990234375
0.31911730766296387	"man"	46.55253601074219	263.8088684082031	64.51568603515625	301.7776184082031
0.2975057065486908	"woman"	136.76170349121094	263.537841796875	150.1631622314453	298.383056640625
0.3176736831665039	"man"	136.87637329101562	263.664794921875	150.03619384765625	298.27667236328125
0.4059138000011444	"man"	151.0698699951172	255.59075927734375	163.97532653808594	289.49566650390625
