"score"	"label"	"x0"	"y0"	"x1"	"y1"
0.30364760756492615	"woman"	388.388671875	243.54443359375	400.50372314453125	264.7792663574219
0.25301554799079895	"woman"	40.47751235961914	217.2844696044922	60.171207427978516	250.5481414794922
