"score"	"label"	"x0"	"y0"	"x1"	"y1"
0.2956730127334595	"man"	84.76078796386719	300.2994689941406	103.17608642578124	337.9488220214844
