"score"	"label"	"x0"	"y0"	"x1"	"y1"
0.3929992318153381	"man"	248.8179626464844	60.598358154296875	448.2842102050781	597.563232421875
0.3377603590488434	"woman"	121.43973541259766	146.9113006591797	340.4793701171875	598.061279296875
0.2890522181987762	"man"	2.4787673950195312	85.4228515625	202.8914794921875	597.2863159179688
0.2762862741947174	"man"	6.2958831787109375	60.07501220703125	446.4465942382813	597.0186767578125
