"score"	"label"	"x0"	"y0"	"x1"	"y1"
0.410590261220932	"man"	74.36422729492188	112.11495208740234	98.406494140625	146.3209686279297
0.33944544196128845	"woman"	74.88180541992188	112.32633209228516	98.10684204101562	146.20547485351562
0.3001590371131897	"man"	65.57257080078125	109.5328598022461	101.32009887695312	146.31130981445312
