"score"	"label"	"x0"	"y0"	"x1"	"y1"
0.5478094816207886	"woman"	192.913330078125	259.8011779785156	329.953369140625	598.8345947265625
0.42810261249542236	"woman"	316.21484375	272.389892578125	513.1580200195312	598.7760620117188
0.2986330986022949	"woman"	0.13547134399414062	247.75534057617188	63.95467758178711	494.9555358886719
0.2518043518066406	"woman"	0.11879730224609375	247.7056427001953	64.15377044677734	597.48095703125
0.2675827741622925	"woman"	452.9562072753906	322.1153869628906	549.63525390625	592.3316650390625
