"score"	"label"	"x0"	"y0"	"x1"	"y1"
0.4514537751674652	"man woman"	420.8690185546875	183.43463134765625	494.42913818359375	386.5662231445313
