"score"	"label"	"x0"	"y0"	"x1"	"y1"
0.4763074219226837	"man"	483.554931640625	216.2126007080078	499.83843994140625	253.36399841308594
0.2539851665496826	"woman"	483.635986328125	216.286376953125	499.6600341796875	253.26666259765625
0.3550262749195099	"woman"	517.98046875	218.46328735351562	538.595703125	254.5972900390625
