"score"	"label"	"x0"	"y0"	"x1"	"y1"
0.6198248863220215	"man"	78.13322448730469	238.6215057373047	183.5757598876953	512.57666015625
0.3933928906917572	"man"	252.29006958007812	235.3063201904297	349.2727966308594	512.237060546875
0.39302071928977966	"man"	174.1138916015625	273.20281982421875	249.80307006835938	509.01580810546875
0.35951846837997437	"man"	328.45556640625	237.1283416748047	419.70513916015625	509.67620849609375
