"score"	"label"	"x0"	"y0"	"x1"	"y1"
0.2853703200817108	"man"	110.71729278564452	259.17498779296875	136.65122985839844	301.892578125
0.2520675361156463	"man"	117.50218963623048	259.2825622558594	130.5	276.2839050292969
