"score"	"label"	"x0"	"y0"	"x1"	"y1"
0.3318619728088379	"m ; a ; n"	197.4947509765625	24.322235107421875	364.43560791015625	576.4322509765625
0.2639826536178589	"a"	55.83149719238281	24.2864990234375	236.82298278808594	569.1301879882812
