"score"	"label"	"x0"	"y0"	"x1"	"y1"
0.49082261323928833	"woman"	288.85028076171875	179.67367553710938	362.48016357421875	311.08447265625
0.3147120475769043	"woman"	300.2078552246094	217.6083526611328	355.0491027832031	312.8765563964844
0.3360302150249481	"man"	289.74481201171875	180.74423217773438	360.96942138671875	309.544921875
