"score"	"label"	"x0"	"y0"	"x1"	"y1"
0.291021466255188	"woman"	554.5714111328125	204.08135986328125	565.8106689453125	235.3302001953125
0.28448083996772766	"woman"	540.6405029296875	203.71484375	566.086669921875	238.11660766601562
