score	label	x0	y0	x1	y1
0.6580265164375305	man	196.2714080810547	295.1920166015625	233.8113250732422	396.5403442382813
