"score"	"label"	"x0"	"y0"	"x1"	"y1"
0.642072856426239	"woman"	77.51685333251953	27.839019775390625	249.3515625	187.34396362304688
0.3733678162097931	"woman"	261.0687255859375	30.25393295288086	410.8055419921875	120.8016357421875
