score	label	x0	y0	x1	y1
0.3523002862930298	man	125.88776397705078	205.68869018554688	147.11715698242188	251.14663696289065
0.3031595051288605	man	2.7377395629882812	202.9798889160156	148.01593017578125	256.6018371582031
0.2776716649532318	man	108.62808990478516	206.61375427246097	129.32798767089844	250.09458923339844
