"score"	"label"	"x0"	"y0"	"x1"	"y1"
0.2634032070636749	"woman"	365.7004699707031	277.4977722167969	376.7475280761719	305.6784973144531
