"score"	"label"	"x0"	"y0"	"x1"	"y1"
0.42743054032325745	"man"	29.414047241210938	228.34841918945312	104.28753662109375	445.8509826660156
0.28416216373443604	"man"	29.09624481201172	225.51126098632812	162.66909790039062	445.3731994628906
0.26724016666412354	"woman"	92.46380615234375	233.80780029296875	162.7911834716797	329.77093505859375
