"score"	"label"	"x0"	"y0"	"x1"	"y1"
0.34642890095710754	"man"	195.82469177246094	146.25662231445312	212.87864685058594	175.26931762695312
