"score"	"label"	"x0"	"y0"	"x1"	"y1"
0.6908833980560303	"man"	65.84683227539062	71.67938232421875	223.86434936523438	372.6064758300781
0.29385924339294434	"man"	356.6045837402344	49.6058349609375	554.052001953125	342.0169372558594
0.2676871418952942	"man"	563.614501953125	26.502426147460938	599.576171875	276.67901611328125
