"score"	"label"	"x0"	"y0"	"x1"	"y1"
0.9265745878219604	"man"	1.43206787109375	67.94204711914062	322.6490478515625	549.6839599609375
