"score"	"label"	"x0"	"y0"	"x1"	"y1"
0.3963806927204132	"man"	0.48125457763671875	98.06942749023438	161.222412109375	434.8566589355469
