"score"	"label"	"x0"	"y0"	"x1"	"y1"
0.4973867237567901	"man"	92.2611083984375	192.10975646972656	221.9974365234375	514.4700317382812
0.3131331503391266	"woman"	44.96883010864258	297.23876953125	91.15745544433594	458.84613037109375
