"score"	"label"	"x0"	"y0"	"x1"	"y1"
0.3412129282951355	"woman"	208.0670166015625	164.18455505371094	224.98883056640625	191.02101135253903
0.3176903426647186	"woman"	190.1523895263672	167.20843505859375	211.04640197753903	197.02297973632812
0.3160432279109955	"woman"	188.9101104736328	163.52279663085938	225.4002227783203	196.7030029296875
