"score"	"label"	"x0"	"y0"	"x1"	"y1"
0.38370195031166077	"woman"	67.86967468261719	29.600494384765625	274.42059326171875	404.0010986328125
0.3351379930973053	"woman"	2.8180999755859375	29.351348876953125	278.054931640625	404.2345275878906
0.3261480927467346	"woman"	291.29168701171875	112.48765563964844	524.2930908203125	403.42767333984375
