"score"	"label"	"x0"	"y0"	"x1"	"y1"
0.32915258407592773	"woman"	162.8321990966797	169.8327178955078	243.28834533691406	275.672607421875
0.2810268700122833	"woman"	338.5191345214844	208.33212280273438	354.6563415527344	234.19375610351562
0.311020165681839	"woman"	182.36329650878906	94.82368469238281	222.4048614501953	146.74966430664062
