"score"	"label"	"x0"	"y0"	"x1"	"y1"
0.2561362385749817	"w"	341.99920654296875	94.79005432128906	473.27410888671875	349.42730712890625
