"score"	"label"	"x0"	"y0"	"x1"	"y1"
0.57229083776474	"woman"	182.2268524169922	377.2276916503906	207.55323791503906	419.0751037597656
