"score"	"label"	"x0"	"y0"	"x1"	"y1"
0.43137696385383606	"man"	245.69967651367188	128.93515014648438	335.4893493652344	490.3717956542969
