"score"	"label"	"x0"	"y0"	"x1"	"y1"
0.36624276638031006	"woman"	470.1095886230469	270.037353515625	480.0624694824219	293.08648681640625
0.3019103407859802	"man"	470.7576599121094	270.33148193359375	479.7752380371094	292.94244384765625
0.2643228769302368	"woman"	466.3250732421875	267.3653869628906	483.83331298828125	295.5184631347656
