"score"	"label"	"x0"	"y0"	"x1"	"y1"
0.2778453528881073	"woman"	240.32177734375	270.1839904785156	374.34832763671875	435.9620666503906
