"score"	"label"	"x0"	"y0"	"x1"	"y1"
0.6029072403907776	"woman"	331.4363098144531	177.89816284179688	359.6585998535156	264.29071044921875
0.2580471336841583	"woman"	174.54263305664062	153.3349609375	200.07806396484375	240.32089233398438
