score	label	x0	y0	x1	y1
0.6255584955215454	woman	8.536422729492188	76.46002197265625	418.473876953125	596.489990234375
