"score"	"label"	"x0"	"y0"	"x1"	"y1"
0.4761998951435089	"woman"	104.56309509277344	257.2854309082031	113.10897827148438	277.1111145019531
