"score"	"label"	"x0"	"y0"	"x1"	"y1"
0.30345213413238525	"man"	524.8859252929688	0.18372344970703125	599.7197875976562	218.234375
0.2872527539730072	"woman"	524.8943481445312	0.22977447509765625	599.7583618164062	218.11572265625
0.25602155923843384	"man"	30.385833740234375	110.57955932617188	589.0782470703125	407.5318298339844
