"score"	"label"	"x0"	"y0"	"x1"	"y1"
0.7276192307472229	"woman"	97.8250732421875	143.7236785888672	375.40802001953125	498.86566162109375
