"score"	"label"	"x0"	"y0"	"x1"	"y1"
0.35242295265197754	"m ; a ; n"	28.32977294921875	92.27302551269531	376.9817810058594	596.3145751953125
