score	label	x0	y0	x1	y1
0.3464289009571075	man	195.82469177246097	146.25662231445312	212.8786468505859	175.26931762695312
