"score"	"label"	"x0"	"y0"	"x1"	"y1"
0.4274305403232574	"man"	29.414047241210938	228.34841918945312	104.28753662109376	445.8509826660156
0.284162163734436	"man"	29.09624481201172	225.51126098632812	162.66909790039062	445.3731994628906
0.2672401666641235	"woman"	92.46380615234376	233.80780029296875	162.7911834716797	329.77093505859375
