score	label	x0	y0	x1	y1
0.2960803210735321	man	334.81878662109375	279.3250427246094	347.15264892578125	300.3525085449219
