"score"	"label"	"x0"	"y0"	"x1"	"y1"
0.4245100319385528	"man"	138.0478057861328	168.70420837402344	165.94187927246094	201.7412872314453
0.3053733706474304	"woman"	362.02398681640625	175.5052032470703	382.48248291015625	195.1206817626953
0.2938538193702698	"woman"	273.4967346191406	170.8328857421875	294.9571838378906	195.0037841796875
0.272896260023117	"man"	128.27908325195312	165.3282470703125	175.88336181640625	207.2857666015625
