score	label	x0	y0	x1	y1
0.4732351005077362	woman	382.5090026855469	154.4830780029297	540.9946899414062	464.48822021484375
0.42714723944664	man	109.60845947265624	138.13865661621094	383.39495849609375	464.24163818359375
0.3062346875667572	man	265.53253173828125	127.23757934570312	378.74603271484375	392.3278503417969
