"score"	"label"	"x0"	"y0"	"x1"	"y1"
0.43473079800605774	"man"	79.83889770507812	267.73345947265625	156.5049285888672	389.7337646484375
0.36222589015960693	"man"	251.30072021484375	260.0488586425781	287.92047119140625	351.3105163574219
0.37777194380760193	"man"	3.4286651611328125	245.30453491210938	58.9671516418457	398.9437561035156
0.3437657058238983	"man"	373.6574401855469	279.8611145019531	405.3135681152344	360.9488830566406
0.32883724570274353	"man"	226.56094360351562	272.4795837402344	262.7668762207031	353.0043640136719
0.32761892676353455	"man"	201.37913513183594	272.28631591796875	233.0233917236328	352.135498046875
0.3483225703239441	"man"	128.227783203125	279.3352966308594	184.00384521484375	368.4877014160156
