"score"	"label"	"x0"	"y0"	"x1"	"y1"
0.28788629174232483	"woman"	174.59585571289062	202.54397583007812	216.38409423828125	306.5367736816406
0.31705909967422485	"man"	329.0473937988281	197.92674255371094	379.9750061035156	298.639892578125
0.2748762369155884	"woman"	3.64434814453125	139.75787353515625	569.292724609375	315.5760498046875
0.26653608679771423	"man"	2.0860595703125	138.44546508789062	568.7505493164062	312.9809265136719
