"score"	"label"	"x0"	"y0"	"x1"	"y1"
0.34247660636901855	"man"	485.6171875	149.2985076904297	599.5335693359375	332.788330078125
0.2609460651874542	"man"	444.4407958984375	148.81057739257812	599.2867431640625	339.2059631347656
0.2769942283630371	"woman"	306.6514892578125	227.0904541015625	335.218505859375	279.53875732421875
