"score"	"label"	"x0"	"y0"	"x1"	"y1"
0.6728022694587708	"woman"	86.28094482421875	75.26211547851562	275.8836364746094	519.0361328125
