"score"	"label"	"x0"	"y0"	"x1"	"y1"
0.46145904064178467	"woman"	149.03280639648438	158.18008422851562	169.56390380859375	199.40737915039062
0.4214634597301483	"man"	149.2435760498047	158.3363494873047	169.2897186279297	199.2585906982422
0.2501142919063568	"woman"	149.1756134033203	158.47830200195312	169.15980529785156	199.1619873046875
