"score"	"label"	"x0"	"y0"	"x1"	"y1"
0.8455784916877747	"man"	17.18401336669922	125.3199462890625	231.44595336914062	599.01708984375
