"score"	"label"	"x0"	"y0"	"x1"	"y1"
0.6558223366737366	"woman"	85.72288513183594	110.59945678710938	425.00872802734375	597.2890625
