score	label	x0	y0	x1	y1
0.4410236775875091	man	0.6080322265625	97.05665588378906	530.027099609375	406.91357421875
