score	label	x0	y0	x1	y1
0.3895618319511413	man	145.03834533691406	75.5235595703125	169.78578186035156	141.53736877441406
0.3009233176708221	man	143.84913635253906	74.77763366699219	186.16978454589844	143.5907440185547
0.2621645927429199	woman	230.04425048828125	78.45299530029297	257.6066589355469	131.3856658935547
