"score"	"label"	"x0"	"y0"	"x1"	"y1"
0.5050920844078064	"woman"	205.46336364746097	163.06190490722656	270.38421630859375	356.2662353515625
0.4425104260444641	"man"	269.8597412109375	130.52960205078125	353.94091796875	368.77294921875
