"score"	"label"	"x0"	"y0"	"x1"	"y1"
0.3349389433860779	"m"	118.4819564819336	173.097900390625	309.9217529296875	516.64794921875
