score	label	x0	y0	x1	y1
0.4097945690155029	man	214.5934906005859	544.3104858398438	228.60142517089844	564.2581176757812
