score	label	x0	y0	x1	y1
0.5195827484130859	man	145.79147338867188	26.710708618164062	370.9377746582031	455.4129028320313
