"score"	"label"	"x0"	"y0"	"x1"	"y1"
0.7901681065559387	"man"	4.43096923828125	18.53448486328125	384.5276184082031	548.7905883789062
