"score"	"label"	"x0"	"y0"	"x1"	"y1"
0.2997356355190277	"m ; a"	106.69682312011719	56.13226318359375	420.549560546875	370.4669189453125
