score	label	x0	y0	x1	y1
0.4312062859535217	woman	49.33271789550781	173.87042236328125	431.4581298828125	566.322998046875
0.2543773651123047	woman	188.97265625	322.66241455078125	385.828369140625	380.8936767578125
