"score"	"label"	"x0"	"y0"	"x1"	"y1"
0.36921271681785583	"man woman"	47.854644775390625	113.63929748535156	407.77618408203125	597.525634765625
0.27588000893592834	"man"	48.52012634277344	113.94664001464844	335.15386962890625	597.24755859375
