"score"	"label"	"x0"	"y0"	"x1"	"y1"
0.3183956444263458	"woman"	173.02076721191406	157.9862060546875	458.44097900390625	599.5885009765625
