"score"	"label"	"x0"	"y0"	"x1"	"y1"
0.3368084132671356	"man"	8.848114013671875	91.23137664794922	596.48974609375	239.97250366210938
