"score"	"label"	"x0"	"y0"	"x1"	"y1"
0.5105580687522888	"woman"	168.06942749023438	154.92694091796875	365.4238586425781	403.282958984375
0.5227282643318176	"woman"	56.33914566040039	78.48161315917969	167.0849151611328	384.68109130859375
0.34943968057632446	"woman"	354.9288635253906	158.9552001953125	540.2915649414062	411.53131103515625
0.31346791982650757	"woman"	286.915771484375	133.04153442382812	402.68658447265625	396.1552429199219
