"score"	"label"	"x0"	"y0"	"x1"	"y1"
0.407587856054306	"woman"	102.6842269897461	256.0462646484375	114.62787628173828	278.2745361328125
0.2883902192115783	"woman"	98.89669799804688	253.0821990966797	118.42703247070312	281.0860595703125
