"score"	"label"	"x0"	"y0"	"x1"	"y1"
0.3259640038013458	"woman"	276.4176330566406	211.28724670410156	296.7508850097656	248.33204650878906
0.29508617520332336	"woman"	302.32379150390625	209.87799072265625	320.63446044921875	245.52322387695312
0.256776362657547	"man"	278.5775451660156	212.27670288085938	295.0162048339844	237.61572265625
