score	label	x0	y0	x1	y1
0.4310492575168609	man	166.58753967285156	140.37503051757812	280.49908447265625	276.01470947265625
0.3993633091449737	woman	89.9103012084961	145.16604614257812	158.75936889648438	287.3580017089844
0.2604344487190246	man woman	20.483142852783203	138.7263946533203	132.17530822753906	363.8902587890625
