"score"	"label"	"x0"	"y0"	"x1"	"y1"
0.2720770239830017	"woman"	146.2328643798828	76.38436889648438	550.5606079101562	338.9879455566406
