"score"	"label"	"x0"	"y0"	"x1"	"y1"
0.8483685255050659	"man"	0.197540283203125	89.10165405273438	310.626708984375	549.7159423828125
