"score"	"label"	"x0"	"y0"	"x1"	"y1"
0.3014324903488159	"m ; a ; n"	1.252685546875	0.5173187255859375	330.1397705078125	439.06768798828125
