"score"	"label"	"x0"	"y0"	"x1"	"y1"
0.3081023693084717	"man"	254.12403869628906	106.82515716552734	277.70428466796875	177.23788452148438
