"score"	"label"	"x0"	"y0"	"x1"	"y1"
0.31572362780570984	"man"	492.04010009765625	246.79513549804688	518.24462890625	289.5125427246094
0.2719721794128418	"man"	526.8585205078125	253.45245361328125	555.437255859375	297.75042724609375
