score	label	x0	y0	x1	y1
0.6229022145271301	woman	106.99620819091795	33.59754943847656	286.386474609375	539.50537109375
