score	label	x0	y0	x1	y1
0.3144676983356476	man	352.5074157714844	245.81785583496097	374.3865051269531	284.0354309082031
0.2533442378044128	man	120.22544860839844	12.42803955078125	583.8853759765625	355.0890197753906
