"score"	"label"	"x0"	"y0"	"x1"	"y1"
0.8405815362930298	"man"	351.238525390625	91.99311828613281	541.298583984375	560.3547973632812
