"score"	"label"	"x0"	"y0"	"x1"	"y1"
0.7097543478012085	"woman"	299.6769714355469	218.8813018798828	352.8461608886719	335.3224182128906
