"score"	"label"	"x0"	"y0"	"x1"	"y1"
0.286758154630661	"a"	542.590087890625	0.052625179290771484	599.8758544921875	13.667825698852539
