"score"	"label"	"x0"	"y0"	"x1"	"y1"
0.29891058802604675	"man"	44.45476150512695	81.26287078857422	102.14933776855469	291.3309631347656
0.2765512466430664	"man"	331.9036865234375	70.60321807861328	398.91314697265625	266.862060546875
0.3013237416744232	"woman"	257.3309631347656	80.31008911132812	315.9315490722656	270.88153076171875
