"score"	"label"	"x0"	"y0"	"x1"	"y1"
0.25054654479026794	"man"	391.3023376464844	181.91751098632812	397.5517883300781	189.30380249023438
