"score"	"label"	"x0"	"y0"	"x1"	"y1"
0.3507917821407318	"man"	77.26400756835938	97.97702026367188	342.17218017578125	489.8111877441406
0.39634355902671814	"woman"	78.2685546875	98.82215881347656	342.04052734375	489.4840087890625
