"score"	"label"	"x0"	"y0"	"x1"	"y1"
0.3797020316123962	"man"	504.4019775390625	242.82369995117188	526.2679443359375	281.1451721191406
