"score"	"label"	"x0"	"y0"	"x1"	"y1"
0.30143657326698303	"m ; a ; n"	103.42364501953125	117.408447265625	496.12396240234375	303.79388427734375
