"score"	"label"	"x0"	"y0"	"x1"	"y1"
0.7204129695892334	"man"	205.13027954101562	184.90728759765625	400.5350036621094	549.1656494140625
