"score"	"label"	"x0"	"y0"	"x1"	"y1"
0.283410906791687	"woman"	328.4952697753906	170.13751220703125	340.9928283691406	192.44479370117188
0.25137895345687866	"man"	329.0186767578125	170.50086975097656	340.77337646484375	192.27659606933594
