"score"	"label"	"x0"	"y0"	"x1"	"y1"
0.2747400999069214	"man"	572.7268676757812	295.57684326171875	583.8872680664062	319.5853271484375
