"score"	"label"	"x0"	"y0"	"x1"	"y1"
0.32699722051620483	"m ; a ; n"	40.03955078125	212.43389892578125	579.992919921875	320.43670654296875
