"score"	"label"	"x0"	"y0"	"x1"	"y1"
0.38888096809387207	"woman"	130.7804718017578	223.80982971191406	151.15403747558594	267.9049987792969
0.35834020376205444	"woman"	192.8707733154297	226.59347534179688	212.73143005371094	267.7850036621094
0.27110040187835693	"woman"	55.0745964050293	230.51626586914062	70.79377746582031	270.323974609375
0.29371050000190735	"woman"	231.989013671875	232.21343994140625	240.40582275390625	260.7906188964844
0.29431483149528503	"woman"	95.19567108154297	223.3385009765625	102.97156524658203	250.99957275390625
0.25543147325515747	"woman"	115.60577392578125	223.70265197753906	124.14108276367188	252.57643127441406
