score	label	x0	y0	x1	y1
0.380208671092987	woman	88.12000274658203	235.71209716796875	335.93865966796875	423.61956787109375
