"score"	"label"	"x0"	"y0"	"x1"	"y1"
0.3405691683292389	"man"	244.09347534179688	166.8324432373047	321.7890319824219	312.66412353515625
0.36922600865364075	"woman"	335.8233642578125	226.49929809570312	457.73956298828125	337.9875183105469
0.25194790959358215	"man"	441.8818359375	78.98482513427734	537.1774291992188	274.0305480957031
