"score"	"label"	"x0"	"y0"	"x1"	"y1"
0.38308149576187134	"woman"	89.01996612548828	237.20965576171875	335.3859558105469	423.4293212890625
0.27982673048973083	"woman"	0.82208251953125	236.19769287109375	336.18084716796875	597.9043579101562
0.33450207114219666	"woman"	122.9766845703125	238.00894165039062	334.8736267089844	421.3725280761719
