"score"	"label"	"x0"	"y0"	"x1"	"y1"
0.3789712190628052	"man"	273.85736083984375	203.73916625976562	293.58221435546875	266.4390869140625
