"score"	"label"	"x0"	"y0"	"x1"	"y1"
0.39797791838645935	"woman"	369.6224670410156	308.2262268066406	420.9263610839844	334.4517517089844
