"score"	"label"	"x0"	"y0"	"x1"	"y1"
0.471925288438797	"man"	106.4791259765625	162.18797302246094	398.9714660644531	599.0406494140625
0.3156978189945221	"man"	0.6167526245117188	63.947723388671875	115.5281753540039	542.9267578125
0.2978333830833435	"man"	102.4356689453125	81.12580871582031	237.31039428710938	584.8223876953125
