"score"	"label"	"x0"	"y0"	"x1"	"y1"
0.2562815248966217	"w"	42.91310119628906	71.10256958007812	370.85418701171875	549.5255126953125
