"score"	"label"	"x0"	"y0"	"x1"	"y1"
0.4173365533351898	"woman"	170.4307403564453	134.98446655273438	226.7041778564453	260.70013427734375
0.2771076560020447	"woman"	252.62217712402344	193.49517822265625	323.9962463378906	273.30126953125
0.40366411209106445	"man"	112.79571533203125	123.17215728759766	176.0948486328125	251.28692626953125
