"score"	"label"	"x0"	"y0"	"x1"	"y1"
0.414053738117218	"woman"	271.9802551269531	123.9238739013672	323.7826843261719	251.00938415527344
