score	label	x0	y0	x1	y1
0.3005166351795196	woman	152.1446990966797	22.215539932250977	166.80809020996094	48.541404724121094
0.2813469171524048	woman	375.939697265625	353.1651916503906	402.7698974609375	377.9714050292969
