"score"	"label"	"x0"	"y0"	"x1"	"y1"
0.9274410605430603	"woman"	1.276153564453125	67.86099243164062	322.4742431640625	549.729736328125
