"score"	"label"	"x0"	"y0"	"x1"	"y1"
0.5067042708396912	"woman"	340.9378967285156	80.42325592041016	506.2267761230469	240.42984008789065
0.3773284256458282	"man"	128.10092163085938	63.49300384521485	296.80389404296875	236.27853393554688
0.3771796822547912	"man"	338.4332275390625	22.54334259033203	410.8849487304687	188.6278076171875
0.3436051905155182	"man"	227.77120971679688	30.84149169921875	294.8836975097656	181.16783142089844
0.2505364418029785	"woman"	454.9052734375	49.715484619140625	505.8259887695313	136.4400177001953
