"score"	"label"	"x0"	"y0"	"x1"	"y1"
0.485025554895401	"man"	430.10595703125	17.905929565429688	566.1670532226562	404.01019287109375
0.43683159351348877	"woman"	151.93321228027344	65.93519592285156	270.27996826171875	404.01141357421875
0.255366712808609	"woman"	0.0393524169921875	78.06236267089844	92.83267974853516	368.13458251953125
0.3127792179584503	"woman"	320.9468078613281	34.08843994140625	438.7141418457031	404.072265625
0.2624926269054413	"woman"	258.98211669921875	91.01876831054688	329.74017333984375	357.92913818359375
