"score"	"label"	"x0"	"y0"	"x1"	"y1"
0.28143906593322754	"a ;"	99.6043701171875	151.959228515625	330.8678283691406	271.2899169921875
