"score"	"label"	"x0"	"y0"	"x1"	"y1"
0.9001977443695068	"woman"	88.88758850097656	255.00270080566406	319.41656494140625	598.6993408203125
