score	label	x0	y0	x1	y1
0.2966915369033813	man	588.0633544921875	192.22711181640625	595.54931640625	205.3837890625
