"score"	"label"	"x0"	"y0"	"x1"	"y1"
0.2617133259773254	"man"	15.8887939453125	6.757080078125	591.3411254882812	383.6550903320313
0.2609229385852813	"man"	424.5347900390625	119.96016693115234	460.6905517578125	183.4723663330078
