score	label	x0	y0	x1	y1
0.4561744928359985	woman	159.58770751953125	124.2187271118164	295.59100341796875	373.0539855957031
