"score"	"label"	"x0"	"y0"	"x1"	"y1"
0.4865182042121887	"woman"	166.841552734375	218.05357360839844	231.75393676757812	355.35980224609375
0.4213481545448303	"man"	169.04989624023438	219.33932495117188	229.92791748046875	354.8799743652344
