"score"	"label"	"x0"	"y0"	"x1"	"y1"
0.8079689741134644	"woman"	46.812713623046875	136.75802612304688	385.80621337890625	587.830810546875
