"score"	"label"	"x0"	"y0"	"x1"	"y1"
0.4664695560932159	"woman"	298.13714599609375	214.77719116210935	326.98150634765625	249.5457763671875
0.2914885878562927	"woman"	308.02716064453125	218.03724670410156	325.3809814453125	247.9607696533203
