"score"	"label"	"x0"	"y0"	"x1"	"y1"
0.26674342155456543	"woman"	57.78247833251953	280.92877197265625	67.70093536376953	300.04833984375
