"score"	"label"	"x0"	"y0"	"x1"	"y1"
0.6171032786369324	"man"	151.28030395507812	238.85763549804688	216.66506958007812	396.3653259277344
0.5122753381729126	"man"	327.63623046875	245.60879516601562	364.0479736328125	379.4674987792969
0.5127615332603455	"man"	233.56741333007812	262.64642333984375	271.8409729003906	385.31463623046875
0.40568074584007263	"man"	30.25111198425293	285.2383728027344	65.0641860961914	396.6192932128906
0.4623016119003296	"man"	267.159423828125	262.00421142578125	298.69805908203125	372.63232421875
0.5205537676811218	"man"	90.24143981933594	277.24005126953125	139.14617919921875	399.04412841796875
0.4667533040046692	"man"	302.384521484375	253.14219665527344	334.46673583984375	374.7959899902344
