"score"	"label"	"x0"	"y0"	"x1"	"y1"
0.4102182388305664	"woman"	25.83697509765625	91.12620544433594	378.31597900390625	595.5110473632812
0.39295321702957153	"man"	27.937088012695312	91.7117919921875	374.78680419921875	595.704345703125
