"score"	"label"	"x0"	"y0"	"x1"	"y1"
0.2610580623149872	"a"	2.318115234375	142.4187774658203	564.4254150390625	311.139404296875
