"score"	"label"	"x0"	"y0"	"x1"	"y1"
0.27148813009262085	"a"	105.27995300292969	10.069107055664062	492.12164306640625	462.3919677734375
