"score"	"label"	"x0"	"y0"	"x1"	"y1"
0.2758605480194092	"a"	126.19807434082031	150.3549346923828	314.177978515625	490.5311279296875
