"score"	"label"	"x0"	"y0"	"x1"	"y1"
0.9114897847175598	"woman"	42.644622802734375	181.48509216308594	317.76092529296875	522.9651489257812
