"score"	"label"	"x0"	"y0"	"x1"	"y1"
0.5451629161834717	"woman"	2.70233154296875	149.6250457763672	375.3396911621094	442.7557373046875
0.2953917980194092	"woman"	1.0324554443359375	148.8385467529297	375.2630615234375	549.4597778320312
