"score"	"label"	"x0"	"y0"	"x1"	"y1"
0.2532835304737091	"man"	102.82308959960938	245.85885620117188	117.2604522705078	270.3030700683594
