"score"	"label"	"x0"	"y0"	"x1"	"y1"
0.2866869270801544	"man"	0.7660140991210938	78.84217834472656	214.55624389648438	372.6563720703125
