"score"	"label"	"x0"	"y0"	"x1"	"y1"
0.5036669373512268	"woman"	140.6966094970703	316.07611083984375	151.7386016845703	338.95599365234375
0.4671151638031006	"woman"	128.0226593017578	313.11212158203125	138.3546905517578	341.3555908203125
0.3385002315044403	"woman"	179.1244354248047	317.8496398925781	188.56700134277344	342.7662658691406
0.3202880620956421	"woman"	163.21478271484375	313.82257080078125	171.58175659179688	337.87762451171875
0.3083471655845642	"woman"	168.8862762451172	318.3747253417969	178.2847442626953	343.1470031738281
0.26045316457748413	"woman"	186.93264770507812	320.90228271484375	194.067626953125	342.91033935546875
