"score"	"label"	"x0"	"y0"	"x1"	"y1"
0.26741960644721985	"m a"	60.63374328613281	68.68417358398438	514.2369995117188	299.00323486328125
