"score"	"label"	"x0"	"y0"	"x1"	"y1"
0.29179972410202026	"woman"	447.93792724609375	199.93701171875	468.83074951171875	245.98419189453125
