"score"	"label"	"x0"	"y0"	"x1"	"y1"
0.7471319437026978	"woman"	50.28335952758789	222.1697998046875	175.39208984375	513.0631713867188
0.5258194208145142	"woman"	144.90672302246094	209.3193359375	253.26783752441406	480.375732421875
