score	label	x0	y0	x1	y1
0.5335432887077332	man	102.63927459716795	202.39242553710935	295.74359130859375	381.7928771972656
