"score"	"label"	"x0"	"y0"	"x1"	"y1"
0.2661748230457306	"w"	19.3218994140625	91.36238098144531	368.5212097167969	548.7069702148438
