"score"	"label"	"x0"	"y0"	"x1"	"y1"
0.4452397525310516	"man"	36.08451843261719	122.83869934082033	301.839111328125	540.3856811523438
