"score"	"label"	"x0"	"y0"	"x1"	"y1"
0.40953880548477173	"man"	189.6397705078125	171.79615783691406	303.39300537109375	501.74896240234375
0.5456835627555847	"woman"	190.00640869140625	171.7328338623047	303.2889099121094	502.2374267578125
0.26361367106437683	"woman"	189.65142822265625	171.71046447753906	303.40203857421875	502.13739013671875
