score	label	x0	y0	x1	y1
0.4349162876605987	man	129.75408935546875	260.65216064453125	141.0325927734375	282.74652099609375
