"score"	"label"	"x0"	"y0"	"x1"	"y1"
0.2919481992721557	"man"	588.28173828125	342.7541809082031	599.057861328125	380.6436462402344
