score	label	x0	y0	x1	y1
0.3121010065078735	woman	302.6709289550781	202.15548706054688	312.1879577636719	216.1959228515625
0.2687230706214905	woman	299.6611022949219	201.3673553466797	314.4427185058594	238.5669403076172
