"score"	"label"	"x0"	"y0"	"x1"	"y1"
0.8265002965927124	"man"	252.45794677734375	49.511260986328125	469.06402587890625	374.1085205078125
0.36026623845100403	"man"	43.66339111328125	51.698211669921875	261.69781494140625	374.37945556640625
