"score"	"label"	"x0"	"y0"	"x1"	"y1"
0.2711060047149658	"w"	183.46517944335938	363.7203369140625	292.5703430175781	485.4061279296875
