"score"	"label"	"x0"	"y0"	"x1"	"y1"
0.3901073932647705	"man"	4.741790771484375	292.44342041015625	167.44558715820312	582.3915405273438
0.29436424374580383	"man"	221.7924041748047	30.643280029296875	337.87890625	180.51339721679688
0.2557564377784729	"woman"	117.45146942138672	276.1669921875	149.63148498535156	391.01580810546875
0.25655698776245117	"woman"	4.9221954345703125	290.47381591796875	167.7551727294922	581.9680786132812
