"score"	"label"	"x0"	"y0"	"x1"	"y1"
0.7821763753890991	"woman"	151.32460021972656	258.7326354980469	171.76963806152344	321.1592102050781
