"score"	"label"	"x0"	"y0"	"x1"	"y1"
0.431801289319992	"man"	422.8130187988281	183.13917541503903	489.6443176269531	308.123046875
0.3115320205688476	"man"	281.3485412597656	178.46095275878906	339.0144958496094	291.2749938964844
