"score"	"label"	"x0"	"y0"	"x1"	"y1"
0.3623464107513428	"man"	55.38810729980469	240.7319793701172	280.85882568359375	528.8095703125
0.3032846748828888	"woman"	56.26457977294922	240.49566650390625	280.6306457519531	529.2361450195312
0.26928994059562683	"woman"	51.357887268066406	240.69871520996094	282.5286560058594	530.0770263671875
0.27258774638175964	"man"	3.2695465087890625	239.8543243408203	343.976806640625	543.6959838867188
0.27438870072364807	"woman"	2.9757232666015625	239.9769287109375	343.53875732421875	545.0271606445312
0.34547901153564453	"man"	50.94306945800781	240.6212921142578	343.127685546875	530.8515625
0.30652379989624023	"woman"	50.860198974609375	240.66127014160156	342.8381652832031	531.107421875
0.25322791934013367	"woman"	50.907745361328125	240.60218811035156	343.1526794433594	531.3201904296875
