"score"	"label"	"x0"	"y0"	"x1"	"y1"
0.3646889925003052	"man"	136.8119659423828	263.7521057128906	150.0041961669922	298.4467468261719
0.4505661427974701	"man"	151.1016845703125	255.6168975830078	164.03890991210938	289.588134765625
0.3204561471939087	"man"	46.54305648803711	263.8788757324219	64.60055541992188	301.8726501464844
0.299815833568573	"woman"	46.49589157104492	263.87384033203125	64.58988952636719	301.9322509765625
0.25503405928611755	"woman"	136.78770446777344	263.73052978515625	150.0649871826172	298.4295654296875
