"score"	"label"	"x0"	"y0"	"x1"	"y1"
0.28515559434890747	"man"	135.2223663330078	56.73487854003906	523.4595336914062	290.46331787109375
