score	label	x0	y0	x1	y1
0.6027723550796509	woman	3.421844482421875	141.58287048339844	303.6902770996094	596.1453247070312
0.563065767288208	man	197.083251953125	113.37654113769533	423.7072143554687	598.8060913085938
