"score"	"label"	"x0"	"y0"	"x1"	"y1"
0.5930997133255005	"woman"	336.3416748046875	224.44644165039065	481.1221923828125	445.6986389160156
0.3765133023262024	"man"	235.24688720703125	211.6805725097656	359.90985107421875	453.7871398925781
