"score"	"label"	"x0"	"y0"	"x1"	"y1"
0.577648401260376	"woman"	70.40977478027344	227.49838256835938	103.61199951171875	296.0988464355469
0.3484571874141693	"woman"	161.45765686035156	217.4222869873047	183.6335906982422	279.41485595703125
0.28176558017730713	"woman"	182.09214782714844	222.15794372558594	202.1997528076172	281.3778076171875
