"score"	"label"	"x0"	"y0"	"x1"	"y1"
0.29077082872390747	"woman"	171.14120483398438	115.28987121582031	365.3086242675781	264.56805419921875
