"score"	"label"	"x0"	"y0"	"x1"	"y1"
0.2553832232952118	"m a"	191.81980895996094	73.802490234375	294.591064453125	242.10797119140625
