"score"	"label"	"x0"	"y0"	"x1"	"y1"
0.5599198341369629	"man"	124.66018676757812	74.3751220703125	340.8477478027344	535.1460571289062
0.25047567486763	"woman"	295.68487548828125	118.47318267822266	345.2969970703125	285.21044921875
0.27624836564064026	"woman"	123.90237426757812	74.00141906738281	341.4902648925781	535.4611206054688
