"score"	"label"	"x0"	"y0"	"x1"	"y1"
0.2958175241947174	"m a"	2.590789794921875	4.1254730224609375	598.0263671875	428.4747314453125
0.25056254863739014	"a"	2.8709716796875	4.376678466796875	598.146240234375	428.47149658203125
