"score"	"label"	"x0"	"y0"	"x1"	"y1"
0.2527936100959778	"w"	77.48016357421875	34.944976806640625	538.947021484375	425.7335205078125
