"score"	"label"	"x0"	"y0"	"x1"	"y1"
0.8136838674545288	"dining table"	82.01	105.77	172.01	122.42
0.6512529253959656	"chair"	403.68	309.16	477.37	383.44
