"score"	"label"	"x0"	"y0"	"x1"	"y1"
0.906773030757904	"train"	-0.32	88.08	493.43	299.21
0.8926447033882141	"train"	13.12	88.29	494.52	296.92
0.7784523367881775	"train"	0.5	76.45	599.41	299.93
