"score"	"label"	"x0"	"y0"	"x1"	"y1"
0.9966877102851868	"person"	69.77	74.66	223.67	377.11
0.9930709004402161	"person"	347.71	54.26	560.63	349.2
0.9573494791984558	"person"	381.51	1.37	430.04	89.81
0.9539341926574707	"person"	561.08	2.23	599.98	309.75
0.9291915893554688	"person"	567.52	8.99	600.03	268.27
0.8394288420677185	"person"	363.75	0.2	484.5	171.75
