"score"	"label"	"x0"	"y0"	"x1"	"y1"
0.9867231249809265	"person"	186.05	115.38	356.15	548.02
0.9712812900543213	"person"	33.72	72.41	263.71	547.39
0.9539531469345093	"person"	77.07	167.0	273.5	377.66
0.9320617318153381	"person"	84.33	73.6	261.43	546.77
0.8297236561775208	"person"	73.5	166.4	224.07	373.22
0.6464236378669739	"person"	35.62	165.73	248.91	546.78
0.5851759314537048	"person"	217.36	114.79	358.15	548.79
0.5701895356178284	"person"	31.18	76.24	256.98	365.28
0.5678864121437073	"person"	60.66	171.27	272.42	546.21
