"score"	"label"	"x0"	"y0"	"x1"	"y1"
0.8020427227020264	"bench"	134.85	235.39	582.01	322.15
0.6644998788833618	"bench"	16.8	233.37	261.47	279.84
