"score"	"label"	"x0"	"y0"	"x1"	"y1"
0.9670781493186951	"boat"	160.67	58.83	518.21	349.38
0.9314621090888977	"boat"	164.14	228.27	519.42	345.65
0.885722815990448	"boat"	64.78	127.69	180.59	318.15
0.8249453902244568	"boat"	61.42	291.03	184.28	320.56
0.586605966091156	"boat"	162.35	219.31	519.7	347.77
