"score"	"label"	"x0"	"y0"	"x1"	"y1"
0.9998251795768738	"person"	254.03	176.49	340.03	436.24
0.998982846736908	"person"	162.68	66.05	263.09	276.01
0.8789225220680237	"bench"	46.29	270.31	208.73	316.46
0.862480878829956	"toothbrush"	325.19	223.38	338.66	234.95
0.7906916737556458	"bottle"	144.55	236.52	155.04	278.34
0.5671995282173157	"toothbrush"	304.22	234.25	322.81	250.43
0.5289239883422852	"toothbrush"	322.31	220.2	335.72	231.04
