"score"	"label"	"x0"	"y0"	"x1"	"y1"
0.9995094537734985	"person"	33.52	70.71	263.46	456.35
0.9995052814483643	"person"	353.88	59.66	541.74	456.61
0.9979312419891357	"person"	227.03	94.35	384.44	457.76
0.9192169904708862	"tennis racket"	0.04	311.3	95.46	379.58
0.5595356225967407	"bicycle"	-0.25	309.24	105.96	459.74
