"score"	"label"	"x0"	"y0"	"x1"	"y1"
0.9928401708602905	"boat"	152.87	118.02	475.96	306.57
0.9138414859771729	"boat"	80.1	278.31	125.79	296.89
