"score"	"label"	"x0"	"y0"	"x1"	"y1"
0.9766164422035217	"person"	20.97	49.86	362.85	547.86
0.9132870435714722	"person"	0.23	47.57	374.84	547.94
