"score"	"label"	"x0"	"y0"	"x1"	"y1"
0.8737205862998962	"bird"	492.41	3.44	499.57	10.65
0.5400855541229248	"bird"	59.34	220.57	65.0	227.3
