"score"	"label"	"x0"	"y0"	"x1"	"y1"
0.9997474551200867	"person"	67.51	141.53	250.69	531.63
0.998904824256897	"chair"	129.2	369.18	239.54	522.61
