"score"	"label"	"x0"	"y0"	"x1"	"y1"
0.9955379962921143	"teddy bear"	110.57	106.01	384.52	484.12
0.9912291765213013	"chair"	37.38	231.98	313.31	599.64
0.9888688325881958	"person"	58.59	146.97	412.96	545.79
0.925214409828186	"teddy bear"	175.9	104.03	386.93	479.04
0.584496259689331	"teddy bear"	179.79	101.0	388.1	479.48
