"score"	"label"	"x0"	"y0"	"x1"	"y1"
0.9997209906578064	"person"	38.09	68.73	345.87	546.2
0.986941397190094	"tie"	143.2	197.52	191.43	283.3
0.949489176273346	"chair"	24.91	259.52	369.96	548.03
0.6549571752548218	"tie"	159.06	200.36	192.03	282.67
0.6360474824905396	"chair"	294.62	343.91	371.51	549.09
