"score"	"label"	"x0"	"y0"	"x1"	"y1"
0.9458456635475159	"boat"	179.52	137.6	210.93	148.54
0.5547439455986023	"person"	208.2	300.42	218.92	321.92
