"score"	"label"	"x0"	"y0"	"x1"	"y1"
0.9842297434806824	"person"	13.5	220.72	20.84	235.27
0.9560547471046448	"person"	37.32	217.73	43.54	231.02
0.8552184104919434	"person"	35.21	218.1	40.79	231.36
0.8163126707077026	"person"	31.81	218.01	37.36	231.43
0.679642915725708	"person"	82.88	206.85	88.66	216.03
0.6460559368133545	"person"	27.08	215.76	32.95	226.31
0.5618885159492493	"person"	506.21	218.37	517.35	236.32
