"score"	"label"	"x0"	"y0"	"x1"	"y1"
0.9986034035682678	"person"	107.61	58.14	423.04	369.09
0.8435124158859253	"kite"	378.55	156.92	599.23	368.3
