"score"	"label"	"x0"	"y0"	"x1"	"y1"
0.999565064907074	"person"	1.49	99.5	330.04	546.68
0.9561232924461365	"tie"	179.7	293.02	238.83	493.42
