"score"	"label"	"x0"	"y0"	"x1"	"y1"
0.9994783997535706	"person"	188.79	37.69	324.87	310.29
0.9971917271614075	"person"	59.13	87.91	258.03	319.33
0.9570885896682739	"tie"	252.36	103.65	284.72	151.73
0.8071073293685913	"chair"	45.27	153.12	161.0	283.71
0.7516524791717529	"tie"	244.55	104.2	291.85	168.31
0.716773509979248	"bicycle"	49.69	250.3	270.57	376.35
0.677910566329956	"tie"	249.0	104.51	273.26	130.63
0.5188689231872559	"tie"	242.83	108.47	270.86	152.45
