"score"	"label"	"x0"	"y0"	"x1"	"y1"
0.9295503497123718	"person"	506.53	262.62	515.59	276.4
0.9013658165931702	"person"	167.76	267.06	185.9	292.45
0.8664839863777161	"person"	165.94	268.84	181.04	302.32
0.7974834442138672	"person"	323.63	268.15	336.59	289.77
0.5912318825721741	"person"	191.53	269.96	199.21	284.29
