"score"	"label"	"x0"	"y0"	"x1"	"y1"
0.9269304275512695	"bicycle"	39.3	216.49	84.88	238.81
0.8378086686134338	"person"	84.6	235.8	101.6	263.27
0.7576975226402283	"bird"	231.52	252.13	247.4	269.71
0.7145597338676453	"bicycle"	39.86	217.55	83.08	238.55
