"score"	"label"	"x0"	"y0"	"x1"	"y1"
0.9515272378921509	"train"	391.56	248.38	426.47	293.56
0.8833370208740234	"train"	111.86	181.75	180.88	238.56
0.5917734503746033	"train"	80.38	176.56	185.21	271.34
