"score"	"label"	"x0"	"y0"	"x1"	"y1"
0.9962869882583618	"person"	8.69	71.57	378.48	599.51
0.6930179595947266	"tie"	172.49	227.02	205.85	401.88
