"score"	"label"	"x0"	"y0"	"x1"	"y1"
0.9972580671310425	"person"	44.35	112.85	233.38	538.99
0.9912897348403931	"person"	154.77	55.2	337.08	544.7
0.7942062616348267	"bench"	34.55	345.53	265.14	549.39
0.728646993637085	"person"	219.84	179.73	338.94	539.99
