"score"	"label"	"x0"	"y0"	"x1"	"y1"
0.9994478821754456	"person"	188.97	291.58	219.96	397.59
0.9983324408531189	"person"	219.42	292.15	257.17	402.58
0.9819527268409729	"person"	425.21	276.71	444.37	357.62
0.9612113833427429	"person"	240.63	12.88	265.93	98.18
0.9096472859382629	"person"	338.58	302.04	417.67	406.75
0.7692358493804932	"clock"	89.43	261.6	108.5	278.44
