"score"	"label"	"x0"	"y0"	"x1"	"y1"
0.9991576671600342	"person"	147.71	29.71	367.9	464.99
0.9513324499130249	"boat"	3.31	184.11	561.53	595.03
