"score"	"label"	"x0"	"y0"	"x1"	"y1"
0.9988712668418884	"person"	526.88	345.57	538.69	380.15
0.9988705515861511	"person"	463.56	345.03	477.5	381.81
0.9980403780937195	"person"	324.7	345.95	334.87	372.21
0.9884794354438782	"person"	438.04	352.67	447.86	381.18
0.9838362336158752	"car"	484.67	340.69	536.43	367.17
0.9537346959114075	"person"	280.69	352.39	289.03	372.8
0.8561261892318726	"truck"	481.37	340.44	531.77	367.22
0.7265981435775757	"truck"	479.5	340.55	530.16	367.59
0.5057582259178162	"truck"	482.88	340.52	541.92	366.97
