"score"	"label"	"x0"	"y0"	"x1"	"y1"
0.9465840458869934	"bench"	401.74	204.57	511.86	272.56
0.8075675368309021	"chair"	424.34	234.03	467.16	275.42
