"score"	"label"	"x0"	"y0"	"x1"	"y1"
0.9999403953552246	"person"	137.17	66.02	183.61	161.75
0.9763154983520508	"person"	59.31	75.48	79.36	117.57
0.9591118693351746	"chair"	42.77	106.84	87.01	153.7
0.9421199560165405	"bus"	50.2	39.38	211.11	125.76
0.8883386850357056	"person"	61.1	75.57	99.88	114.87
0.7934495210647583	"person"	72.39	70.82	93.86	94.35
0.771604597568512	"person"	62.81	75.58	98.9	113.6
0.6706629395484924	"person"	73.84	85.2	100.26	113.59
0.6550998687744141	"person"	74.42	83.01	102.98	109.65
