"score"	"label"	"x0"	"y0"	"x1"	"y1"
0.9998241066932678	"dog"	58.26	328.74	247.97	549.53
0.8393758535385132	"person"	61.56	330.92	407.57	552.44
0.6643618941307068	"dog"	59.08	329.42	310.99	552.58
0.6628046631813049	"person"	96.93	332.64	407.63	546.97
0.6360146403312683	"person"	99.25	333.08	410.77	548.81
