"score"	"label"	"x0"	"y0"	"x1"	"y1"
0.9997811913490295	"tie"	291.17	279.93	314.71	292.88
0.9913005232810974	"person"	509.24	359.18	542.58	441.59
0.9911308288574219	"person"	419.52	346.69	485.81	523.47
0.9775621294975281	"person"	236.08	232.94	365.15	398.0
0.7981881499290466	"person"	167.05	360.87	209.81	467.4
0.717287003993988	"person"	235.24	233.01	378.87	584.18
0.534192681312561	"person"	167.74	361.17	209.16	440.86
