"score"	"label"	"x0"	"y0"	"x1"	"y1"
0.9996539354324341	"person"	120.07	23.67	263.77	535.83
0.9985319375991821	"tie"	189.03	113.07	204.05	151.24
