"score"	"label"	"x0"	"y0"	"x1"	"y1"
0.8396496772766113	"boat"	123.45	234.8	177.29	255.8
0.6184230446815491	"airplane"	528.47	4.53	578.09	24.7
