"score"	"label"	"x0"	"y0"	"x1"	"y1"
0.5317140221595764	"train"	271.5	189.11	427.0	295.6
0.5042341351509094	"person"	460.19	206.91	469.19	230.75
