"score"	"label"	"x0"	"y0"	"x1"	"y1"
0.9996633529663086	"person"	16.09	77.99	147.46	406.2
0.9988065958023071	"tie"	64.39	129.92	77.85	140.48
0.9982724189758301	"person"	560.96	124.08	587.17	191.02
0.6457387208938599	"person"	523.49	118.88	542.14	140.34
