"score"	"label"	"x0"	"y0"	"x1"	"y1"
0.9613298177719116	"oven"	0.57	384.54	165.81	597.8
0.9181918501853943	"sink"	42.74	340.03	277.09	432.11
0.6260068416595459	"oven"	35.17	473.84	136.14	599.14
