"score"	"label"	"x0"	"y0"	"x1"	"y1"
0.9982179999351501	"person"	-0.06	72.88	339.83	548.38
0.6078647375106812	"person"	-0.18	70.63	339.76	548.42
