"score"	"label"	"x0"	"y0"	"x1"	"y1"
0.9930456280708313	"car"	442.02	301.09	512.2	342.97
0.9836261868476868	"person"	-0.01	278.52	56.45	379.53
0.9562526941299438	"person"	322.63	308.64	333.31	337.04
0.8303552269935608	"person"	122.16	302.1	133.95	346.49
