"score"	"label"	"x0"	"y0"	"x1"	"y1"
0.99969482421875	"person"	216.91	110.22	271.44	202.09
0.9992617964744568	"person"	177.83	105.6	212.11	203.57
0.9940504431724548	"person"	302.71	105.22	368.98	196.53
0.779683530330658	"person"	272.54	143.08	308.2	202.12
0.6664383411407471	"person"	298.69	103.93	347.49	187.12
