"score"	"label"	"x0"	"y0"	"x1"	"y1"
0.7411511540412903	"train"	209.48	84.17	532.56	296.09
0.7405615448951721	"person"	192.3	168.09	213.08	195.75
0.7331401705741882	"train"	208.94	85.01	417.25	291.19
