"score"	"label"	"x0"	"y0"	"x1"	"y1"
0.9976196885108948	"person"	163.72	176.44	190.42	252.39
0.9777346253395081	"boat"	0.27	74.37	426.9	381.82
