"score"	"label"	"x0"	"y0"	"x1"	"y1"
0.9998492002487183	"person"	3.51	105.61	388.5	598.39
0.9995445609092712	"tie"	217.74	323.78	272.67	373.56
