"score"	"label"	"x0"	"y0"	"x1"	"y1"
0.9997524619102478	"person"	127.22	94.48	242.73	453.06
0.9993333220481873	"tie"	176.3	160.07	188.54	194.27
