"score"	"label"	"x0"	"y0"	"x1"	"y1"
0.9963705539703369	"bed"	4.08	172.71	384.97	593.85
0.9959378242492676	"person"	6.81	270.79	274.69	513.75
0.846683144569397	"bed"	4.25	147.46	383.6	594.78
