"score"	"label"	"x0"	"y0"	"x1"	"y1"
0.999377965927124	"person"	233.31	96.07	359.32	401.61
0.96045982837677	"chair"	216.65	197.2	267.32	399.08
0.941084623336792	"potted plant"	495.34	175.47	599.62	243.39
0.9078786373138428	"person"	334.07	112.85	458.4	400.59
0.7969958782196045	"person"	325.89	113.34	454.89	399.99
0.6523802876472473	"chair"	461.93	194.99	507.61	236.87
0.5506842136383057	"person"	394.77	163.99	460.06	306.36
