"score"	"label"	"x0"	"y0"	"x1"	"y1"
0.9994920492172241	"person"	0.88	324.41	19.88	377.08
0.9922796487808228	"person"	112.85	325.18	132.37	367.76
0.9739355444908142	"person"	107.48	325.73	123.89	366.29
0.7258345484733582	"bird"	406.59	93.84	411.04	99.88
