"score"	"label"	"x0"	"y0"	"x1"	"y1"
0.9197357296943665	"bench"	322.61	280.33	429.75	374.28
0.8544263243675232	"car"	581.64	248.47	599.72	279.25
