"score"	"label"	"x0"	"y0"	"x1"	"y1"
0.9994174242019653	"truck"	24.05	56.2	598.57	357.29
0.9735739231109619	"person"	366.01	155.65	398.85	194.31
0.9497781991958618	"person"	563.23	201.07	599.73	299.07
0.7916809916496277	"person"	337.22	155.21	381.71	194.7
0.7896597981452942	"person"	500.84	179.5	535.41	213.61
0.7084304094314575	"person"	528.59	199.45	599.69	301.25
0.5813042521476746	"person"	515.34	180.2	559.58	269.04
