"score"	"label"	"x0"	"y0"	"x1"	"y1"
0.9991939663887024	"person"	75.91	26.5	256.61	223.51
0.9331371188163757	"person"	266.22	33.17	413.89	124.95
0.5654979348182678	"person"	247.42	36.41	407.14	386.09
