"score"	"label"	"x0"	"y0"	"x1"	"y1"
0.9934802055358887	"sink"	396.66	229.63	524.48	270.56
0.9744055867195129	"cup"	215.23	57.14	236.06	73.48
0.9648264050483704	"sink"	149.52	221.48	216.95	236.94
0.9637071490287781	"cup"	303.97	9.25	332.55	27.45
0.9328370690345764	"cup"	216.65	1.26	242.33	20.79
0.9138590097427368	"cup"	264.31	3.96	288.82	24.87
0.9070238471031189	"cup"	304.94	43.91	326.93	76.88
0.9020709991455078	"oven"	-0.09	270.62	82.25	467.99
0.8188958168029785	"cup"	195.83	57.55	218.1	73.6
0.8094455599784851	"bowl"	188.09	0.03	221.12	11.51
0.6932095289230347	"oven"	-0.0	245.8	90.93	467.63
0.6925994753837585	"cup"	223.77	57.64	237.49	73.64
0.671950101852417	"cup"	335.98	58.95	350.06	76.76
0.6609691977500916	"cup"	202.87	56.75	227.88	73.37
0.6119330525398254	"cup"	355.22	60.16	369.31	77.31
0.6005110144615173	"cup"	258.38	49.76	290.36	76.49
0.5497806668281555	"cup"	336.34	59.19	350.42	77.4
