"score"	"label"	"x0"	"y0"	"x1"	"y1"
0.742043673992157	"person"	91.12	268.49	106.49	305.54
0.7131931781768799	"person"	92.27	268.25	107.89	307.07
