"score"	"label"	"x0"	"y0"	"x1"	"y1"
0.9872671961784363	"potted plant"	71.24	51.84	243.04	314.09
0.9273819923400879	"vase"	162.74	229.74	199.78	313.14
0.9130146503448486	"vase"	163.13	232.68	195.14	312.67
