"score"	"label"	"x0"	"y0"	"x1"	"y1"
0.968176543712616	"bench"	566.64	228.4	600.01	252.16
0.8324272036552429	"bench"	449.72	249.82	496.7	261.44
0.6523261666297913	"bench"	439.76	247.45	484.77	261.73
