"score"	"label"	"x0"	"y0"	"x1"	"y1"
0.9999464750289917	"person"	194.61	262.77	331.88	566.02
0.9997243285179138	"bicycle"	421.35	330.48	517.41	597.58
0.9968864321708679	"person"	362.79	215.95	465.19	581.48
0.9341456890106201	"chair"	125.24	368.09	274.05	576.87
0.8017889857292175	"chair"	304.24	429.15	389.9	532.77
