"score"	"label"	"x0"	"y0"	"x1"	"y1"
0.986664891242981	"person"	267.77	270.17	278.13	298.98
0.8187986612319946	"car"	430.28	304.52	443.83	317.29
