"score"	"label"	"x0"	"y0"	"x1"	"y1"
0.9997000694274902	"person"	66.6	75.45	294.28	537.31
0.9471712708473206	"chair"	-0.04	363.7	230.5	550.55
0.738375186920166	"chair"	0.45	350.95	227.72	549.89
