"score"	"label"	"x0"	"y0"	"x1"	"y1"
0.9998773336410522	"person"	433.01	201.95	469.23	295.24
0.9996002316474915	"person"	375.93	192.44	422.64	302.61
0.9988052845001221	"person"	200.68	192.44	230.85	305.98
0.9592903852462769	"person"	277.95	224.75	318.8	282.59
0.7340234518051147	"person"	398.11	185.39	427.5	221.33
0.6254435777664185	"person"	417.36	0.31	476.6	84.79
0.5344157218933105	"person"	417.14	0.22	453.15	82.06
