"score"	"label"	"x0"	"y0"	"x1"	"y1"
0.99920254945755	"person"	544.48	126.86	600.07	302.44
0.5735998153686523	"skateboard"	576.01	290.05	599.91	310.85
