"score"	"label"	"x0"	"y0"	"x1"	"y1"
0.9984837174415588	"bench"	237.18	192.49	288.16	217.14
0.8399280309677124	"bench"	64.43	197.81	96.1	218.81
0.7096633911132812	"bench"	27.46	374.68	83.46	386.15
