"score"	"label"	"x0"	"y0"	"x1"	"y1"
0.9996615648269653	"person"	2.86	124.85	161.61	594.96
0.6093265414237976	"handbag"	258.34	351.5	314.73	395.75
0.5679354071617126	"boat"	0.04	1.68	391.04	597.14
