"score"	"label"	"x0"	"y0"	"x1"	"y1"
0.9542161822319031	"person"	-0.0	209.21	29.12	348.28
0.8972792625427246	"bench"	23.61	271.06	85.32	331.15
0.8156876564025879	"clock"	126.23	116.48	146.96	159.1
0.7285706400871277	"clock"	390.22	44.28	423.8	97.46
