"score"	"label"	"x0"	"y0"	"x1"	"y1"
0.999570906162262	"tie"	402.27	324.66	419.97	363.61
0.993800938129425	"person"	55.88	204.09	360.24	566.67
0.9555537700653076	"person"	252.53	202.47	599.61	567.23
0.9344410300254822	"tie"	202.94	362.36	236.82	499.67
0.9216635227203369	"person"	305.1	202.23	599.86	567.15
0.7908223271369934	"handbag"	284.72	536.5	436.1	568.24
0.746049165725708	"handbag"	292.6	536.37	438.24	568.12
0.69364333152771	"handbag"	468.99	457.79	567.36	568.04
