"score"	"label"	"x0"	"y0"	"x1"	"y1"
0.951296865940094	"person"	289.99	191.71	329.91	226.39
0.9500803351402283	"person"	0.0	201.64	20.11	227.88
0.7774048447608948	"person"	0.02	57.5	4.27	257.12
0.7077536582946777	"person"	302.14	191.13	317.97	213.08
0.5538171529769897	"person"	0.05	46.83	4.39	329.59
