"score"	"label"	"x0"	"y0"	"x1"	"y1"
0.9996689558029175	"person"	113.91	254.08	261.54	597.66
0.9989781379699707	"person"	307.23	278.69	484.62	597.96
0.9960065484046936	"person"	457.26	324.72	571.76	598.05
0.9903767704963684	"skis"	281.47	379.38	347.79	599.52
