"score"	"label"	"x0"	"y0"	"x1"	"y1"
0.999710738658905	"person"	427.35	184.48	500.37	387.74
0.9913751482963562	"truck"	35.89	122.3	587.03	405.77
