"score"	"label"	"x0"	"y0"	"x1"	"y1"
0.9775840640068054	"boat"	94.57	163.3	224.36	196.14
0.9023133516311646	"boat"	275.8	187.43	289.03	194.58
0.8570104241371155	"boat"	216.38	175.16	287.25	196.35
0.5622093081474304	"boat"	218.0	179.19	281.22	195.76
0.5046513676643372	"boat"	95.75	170.22	225.32	195.74
