"score"	"label"	"x0"	"y0"	"x1"	"y1"
0.9998816251754761	"person"	141.69	158.82	242.43	444.55
0.9996815919876099	"person"	265.79	151.96	370.81	420.28
0.9993600249290466	"tie"	394.53	207.61	411.07	215.79
0.9984797835350037	"person"	349.63	160.49	454.77	440.97
0.9922758936882019	"person"	260.43	185.36	295.25	351.38
0.9827612042427063	"person"	347.2	186.32	377.1	304.06
0.7367388010025024	"handbag"	334.4	283.5	346.5	336.24
0.5662782192230225	"tie"	359.95	211.38	368.34	229.25
