"score"	"label"	"x0"	"y0"	"x1"	"y1"
0.8147804737091064	"person"	21.19	193.24	38.64	233.72
0.7848914265632629	"bus"	407.6	166.43	599.85	402.63
0.5033806562423706	"bicycle"	147.74	373.81	190.28	405.04
