"score"	"label"	"x0"	"y0"	"x1"	"y1"
0.9994444251060486	"person"	199.83	178.1	377.67	571.25
0.7793106436729431	"teddy bear"	262.95	350.4	316.2	435.48
