"score"	"label"	"x0"	"y0"	"x1"	"y1"
0.9996902942657471	"person"	209.05	80.69	294.9	344.51
0.9996449947357178	"person"	424.76	52.25	514.48	375.99
0.9994685053825378	"person"	109.11	82.35	198.57	360.73
0.892437756061554	"bench"	505.05	236.19	572.68	296.35
0.8420976400375366	"bench"	242.07	218.51	434.72	370.16
0.7541006207466125	"backpack"	96.99	121.91	134.59	210.67
