"score"	"label"	"x0"	"y0"	"x1"	"y1"
0.9994716048240662	"person"	144.42	212.6	252.23	487.85
0.9988715052604675	"person"	49.6	224.98	173.53	495.72
