"score"	"label"	"x0"	"y0"	"x1"	"y1"
0.9995917677879333	"tie"	156.15	299.14	172.56	317.13
0.9985136389732361	"person"	116.67	227.98	301.73	542.47
0.997444748878479	"tie"	85.53	341.35	112.26	375.37
0.9948754906654358	"person"	20.45	261.32	165.12	545.75
0.5831310749053955	"tie"	88.4	342.37	111.87	375.58
0.5158160328865051	"tie"	83.13	338.48	114.57	409.01
