"score"	"label"	"x0"	"y0"	"x1"	"y1"
0.9942294359207153	"person"	292.44	37.85	572.52	423.72
0.8749213218688965	"person"	128.56	77.86	322.83	421.69
0.7946944832801819	"person"	129.29	75.81	401.43	422.57
0.7364901304244995	"person"	6.41	50.02	422.66	423.2
0.731586754322052	"tie"	359.51	191.25	378.16	229.54
0.7277101278305054	"person"	5.34	66.87	302.44	422.2
0.7225470542907715	"person"	5.94	67.28	326.69	421.94
