"score"	"label"	"x0"	"y0"	"x1"	"y1"
0.8673250079154968	"boat"	212.99	209.62	252.09	220.92
0.7095566987991333	"boat"	117.08	192.85	140.77	204.53
