"score"	"label"	"x0"	"y0"	"x1"	"y1"
0.9700947403907776	"person"	50.79	121.14	324.91	483.36
0.9503582715988159	"person"	52.74	123.16	378.76	489.83
0.9404982924461365	"person"	0.15	0.16	174.33	399.54
0.8834584951400757	"person"	-0.91	0.78	314.92	403.59
0.7271949648857117	"person"	213.9	0.03	419.63	386.01
0.6374862790107727	"person"	397.03	-2.86	420.08	448.69
0.6166916489601135	"person"	52.64	122.29	316.43	476.73
