"score"	"label"	"x0"	"y0"	"x1"	"y1"
0.7330480813980103	"car"	364.31	357.97	384.54	372.6
0.6192441582679749	"truck"	532.23	54.98	591.12	73.63
