"score"	"label"	"x0"	"y0"	"x1"	"y1"
0.9992225170135498	"tie"	171.04	308.3	214.45	391.94
0.9991028308868408	"person"	19.22	111.13	378.74	548.33
