"score"	"label"	"x0"	"y0"	"x1"	"y1"
0.9959409236907959	"chair"	127.99	230.95	242.18	346.38
0.9934360980987549	"vase"	420.46	198.95	438.69	227.75
0.9833106994628906	"bowl"	445.2	222.44	475.48	235.84
0.9481999278068542	"potted plant"	396.5	143.85	492.73	228.19
0.9332187175750732	"potted plant"	118.73	176.13	157.52	219.86
0.9233992099761963	"chair"	1.82	235.61	80.37	349.47
0.8420255780220032	"vase"	126.48	208.84	154.62	221.06
0.7782870531082153	"chair"	11.07	235.76	108.63	348.54
0.741912841796875	"vase"	123.53	208.62	147.72	220.28
0.7087073922157288	"couch"	8.67	216.35	139.05	338.88
0.7067286968231201	"bowl"	474.82	226.12	507.36	239.45
0.6830267906188965	"wine glass"	490.38	200.54	514.2	234.78
0.638205349445343	"vase"	203.96	215.81	218.68	230.84
0.5478909015655518	"vase"	427.98	201.68	441.84	227.51
0.5038329362869263	"dining table"	368.12	218.89	512.8	307.11
