"score"	"label"	"x0"	"y0"	"x1"	"y1"
0.7896740436553955	"train"	74.15	125.94	537.96	147.58
0.5798072814941406	"boat"	284.06	228.86	293.8	238.23
0.5149377584457397	"bird"	480.61	22.6	485.95	26.53
