"score"	"label"	"x0"	"y0"	"x1"	"y1"
0.9928981065750122	"person"	161.77	38.85	332.61	544.46
0.9463889598846436	"chair"	134.94	254.94	386.86	498.15
