"score"	"label"	"x0"	"y0"	"x1"	"y1"
0.9256420731544495	"bus"	58.86	134.58	494.27	355.53
0.6660246253013611	"truck"	54.94	132.67	496.11	355.65
