"score"	"label"	"x0"	"y0"	"x1"	"y1"
0.9838097095489502	"sink"	-0.04	414.28	137.57	520.86
0.9832181930541992	"chair"	315.39	382.38	374.75	463.67
0.945734441280365	"chair"	363.69	375.07	418.79	444.41
0.9420099258422852	"chair"	280.02	370.27	334.01	428.76
0.5988441705703735	"sink"	321.81	335.3	391.44	350.38
0.5748899579048157	"chair"	380.86	344.71	418.79	438.45
0.5708188414573669	"sink"	324.6	336.04	391.57	351.58
