"score"	"label"	"x0"	"y0"	"x1"	"y1"
0.9978099465370178	"person"	9.01	77.21	432.62	597.09
0.933374285697937	"tie"	199.02	261.61	220.0	301.51
0.7129994034767151	"tie"	193.63	262.82	224.62	421.12
