"score"	"label"	"x0"	"y0"	"x1"	"y1"
0.6391230225563049	"boat"	34.8	116.5	84.13	145.91
0.5482216477394104	"boat"	88.29	90.39	134.08	114.31
