"score"	"label"	"x0"	"y0"	"x1"	"y1"
0.9800499081611633	"clock"	447.74	169.82	462.35	193.7
0.8363357186317444	"clock"	36.96	223.49	46.67	231.6
