"score"	"label"	"x0"	"y0"	"x1"	"y1"
0.9743572473526001	"tie"	193.31	332.79	258.54	427.87
0.9479659795761108	"person"	96.01	116.79	426.32	598.02
