"score"	"label"	"x0"	"y0"	"x1"	"y1"
0.9996277093887329	"person"	259.15	89.75	322.49	307.01
0.9940764904022217	"person"	214.44	118.33	270.57	305.55
0.9871923923492432	"chair"	334.06	192.89	414.19	289.98
0.9826462268829346	"chair"	92.64	203.85	175.71	311.18
0.9465513825416565	"tie"	268.44	122.76	279.45	153.86
0.9359459280967712	"chair"	174.8	200.61	221.23	291.83
0.6136123538017273	"tie"	262.77	120.86	271.18	144.78
0.5280568599700928	"tie"	268.07	116.13	276.2	125.56
