"score"	"label"	"x0"	"y0"	"x1"	"y1"
0.996830403804779	"potted plant"	313.94	249.12	414.34	348.53
0.9953624606132507	"chair"	544.4	347.52	600.02	410.88
0.9912652373313904	"vase"	352.77	305.34	383.72	349.14
0.9816849827766418	"person"	96.06	65.63	287.34	409.14
0.9695398211479187	"person"	200.07	150.53	286.73	334.4
0.7301764488220215	"cup"	210.56	208.39	231.57	218.83
0.5906500220298767	"cup"	210.82	212.25	230.47	221.12
0.5340327024459839	"person"	96.46	172.42	280.39	409.44
