"score"	"label"	"x0"	"y0"	"x1"	"y1"
0.9698745608329773	"bird"	242.93	286.76	253.66	296.66
0.6150580048561096	"bird"	198.35	285.56	208.55	292.85
