"score"	"label"	"x0"	"y0"	"x1"	"y1"
0.9993667006492615	"person"	94.16	183.9	174.42	435.37
0.9990444779396057	"person"	163.0	192.02	241.28	438.58
0.9989243149757385	"person"	232.27	178.24	317.23	450.22
0.9982860684394836	"tie"	142.77	230.45	150.56	246.36
0.80707186460495	"handbag"	226.53	294.29	247.28	335.5
0.7217889428138733	"tie"	254.22	228.59	267.63	258.54
0.6437395811080933	"tie"	192.73	240.72	200.2	252.11
