"score"	"label"	"x0"	"y0"	"x1"	"y1"
0.998999297618866	"person"	354.03	95.22	540.89	566.29
0.8956498503684998	"person"	117.58	278.12	129.72	305.48
0.5779399871826172	"person"	118.41	310.64	126.7	330.38
