"score"	"label"	"x0"	"y0"	"x1"	"y1"
0.9222766757011414	"clock"	119.57	155.53	137.33	178.56
0.9175825715065002	"clock"	120.04	158.13	131.36	173.59
0.731083333492279	"clock"	351.37	111.98	371.66	136.38
0.5856068134307861	"clock"	225.26	138.48	243.45	162.1
0.547814130783081	"bicycle"	553.25	390.47	565.88	416.98
