"score"	"label"	"x0"	"y0"	"x1"	"y1"
0.9812514781951904	"bus"	389.96	311.56	599.4	410.78
0.8810924291610718	"boat"	163.07	19.3	255.95	36.23
0.8207938075065613	"boat"	93.65	131.82	104.45	139.58
0.5778557658195496	"boat"	163.3	20.47	172.91	31.1
0.547778308391571	"boat"	206.25	26.52	254.8	35.68
