"score"	"label"	"x0"	"y0"	"x1"	"y1"
0.999487042427063	"person"	264.95	96.73	298.03	252.73
0.9967455863952637	"person"	277.27	97.31	329.57	259.71
0.8249490857124329	"bench"	183.3	293.43	356.58	334.68
