"score"	"label"	"x0"	"y0"	"x1"	"y1"
0.9993619322776794	"train"	165.21	176.61	356.77	211.71
0.9074245095252991	"person"	304.68	224.61	319.57	256.28
