"score"	"label"	"x0"	"y0"	"x1"	"y1"
0.8921153545379639	"dining table"	9.57	234.05	86.35	245.17
0.6293569803237915	"dining table"	41.16	234.01	89.52	252.67
0.5374833345413208	"bench"	414.41	243.42	510.05	306.28
0.5128807425498962	"bench"	6.31	240.18	57.91	295.45
