"score"	"label"	"x0"	"y0"	"x1"	"y1"
0.9989327788352966	"person"	90.18	41.82	360.56	420.55
0.9988812804222107	"person"	316.09	31.33	585.26	420.24
0.888064444065094	"tie"	364.26	212.56	386.07	287.46
0.7653958201408386	"tie"	367.39	200.72	389.99	251.44
0.6027140617370605	"tie"	335.35	212.68	385.06	415.79
