"score"	"label"	"x0"	"y0"	"x1"	"y1"
0.9998633861541748	"person"	0.05	45.02	392.98	596.84
0.9849231243133545	"tie"	143.22	314.33	185.61	433.8
