"score"	"label"	"x0"	"y0"	"x1"	"y1"
0.9631562232971191	"person"	121.92	174.42	307.21	506.12
0.963104248046875	"chair"	56.2	238.93	183.69	456.87
0.883298933506012	"person"	393.2	104.12	430.86	186.9
