"score"	"label"	"x0"	"y0"	"x1"	"y1"
0.999402642250061	"person"	83.24	32.39	512.69	378.03
0.9872186183929443	"person"	-0.23	1.41	76.53	430.11
