"score"	"label"	"x0"	"y0"	"x1"	"y1"
0.9961406588554382	"tie"	217.86	224.79	237.65	285.7
0.9955590963363647	"person"	178.92	162.35	304.79	547.58
0.9858691692352295	"tie"	220.08	224.82	236.35	252.28
0.9587288498878479	"person"	41.4	254.47	267.36	565.07
