"score"	"label"	"x0"	"y0"	"x1"	"y1"
0.9884622693061829	"boat"	249.41	211.81	460.76	293.73
0.88438880443573	"boat"	1.14	301.08	112.82	423.94
0.7407061457633972	"boat"	0.61	219.03	140.62	424.39
0.6876400113105774	"boat"	151.82	241.0	249.89	268.55
0.6576181054115295	"boat"	250.57	144.09	458.85	292.33
