"score"	"label"	"x0"	"y0"	"x1"	"y1"
0.999853253364563	"dog"	56.73	179.53	231.16	408.78
0.9996337890625	"person"	14.49	7.89	80.48	358.79
0.9994205236434937	"person"	203.27	104.91	321.34	464.72
