"score"	"label"	"x0"	"y0"	"x1"	"y1"
0.9873817563056946	"bench"	211.66	236.34	236.44	251.13
0.9836562871932983	"clock"	389.37	131.49	395.92	141.95
0.951285719871521	"bench"	120.8	233.45	145.92	246.04
