"score"	"label"	"x0"	"y0"	"x1"	"y1"
0.9995947480201721	"person"	204.56	124.49	423.49	596.84
0.9983447790145874	"tie"	65.41	466.25	145.32	586.77
0.998162567615509	"person"	6.68	154.22	312.83	596.64
