"score"	"label"	"x0"	"y0"	"x1"	"y1"
0.9857736229896545	"train"	356.32	214.1	401.55	240.78
0.8071566820144653	"train"	355.61	215.7	390.9	240.47
0.7076879739761353	"train"	359.88	214.14	398.25	237.37
