"score"	"label"	"x0"	"y0"	"x1"	"y1"
0.9517788887023926	"dog"	187.04	211.47	214.7	231.67
0.6464243531227112	"car"	197.29	177.5	232.88	197.04
