"score"	"label"	"x0"	"y0"	"x1"	"y1"
0.9984278678894043	"tie"	167.89	321.61	208.65	470.46
0.9974321722984314	"person"	111.8	90.66	391.92	593.35
