"score"	"label"	"x0"	"y0"	"x1"	"y1"
0.9988992214202881	"person"	326.99	89.1	599.65	417.77
0.9979538917541504	"person"	165.49	179.36	394.46	442.16
0.9936261177062988	"tie"	290.89	292.43	308.14	333.26
0.99222332239151	"chair"	337.07	256.76	412.53	314.98
0.9893240332603455	"tie"	447.46	201.19	468.85	253.17
0.9825263023376465	"person"	-0.01	14.25	236.45	485.98
0.9638431072235107	"dining table"	348.88	307.92	425.97	349.4
0.9073688983917236	"tie"	161.49	139.0	176.05	180.28
0.8079397082328796	"dining table"	350.5	307.77	424.15	378.82
0.7837821841239929	"dining table"	78.55	396.58	599.54	486.84
0.5316973328590393	"chair"	161.83	253.49	211.81	310.67
