"score"	"label"	"x0"	"y0"	"x1"	"y1"
0.9991040825843811	"tie"	205.95	197.51	217.8	211.14
0.9982771873474121	"person"	135.08	111.89	283.04	595.63
