"score"	"label"	"x0"	"y0"	"x1"	"y1"
0.9227902293205261	"boat"	545.67	248.39	565.26	252.92
0.8970456123352051	"boat"	66.31	207.64	244.24	256.44
0.8424915075302124	"boat"	243.48	223.47	500.98	255.52
0.8253177404403687	"boat"	357.35	221.93	499.62	253.96
0.8047173023223877	"boat"	243.83	245.93	329.5	257.39
0.7910472750663757	"boat"	241.73	243.29	328.84	257.1
0.6840699911117554	"boat"	70.21	149.62	246.18	255.3
0.6570422053337097	"boat"	239.35	208.91	328.99	255.87
