"score"	"label"	"x0"	"y0"	"x1"	"y1"
0.8116655349731445	"bench"	2.45	271.88	241.93	407.19
0.7675526738166809	"train"	0.05	0.13	600.05	406.64
