"score"	"label"	"x0"	"y0"	"x1"	"y1"
0.7586817145347595	"bicycle"	464.59	177.03	488.03	191.12
0.6129101514816284	"bicycle"	445.38	177.36	472.12	190.92
0.5731407999992371	"bicycle"	470.25	177.41	503.38	191.5
