"score"	"label"	"x0"	"y0"	"x1"	"y1"
0.9998915195465088	"person"	435.11	173.62	517.96	300.65
0.9997747540473938	"person"	182.14	88.65	238.48	247.64
0.9996606111526489	"person"	258.18	80.41	328.77	268.29
0.9887959957122803	"tie"	295.4	112.94	302.3	122.44
0.9792359471321106	"person"	547.91	43.42	599.93	169.7
0.9720410108566284	"tie"	216.88	116.41	221.98	125.06
0.5296637415885925	"person"	112.04	113.98	120.14	131.09
