"score"	"label"	"x0"	"y0"	"x1"	"y1"
0.9988184571266174	"person"	188.87	100.06	368.0	492.32
0.9845162630081177	"tie"	263.65	177.38	283.69	206.12
0.9823363423347473	"person"	0.54	116.7	245.21	539.88
0.8302953839302063	"chair"	298.27	274.67	388.82	469.91
