"score"	"label"	"x0"	"y0"	"x1"	"y1"
0.9961082339286804	"person"	316.86	348.95	346.62	414.18
0.9959803819656372	"person"	281.46	319.7	322.8	426.01
0.9736053347587585	"person"	-0.0	274.05	18.12	359.53
0.7365074753761292	"person"	-0.01	268.98	16.2	425.51
