"score"	"label"	"x0"	"y0"	"x1"	"y1"
0.989249587059021	"bicycle"	339.88	284.2	364.35	300.73
0.9866955280303955	"person"	265.7	279.12	280.41	301.85
0.9851951003074646	"person"	289.21	277.81	300.08	293.71
0.9791891574859619	"bicycle"	292.07	285.29	308.69	301.59
0.9640914797782898	"bicycle"	272.0	285.19	298.87	301.26
0.7384674549102783	"traffic light"	574.37	104.76	591.94	169.05
0.5973625183105469	"bench"	538.0	284.94	576.1	299.42
0.513031005859375	"person"	345.85	279.1	357.13	300.55
