"score"	"label"	"x0"	"y0"	"x1"	"y1"
0.9962266683578491	"person"	175.87	153.04	200.17	241.34
0.9812148809432983	"person"	330.86	179.78	361.34	261.96
0.7926124930381775	"person"	252.07	217.15	279.11	258.99
0.6940326690673828	"person"	505.08	177.68	523.16	242.36
0.6792582869529724	"person"	333.83	179.34	358.21	226.84
0.671996533870697	"person"	244.3	114.54	285.33	259.12
0.6136725544929504	"person"	259.5	218.66	280.59	256.9
0.5948402285575867	"person"	247.52	216.86	262.75	258.97
