"score"	"label"	"x0"	"y0"	"x1"	"y1"
0.9995492100715637	"bench"	168.91	287.98	226.86	315.2
0.9951491951942444	"bench"	252.44	287.24	303.3	312.23
0.8330000042915344	"clock"	83.31	210.23	102.68	231.8
