"score"	"label"	"x0"	"y0"	"x1"	"y1"
0.9963058233261108	"bench"	262.95	430.36	457.3	564.45
0.9956238865852356	"bench"	95.37	387.97	163.7	435.36
0.9925313591957092	"bench"	147.75	400.62	258.46	474.31
