"score"	"label"	"x0"	"y0"	"x1"	"y1"
0.8664369583129883	"chair"	260.41	241.39	314.22	405.53
0.745327889919281	"chair"	387.02	234.99	438.62	391.05
0.5526402592658997	"bench"	65.98	283.4	267.53	416.71
0.5096572637557983	"chair"	387.23	236.18	434.63	405.72
