"score"	"label"	"x0"	"y0"	"x1"	"y1"
0.9167415499687195	"car"	380.59	491.03	403.59	502.56
0.6534672975540161	"car"	190.7	124.21	205.29	139.37
0.6364896893501282	"car"	170.25	335.44	191.88	358.28
0.5019932389259338	"car"	100.18	0.14	118.23	14.23
