"score"	"label"	"x0"	"y0"	"x1"	"y1"
0.9994890689849854	"person"	180.93	92.84	427.09	595.15
0.9325511455535889	"person"	3.3	148.99	281.24	593.8
0.7950317859649658	"tie"	245.16	308.73	273.9	356.61
0.6948583126068115	"person"	3.4	154.82	265.76	473.24
