"score"	"label"	"x0"	"y0"	"x1"	"y1"
0.9956861734390259	"person"	417.45	265.15	426.47	294.07
0.9782366156578064	"person"	395.28	268.03	403.17	294.12
0.9698343873023987	"person"	275.36	268.05	283.89	294.87
0.9610410332679749	"clock"	276.21	166.53	290.35	182.12
0.8974626660346985	"person"	317.51	268.68	326.8	293.96
0.8368724584579468	"person"	307.76	267.6	316.04	293.92
0.7416887283325195	"person"	241.03	267.16	250.67	294.23
