"score"	"label"	"x0"	"y0"	"x1"	"y1"
0.9997333884239197	"person"	115.22	122.18	240.97	597.85
0.9992270469665527	"person"	239.15	132.33	367.28	597.37
