"score"	"label"	"x0"	"y0"	"x1"	"y1"
0.9998539686203003	"person"	492.39	269.69	515.68	342.41
0.9996943473815918	"person"	447.26	267.83	472.69	339.55
0.9797677397727966	"car"	216.92	264.19	335.37	381.44
0.9232215285301208	"train"	362.43	141.05	596.09	247.58
0.8095439076423645	"person"	311.41	331.85	335.69	380.76
