"score"	"label"	"x0"	"y0"	"x1"	"y1"
0.9985062479972839	"person"	168.55	142.42	278.51	282.01
0.9982153177261353	"person"	251.9	227.93	343.18	422.24
0.9949679970741272	"person"	21.34	140.96	126.7	368.43
0.99196857213974	"person"	87.57	147.85	163.74	291.81
0.8982093334197998	"banana"	241.38	426.81	305.75	451.67
0.7564735412597656	"banana"	243.56	424.71	307.53	447.96
0.743689775466919	"tie"	207.71	184.66	215.74	202.32
