"score"	"label"	"x0"	"y0"	"x1"	"y1"
0.999624490737915	"person"	120.77	99.37	304.14	504.69
0.5478655695915222	"tie"	182.14	178.76	242.58	211.51
