"score"	"label"	"x0"	"y0"	"x1"	"y1"
0.8636253476142883	"car"	0.22	278.99	107.1	299.7
0.7801522612571716	"car"	49.02	289.31	113.1	302.98
