"score"	"label"	"x0"	"y0"	"x1"	"y1"
0.9987609386444092	"person"	95.42	151.71	203.68	368.39
0.9152014255523682	"bench"	165.72	218.2	232.99	327.12
0.7232040762901306	"person"	176.08	327.8	200.87	369.64
0.6498422622680664	"bench"	189.17	220.03	232.49	314.07
