"score"	"label"	"x0"	"y0"	"x1"	"y1"
0.9944086670875549	"person"	422.54	255.74	432.12	277.5
0.9320119619369507	"boat"	105.82	241.77	496.21	361.57
0.7118110060691833	"boat"	-0.01	161.75	51.6	342.5
0.6302843689918518	"boat"	103.25	189.64	499.48	367.14
