"score"	"label"	"x0"	"y0"	"x1"	"y1"
0.7205556631088257	"person"	384.34	349.67	389.57	360.13
0.7181491851806641	"clock"	241.19	209.39	252.16	219.24
0.6167752742767334	"clock"	238.3	209.42	249.14	219.13
