"score"	"label"	"x0"	"y0"	"x1"	"y1"
0.9936025738716125	"person"	240.09	408.99	258.13	459.92
0.9275691509246826	"person"	21.98	415.64	42.53	449.48
0.6861926913261414	"person"	46.15	411.08	57.17	442.3
0.6252126097679138	"person"	467.88	412.17	482.44	431.53
0.6160927414894104	"person"	5.34	406.42	18.06	437.55
0.5927397608757019	"clock"	471.56	365.76	487.93	379.18
0.5805423259735107	"clock"	413.36	326.96	426.59	343.88
