"score"	"label"	"x0"	"y0"	"x1"	"y1"
0.9993485808372498	"person"	68.42	81.55	187.07	529.34
0.9979105591773987	"person"	165.13	88.79	299.41	520.49
0.9969833493232727	"tie"	138.53	151.9	154.84	191.55
