"score"	"label"	"x0"	"y0"	"x1"	"y1"
0.9994014501571655	"person"	197.05	297.76	227.2	399.35
0.9990968704223633	"dog"	221.11	335.14	269.01	402.07
