"score"	"label"	"x0"	"y0"	"x1"	"y1"
0.9986440539360046	"chair"	77.42	322.55	149.34	432.46
0.9326372742652893	"chair"	163.89	320.52	241.17	430.67
0.9240765571594238	"chair"	297.6	314.83	327.54	352.08
0.7669780850410461	"vase"	23.7	321.54	52.29	345.32
