"score"	"label"	"x0"	"y0"	"x1"	"y1"
0.9130140542984009	"train"	-1.09	251.91	400.32	295.72
0.5390377640724182	"boat"	186.79	150.13	195.63	156.14
