"score"	"label"	"x0"	"y0"	"x1"	"y1"
0.9996110796928406	"tie"	283.86	461.77	346.82	599.59
0.9994670748710632	"person"	-0.19	104.65	518.73	598.99
