"score"	"label"	"x0"	"y0"	"x1"	"y1"
0.9032304286956787	"boat"	55.52	8.64	577.94	417.49
0.6522634029388428	"boat"	348.68	39.51	549.6	301.71
