"score"	"label"	"x0"	"y0"	"x1"	"y1"
0.9998189806938171	"tie"	219.07	221.73	237.25	252.48
0.999500036239624	"person"	124.27	111.5	336.1	596.31
