"score"	"label"	"x0"	"y0"	"x1"	"y1"
0.9841992855072021	"person"	274.52	123.82	320.36	282.51
0.9508196115493774	"person"	141.5	108.9	202.04	296.89
0.8151727914810181	"person"	379.79	126.42	402.7	255.86
0.749112069606781	"person"	38.17	129.06	64.27	223.28
0.7342311143875122	"chair"	4.51	181.74	40.45	244.52
0.7189309597015381	"person"	210.7	105.93	266.2	289.35
