"score"	"label"	"x0"	"y0"	"x1"	"y1"
0.9991311430931091	"clock"	286.62	5.48	315.69	51.88
0.9723696708679199	"bench"	0.0	292.08	28.88	326.89
0.6230329275131226	"clock"	286.44	1.91	337.17	51.21
0.6154651045799255	"traffic light"	-0.01	50.12	7.0	101.61
