"score"	"label"	"x0"	"y0"	"x1"	"y1"
0.9997568726539612	"person"	220.95	101.13	320.98	400.33
0.9989909529685974	"person"	306.79	97.61	390.92	401.92
0.9987621307373047	"person"	359.95	111.54	471.58	429.94
0.9982473850250244	"person"	120.42	110.47	226.33	405.83
0.9958178400993347	"tie"	333.49	152.65	344.36	183.92
0.9840462803840637	"chair"	454.56	220.93	489.63	353.64
0.9481832981109619	"dining table"	547.72	224.16	600.03	326.56
0.8543261289596558	"bottle"	472.52	122.69	526.18	163.69
0.8423095345497131	"chair"	537.66	201.02	554.22	240.32
0.8195199370384216	"chair"	571.3	237.7	593.3	334.1
0.8072879314422607	"chair"	-0.08	253.15	34.21	428.69
0.7757855653762817	"chair"	574.92	194.96	599.86	248.47
0.6933438181877136	"chair"	571.46	237.08	593.35	293.31
0.6479336023330688	"chair"	11.79	251.44	31.26	285.04
0.57256019115448	"chair"	593.01	227.61	600.02	252.61
0.5680287480354309	"chair"	533.28	197.24	560.71	315.52
0.5119852423667908	"chair"	551.39	244.93	576.67	317.02
0.5001270771026611	"chair"	571.97	242.31	599.37	393.36
