"score"	"label"	"x0"	"y0"	"x1"	"y1"
0.9869334697723389	"bench"	15.12	246.99	60.55	267.11
0.9722317457199097	"bench"	204.66	254.56	237.72	277.1
0.8990690112113953	"bench"	82.63	245.93	115.43	273.02
