"score"	"label"	"x0"	"y0"	"x1"	"y1"
0.9998206496238708	"person"	0.03	81.58	384.01	548.98
0.966462254524231	"tie"	193.89	325.11	239.46	533.65
