"score"	"label"	"x0"	"y0"	"x1"	"y1"
0.9957414865493774	"chair"	277.99	281.87	369.8	401.2
0.9020419120788574	"chair"	476.43	233.91	518.76	321.52
0.8638153672218323	"dining table"	157.72	220.01	341.27	271.35
0.818549633026123	"bowl"	340.78	385.42	426.07	403.24
0.7416261434555054	"bowl"	414.59	328.59	445.85	356.15
0.7054755687713623	"chair"	534.06	184.79	577.67	271.77
