"score"	"label"	"x0"	"y0"	"x1"	"y1"
0.9958667755126953	"car"	70.75	276.37	165.85	321.18
0.7793499231338501	"bicycle"	3.09	298.01	18.78	317.12
