"score"	"label"	"x0"	"y0"	"x1"	"y1"
0.9989560842514038	"tie"	258.5	164.15	272.2	207.47
0.9978821873664856	"person"	160.15	58.28	378.32	544.49
0.9854350090026855	"chair"	11.51	325.57	86.12	548.83
0.9461337327957153	"person"	28.08	185.9	291.8	546.37
0.8515992760658264	"chair"	239.66	413.15	292.02	529.36
