"score"	"label"	"x0"	"y0"	"x1"	"y1"
0.6130998134613037	"bench"	108.14	315.77	225.94	375.79
0.5951592922210693	"person"	209.34	184.44	233.04	209.09
0.5406327843666077	"potted plant"	115.86	99.24	161.85	195.97
