"score"	"label"	"x0"	"y0"	"x1"	"y1"
0.9924309849739075	"person"	540.15	295.9	546.58	312.33
0.9863172173500061	"clock"	430.37	261.87	448.31	279.35
0.9391558766365051	"person"	572.61	295.42	579.47	315.02
0.8370887041091919	"person"	517.56	296.53	524.35	309.87
0.5815925002098083	"person"	550.27	295.93	554.74	306.77
