"score"	"label"	"x0"	"y0"	"x1"	"y1"
0.9998407363891602	"person"	0.02	92.06	341.99	545.93
0.9533816576004028	"tie"	125.27	252.3	209.85	314.12
