"score"	"label"	"x0"	"y0"	"x1"	"y1"
0.9919090867042542	"person"	542.17	288.75	552.52	315.95
0.8226126432418823	"bicycle"	140.44	300.43	210.47	329.41
0.8218074440956116	"person"	525.59	282.82	534.43	307.48
0.772135853767395	"bicycle"	166.4	300.01	217.78	328.26
0.683159589767456	"person"	526.52	282.76	535.69	309.8
0.594340980052948	"bicycle"	120.85	299.32	161.89	327.77
0.5633100271224976	"bicycle"	86.89	300.05	131.86	326.77
