"score"	"label"	"x0"	"y0"	"x1"	"y1"
0.9995691180229187	"person"	56.22	54.48	588.41	389.1
0.8783554434776306	"train"	1.33	273.55	346.88	391.4
0.6942328810691833	"person"	30.67	368.36	52.63	386.16
