"score"	"label"	"x0"	"y0"	"x1"	"y1"
0.9998359680175781	"tie"	189.86	312.21	251.47	351.48
0.999554455280304	"person"	44.91	138.17	386.66	589.08
