"score"	"label"	"x0"	"y0"	"x1"	"y1"
0.9993754029273987	"person"	342.31	194.16	418.43	338.61
0.99852055311203	"person"	305.93	187.19	359.67	334.91
0.9334712624549866	"person"	208.49	202.83	331.21	366.88
0.7448928356170654	"person"	208.67	197.82	359.72	361.15
