"score"	"label"	"x0"	"y0"	"x1"	"y1"
0.9791634678840637	"vase"	156.42	41.72	181.57	57.82
0.8589571118354797	"person"	128.0	24.55	349.94	374.15
0.7413602471351624	"vase"	243.72	41.18	263.5	56.88
0.5824397802352905	"vase"	248.51	14.71	257.68	42.82
0.5426512360572815	"vase"	153.65	13.91	178.69	55.59
0.5276340246200562	"person"	219.3	30.78	352.53	266.94
