"score"	"label"	"x0"	"y0"	"x1"	"y1"
0.9955840706825256	"person"	277.04	175.98	293.61	193.81
0.9945313334465027	"bird"	469.03	307.52	496.25	330.75
0.9943118095397949	"person"	363.46	177.42	381.4	194.53
0.9936903715133667	"person"	140.67	169.76	163.67	200.99
