"score"	"label"	"x0"	"y0"	"x1"	"y1"
0.9958836436271667	"person"	27.55	93.35	386.12	596.2
0.9925341606140137	"tie"	181.7	268.97	227.65	335.06
0.7293809652328491	"tie"	180.57	269.3	231.45	383.59
