"score"	"label"	"x0"	"y0"	"x1"	"y1"
0.9190884828567505	"train"	131.62	291.45	599.56	523.22
0.9000005125999451	"train"	23.5	293.6	600.78	536.51
