"score"	"label"	"x0"	"y0"	"x1"	"y1"
0.9023340344429016	"boat"	137.47	249.76	460.93	367.37
0.8324008584022522	"boat"	145.02	273.65	457.2	369.37
0.6042048335075378	"boat"	205.62	201.0	500.02	352.52
0.521113932132721	"boat"	55.92	254.51	461.91	368.41
