"score"	"label"	"x0"	"y0"	"x1"	"y1"
0.9999135732650757	"elephant"	375.59	183.74	557.06	425.78
0.999893069267273	"person"	128.66	244.76	219.25	468.49
0.9993662238121033	"person"	47.93	234.57	134.29	538.22
0.9837247133255005	"person"	18.94	256.18	46.02	329.55
0.9682907462120056	"sports ball"	540.91	441.65	551.78	450.68
0.5753747820854187	"person"	118.95	310.28	159.68	396.55
