"score"	"label"	"x0"	"y0"	"x1"	"y1"
0.9966869950294495	"person"	80.63	147.29	388.36	496.72
0.9957897067070007	"tie"	209.17	270.85	229.48	305.45
0.989462673664093	"book"	291.92	416.18	393.14	478.85
0.6993886828422546	"book"	288.08	447.55	375.79	483.1
0.684053897857666	"book"	375.18	394.59	408.8	420.71
