"score"	"label"	"x0"	"y0"	"x1"	"y1"
0.9758023619651794	"boat"	0.58	307.59	131.35	354.85
0.9235574007034302	"boat"	-0.22	235.68	137.94	357.75
0.5439977645874023	"boat"	-0.03	252.32	19.57	293.28
