"score"	"label"	"x0"	"y0"	"x1"	"y1"
0.9996684789657593	"cow"	175.12	161.04	485.61	356.72
0.9985193610191345	"person"	14.14	141.74	94.25	366.93
0.7703012228012085	"tie"	46.86	181.79	63.31	211.53
