"score"	"label"	"x0"	"y0"	"x1"	"y1"
0.9992619156837463	"person"	327.09	229.75	414.05	427.02
0.6059313416481018	"tie"	377.18	259.25	386.06	272.23
