"score"	"label"	"x0"	"y0"	"x1"	"y1"
0.8841889500617981	"dining table"	14.44	267.36	146.25	401.28
0.8477340936660767	"chair"	487.63	234.63	551.27	334.25
0.7837451100349426	"bowl"	67.02	266.09	99.74	280.03
0.7805331349372864	"bowl"	52.43	278.8	70.74	296.49
0.7253007888793945	"cup"	72.1	257.59	89.11	274.28
0.7169579863548279	"bench"	82.57	161.68	289.1	315.95
0.5789297223091125	"chair"	486.61	201.49	527.86	270.15
0.5434290170669556	"chair"	488.15	230.37	556.99	334.24
