"score"	"label"	"x0"	"y0"	"x1"	"y1"
0.9924560785293579	"bench"	256.49	296.89	356.81	358.31
0.734465479850769	"bench"	281.55	293.53	362.33	315.43
