"score"	"label"	"x0"	"y0"	"x1"	"y1"
0.9990096092224121	"person"	81.15	68.07	289.92	542.53
0.9733800888061523	"dog"	57.41	211.71	106.06	326.07
