"score"	"label"	"x0"	"y0"	"x1"	"y1"
0.9995638728141785	"person"	298.88	140.19	379.73	426.17
0.9993451237678528	"person"	181.03	152.13	264.27	446.51
0.9992294311523438	"person"	360.85	140.75	425.02	423.18
0.9991315007209778	"person"	239.02	139.68	321.49	431.57
0.9986363053321838	"person"	90.79	141.28	200.07	461.23
0.9984959363937378	"person"	420.0	131.53	489.21	426.12
0.9949151277542114	"person"	477.99	128.26	544.92	424.33
0.983190655708313	"person"	532.78	126.43	600.04	426.38
