"score"	"label"	"x0"	"y0"	"x1"	"y1"
0.7141491770744324	"umbrella"	264.8	206.25	301.39	266.08
0.548636257648468	"person"	263.46	98.87	272.24	114.6
