"score"	"label"	"x0"	"y0"	"x1"	"y1"
0.7109391093254089	"car"	458.64	53.93	470.64	60.83
0.7025080323219299	"car"	482.29	52.89	495.92	56.6
0.6315305233001709	"car"	415.85	52.94	425.46	55.55
0.6051492691040039	"car"	425.85	52.84	436.05	55.55
0.5782126784324646	"car"	435.62	53.06	446.29	55.79
