"score"	"label"	"x0"	"y0"	"x1"	"y1"
0.9994896650314331	"person"	50.59	115.76	405.25	590.49
0.7794629335403442	"bed"	0.09	427.0	425.09	599.05
