"score"	"label"	"x0"	"y0"	"x1"	"y1"
0.9995728135108948	"person"	22.12	62.64	389.85	547.67
0.7875297665596008	"tie"	192.76	293.22	207.76	310.52
