"score"	"label"	"x0"	"y0"	"x1"	"y1"
0.6744325757026672	"car"	485.42	226.05	497.69	233.96
0.6534822583198547	"car"	495.08	239.33	521.51	259.45
0.6338480710983276	"car"	455.85	200.04	467.83	207.59
0.6147369742393494	"car"	415.33	185.29	425.21	191.05
