"score"	"label"	"x0"	"y0"	"x1"	"y1"
0.9992420673370361	"person"	262.72	91.77	339.84	173.13
0.9977770447731018	"boat"	81.03	130.11	540.48	215.37
0.9936853051185608	"person"	463.35	99.53	528.25	175.2
0.6880725026130676	"person"	482.42	99.83	524.68	164.88
