"score"	"label"	"x0"	"y0"	"x1"	"y1"
0.9930922985076904	"person"	100.99	130.75	325.24	541.43
0.9619252681732178	"chair"	79.78	206.78	334.32	533.54
0.9485399127006531	"person"	164.12	20.41	376.01	423.96
0.7894064784049988	"cell phone"	191.62	324.24	212.3	333.79
0.6459190845489502	"chair"	84.15	207.69	201.85	516.15
