"score"	"label"	"x0"	"y0"	"x1"	"y1"
0.9812453985214233	"bench"	533.31	260.81	566.94	280.42
0.9714590311050415	"train"	0.05	209.82	76.78	257.4
0.8948837518692017	"bench"	481.09	256.8	511.6	274.72
