"score"	"label"	"x0"	"y0"	"x1"	"y1"
0.9982866644859314	"person"	104.77	77.87	231.3	531.23
0.989429771900177	"tie"	173.71	140.01	201.1	217.82
0.98592609167099	"person"	203.65	129.23	364.4	521.5
0.9807327389717102	"tie"	173.15	139.09	189.98	151.67
0.5508427023887634	"potted plant"	266.1	195.06	374.45	265.9
