"score"	"label"	"x0"	"y0"	"x1"	"y1"
0.9983847141265869	"person"	0.01	65.17	346.01	549.23
0.9917498230934143	"tie"	110.44	286.13	145.2	384.17
