"score"	"label"	"x0"	"y0"	"x1"	"y1"
0.999433696269989	"tie"	266.19	436.68	300.97	529.77
0.9982709884643555	"person"	82.55	97.99	580.58	599.33
