"score"	"label"	"x0"	"y0"	"x1"	"y1"
0.9931337833404541	"person"	3.2	89.39	241.63	595.12
0.7966775298118591	"potted plant"	145.95	281.67	418.31	598.89
