"score"	"label"	"x0"	"y0"	"x1"	"y1"
0.955166757106781	"bench"	101.99	278.04	155.17	297.96
0.9213653802871704	"boat"	447.62	247.57	480.52	282.95
0.7015416026115417	"boat"	558.8	146.46	599.91	259.81
