"score"	"label"	"x0"	"y0"	"x1"	"y1"
0.9997276663780212	"person"	378.53	197.4	428.13	339.08
0.9990461468696594	"person"	123.53	194.39	199.01	348.87
0.9987080097198486	"person"	248.59	189.25	303.23	342.36
0.997583270072937	"person"	419.89	198.21	488.65	343.44
0.9711622595787048	"tie"	180.57	230.97	188.79	255.36
0.9587474465370178	"tie"	292.2	218.42	301.25	247.65
0.8793849945068359	"tie"	276.77	216.11	288.23	250.23
0.8676457405090332	"chair"	249.35	272.95	264.99	337.39
0.8435986042022705	"tie"	399.63	219.47	411.88	255.39
0.7761078476905823	"dining table"	290.85	267.36	377.11	335.56
0.6697121262550354	"oven"	478.26	264.28	577.02	338.01
0.5873040556907654	"bench"	202.32	413.81	420.14	452.19
