"score"	"label"	"x0"	"y0"	"x1"	"y1"
0.9536846280097961	"vase"	545.33	179.2	583.39	216.01
0.9398311972618103	"vase"	542.31	187.56	581.93	237.93
0.6304644346237183	"vase"	154.85	145.69	230.22	305.96
0.5918084383010864	"vase"	173.76	139.28	243.76	300.32
