"score"	"label"	"x0"	"y0"	"x1"	"y1"
0.9822429418563843	"bed"	29.99	228.76	594.32	383.46
0.950717568397522	"bed"	33.07	239.71	590.71	395.16
0.9322499632835388	"bed"	28.01	111.2	592.56	400.62
