"score"	"label"	"x0"	"y0"	"x1"	"y1"
0.9953725934028625	"person"	457.3	404.68	469.54	436.2
0.9911097288131714	"person"	121.23	378.62	142.66	422.86
0.9877102375030518	"person"	439.86	400.12	455.51	432.28
