"score"	"label"	"x0"	"y0"	"x1"	"y1"
0.9950856566429138	"car"	72.58	281.54	124.46	297.76
0.5763114094734192	"truck"	71.46	281.8	127.38	297.64
