"score"	"label"	"x0"	"y0"	"x1"	"y1"
0.988178551197052	"book"	425.95	367.34	519.8	423.04
0.986473560333252	"book"	72.99	279.99	150.35	380.75
0.9859828352928162	"book"	103.56	368.26	196.79	426.14
0.9725533127784729	"book"	485.89	271.44	530.19	371.33
0.7933700084686279	"book"	220.79	362.84	400.35	427.47
0.7307456135749817	"book"	175.43	317.18	254.35	373.1
0.5508076548576355	"book"	282.31	320.02	350.09	370.16
0.5426583886146545	"book"	381.15	316.06	462.96	369.53
