"score"	"label"	"x0"	"y0"	"x1"	"y1"
0.9997281432151794	"person"	212.93	80.88	287.56	345.19
0.9989235997200012	"person"	272.7	88.93	335.57	346.57
0.9978182315826416	"person"	366.95	88.35	474.23	362.58
0.9968361854553223	"person"	313.66	103.78	384.77	356.04
0.8882670402526855	"tie"	255.98	124.77	264.12	145.4
