"score"	"label"	"x0"	"y0"	"x1"	"y1"
0.6983699202537537	"bench"	27.3	317.05	105.85	344.14
0.5259038209915161	"bench"	0.01	376.38	40.68	429.93
