"score"	"label"	"x0"	"y0"	"x1"	"y1"
0.9991670846939087	"person"	130.98	83.05	278.88	579.26
0.9081527590751648	"cell phone"	178.4	306.89	204.77	317.31
