"score"	"label"	"x0"	"y0"	"x1"	"y1"
0.945220410823822	"truck"	271.53	286.0	299.52	303.01
0.8509032130241394	"truck"	272.11	291.93	291.84	303.17
0.8365138173103333	"truck"	337.58	269.65	395.0	290.63
0.7074570059776306	"truck"	261.01	272.37	284.67	284.94
0.6934255957603455	"truck"	122.49	302.9	183.08	330.51
