"score"	"label"	"x0"	"y0"	"x1"	"y1"
0.9993717074394226	"person"	196.3	47.01	343.24	569.04
0.9959161877632141	"person"	91.09	93.76	226.59	569.03
0.919461727142334	"tie"	235.75	176.42	253.49	218.35
0.8609433174133301	"tie"	231.65	129.14	253.97	162.55
0.754408061504364	"tie"	232.81	126.87	250.58	144.18
