"score"	"label"	"x0"	"y0"	"x1"	"y1"
0.9228705167770386	"person"	538.79	262.64	559.8	300.32
0.7183554172515869	"person"	578.59	261.14	590.09	290.14
