"score"	"label"	"x0"	"y0"	"x1"	"y1"
0.9991223216056824	"person"	353.28	186.19	422.71	286.92
0.998350977897644	"person"	247.73	209.47	290.38	284.28
0.9970899820327759	"person"	283.85	186.56	342.26	292.69
0.9925258159637451	"person"	70.55	141.95	106.15	242.28
0.9916447997093201	"person"	149.79	155.28	186.62	242.46
0.9380460381507874	"person"	18.99	185.06	41.52	206.17
0.72923344373703	"person"	41.02	185.96	58.94	206.71
