"score"	"label"	"x0"	"y0"	"x1"	"y1"
0.9995669722557068	"person"	574.51	197.23	600.02	290.42
0.9993076324462891	"person"	134.29	211.59	146.69	233.55
0.9992625117301941	"person"	432.93	211.02	442.62	234.58
0.9989408850669861	"person"	312.13	196.08	333.15	282.78
0.9983062744140625	"person"	423.22	210.5	431.14	234.31
0.8834626078605652	"person"	568.07	209.94	576.09	227.3
0.866332471370697	"person"	394.7	213.88	399.66	222.39
0.606319785118103	"person"	565.39	210.04	572.49	226.76
0.6053142547607422	"person"	552.84	68.03	570.05	87.11
