"score"	"label"	"x0"	"y0"	"x1"	"y1"
0.7352615594863892	"car"	266.2	103.69	276.85	112.14
0.6952365636825562	"car"	271.73	102.59	282.56	110.74
0.6367350220680237	"car"	270.68	104.62	282.04	114.48
0.6140901446342468	"truck"	129.94	326.45	178.77	361.55
0.5785878300666809	"truck"	127.4	326.65	181.7	365.95
0.5366714000701904	"car"	280.46	106.58	292.89	116.94
