"score"	"label"	"x0"	"y0"	"x1"	"y1"
0.9945264458656311	"train"	44.15	99.36	600.04	331.19
0.7924424409866333	"train"	43.22	149.62	581.27	330.4
