"score"	"label"	"x0"	"y0"	"x1"	"y1"
0.5605241060256958	"bench"	428.67	279.35	487.67	321.86
0.513600766658783	"chair"	460.91	282.13	484.42	319.84
