"score"	"label"	"x0"	"y0"	"x1"	"y1"
0.9948205947875977	"person"	540.8	112.4	554.17	133.76
0.9922715425491333	"person"	578.07	114.41	589.25	130.65
0.9778377413749695	"person"	576.42	113.17	588.5	130.69
0.8811464905738831	"boat"	61.98	208.5	507.98	286.48
0.6178483963012695	"person"	593.85	108.59	600.0	124.48
0.5491250157356262	"person"	29.67	157.08	62.93	198.3
