"score"	"label"	"x0"	"y0"	"x1"	"y1"
0.9993138313293457	"person"	156.77	262.16	315.56	597.41
0.9989737272262573	"person"	348.13	228.23	518.67	597.41
0.9960814118385315	"person"	0.01	239.25	115.62	596.83
0.9857509136199951	"person"	99.34	392.46	143.74	502.51
0.8973844647407532	"person"	100.7	428.4	139.6	502.87
