"score"	"label"	"x0"	"y0"	"x1"	"y1"
0.9999176263809204	"person"	220.34	106.01	313.13	377.55
0.9950516819953918	"bicycle"	153.94	188.51	383.52	364.65
0.984303891658783	"person"	432.29	176.5	456.6	219.94
0.569942057132721	"bicycle"	154.76	222.59	382.07	364.43
