"score"	"label"	"x0"	"y0"	"x1"	"y1"
0.9995588660240173	"person"	176.63	70.91	328.17	533.06
0.9993937015533447	"tie"	226.95	151.25	242.28	183.36
