"score"	"label"	"x0"	"y0"	"x1"	"y1"
0.9994841814041138	"person"	106.87	69.88	267.92	524.96
0.7046374678611755	"vase"	314.25	367.7	334.2	411.52
0.6439574360847473	"vase"	270.16	399.65	371.88	531.06
