"score"	"label"	"x0"	"y0"	"x1"	"y1"
0.9995939135551453	"train"	366.09	70.52	545.82	245.04
0.8268814086914062	"train"	534.06	140.72	599.92	201.91
