"score"	"label"	"x0"	"y0"	"x1"	"y1"
0.998820960521698	"bench"	16.45	284.18	43.62	315.09
0.9909704923629761	"person"	243.27	247.31	255.4	298.33
0.7631497979164124	"person"	539.39	247.51	545.21	266.59
