"score"	"label"	"x0"	"y0"	"x1"	"y1"
0.9998233914375305	"person"	296.07	237.7	333.83	346.74
0.9994865655899048	"bus"	100.3	191.6	542.27	352.28
0.9991698265075684	"bicycle"	33.22	272.67	104.78	317.42
