"score"	"label"	"x0"	"y0"	"x1"	"y1"
0.6813276410102844	"person"	435.94	207.06	441.7	222.63
0.6039500832557678	"person"	196.9	223.93	200.84	232.95
