"score"	"label"	"x0"	"y0"	"x1"	"y1"
0.9999233484268188	"person"	0.09	97.38	426.98	597.26
0.9222689867019653	"tie"	179.02	295.05	283.72	389.54
