"score"	"label"	"x0"	"y0"	"x1"	"y1"
0.6951607465744019	"bench"	-0.12	212.49	599.86	441.3
0.6676549911499023	"fire hydrant"	504.09	41.96	534.3	142.95
