"score"	"label"	"x0"	"y0"	"x1"	"y1"
0.999669075012207	"person"	0.37	23.77	573.73	596.52
0.9992651343345642	"tie"	262.59	458.71	340.59	599.16
