"score"	"label"	"x0"	"y0"	"x1"	"y1"
0.9588066339492798	"train"	172.24	122.83	518.12	290.91
0.9249498844146729	"train"	170.6	122.34	517.07	291.56
0.6629639863967896	"person"	460.25	188.15	468.7	207.66
