"score"	"label"	"x0"	"y0"	"x1"	"y1"
0.9990087151527405	"clock"	537.85	66.41	555.83	130.72
0.7468482255935669	"sink"	493.73	293.59	555.37	322.57
0.556057870388031	"sink"	494.3	289.49	559.69	323.59
