"score"	"label"	"x0"	"y0"	"x1"	"y1"
0.9936228394508362	"person"	543.25	224.44	572.38	273.02
0.9888196587562561	"person"	294.57	162.79	318.11	224.61
0.9863101243972778	"person"	260.46	174.65	271.59	218.52
0.9788911938667297	"train"	37.81	132.78	600.87	265.9
0.9008102416992188	"person"	575.34	217.66	594.02	272.97
