"score"	"label"	"x0"	"y0"	"x1"	"y1"
0.9994420409202576	"person"	124.14	314.79	193.44	498.31
0.9978908896446228	"truck"	137.69	225.74	600.28	484.98
