"score"	"label"	"x0"	"y0"	"x1"	"y1"
0.9918484687805176	"train"	79.2	79.19	518.38	368.13
0.6514297723770142	"train"	32.69	74.13	584.98	370.15
