"score"	"label"	"x0"	"y0"	"x1"	"y1"
0.7930721640586853	"person"	156.48	219.52	191.05	232.83
0.7640352845191956	"boat"	146.23	163.69	198.33	235.87
0.537671685218811	"boat"	143.63	158.79	231.15	236.37
