"score"	"label"	"x0"	"y0"	"x1"	"y1"
0.7751744985580444	"person"	565.67	300.76	574.75	319.18
0.5542722344398499	"person"	547.93	300.9	558.25	315.56
