"score"	"label"	"x0"	"y0"	"x1"	"y1"
0.9818858504295349	"truck"	2.45	345.18	585.46	566.84
0.9712424874305725	"person"	333.63	251.15	451.77	474.93
0.9710959196090698	"person"	268.07	262.06	367.45	484.71
0.9301225543022156	"person"	96.82	233.42	180.61	372.7
0.8930690884590149	"person"	109.48	237.4	180.4	373.35
0.8877160549163818	"person"	145.64	211.48	304.5	394.56
0.8543707132339478	"person"	86.14	211.57	169.25	366.92
