"score"	"label"	"x0"	"y0"	"x1"	"y1"
0.862255871295929	"sheep"	358.6	153.56	370.46	162.74
0.8236522078514099	"person"	294.42	180.72	306.37	197.71
0.6839006543159485	"sheep"	264.08	162.28	281.92	173.09
0.6584106087684631	"sheep"	140.05	164.72	155.01	176.87
0.6094285249710083	"sheep"	363.15	172.64	380.21	183.3
0.6051813960075378	"sheep"	258.33	163.56	275.39	175.01
0.5377427935600281	"sheep"	374.16	165.83	392.09	178.94
0.5317074656486511	"sheep"	269.9	162.29	291.16	172.77
