"score"	"label"	"x0"	"y0"	"x1"	"y1"
0.9959070682525635	"boat"	252.78	367.06	299.0	389.97
0.9954575300216675	"boat"	341.27	360.65	377.41	390.12
0.9640079140663147	"boat"	310.21	359.77	334.99	379.53
0.8040084838867188	"boat"	309.6	368.8	330.72	379.89
0.6277605891227722	"boat"	307.73	368.08	331.71	379.93
0.5996792316436768	"boat"	263.48	371.62	297.6	386.86
0.5985910892486572	"boat"	323.28	391.21	354.86	399.62
