"score"	"label"	"x0"	"y0"	"x1"	"y1"
0.9974961876869202	"person"	165.85	54.81	358.54	510.46
0.9935963153839111	"person"	60.99	109.37	228.93	545.94
0.9934724569320679	"tie"	208.88	142.17	231.33	188.96
0.6675045490264893	"potted plant"	22.63	262.43	158.29	357.57
