"score"	"label"	"x0"	"y0"	"x1"	"y1"
0.9708971977233887	"person"	321.28	326.87	364.88	446.85
0.5720044374465942	"boat"	130.79	263.11	459.82	487.01
