"score"	"label"	"x0"	"y0"	"x1"	"y1"
0.9612642526626587	"bird"	550.18	157.94	568.13	163.48
0.9262803792953491	"bench"	256.46	191.44	311.05	219.59
0.8541879057884216	"bench"	142.39	175.14	156.62	194.99
0.8120898604393005	"bench"	249.38	196.95	269.6	216.92
0.6680465340614319	"person"	149.21	173.75	158.38	192.55
0.5756133794784546	"person"	141.86	173.45	151.83	193.53
0.5596894025802612	"bird"	558.99	159.47	569.83	164.01
0.5324406027793884	"bench"	270.12	195.02	311.37	218.89
