"score"	"label"	"x0"	"y0"	"x1"	"y1"
0.9995501637458801	"person"	120.57	137.35	529.06	555.24
0.9270744323730469	"bench"	34.83	351.01	495.32	597.22
0.7709879279136658	"person"	199.6	74.0	228.26	101.11
