"score"	"label"	"x0"	"y0"	"x1"	"y1"
0.8993417024612427	"stop sign"	415.46	203.22	428.15	229.14
0.8980275988578796	"train"	-0.21	211.32	100.91	273.4
0.628058671951294	"traffic light"	294.11	174.44	311.4	194.7
