"score"	"label"	"x0"	"y0"	"x1"	"y1"
0.9974070191383362	"train"	20.08	7.87	598.88	386.03
0.5527234077453613	"person"	565.95	161.43	576.71	189.46
