"score"	"label"	"x0"	"y0"	"x1"	"y1"
0.7373001575469971	"truck"	386.01	150.62	497.42	194.69
0.5377022624015808	"truck"	523.39	136.25	599.61	162.32
