"score"	"label"	"x0"	"y0"	"x1"	"y1"
0.9909608960151672	"car"	314.23	327.52	463.91	397.05
0.8632081747055054	"truck"	315.41	327.87	467.54	399.16
0.529375433921814	"truck"	313.54	327.66	464.01	395.61
