"score"	"label"	"x0"	"y0"	"x1"	"y1"
0.9889022707939148	"person"	426.18	377.73	437.77	405.28
0.7985149621963501	"car"	-0.08	362.65	69.69	411.01
0.6642377376556396	"car"	297.93	315.79	349.91	349.33
0.630803644657135	"person"	177.11	223.42	183.58	235.83
