"score"	"label"	"x0"	"y0"	"x1"	"y1"
0.9881320595741272	"boat"	410.94	221.75	559.71	286.73
0.8783336281776428	"boat"	410.37	129.39	560.05	285.67
0.8482232093811035	"car"	279.15	247.67	293.96	258.67
0.5685577392578125	"boat"	161.94	246.92	493.95	283.81
