"score"	"label"	"x0"	"y0"	"x1"	"y1"
0.9999769926071167	"person"	302.5	48.45	453.03	462.48
0.9969668984413147	"person"	82.21	1.55	214.95	463.6
0.550563633441925	"baseball bat"	293.95	285.57	334.0	436.65
0.5401177406311035	"person"	81.63	2.41	212.65	371.47
