"score"	"label"	"x0"	"y0"	"x1"	"y1"
0.9350151419639587	"bed"	225.22	200.63	414.52	337.99
0.8740508556365967	"bed"	227.42	206.8	383.71	277.54
0.8091788291931152	"bed"	398.73	164.14	501.2	270.3
0.5296146869659424	"bed"	228.33	198.22	409.55	305.08
