"score"	"label"	"x0"	"y0"	"x1"	"y1"
0.9373925924301147	"person"	244.62	243.35	253.41	263.1
0.7825703024864197	"person"	201.12	242.76	210.36	259.26
