"score"	"label"	"x0"	"y0"	"x1"	"y1"
0.9974835515022278	"person"	345.67	21.26	417.61	185.13
0.9971154928207397	"person"	231.45	31.12	299.0	159.48
0.9964807629585266	"person"	127.81	66.49	265.17	207.71
0.9864278435707092	"person"	395.15	81.35	506.81	226.71
0.9186744093894958	"person"	465.47	52.45	507.81	133.71
0.8358400464057922	"person"	464.64	53.71	503.58	106.4
0.7651830911636353	"tie"	451.8	124.92	466.62	146.72
0.5273919701576233	"person"	462.89	53.69	507.4	122.7
