"score"	"label"	"x0"	"y0"	"x1"	"y1"
0.9506819248199463	"person"	99.23	238.57	330.49	420.01
0.7203245162963867	"person"	110.75	236.79	262.04	409.17
