"score"	"label"	"x0"	"y0"	"x1"	"y1"
0.9927884936332703	"bench"	511.02	272.17	562.81	290.91
0.911856472492218	"bench"	261.23	256.24	290.59	271.08
