"score"	"label"	"x0"	"y0"	"x1"	"y1"
0.9968075752258301	"person"	322.88	238.66	422.48	511.53
0.9964110255241394	"person"	76.9	239.53	181.53	515.84
0.9951977133750916	"person"	248.89	240.0	334.53	514.82
0.9932507872581482	"person"	174.38	276.08	249.59	504.44
0.6291508078575134	"tie"	205.26	312.49	213.83	324.26
0.6143988966941833	"tie"	205.58	317.06	218.87	343.99
0.5499091148376465	"tie"	142.12	289.39	157.58	329.02
