"score"	"label"	"x0"	"y0"	"x1"	"y1"
0.9958019852638245	"car"	0.06	278.99	40.68	322.86
0.6332484483718872	"truck"	0.05	279.12	42.32	324.71
0.5987250208854675	"truck"	0.08	276.49	40.74	322.33
0.5924832820892334	"truck"	0.06	279.51	41.36	324.0
