"score"	"label"	"x0"	"y0"	"x1"	"y1"
0.9998456239700317	"person"	135.94	24.8	300.01	578.52
0.9884008169174194	"tie"	214.76	119.19	240.14	163.5
0.6588762402534485	"tie"	226.29	122.43	245.15	168.95
