"score"	"label"	"x0"	"y0"	"x1"	"y1"
0.9990291595458984	"person"	177.99	214.91	382.65	596.38
0.628805935382843	"person"	412.76	379.94	423.35	407.85
