"score"	"label"	"x0"	"y0"	"x1"	"y1"
0.971198558807373	"person"	100.04	294.86	107.86	311.81
0.6561770439147949	"boat"	181.58	281.04	375.16	321.13
0.6446684002876282	"person"	158.96	279.56	167.09	292.06
