"score"	"label"	"x0"	"y0"	"x1"	"y1"
0.9993340373039246	"person"	159.74	168.31	324.41	551.79
0.9817787408828735	"person"	163.11	134.05	218.76	258.19
0.9808951020240784	"person"	108.97	184.78	198.73	391.13
0.9044360518455505	"bench"	145.83	331.43	298.45	531.22
0.7964063882827759	"person"	248.98	134.05	335.18	491.4
0.7701911926269531	"person"	165.03	134.97	220.47	310.88
0.7551068663597107	"person"	248.08	132.64	335.46	296.76
