"score"	"label"	"x0"	"y0"	"x1"	"y1"
0.9876835942268372	"couch"	4.68	282.49	429.25	596.31
0.9431166648864746	"person"	7.37	80.68	355.09	597.53
0.9391616582870483	"couch"	4.02	285.06	184.34	487.85
0.8546624779701233	"bed"	209.06	506.22	427.3	594.42
