"score"	"label"	"x0"	"y0"	"x1"	"y1"
0.9990972280502319	"tie"	228.47	80.69	250.71	96.65
0.9941571950912476	"person"	157.35	15.17	299.28	373.52
0.994145393371582	"chair"	316.83	199.76	418.41	373.59
0.9396716952323914	"person"	231.85	104.93	387.37	373.67
0.8495618104934692	"chair"	370.01	199.45	416.77	290.79
0.8038159608840942	"chair"	282.83	198.45	415.25	303.8
0.7193901538848877	"chair"	233.54	198.11	417.58	374.32
