"score"	"label"	"x0"	"y0"	"x1"	"y1"
0.9978437423706055	"tie"	149.66	383.3	195.3	528.2
0.9902704954147339	"person"	76.21	82.35	406.78	598.53
