"score"	"label"	"x0"	"y0"	"x1"	"y1"
0.9999586343765259	"tie"	258.98	345.44	292.19	452.65
0.9922466278076172	"person"	104.88	74.63	301.13	415.57
0.9770318865776062	"person"	35.71	278.28	189.27	506.88
0.9293932914733887	"person"	175.8	198.76	433.78	595.82
0.6716089248657227	"person"	105.13	75.24	301.34	451.81
0.6067237257957458	"person"	32.68	276.39	191.73	594.28
