"score"	"label"	"x0"	"y0"	"x1"	"y1"
0.8245733380317688	"person"	367.92	161.44	374.61	177.27
0.6805002689361572	"boat"	339.63	166.91	353.26	177.73
0.5990458726882935	"boat"	300.11	139.42	318.76	149.32
0.5972680449485779	"boat"	187.03	131.83	204.54	136.68
0.5827611088752747	"boat"	355.96	69.25	377.71	77.05
