"score"	"label"	"x0"	"y0"	"x1"	"y1"
0.9273719787597656	"car"	144.5	278.23	166.37	295.3
0.5304474830627441	"car"	144.15	277.96	168.16	298.26
