"score"	"label"	"x0"	"y0"	"x1"	"y1"
0.9842624664306641	"person"	89.3	255.41	319.44	597.92
0.9712282419204712	"bottle"	95.02	212.02	120.94	289.29
0.9455844759941101	"bowl"	9.42	243.66	89.51	292.7
0.9126250147819519	"chair"	104.02	411.36	147.49	507.91
0.8414580225944519	"chair"	342.08	308.44	404.49	456.87
0.8383849263191223	"vase"	141.04	182.77	162.71	248.46
0.5999530553817749	"chair"	338.7	303.45	404.68	522.72
0.5550739169120789	"chair"	340.99	315.29	405.07	599.31
