"score"	"label"	"x0"	"y0"	"x1"	"y1"
0.9886453151702881	"bench"	-0.09	306.08	265.93	442.57
0.9828341007232666	"bench"	426.5	310.57	600.02	441.7
0.9221754670143127	"train"	0.02	10.11	600.02	437.94
0.9104983806610107	"bench"	321.62	230.99	393.78	337.45
0.647274911403656	"bench"	302.37	233.2	330.85	334.04
