"score"	"label"	"x0"	"y0"	"x1"	"y1"
0.9546083211898804	"bowl"	-0.07	333.7	44.09	461.53
0.9145361185073853	"knife"	277.99	135.32	307.44	240.42
0.8981144428253174	"scissors"	433.46	267.93	453.02	299.17
