"score"	"label"	"x0"	"y0"	"x1"	"y1"
0.9995492100715637	"bench"	525.95	253.96	566.35	315.91
0.998414158821106	"person"	455.43	215.31	472.67	255.62
0.9705182909965515	"person"	548.11	229.27	569.07	275.82
0.8539220094680786	"bicycle"	455.49	230.78	465.89	255.13
0.5696311593055725	"backpack"	461.51	221.42	470.86	234.98
