"score"	"label"	"x0"	"y0"	"x1"	"y1"
0.9996341466903687	"person"	279.01	213.55	295.93	247.66
0.9984539747238159	"bicycle"	304.1	225.6	323.4	248.02
0.998011589050293	"person"	303.93	210.66	319.93	241.6
0.9943496584892273	"bicycle"	279.18	227.12	298.97	249.63
0.9858198165893555	"person"	128.52	215.86	138.58	232.46
0.6627580523490906	"person"	280.54	212.77	294.29	232.1
0.6567133665084839	"car"	19.11	228.22	34.64	236.72
0.5860843062400818	"car"	37.07	221.21	47.99	227.34
