"score"	"label"	"x0"	"y0"	"x1"	"y1"
0.9042434096336365	"boat"	395.85	273.96	444.95	357.43
0.8781158924102783	"boat"	367.92	273.19	444.92	347.66
0.8136652708053589	"boat"	398.66	291.88	444.96	357.82
0.777854323387146	"boat"	136.33	231.15	371.67	372.32
0.768994152545929	"boat"	359.06	0.72	445.02	349.02
0.6785898208618164	"boat"	7.99	1.2	375.08	377.23
0.6288416981697083	"boat"	169.04	235.47	371.46	373.88
0.5358394384384155	"boat"	3.44	-0.4	374.74	584.88
