"score"	"label"	"x0"	"y0"	"x1"	"y1"
0.9990228414535522	"person"	102.43	96.49	226.92	532.07
0.9942534565925598	"person"	192.43	51.62	352.37	535.98
0.940805971622467	"chair"	280.47	281.49	385.43	526.17
0.7597863674163818	"tie"	224.62	126.27	249.44	188.96
0.6618508100509644	"person"	109.04	55.38	354.65	530.93
