"score"	"label"	"x0"	"y0"	"x1"	"y1"
0.9882116913795471	"person"	379.54	354.04	395.28	374.71
0.9667134881019592	"person"	329.0	354.52	343.56	373.18
0.960973858833313	"boat"	228.24	366.17	492.15	392.41
0.9598271250724792	"boat"	241.0	50.95	469.05	369.87
0.9110127091407776	"person"	420.53	354.45	436.5	379.74
0.8793418407440186	"person"	249.71	354.62	265.35	372.45
0.7143853306770325	"boat"	232.81	48.13	490.56	392.24
0.5954518914222717	"person"	395.34	359.47	410.22	378.17
