"score"	"label"	"x0"	"y0"	"x1"	"y1"
0.9966321587562561	"person"	116.47	153.87	243.53	530.21
0.9756560921669006	"tie"	155.11	241.71	187.4	284.87
