"score"	"label"	"x0"	"y0"	"x1"	"y1"
0.9993361830711365	"person"	0.01	0.09	387.01	549.89
0.9562487602233887	"tie"	176.79	445.74	234.11	550.14
0.8372237086296082	"tie"	165.19	447.76	235.02	550.1
