"score"	"label"	"x0"	"y0"	"x1"	"y1"
0.9542075991630554	"umbrella"	360.51	178.0	474.5	335.1
0.6955308318138123	"cake"	118.82	101.19	299.85	157.05
0.6781615018844604	"umbrella"	353.96	70.37	441.62	97.16
