"score"	"label"	"x0"	"y0"	"x1"	"y1"
0.9981042146682739	"person"	0.42	71.81	342.51	549.61
0.9899398684501648	"tie"	171.16	354.88	197.74	452.25
