"score"	"label"	"x0"	"y0"	"x1"	"y1"
0.9997352957725525	"person"	34.32	32.43	244.69	516.61
0.9947652816772461	"tie"	117.19	109.66	137.98	161.99
0.9777707457542419	"person"	155.97	162.41	343.76	537.8
0.9277905225753784	"chair"	165.11	321.64	194.13	378.06
0.8524825572967529	"tie"	119.41	108.69	146.45	126.69
0.5681999921798706	"tie"	131.8	110.91	157.57	132.98
