"score"	"label"	"x0"	"y0"	"x1"	"y1"
0.9996243715286255	"person"	75.61	49.78	268.58	424.65
0.999257504940033	"person"	390.54	107.49	580.0	424.61
0.9924962520599365	"person"	211.15	41.77	414.51	424.53
0.8588823676109314	"person"	189.23	43.73	562.0	424.3
0.8126396536827087	"chair"	6.71	201.84	97.09	420.38
0.5325692296028137	"chair"	13.54	202.4	216.7	425.38
