"score"	"label"	"x0"	"y0"	"x1"	"y1"
0.9968249797821045	"person"	368.35	61.01	600.12	371.47
0.9922040700912476	"person"	2.44	48.84	233.89	371.59
0.9309103488922119	"tie"	458.75	155.17	499.15	228.43
0.9063835740089417	"tie"	463.43	155.67	493.39	189.85
0.6030471920967102	"tie"	456.81	161.12	504.96	278.88
