"score"	"label"	"x0"	"y0"	"x1"	"y1"
0.9994224309921265	"bench"	95.93	255.53	148.15	292.05
0.7116706371307373	"bicycle"	458.65	335.47	590.09	427.63
0.5426859259605408	"bench"	57.77	240.41	83.12	257.13
0.5125274658203125	"bicycle"	460.44	354.39	532.91	426.79
