"score"	"label"	"x0"	"y0"	"x1"	"y1"
0.8883066773414612	"bench"	116.97	495.31	194.93	550.53
0.6788289546966553	"bench"	135.91	506.29	190.91	599.57
0.5085355043411255	"bench"	153.46	496.89	195.81	550.25
