"score"	"label"	"x0"	"y0"	"x1"	"y1"
0.9964334964752197	"horse"	331.86	214.73	516.67	369.93
0.6317733526229858	"bench"	62.82	226.27	264.88	438.64
