"score"	"label"	"x0"	"y0"	"x1"	"y1"
0.853108286857605	"car"	162.57	185.08	189.49	207.98
0.717231273651123	"car"	149.32	187.17	159.98	199.58
0.6877472400665283	"car"	172.72	185.69	209.08	215.71
