"score"	"label"	"x0"	"y0"	"x1"	"y1"
0.9993482232093811	"person"	42.37	65.4	366.15	597.17
0.9431312084197998	"tie"	204.19	199.89	235.54	299.55
0.6749135255813599	"tie"	201.32	199.94	236.75	235.31
