"score"	"label"	"x0"	"y0"	"x1"	"y1"
0.8525137305259705	"person"	463.18	3.84	474.92	585.23
0.627705454826355	"person"	-0.01	168.13	16.6	599.91
