"score"	"label"	"x0"	"y0"	"x1"	"y1"
0.9989668130874634	"person"	247.64	94.75	415.42	595.9
0.9987623691558838	"person"	6.25	93.52	133.32	596.82
0.9936695694923401	"person"	37.38	207.53	343.73	598.69
0.9843675494194031	"person"	128.43	72.77	268.84	294.59
0.9608153700828552	"person"	127.98	73.52	267.14	307.41
0.8455283641815186	"tie"	75.58	193.51	94.49	230.35
0.8336003422737122	"tie"	69.12	190.32	95.34	308.45
0.6312699317932129	"tie"	287.6	183.47	318.56	224.36
0.6259218454360962	"tie"	286.28	166.71	333.26	291.91
