"score"	"label"	"x0"	"y0"	"x1"	"y1"
0.9997562766075134	"person"	17.22	124.84	229.52	597.73
0.9688151478767395	"tie"	98.8	260.53	121.32	310.12
0.9019172787666321	"bench"	-0.03	374.57	29.12	599.74
0.8876254558563232	"tie"	99.81	259.47	144.2	330.05
0.729537308216095	"handbag"	21.78	265.55	140.9	524.93
0.5497065186500549	"tie"	115.03	256.71	163.87	305.44
