"score"	"label"	"x0"	"y0"	"x1"	"y1"
0.9988436698913574	"person"	205.63	33.19	365.38	547.46
0.9946650266647339	"person"	70.86	46.74	227.87	541.21
0.980030357837677	"tie"	245.13	113.83	269.46	166.08
0.9312832951545715	"chair"	292.69	274.54	381.62	542.1
0.7192317247390747	"chair"	290.86	275.21	380.81	539.59
