"score"	"label"	"x0"	"y0"	"x1"	"y1"
0.999836802482605	"person"	0.03	64.43	324.98	498.14
0.9987087249755859	"tie"	132.94	258.19	168.31	354.24
