"score"	"label"	"x0"	"y0"	"x1"	"y1"
0.927211344242096	"person"	427.37	211.61	436.12	233.06
0.7933796048164368	"person"	305.23	211.69	325.51	246.55
