"score"	"label"	"x0"	"y0"	"x1"	"y1"
0.9995805621147156	"tie"	237.87	212.95	306.92	260.44
0.9976479411125183	"tie"	120.39	251.52	180.54	292.19
0.9710617065429688	"person"	8.13	97.82	263.02	595.53
0.6832460761070251	"person"	154.45	62.78	408.1	595.57
