"score"	"label"	"x0"	"y0"	"x1"	"y1"
0.9985550045967102	"person"	244.19	29.42	311.18	90.76
0.9979262351989746	"person"	173.11	17.43	239.69	81.11
0.9235405325889587	"boat"	0.01	0.71	599.62	313.8
0.6621421575546265	"boat"	0.1	59.96	600.04	321.65
