"score"	"label"	"x0"	"y0"	"x1"	"y1"
0.9974194765090942	"person"	201.85	375.46	245.73	459.83
0.9342091679573059	"boat"	172.58	435.63	352.36	533.99
0.900971531867981	"person"	264.98	396.76	284.27	430.69
0.8712203502655029	"boat"	190.98	440.67	354.86	534.97
0.7773239612579346	"boat"	44.65	373.24	91.6	381.91
