"score"	"label"	"x0"	"y0"	"x1"	"y1"
0.99922776222229	"person"	298.47	241.87	340.84	343.38
0.999164342880249	"person"	344.04	237.65	380.56	342.75
0.9511288404464722	"tie"	315.19	259.85	319.36	268.45
0.8281386494636536	"tie"	357.02	261.11	366.9	284.4
0.7749164700508118	"tie"	354.59	256.6	364.16	274.75
0.7726842761039734	"tie"	318.03	260.15	322.31	268.86
