"score"	"label"	"x0"	"y0"	"x1"	"y1"
0.9196538925170898	"train"	122.09	265.19	455.12	345.85
0.7156636714935303	"person"	200.49	316.57	212.93	341.12
0.6664509177207947	"train"	119.01	269.1	372.83	344.92
