"score"	"label"	"x0"	"y0"	"x1"	"y1"
0.9988941550254822	"person"	239.1	210.72	357.49	453.61
0.9861158132553101	"person"	336.12	227.04	472.1	445.72
0.9594332575798035	"person"	301.17	156.15	381.53	298.86
0.9368427395820618	"bench"	-0.18	266.04	92.27	351.29
0.9160947203636169	"tie"	299.96	265.07	307.05	274.77
0.8674730062484741	"chair"	206.52	307.57	260.55	441.26
0.8534298539161682	"bench"	204.68	311.78	384.94	444.15
0.6334232687950134	"bench"	206.54	310.6	377.53	443.26
