"score"	"label"	"x0"	"y0"	"x1"	"y1"
0.9997127652168274	"person"	188.43	41.69	318.99	517.83
0.9928146600723267	"tie"	213.91	123.08	234.99	170.9
0.9782624244689941	"person"	47.36	82.33	217.08	518.3
