"score"	"label"	"x0"	"y0"	"x1"	"y1"
0.9738223552703857	"chair"	458.77	274.66	488.67	310.81
0.9605849981307983	"chair"	401.65	279.55	441.13	316.17
0.9573909640312195	"chair"	475.73	273.39	498.7	311.23
0.8724811673164368	"chair"	494.64	274.17	530.82	309.49
0.7253914475440979	"chair"	476.68	273.68	508.07	310.8
0.6916606426239014	"chair"	507.67	272.09	534.86	306.8
0.6586886644363403	"chair"	517.12	271.44	538.36	281.87
