"score"	"label"	"x0"	"y0"	"x1"	"y1"
0.9996817111968994	"person"	168.82	77.54	239.38	279.13
0.9992207288742065	"person"	336.99	57.81	454.55	277.75
0.9984134435653687	"person"	243.74	74.84	343.3	266.21
0.994712233543396	"person"	451.82	70.86	526.1	289.0
