"score"	"label"	"x0"	"y0"	"x1"	"y1"
0.9728524684906006	"train"	367.02	232.19	385.94	253.09
0.628531813621521	"train"	404.13	220.39	472.73	271.62
