"score"	"label"	"x0"	"y0"	"x1"	"y1"
0.9989461302757263	"clock"	134.33	251.18	211.42	332.01
0.9931930899620056	"vase"	209.24	109.54	241.17	153.62
0.9653603434562683	"vase"	333.66	113.83	358.52	152.46
0.9603032469749451	"vase"	266.47	131.51	301.27	213.09
0.9600054025650024	"vase"	145.74	210.07	163.73	243.9
0.953685998916626	"vase"	183.22	203.17	208.71	243.4
0.9402028322219849	"clock"	314.19	167.98	392.7	237.26
0.9356372952461243	"vase"	254.29	256.18	285.71	328.75
0.8360488414764404	"vase"	146.84	208.9	168.11	244.56
