"score"	"label"	"x0"	"y0"	"x1"	"y1"
0.9924071431159973	"chair"	23.77	328.88	109.66	432.17
0.8821814656257629	"chair"	412.72	245.57	464.53	297.17
0.8031555414199829	"chair"	21.88	300.78	111.57	430.83
0.7654160261154175	"chair"	6.55	347.48	36.58	432.45
0.716460108757019	"chair"	570.7	290.22	600.06	412.43
0.7102423310279846	"chair"	572.71	303.26	600.02	410.61
