"score"	"label"	"x0"	"y0"	"x1"	"y1"
0.9989103078842163	"person"	39.72	122.79	360.1	547.54
0.8211455941200256	"chair"	0.09	460.15	62.02	550.04
