"score"	"label"	"x0"	"y0"	"x1"	"y1"
0.9996052384376526	"person"	70.72	228.18	101.57	295.38
0.9956497550010681	"person"	163.61	218.47	184.41	280.01
0.9941591024398804	"person"	181.56	224.36	202.78	280.88
0.9933551549911499	"bus"	213.35	146.04	599.08	362.28
0.9683770537376404	"person"	337.05	204.49	364.05	233.02
0.8941712975502014	"bicycle"	58.95	261.02	96.76	297.9
0.5859374403953552	"bus"	245.5	147.03	600.43	363.96
