"score"	"label"	"x0"	"y0"	"x1"	"y1"
0.9984492063522339	"person"	0.11	181.44	118.55	596.4
0.9969180822372437	"person"	68.39	172.97	359.87	595.45
0.9961084723472595	"person"	346.76	77.87	584.36	595.6
0.9928931593894958	"tie"	433.0	255.97	459.57	308.42
0.700893223285675	"tie"	231.29	305.0	255.86	340.5
