"score"	"label"	"x0"	"y0"	"x1"	"y1"
0.9909937977790833	"person"	263.52	252.78	311.11	338.95
0.9569646120071411	"person"	263.66	253.76	292.28	313.85
0.9414703249931335	"person"	294.36	234.23	305.76	259.67
0.7591701745986938	"person"	314.88	285.5	340.54	314.05
0.6680660843849182	"person"	324.1	264.26	349.42	286.78
0.6653217673301697	"person"	299.67	234.53	308.6	259.74
0.6275679469108582	"person"	187.61	265.24	204.73	312.13
0.5059704780578613	"person"	279.33	241.7	289.76	261.76
