"score"	"label"	"x0"	"y0"	"x1"	"y1"
0.9913213849067688	"chair"	365.52	392.7	443.26	521.05
0.9777883887290955	"bottle"	127.42	329.58	149.06	376.17
0.9172035455703735	"oven"	239.43	362.03	279.67	477.41
0.8900529742240906	"oven"	181.08	331.5	282.29	588.13
0.7040587663650513	"oven"	180.42	349.04	241.11	597.39
0.6754518747329712	"microwave"	180.98	311.47	281.4	357.61
0.5259115695953369	"oven"	204.07	338.0	283.5	573.64
0.5230302810668945	"sink"	347.59	318.44	440.7	331.22
