"score"	"label"	"x0"	"y0"	"x1"	"y1"
0.9987539052963257	"person"	205.56	90.89	227.26	136.99
0.9986857771873474	"person"	229.95	80.89	255.72	134.33
0.9535918235778809	"person"	145.2	79.97	172.27	145.85
