"score"	"label"	"x0"	"y0"	"x1"	"y1"
0.9998025298118591	"person"	344.07	230.05	356.37	263.19
0.9929853081703186	"train"	0.05	168.0	131.58	283.72
0.8595335483551025	"bench"	511.4	255.88	540.97	293.63
0.8533250093460083	"person"	410.38	242.35	418.17	263.14
0.5745969414710999	"person"	425.33	233.63	437.25	262.76
0.5416147708892822	"person"	35.97	231.42	48.51	276.26
