"score"	"label"	"x0"	"y0"	"x1"	"y1"
0.9855031967163086	"bird"	442.12	34.09	466.02	50.19
0.9793432950973511	"bird"	421.83	7.73	429.41	19.32
0.9465600252151489	"bird"	471.67	31.77	480.85	40.92
0.5363080501556396	"bird"	428.96	28.79	435.04	35.25
