"score"	"label"	"x0"	"y0"	"x1"	"y1"
0.9994858503341675	"person"	217.59	123.55	286.66	257.08
0.5388991236686707	"person"	258.04	125.46	289.51	240.11
0.50882488489151	"boat"	80.51	118.97	105.09	133.45
