"score"	"label"	"x0"	"y0"	"x1"	"y1"
0.8859708905220032	"car"	190.56	196.84	227.18	219.15
0.7159250974655151	"car"	120.89	215.49	155.15	231.88
0.6122393012046814	"truck"	307.81	166.99	413.07	249.4
0.5571340918540955	"car"	124.8	211.96	155.66	227.4
0.531868577003479	"truck"	190.21	198.08	227.12	217.78
