"score"	"label"	"x0"	"y0"	"x1"	"y1"
0.822479784488678	"kite"	550.6	5.97	600.04	31.59
0.5825080871582031	"kite"	0.01	79.0	4.63	94.09
