"score"	"label"	"x0"	"y0"	"x1"	"y1"
0.9997826218605042	"person"	206.68	227.13	273.23	379.82
0.9988512992858887	"person"	116.51	198.58	193.1	442.33
