"score"	"label"	"x0"	"y0"	"x1"	"y1"
0.9014245271682739	"vase"	252.39	92.37	276.89	130.3
0.8813422918319702	"vase"	66.27	93.94	95.6	131.34
0.7552187442779541	"cup"	130.89	97.23	154.36	129.53
0.6766420006752014	"cup"	307.99	104.87	329.85	129.23
