"score"	"label"	"x0"	"y0"	"x1"	"y1"
0.9991260170936584	"tie"	160.2	112.7	178.12	142.92
0.998871386051178	"person"	116.73	35.48	258.35	543.08
