"score"	"label"	"x0"	"y0"	"x1"	"y1"
0.7236682772636414	"airplane"	546.63	-0.0	600.1	20.27
0.5853097438812256	"airplane"	478.51	0.2	598.5	24.97
0.5377213954925537	"airplane"	451.65	0.24	597.69	27.49
