"score"	"label"	"x0"	"y0"	"x1"	"y1"
0.9992961883544922	"person"	47.94	107.82	380.36	596.25
0.999022364616394	"tie"	158.59	296.7	212.82	480.81
0.5471668839454651	"tie"	167.59	296.45	215.66	380.01
