"score"	"label"	"x0"	"y0"	"x1"	"y1"
0.9998866319656372	"person"	114.08	124.32	178.15	252.12
0.9994127750396729	"person"	218.04	120.68	268.82	261.14
0.9927144646644592	"person"	174.1	136.55	229.06	260.05
0.985270619392395	"person"	254.03	196.82	326.53	273.31
0.8088617324829102	"bird"	417.4	196.19	473.26	323.54
