"score"	"label"	"x0"	"y0"	"x1"	"y1"
0.768042266368866	"bench"	235.5	291.67	599.35	370.21
0.6218560934066772	"umbrella"	584.03	273.78	599.95	289.9
