"score"	"label"	"x0"	"y0"	"x1"	"y1"
0.9979671835899353	"clock"	279.73	0.31	366.38	71.27
0.9897934198379517	"person"	36.33	129.72	301.42	538.14
0.9694399833679199	"chair"	43.14	296.92	83.81	440.25
