"score"	"label"	"x0"	"y0"	"x1"	"y1"
0.9879023432731628	"person"	40.52	58.4	382.34	549.5
0.7155672907829285	"person"	38.8	53.88	322.06	549.99
0.6431316137313843	"person"	38.66	55.01	319.46	548.98
