"score"	"label"	"x0"	"y0"	"x1"	"y1"
0.997128427028656	"boat"	0.41	2.46	599.83	401.33
0.9872926473617554	"person"	193.92	112.69	222.86	185.61
0.9824387431144714	"person"	246.61	111.7	278.96	168.29
0.9804797172546387	"person"	281.52	109.2	311.52	167.07
0.8533337712287903	"tie"	256.5	127.31	262.0	136.67
0.6084468364715576	"boat"	227.52	148.23	532.56	247.03
0.5359627604484558	"boat"	10.15	124.49	601.68	402.34
