"score"	"label"	"x0"	"y0"	"x1"	"y1"
0.9978851675987244	"person"	490.63	215.93	505.68	255.54
0.9946537017822266	"person"	509.9	227.33	522.66	255.14
0.9754113554954529	"person"	520.96	218.96	542.5	255.64
0.9654346108436584	"person"	367.62	221.08	379.03	244.06
0.9164531230926514	"person"	373.36	215.86	389.38	243.92
0.8781014084815979	"person"	377.82	216.99	388.11	242.55
0.8374319672584534	"person"	527.78	217.32	546.71	255.28
0.7737806439399719	"person"	500.84	213.2	515.17	254.33
0.6271663904190063	"person"	569.59	214.46	587.02	234.04
