"score"	"label"	"x0"	"y0"	"x1"	"y1"
0.8317046761512756	"person"	385.9	89.45	400.94	118.58
0.6932018399238586	"person"	349.45	78.44	369.26	114.14
0.6594110727310181	"person"	323.94	102.32	335.87	126.98
