"score"	"label"	"x0"	"y0"	"x1"	"y1"
0.998867392539978	"person"	43.52	52.29	265.52	373.74
0.9973766803741455	"person"	241.56	49.6	473.84	373.04
0.9945825934410095	"tie"	333.44	165.86	367.75	187.24
