"score"	"label"	"x0"	"y0"	"x1"	"y1"
0.9965720176696777	"train"	84.28	171.86	179.89	262.82
0.6206057071685791	"person"	170.07	225.46	178.35	244.99
0.6149128675460815	"bench"	239.7	221.32	278.22	234.18
