"score"	"label"	"x0"	"y0"	"x1"	"y1"
0.9961613416671753	"person"	475.75	244.78	503.5	295.62
0.5520903468132019	"fire hydrant"	554.36	220.47	564.19	239.35
