"score"	"label"	"x0"	"y0"	"x1"	"y1"
0.9949160814285278	"boat"	407.71	250.41	511.94	287.13
0.5555905699729919	"person"	491.78	168.85	502.58	196.35
