"score"	"label"	"x0"	"y0"	"x1"	"y1"
0.9994909763336182	"person"	262.56	173.08	354.8	382.78
0.9979026317596436	"person"	194.29	159.8	282.37	382.58
