"score"	"label"	"x0"	"y0"	"x1"	"y1"
0.9999227523803711	"bus"	78.54	150.29	520.3	340.12
0.9994114637374878	"person"	339.87	213.07	382.71	337.79
0.9991589784622192	"person"	224.92	209.29	262.39	347.48
0.9988498687744141	"person"	299.48	210.86	335.93	341.94
0.9984897375106812	"person"	260.37	214.16	299.19	345.3
0.9649645090103149	"tie"	356.47	234.24	360.48	241.01
0.6438588500022888	"tie"	315.27	234.19	320.65	245.31
0.6373922228813171	"tie"	279.76	235.39	286.4	248.72
0.5250911712646484	"handbag"	310.66	265.76	328.92	281.44
