"score"	"label"	"x0"	"y0"	"x1"	"y1"
0.997292697429657	"person"	303.29	272.31	336.72	366.17
0.9138160943984985	"tie"	316.09	288.19	320.04	296.19
