"score"	"label"	"x0"	"y0"	"x1"	"y1"
0.9576049447059631	"horse"	459.77	263.02	521.14	307.03
0.7746621966362	"person"	400.9	222.08	434.11	308.68
0.6780204772949219	"boat"	1.06	0.88	452.05	318.0
0.5634443759918213	"boat"	90.78	81.32	454.82	319.69
0.5551247000694275	"person"	440.26	262.13	458.51	293.81
0.5275636911392212	"boat"	443.2	35.53	582.3	300.09
