"score"	"label"	"x0"	"y0"	"x1"	"y1"
0.9496545195579529	"boat"	80.71	266.91	381.17	332.26
0.7141814231872559	"boat"	68.68	80.72	452.66	334.89
