"score"	"label"	"x0"	"y0"	"x1"	"y1"
0.7792842388153076	"cake"	45.78	13.43	316.04	245.79
0.5736274123191833	"dining table"	-0.03	-0.03	357.96	251.91
