"score"	"label"	"x0"	"y0"	"x1"	"y1"
0.999503493309021	"person"	38.37	112.69	214.22	484.91
0.9978193044662476	"tie"	105.23	164.74	119.8	191.34
