"score"	"label"	"x0"	"y0"	"x1"	"y1"
0.7703056335449219	"boat"	508.45	105.47	526.6	114.12
0.697682797908783	"boat"	533.54	102.44	564.01	114.43
0.6307865977287292	"boat"	399.5	124.73	434.18	135.5
0.6006556749343872	"boat"	415.52	110.44	442.19	121.77
0.588816225528717	"boat"	389.54	114.23	416.54	122.06
0.5663098096847534	"boat"	456.71	105.41	496.3	116.76
