"score"	"label"	"x0"	"y0"	"x1"	"y1"
0.996921181678772	"person"	579.91	301.09	599.96	360.57
0.9915688633918762	"car"	-0.04	293.59	13.59	333.01
0.9621307253837585	"person"	547.77	299.06	557.55	326.77
0.9539580345153809	"person"	513.99	304.34	559.2	380.24
0.9526236653327942	"clock"	99.35	142.66	109.86	161.23
0.9420018196105957	"person"	587.92	317.84	600.01	370.34
0.934273898601532	"truck"	20.8	284.57	135.8	347.32
0.6731537580490112	"bicycle"	154.73	315.62	177.82	339.5
