"score"	"label"	"x0"	"y0"	"x1"	"y1"
0.9976291060447693	"bicycle"	228.23	311.59	296.97	386.15
0.9079990386962891	"person"	524.52	216.26	544.4	266.97
