"score"	"label"	"x0"	"y0"	"x1"	"y1"
0.9528490900993347	"boat"	583.72	138.42	600.06	197.84
0.9442770481109619	"boat"	212.0	165.24	253.3	181.59
0.8731414675712585	"boat"	167.04	160.39	192.11	182.9
0.6160110831260681	"boat"	582.96	129.93	599.98	197.82
