"score"	"label"	"x0"	"y0"	"x1"	"y1"
0.8108513355255127	"truck"	217.99	205.77	253.25	219.24
0.757995069026947	"car"	16.29	210.66	32.62	220.05
0.6478512287139893	"truck"	267.96	197.69	292.65	210.18
