"score"	"label"	"x0"	"y0"	"x1"	"y1"
0.9895591735839844	"bench"	420.86	216.35	463.38	231.9
0.8122023940086365	"bench"	473.88	217.82	510.45	232.98
0.692741870880127	"bench"	460.17	217.12	513.73	233.31
