"score"	"label"	"x0"	"y0"	"x1"	"y1"
0.9998699426651001	"bicycle"	367.03	228.01	452.09	301.93
0.9994481205940247	"person"	381.96	169.86	430.17	275.0
0.9676550030708313	"car"	420.66	190.79	482.34	230.64
0.8973368406295776	"bicycle"	204.99	204.01	240.16	225.57
0.8794216513633728	"person"	8.93	195.27	17.86	214.99
0.8052129745483398	"bicycle"	270.24	201.2	301.42	222.59
0.5056662559509277	"person"	27.7	199.07	36.32	216.48
