"score"	"label"	"x0"	"y0"	"x1"	"y1"
0.9977060556411743	"horse"	297.1	155.72	342.24	234.01
0.9897448420524597	"horse"	240.61	156.77	299.26	227.39
0.988827109336853	"horse"	207.33	157.68	244.65	217.63
0.9718359708786011	"truck"	9.39	90.99	79.47	118.76
0.9624453186988831	"person"	198.08	136.68	219.2	207.82
0.8295221328735352	"horse"	274.51	145.41	310.46	206.6
0.7861633896827698	"truck"	10.74	90.98	77.47	117.93
0.7030833959579468	"horse"	232.92	151.04	258.37	166.41
