"score"	"label"	"x0"	"y0"	"x1"	"y1"
0.888531506061554	"train"	86.54	192.15	598.32	339.07
0.6134951114654541	"person"	299.51	171.24	310.4	187.47
