"score"	"label"	"x0"	"y0"	"x1"	"y1"
0.9995957016944885	"vase"	166.91	141.57	262.37	284.6
0.969899594783783	"vase"	427.35	170.52	563.11	292.2
0.9063804149627686	"bowl"	16.99	194.27	163.78	284.49
0.8168032169342041	"bowl"	274.0	176.94	405.0	233.64
0.80077064037323	"couch"	0.02	0.31	600.02	384.19
0.5402533411979675	"vase"	172.73	147.3	250.35	284.79
0.5263748168945312	"vase"	167.17	141.36	263.25	285.39
