"score"	"label"	"x0"	"y0"	"x1"	"y1"
0.9917742609977722	"person"	173.55	97.11	382.05	525.5
0.9600908756256104	"person"	18.02	108.83	383.4	530.08
