"score"	"label"	"x0"	"y0"	"x1"	"y1"
0.9997243285179138	"tie"	252.95	104.79	269.18	178.18
0.9988377690315247	"person"	173.0	23.43	347.68	532.66
0.9978664517402649	"person"	59.81	47.82	210.99	546.76
