"score"	"label"	"x0"	"y0"	"x1"	"y1"
0.992496132850647	"person"	448.79	410.93	460.66	439.52
0.8049029111862183	"person"	383.8	416.03	393.27	434.55
0.7321423292160034	"train"	4.1	362.8	400.35	471.22
0.5918318629264832	"person"	380.06	414.95	389.22	434.73
