"score"	"label"	"x0"	"y0"	"x1"	"y1"
0.9961578249931335	"person"	44.01	338.04	75.64	379.18
0.9151838421821594	"boat"	-0.02	269.34	74.06	323.38
