"score"	"label"	"x0"	"y0"	"x1"	"y1"
0.9992563128471375	"person"	108.0	53.04	297.32	494.14
0.7094400525093079	"bench"	250.22	248.19	386.7	348.15
