"score"	"label"	"x0"	"y0"	"x1"	"y1"
0.9733283519744873	"person"	169.25	274.84	337.84	548.95
0.9392300248146057	"person"	66.75	267.54	212.12	525.76
0.8335186839103699	"bed"	0.2	194.82	445.89	592.97
0.8064143657684326	"person"	69.35	270.09	307.69	528.61
0.5366225838661194	"bed"	0.76	205.5	445.88	593.49
