"score"	"label"	"x0"	"y0"	"x1"	"y1"
0.9993495345115662	"person"	0.49	52.63	306.66	400.03
0.9991357922554016	"person"	287.89	16.2	600.02	399.65
0.9902949333190918	"tie"	360.26	194.61	403.83	235.01
