"score"	"label"	"x0"	"y0"	"x1"	"y1"
0.9624941349029541	"boat"	14.23	285.99	128.54	337.74
0.89923095703125	"boat"	190.8	365.05	595.05	460.05
0.7638965845108032	"boat"	24.01	364.96	391.27	460.37
0.7511832118034363	"boat"	-0.03	297.05	96.88	374.03
0.6986862421035767	"boat"	196.58	364.99	394.41	460.56
0.6825085878372192	"boat"	-0.32	320.36	94.97	370.48
0.6480484008789062	"boat"	-0.03	291.84	118.61	364.68
