"score"	"label"	"x0"	"y0"	"x1"	"y1"
0.9976436495780945	"person"	25.17	63.34	359.47	546.36
0.9961000680923462	"tie"	116.44	310.46	195.95	489.72
