"score"	"label"	"x0"	"y0"	"x1"	"y1"
0.9998800754547119	"person"	161.78	122.97	428.47	433.93
0.9925425052642822	"person"	143.62	135.93	271.12	313.83
0.9656265377998352	"chair"	83.09	267.88	158.42	313.91
0.5739455819129944	"person"	143.15	135.62	272.63	341.26
