"score"	"label"	"x0"	"y0"	"x1"	"y1"
0.9984834790229797	"train"	5.47	104.84	556.25	340.5
0.9378147125244141	"person"	146.91	175.59	168.12	202.11
