"score"	"label"	"x0"	"y0"	"x1"	"y1"
0.9085372686386108	"train"	0.21	68.62	225.37	361.06
0.713149905204773	"person"	125.89	172.63	145.43	201.68
