"score"	"label"	"x0"	"y0"	"x1"	"y1"
0.9764128923416138	"train"	47.27	184.59	91.1	227.77
0.7102457284927368	"train"	98.59	265.31	153.8	419.98
