"score"	"label"	"x0"	"y0"	"x1"	"y1"
0.9977846741676331	"person"	423.89	270.36	434.23	293.81
0.9948346614837646	"person"	296.8	362.35	318.86	406.35
0.9873348474502563	"person"	466.83	238.11	474.83	252.07
0.9828589558601379	"person"	229.36	271.47	239.11	297.18
0.9571495652198792	"person"	538.18	286.96	558.06	327.38
0.8801043629646301	"person"	504.68	228.12	511.32	241.03
0.8084178566932678	"person"	500.9	228.0	507.18	241.43
0.7429954409599304	"person"	511.43	228.28	517.77	241.28
0.7143773436546326	"person"	511.27	228.01	517.59	241.32
