"score"	"label"	"x0"	"y0"	"x1"	"y1"
0.998384952545166	"person"	208.1	142.35	369.39	562.75
0.9979875087738037	"clock"	255.95	118.65	276.13	143.15
0.9675871133804321	"bench"	7.76	50.49	218.59	594.68
0.9264888763427734	"clock"	237.6	80.86	294.75	188.48
0.5963862538337708	"chair"	207.1	354.56	258.93	513.14
0.5256072878837585	"chair"	344.35	238.29	429.16	514.88
0.5083845257759094	"chair"	210.4	248.79	269.25	503.21
