"score"	"label"	"x0"	"y0"	"x1"	"y1"
0.9988928437232971	"person"	72.9	94.71	326.52	504.39
0.8293801546096802	"chair"	88.44	292.16	320.47	513.0
