"score"	"label"	"x0"	"y0"	"x1"	"y1"
0.9642167687416077	"boat"	-0.34	237.05	99.82	326.4
0.9535805583000183	"boat"	527.89	196.69	564.07	320.84
0.8347405195236206	"boat"	527.27	253.42	564.03	317.25
0.5811200141906738	"boat"	-0.31	208.45	100.52	316.89
0.5565824508666992	"boat"	525.88	80.47	563.99	319.47
