"score"	"label"	"x0"	"y0"	"x1"	"y1"
0.9992775321006775	"person"	237.48	89.82	411.1	595.97
0.9984143972396851	"person"	14.87	145.1	166.92	595.52
0.9960381984710693	"tie"	204.91	176.79	227.87	206.51
0.9941132664680481	"person"	89.87	209.08	301.68	596.13
0.9909586906433105	"tie"	298.12	178.85	322.03	203.5
0.985063910484314	"person"	149.97	83.33	287.51	327.32
0.9544264674186707	"tie"	297.35	182.43	324.75	238.23
0.6207900643348694	"chair"	76.04	504.13	153.12	598.94
