"score"	"label"	"x0"	"y0"	"x1"	"y1"
0.9997056126594543	"tie"	179.93	262.82	220.83	369.28
0.998589813709259	"person"	0.03	84.76	385.99	548.0
