"score"	"label"	"x0"	"y0"	"x1"	"y1"
0.9991241097450256	"person"	447.34	51.79	502.61	237.84
0.6826810240745544	"train"	1.13	45.67	539.09	317.19
0.5174196362495422	"train"	135.05	21.07	591.19	300.46
