"score"	"label"	"x0"	"y0"	"x1"	"y1"
0.9814770817756653	"vase"	79.19	147.57	237.04	310.61
0.9545066356658936	"dining table"	0.13	0.84	599.98	446.2
0.8755149245262146	"potted plant"	0.73	2.07	344.96	314.54
