"score"	"label"	"x0"	"y0"	"x1"	"y1"
0.9972883462905884	"chair"	279.89	344.41	335.21	416.41
0.972318172454834	"chair"	396.42	381.05	439.93	522.17
0.883943498134613	"vase"	199.57	304.19	211.42	320.63
0.787416934967041	"vase"	200.48	308.55	210.58	321.19
0.6922578811645508	"boat"	159.17	178.39	293.92	401.6
0.5473517775535583	"chair"	417.83	341.51	439.98	386.82
0.5470445156097412	"chair"	409.57	393.11	440.0	598.99
