"score"	"label"	"x0"	"y0"	"x1"	"y1"
0.9975020289421082	"tie"	255.89	203.73	268.38	241.06
0.9973211884498596	"train"	339.32	264.24	442.73	331.16
0.9935873746871948	"person"	203.14	148.84	349.16	432.46
0.986357569694519	"train"	101.92	284.39	191.8	328.24
0.6418602466583252	"suitcase"	293.31	292.82	352.29	357.35
