"score"	"label"	"x0"	"y0"	"x1"	"y1"
0.9766325950622559	"bicycle"	13.46	287.37	99.82	412.01
0.9216091632843018	"bicycle"	56.69	283.92	102.68	370.26
0.909668505191803	"bicycle"	52.68	284.64	104.21	374.65
0.7697415351867676	"bicycle"	69.39	285.88	103.23	368.44
0.5706544518470764	"bicycle"	63.64	285.9	102.48	370.04
