"score"	"label"	"x0"	"y0"	"x1"	"y1"
0.8602410554885864	"traffic light"	0.02	37.43	14.38	68.23
0.8201048374176025	"bench"	522.85	252.08	558.59	265.35
