"score"	"label"	"x0"	"y0"	"x1"	"y1"
0.9994933605194092	"person"	103.58	82.92	406.15	594.02
0.5964746475219727	"tie"	185.38	422.82	209.43	498.08
