"score"	"label"	"x0"	"y0"	"x1"	"y1"
0.9988003969192505	"person"	479.02	169.23	492.05	205.6
0.7979555726051331	"person"	552.43	176.72	565.67	199.87
