"score"	"label"	"x0"	"y0"	"x1"	"y1"
0.9621938467025757	"train"	111.83	219.47	205.49	263.22
0.9114999771118164	"train"	110.0	219.1	165.71	263.42
0.8232877254486084	"train"	309.62	231.43	597.87	265.06
