"score"	"label"	"x0"	"y0"	"x1"	"y1"
0.999893069267273	"tie"	217.08	290.55	255.13	408.39
0.9994750618934631	"person"	20.33	96.7	383.16	546.96
