"score"	"label"	"x0"	"y0"	"x1"	"y1"
0.9894570708274841	"person"	150.13	149.03	188.94	205.25
0.6959271430969238	"boat"	15.77	144.37	77.6	188.06
0.5027115345001221	"boat"	15.84	175.66	44.41	189.54
