"score"	"label"	"x0"	"y0"	"x1"	"y1"
0.9956324696540833	"person"	142.95	179.7	163.75	223.38
0.9871801733970642	"bench"	320.84	208.99	398.43	243.23
0.9060543179512024	"bench"	85.42	207.64	135.23	233.3
0.7155647873878479	"bench"	141.47	216.95	215.42	230.47
0.5860244035720825	"bench"	13.45	369.07	49.14	388.33
