"score"	"label"	"x0"	"y0"	"x1"	"y1"
0.9968414306640625	"person"	236.93	306.02	249.31	350.26
0.9835786819458008	"person"	276.99	310.15	290.65	353.25
