"score"	"label"	"x0"	"y0"	"x1"	"y1"
0.9973549842834473	"person"	78.45	71.06	385.11	547.27
0.9957780838012695	"chair"	57.34	346.8	227.69	549.14
0.8997485041618347	"chair"	56.7	349.04	141.17	549.47
0.5889374017715454	"person"	78.1	70.31	360.82	517.79
