"score"	"label"	"x0"	"y0"	"x1"	"y1"
0.7723943591117859	"bed"	0.04	236.95	379.37	547.3
0.7312621474266052	"person"	17.79	132.29	275.53	347.6
