"score"	"label"	"x0"	"y0"	"x1"	"y1"
0.9979066848754883	"tie"	247.5	387.4	312.65	541.82
0.9976063966751099	"person"	149.96	110.24	584.87	595.58
