"score"	"label"	"x0"	"y0"	"x1"	"y1"
0.9998899698257446	"person"	52.62	16.2	371.4	547.38
0.9928203225135803	"tie"	154.54	120.12	184.62	141.34
0.979058563709259	"chair"	50.86	202.32	340.91	547.02
0.6848253011703491	"chair"	49.36	202.65	241.63	546.16
