"score"	"label"	"x0"	"y0"	"x1"	"y1"
0.975555419921875	"bench"	173.51	228.44	227.2	248.9
0.7113139033317566	"car"	537.09	213.87	568.92	231.58
