"score"	"label"	"x0"	"y0"	"x1"	"y1"
0.9996882677078247	"person"	0.27	68.28	407.62	597.15
0.9990556836128235	"tie"	177.64	340.62	250.3	387.73
