"score"	"label"	"x0"	"y0"	"x1"	"y1"
0.9992974996566772	"person"	97.67	158.26	273.31	481.28
0.9965997338294983	"vase"	266.61	233.67	292.89	276.33
0.9851921796798706	"dining table"	228.5	268.24	340.88	473.62
0.9300149083137512	"chair"	84.82	306.72	257.97	489.92
0.8798213005065918	"potted plant"	229.93	184.46	328.49	276.75
