"score"	"label"	"x0"	"y0"	"x1"	"y1"
0.9984340071678162	"person"	209.43	95.39	347.55	571.3
0.9947584271430969	"tie"	246.53	169.64	269.69	237.3
0.972687840461731	"person"	82.68	159.88	234.28	556.53
0.8185086846351624	"potted plant"	105.16	286.31	266.1	488.24
0.6508342623710632	"tie"	250.36	168.76	266.38	193.53
