"score"	"label"	"x0"	"y0"	"x1"	"y1"
0.9648596048355103	"bicycle"	570.19	197.39	599.99	226.32
0.8925382494926453	"truck"	174.89	159.1	247.18	194.89
