"score"	"label"	"x0"	"y0"	"x1"	"y1"
0.9994431138038635	"person"	0.02	79.56	374.01	549.55
0.9652503728866577	"tie"	154.78	315.79	291.53	506.7
0.7388797998428345	"tie"	159.26	332.85	267.71	482.82
0.5861978530883789	"tie"	159.11	350.28	222.79	474.03
