"score"	"label"	"x0"	"y0"	"x1"	"y1"
0.997704803943634	"person"	347.03	148.86	367.48	213.9
0.9594739675521851	"person"	204.17	168.61	234.03	216.65
0.9413865208625793	"person"	204.15	168.65	228.24	216.6
0.9234150648117065	"airplane"	204.99	90.15	465.62	213.17
0.522552490234375	"person"	391.69	153.23	414.02	212.49
