"score"	"label"	"x0"	"y0"	"x1"	"y1"
0.6377623677253723	"kite"	563.14	0.02	600.02	15.31
0.517620861530304	"person"	220.63	226.13	243.23	269.64
