"score"	"label"	"x0"	"y0"	"x1"	"y1"
0.9993041753768921	"person"	401.8	239.59	487.76	438.55
0.8699676394462585	"horse"	247.71	290.19	345.71	438.12
0.5930882692337036	"person"	123.81	278.88	161.58	350.67
0.5824997425079346	"horse"	242.36	333.35	361.21	438.73
0.5079808235168457	"horse"	285.13	288.84	342.99	435.32
