"score"	"label"	"x0"	"y0"	"x1"	"y1"
0.936863362789154	"person"	62.65	40.55	309.29	596.2
0.8653436303138733	"person"	61.68	43.98	309.78	470.53
