"score"	"label"	"x0"	"y0"	"x1"	"y1"
0.9247274994850159	"boat"	150.44	75.58	208.27	98.03
0.7682962417602539	"boat"	102.54	78.19	161.46	103.49
0.7330994606018066	"boat"	156.77	71.01	229.18	96.35
0.7006077170372009	"boat"	190.6	85.36	254.41	114.33
