"score"	"label"	"x0"	"y0"	"x1"	"y1"
0.9989566802978516	"tie"	131.36	270.69	212.97	331.75
0.998128354549408	"person"	18.68	97.74	367.62	545.96
