"score"	"label"	"x0"	"y0"	"x1"	"y1"
0.9986151456832886	"tie"	161.09	233.35	182.54	270.52
0.9954646229743958	"chair"	363.75	179.58	422.83	400.14
0.9930413961410522	"person"	0.37	122.97	258.99	547.2
0.9733816385269165	"person"	214.11	59.5	422.34	548.51
0.7424038052558899	"chair"	363.62	180.48	423.02	537.43
