"score"	"label"	"x0"	"y0"	"x1"	"y1"
0.9867896437644958	"person"	278.36	211.83	299.78	242.39
0.75117027759552	"person"	294.55	229.15	314.39	270.17
0.7074556946754456	"person"	268.17	250.27	290.41	281.18
0.5802912712097168	"person"	295.1	228.18	311.44	253.59
0.5719733238220215	"person"	273.06	235.11	287.22	257.84
