"score"	"label"	"x0"	"y0"	"x1"	"y1"
0.9993010759353638	"person"	269.85	101.37	412.08	319.77
0.9972134232521057	"person"	355.8	71.44	492.85	301.02
0.9963131546974182	"person"	145.27	89.1	300.13	327.52
