"score"	"label"	"x0"	"y0"	"x1"	"y1"
0.9998039603233337	"person"	4.15	129.97	80.85	378.23
0.9996622800827026	"person"	217.19	188.53	334.2	378.98
0.999269425868988	"person"	63.03	175.29	146.93	379.84
0.9655495882034302	"train"	194.78	142.92	279.92	248.3
0.9522562623023987	"train"	468.07	156.81	600.0	242.32
0.5596268177032471	"bird"	56.88	345.94	106.43	379.31
