"score"	"label"	"x0"	"y0"	"x1"	"y1"
0.9968085885047913	"car"	306.01	230.87	326.37	240.7
0.9325128793716431	"car"	462.27	244.56	482.78	254.55
0.9225382208824158	"car"	419.07	229.18	440.87	241.85
0.8832499384880066	"truck"	398.51	243.18	423.57	261.92
0.8777788877487183	"truck"	397.07	245.16	422.04	262.03
0.7845438718795776	"car"	181.14	267.58	207.91	286.29
0.766839861869812	"car"	152.77	266.8	206.49	289.82
0.6121265888214111	"car"	143.94	272.09	173.28	292.11
