"score"	"label"	"x0"	"y0"	"x1"	"y1"
0.9963629841804504	"person"	132.63	19.55	403.82	596.61
0.9757291674613953	"cat"	138.17	158.95	406.54	478.98
