"score"	"label"	"x0"	"y0"	"x1"	"y1"
0.8227635025978088	"person"	167.92	229.54	177.33	258.56
0.5650885701179504	"person"	139.75	224.28	149.38	246.52
