"score"	"label"	"x0"	"y0"	"x1"	"y1"
0.997127115726471	"person"	168.95	221.29	227.99	354.08
0.9903005361557007	"bicycle"	283.48	220.8	338.23	273.06
