"score"	"label"	"x0"	"y0"	"x1"	"y1"
0.9997685551643372	"person"	119.6	62.21	274.3	400.68
0.9986987113952637	"person"	368.03	83.51	523.12	395.07
