"score"	"label"	"x0"	"y0"	"x1"	"y1"
0.9997403025627136	"tie"	240.31	211.24	263.4	229.37
0.9988369345664978	"person"	146.81	129.92	324.09	392.39
0.9838874936103821	"vase"	537.23	246.87	562.98	319.77
0.98191237449646	"vase"	21.59	221.22	44.08	302.48
0.955295979976654	"potted plant"	69.49	123.92	175.86	246.69
0.9046635031700134	"vase"	102.5	204.5	133.08	248.25
