"score"	"label"	"x0"	"y0"	"x1"	"y1"
0.9992710947990417	"person"	346.53	95.41	474.62	364.86
0.7109806537628174	"dining table"	98.88	119.17	564.61	304.56
0.5223535895347595	"dining table"	95.88	119.03	564.38	163.66
