"score"	"label"	"x0"	"y0"	"x1"	"y1"
0.9945446252822876	"horse"	24.08	386.34	70.58	444.21
0.988830029964447	"horse"	101.44	406.48	203.23	445.96
0.6524502038955688	"horse"	99.5	391.3	225.8	441.23
0.5620036125183105	"horse"	74.96	384.86	201.47	443.12
0.5261852741241455	"horse"	119.17	406.9	201.51	445.89
