"score"	"label"	"x0"	"y0"	"x1"	"y1"
0.9928117394447327	"person"	0.1	70.36	321.22	547.87
0.987942636013031	"chair"	-3.8	320.04	304.85	548.51
0.649019181728363	"chair"	0.05	318.69	66.7	549.19
