"score"	"label"	"x0"	"y0"	"x1"	"y1"
0.9989915490150452	"person"	95.75	337.02	104.31	358.54
0.6074815392494202	"train"	127.04	317.18	219.28	362.58
0.6028009057044983	"truck"	56.74	325.87	80.92	355.71
0.5479257106781006	"fire hydrant"	61.81	347.8	67.8	358.79
