"score"	"label"	"x0"	"y0"	"x1"	"y1"
0.9986138343811035	"person"	310.45	156.76	328.11	207.17
0.5883376598358154	"person"	42.44	349.43	51.57	367.85
