"score"	"label"	"x0"	"y0"	"x1"	"y1"
0.9994866847991943	"person"	422.84	260.68	432.92	289.96
0.9990021586418152	"person"	307.04	257.56	317.07	282.27
0.9329285621643066	"person"	321.17	258.58	326.78	271.73
0.8944831490516663	"person"	437.66	259.18	449.57	286.59
0.7550044059753418	"car"	172.36	258.42	206.32	278.32
0.5984531044960022	"person"	321.55	259.24	326.85	271.6
0.5430223345756531	"person"	289.57	259.54	296.06	272.41
0.5008636713027954	"person"	442.39	259.25	451.6	286.12
