"score"	"label"	"x0"	"y0"	"x1"	"y1"
0.7413756251335144	"bird"	226.07	96.46	236.26	101.96
0.6500002145767212	"bird"	225.11	84.97	234.55	89.93
0.5963823795318604	"bird"	269.28	95.84	277.98	101.29
