"score"	"label"	"x0"	"y0"	"x1"	"y1"
0.9996767044067383	"person"	269.8	220.75	372.58	530.45
0.9991870522499084	"tie"	313.49	272.26	322.72	316.62
0.9988092184066772	"person"	165.67	214.0	277.79	553.68
0.9975258708000183	"person"	61.31	222.83	177.31	546.06
0.9570651650428772	"tie"	213.99	269.28	227.49	277.65
0.9101330637931824	"book"	189.8	275.89	285.64	385.67
0.7084032893180847	"book"	262.89	285.08	295.16	379.62
