"score"	"label"	"x0"	"y0"	"x1"	"y1"
0.9595901966094971	"clock"	117.76	106.92	258.55	250.38
0.9294795989990234	"person"	350.46	300.93	370.04	379.15
0.9283477663993835	"chair"	317.54	455.76	369.95	548.06
0.5564671754837036	"chair"	-0.0	465.63	23.14	546.05
0.5427473187446594	"person"	130.28	273.43	144.21	303.68
0.5382142066955566	"person"	9.9	426.26	34.79	457.57
