"score"	"label"	"x0"	"y0"	"x1"	"y1"
0.9997051358222961	"person"	275.65	213.57	294.6	262.51
0.9993005990982056	"person"	216.55	242.21	239.43	275.22
0.996113657951355	"person"	384.64	209.78	390.7	228.87
0.910753071308136	"person"	505.22	255.79	523.15	281.79
0.5482297539710999	"person"	510.82	256.41	522.11	279.61
