"score"	"label"	"x0"	"y0"	"x1"	"y1"
0.9992197751998901	"person"	186.8	308.38	278.32	400.77
0.9982233643531799	"person"	60.8	111.21	123.4	173.04
0.995186984539032	"boat"	54.57	106.88	154.9	206.88
0.990326464176178	"person"	89.05	70.94	129.42	136.91
0.9778344631195068	"person"	280.26	333.23	354.33	400.7
0.8774738907814026	"person"	90.68	72.04	133.15	165.3
0.8478910326957703	"person"	92.18	72.32	122.97	123.91
0.5083496570587158	"boat"	49.89	101.41	265.69	208.5
