"score"	"label"	"x0"	"y0"	"x1"	"y1"
0.9995852112770081	"person"	346.04	110.16	433.76	293.73
0.9995412826538086	"person"	259.79	125.25	352.82	403.18
0.9317190647125244	"tie"	327.17	170.36	334.02	182.04
