"score"	"label"	"x0"	"y0"	"x1"	"y1"
0.6564365029335022	"bird"	272.79	349.75	281.39	360.09
0.5616476535797119	"bird"	362.85	339.41	371.87	349.27
