"score"	"label"	"x0"	"y0"	"x1"	"y1"
0.9993894100189209	"person"	0.09	195.53	101.69	364.05
0.9978691339492798	"person"	79.58	151.61	114.92	245.98
0.9883076548576355	"person"	336.67	232.39	462.14	337.92
0.9869181513786316	"person"	444.31	80.76	537.78	272.94
0.9530457854270935	"elephant"	448.13	139.61	524.99	270.33
0.8477708101272583	"person"	327.84	206.34	351.15	250.05
0.8197339773178101	"elephant"	246.36	167.27	319.9	311.93
0.6096937656402588	"motorcycle"	0.09	147.3	31.24	231.87
0.5636204481124878	"person"	105.79	144.83	176.27	265.71
