"score"	"label"	"x0"	"y0"	"x1"	"y1"
0.9983036518096924	"boat"	232.18	179.26	388.79	202.57
0.6882462501525879	"boat"	230.93	186.06	263.41	200.03
