"score"	"label"	"x0"	"y0"	"x1"	"y1"
0.932708740234375	"boat"	514.4	9.25	600.1	49.65
0.6516096591949463	"boat"	514.15	15.7	600.16	52.95
0.6281747221946716	"person"	403.92	0.06	422.23	17.51
0.569689929485321	"person"	0.01	59.69	10.52	128.58
