"score"	"label"	"x0"	"y0"	"x1"	"y1"
0.9994660019874573	"person"	111.58	124.71	130.2	180.34
0.9989514350891113	"person"	76.77	126.99	115.33	188.61
0.9705819487571716	"person"	147.26	151.6	170.43	173.54
0.8317232728004456	"person"	74.91	130.0	101.32	187.84
