"score"	"label"	"x0"	"y0"	"x1"	"y1"
0.9989805817604065	"tie"	177.61	337.98	211.87	454.67
0.9981485605239868	"person"	98.94	81.19	401.33	597.0
0.5866356492042542	"person"	78.15	80.41	421.6	598.58
