"score"	"label"	"x0"	"y0"	"x1"	"y1"
0.9996057152748108	"couch"	5.76	113.42	419.6	598.28
0.9981818199157715	"person"	85.43	71.15	402.49	539.3
0.9515357613563538	"chair"	5.88	115.46	420.18	597.92
