"score"	"label"	"x0"	"y0"	"x1"	"y1"
0.9991418123245239	"person"	0.13	170.38	348.47	548.14
0.9973478317260742	"tie"	152.03	385.91	193.51	500.94
