"score"	"label"	"x0"	"y0"	"x1"	"y1"
0.9994091987609863	"person"	39.31	71.44	372.19	549.79
0.7816278338432312	"person"	0.6	68.14	376.95	549.01
