"score"	"label"	"x0"	"y0"	"x1"	"y1"
0.5090733170509338	"train"	21.28	201.58	53.13	219.64
0.5036619901657104	"person"	140.97	307.04	159.54	347.26
