"score"	"label"	"x0"	"y0"	"x1"	"y1"
0.9925701022148132	"person"	41.85	123.81	364.17	596.08
0.9744827747344971	"cell phone"	258.4	534.62	294.18	549.98
