"score"	"label"	"x0"	"y0"	"x1"	"y1"
0.9995554089546204	"person"	0.42	56.35	389.0	597.15
0.9983847141265869	"tie"	216.25	317.21	250.95	403.46
