"score"	"label"	"x0"	"y0"	"x1"	"y1"
0.9995643496513367	"tie"	219.2	264.69	265.96	313.99
0.9607276916503906	"person"	171.6	82.44	429.6	595.25
0.9444926977157593	"person"	171.27	83.61	430.73	469.12
0.6984245777130127	"person"	1.45	130.36	232.56	492.04
0.650079607963562	"person"	171.13	81.98	429.87	595.3
