"score"	"label"	"x0"	"y0"	"x1"	"y1"
0.9985236525535583	"tie"	154.16	215.53	196.65	366.76
0.9976049661636353	"person"	11.68	17.64	385.39	547.64
