"score"	"label"	"x0"	"y0"	"x1"	"y1"
0.9998310804367065	"person"	0.02	36.23	401.99	597.15
0.9503270387649536	"tie"	214.65	353.37	260.14	521.46
