"score"	"label"	"x0"	"y0"	"x1"	"y1"
0.9670818448066711	"person"	166.65	110.07	331.01	356.32
0.9114075899124146	"person"	344.17	187.86	417.06	260.37
