"score"	"label"	"x0"	"y0"	"x1"	"y1"
0.9943252205848694	"person"	-0.03	189.34	17.71	272.04
0.8907133936882019	"surfboard"	-0.12	217.59	21.94	228.71
0.7135224938392639	"bird"	119.63	189.69	131.58	201.07
