"score"	"label"	"x0"	"y0"	"x1"	"y1"
0.8928289413452148	"person"	33.78	33.98	250.14	587.62
0.5503257513046265	"handbag"	33.45	164.35	110.5	287.75
