"score"	"label"	"x0"	"y0"	"x1"	"y1"
0.9990529417991638	"bed"	48.52	393.24	527.43	584.33
0.9990004897117615	"person"	200.39	231.36	356.87	539.35
