"score"	"label"	"x0"	"y0"	"x1"	"y1"
0.987201452255249	"chair"	196.34	400.48	264.28	484.69
0.747035562992096	"person"	401.89	252.1	457.36	328.17
