"score"	"label"	"x0"	"y0"	"x1"	"y1"
0.9495604634284973	"potted plant"	9.94	204.42	40.12	244.57
0.8871011734008789	"dining table"	331.64	295.63	589.41	377.16
0.8796243667602539	"chair"	0.01	310.52	34.9	398.37
0.8211249113082886	"bench"	266.13	278.57	402.42	325.35
0.7028675079345703	"potted plant"	52.85	204.19	84.62	247.68
0.5639663934707642	"book"	401.88	310.99	448.92	325.93
