"score"	"label"	"x0"	"y0"	"x1"	"y1"
0.8618641495704651	"sheep"	243.13	259.66	272.15	274.76
0.8203974366188049	"sheep"	126.67	270.86	151.86	284.06
0.8109869956970215	"sheep"	118.44	258.84	137.79	271.26
0.743900716304779	"sheep"	86.79	256.64	112.47	268.73
0.7320424914360046	"sheep"	97.38	269.17	123.08	283.57
0.7307304739952087	"bird"	170.16	190.54	184.81	196.18
0.7279469966888428	"sheep"	198.76	276.39	238.01	297.67
0.6150552034378052	"sheep"	206.31	265.49	233.06	278.28
