"score"	"label"	"x0"	"y0"	"x1"	"y1"
0.9996471405029297	"person"	373.44	91.81	474.82	311.79
0.9985443353652954	"chair"	260.63	221.24	389.49	390.31
0.9950959086418152	"dining table"	141.57	180.3	389.0	234.33
0.9751425385475159	"person"	198.71	105.71	281.38	319.32
0.963424563407898	"chair"	403.8	229.83	425.46	302.84
0.9459871053695679	"cup"	218.0	168.91	233.75	188.43
0.9459847807884216	"chair"	181.29	229.31	222.98	295.21
0.8481278419494629	"chair"	167.31	137.97	206.89	167.53
0.8249990940093994	"chair"	182.03	137.03	220.27	171.01
0.7159357666969299	"chair"	231.66	244.91	296.73	318.71
0.6742196083068848	"person"	218.74	106.25	282.77	190.0
0.6641623377799988	"bowl"	205.83	191.94	233.84	202.91
0.6339834928512573	"chair"	384.54	224.19	425.9	306.28
