"score"	"label"	"x0"	"y0"	"x1"	"y1"
0.9992052912712097	"person"	224.42	53.37	335.1	558.31
0.9977754950523376	"person"	24.88	71.17	228.98	563.65
0.8860726952552795	"tie"	242.58	131.17	269.3	165.7
0.8695546984672546	"tie"	234.49	142.47	253.99	206.57
