"score"	"label"	"x0"	"y0"	"x1"	"y1"
0.8801863193511963	"person"	114.74	281.4	188.07	339.89
0.662716269493103	"bench"	412.93	280.24	479.81	358.67
