"score"	"label"	"x0"	"y0"	"x1"	"y1"
0.9994945526123047	"person"	222.71	118.45	395.93	392.05
0.7353726625442505	"bench"	159.83	251.99	510.69	435.14
