"score"	"label"	"x0"	"y0"	"x1"	"y1"
0.5748524069786072	"boat"	41.63	96.44	558.65	323.3
0.5198822617530823	"boat"	42.26	105.22	546.27	321.85
