"score"	"label"	"x0"	"y0"	"x1"	"y1"
0.9144792556762695	"car"	278.84	278.04	288.64	291.14
0.8348698616027832	"car"	280.66	303.47	290.62	312.94
0.7155781388282776	"car"	281.07	279.12	291.35	294.11
0.7018823623657227	"car"	227.21	300.68	240.48	312.19
0.5367478132247925	"car"	270.62	269.12	280.65	280.1
