"score"	"label"	"x0"	"y0"	"x1"	"y1"
0.9990251064300537	"train"	155.09	267.61	254.69	377.48
0.9850010871887207	"person"	49.82	453.06	126.99	593.04
