"score"	"label"	"x0"	"y0"	"x1"	"y1"
0.9992559552192688	"person"	249.71	64.25	449.16	596.65
0.9982759952545166	"person"	0.56	88.53	199.38	596.88
0.9963831901550293	"tie"	107.48	229.73	160.31	331.39
0.9943000078201294	"person"	119.11	151.95	336.73	597.85
