"score"	"label"	"x0"	"y0"	"x1"	"y1"
0.99835604429245	"train"	190.47	157.17	259.96	221.02
0.9796934127807617	"person"	257.92	193.79	267.82	219.59
