"score"	"label"	"x0"	"y0"	"x1"	"y1"
0.9993686079978943	"person"	117.0	45.59	596.43	595.9
0.7139874696731567	"tie"	154.16	445.12	413.9	596.82
