"score"	"label"	"x0"	"y0"	"x1"	"y1"
0.9985371828079224	"person"	352.12	255.42	367.12	312.79
0.9982713460922241	"train"	465.61	209.1	600.0	334.29
0.9611978530883789	"bench"	228.64	280.29	271.2	306.55
0.9380378723144531	"person"	524.17	232.63	540.79	261.37
0.8714544773101807	"person"	525.5	232.63	548.82	293.64
0.6913335919380188	"person"	284.11	249.48	296.69	283.23
