"score"	"label"	"x0"	"y0"	"x1"	"y1"
0.9989597797393799	"bicycle"	113.86	286.34	148.82	308.57
0.9893940091133118	"person"	472.39	272.13	480.0	294.34
0.9667298793792725	"bicycle"	519.11	290.87	538.7	310.29
