"score"	"label"	"x0"	"y0"	"x1"	"y1"
0.9942744374275208	"boat"	57.81	140.3	198.47	289.31
0.9899266958236694	"boat"	216.73	95.32	526.1	299.54
0.8874154686927795	"boat"	240.88	276.51	455.59	299.71
0.566473662853241	"boat"	61.58	99.66	492.65	301.48
