"score"	"label"	"x0"	"y0"	"x1"	"y1"
0.9997749924659729	"tie"	224.63	382.87	265.51	477.37
0.9988483190536499	"person"	272.72	143.62	594.74	596.88
0.9932651519775391	"person"	0.68	91.63	316.23	595.95
