"score"	"label"	"x0"	"y0"	"x1"	"y1"
0.9629767537117004	"person"	114.36	385.99	172.94	449.87
0.8287034034729004	"person"	60.07	385.34	170.17	449.83
