"score"	"label"	"x0"	"y0"	"x1"	"y1"
0.9985785484313965	"person"	15.07	59.18	381.95	549.5
0.932671844959259	"tie"	221.71	329.3	256.37	413.55
