"score"	"label"	"x0"	"y0"	"x1"	"y1"
0.979789137840271	"sheep"	69.73	510.29	148.76	557.66
0.9314154386520386	"sheep"	57.35	467.51	101.83	497.65
0.8032265901565552	"sheep"	112.94	485.73	131.89	508.47
0.5898500680923462	"bird"	277.72	130.46	282.25	135.38
