"score"	"label"	"x0"	"y0"	"x1"	"y1"
0.9999340772628784	"chair"	413.88	215.26	484.65	392.76
0.9998406171798706	"person"	208.89	63.72	313.51	379.66
0.999566376209259	"person"	289.08	168.0	362.41	387.28
0.9977434873580933	"person"	152.96	171.19	247.98	392.22
0.9976727366447449	"person"	318.44	136.46	445.28	392.56
0.9968692660331726	"tie"	257.52	115.21	274.78	168.05
0.991457998752594	"chair"	105.35	262.19	256.09	400.64
