"score"	"label"	"x0"	"y0"	"x1"	"y1"
0.9991722106933594	"person"	12.03	214.86	31.25	239.6
0.9688109755516052	"person"	297.69	198.52	305.34	211.64
0.9578584432601929	"train"	50.61	177.92	212.07	243.49
